CASE_ID,ACCIDENT_YEAR,PROC_DATE,JURIS,COLLISION_DATE,COLLISION_TIME,OFFICER_ID,REPORTING_DISTRICT,DAY_OF_WEEK,CHP_SHIFT,POPULATION,CNTY_CITY_LOC,SPECIAL_COND,BEAT_TYPE,CHP_BEAT_TYPE,CITY_DIVISION_LAPD,CHP_BEAT_CLASS,BEAT_NUMBER,PRIMARY_RD,SECONDARY_RD,DISTANCE,DIRECTION,INTERSECTION,WEATHER_1,WEATHER_2,STATE_HWY_IND,CALTRANS_COUNTY,CALTRANS_DISTRICT,STATE_ROUTE,ROUTE_SUFFIX,POSTMILE_PREFIX,POSTMILE,LOCATION_TYPE,RAMP_INTERSECTION,SIDE_OF_HWY,TOW_AWAY,COLLISION_SEVERITY,NUMBER_KILLED,NUMBER_INJURED,PARTY_COUNT,PRIMARY_COLL_FACTOR,PCF_CODE_OF_VIOL,PCF_VIOL_CATEGORY,PCF_VIOLATION,PCF_VIOL_SUBSECTION,HIT_AND_RUN,TYPE_OF_COLLISION,MVIW,PED_ACTION,ROAD_SURFACE,ROAD_COND_1,ROAD_COND_2,LIGHTING,CONTROL_DEVICE,CHP_ROAD_TYPE,PEDESTRIAN_ACCIDENT,BICYCLE_ACCIDENT,MOTORCYCLE_ACCIDENT,TRUCK_ACCIDENT,NOT_PRIVATE_PROPERTY,ALCOHOL_INVOLVED,STWD_VEHTYPE_AT_FAULT,CHP_VEHTYPE_AT_FAULT,COUNT_SEVERE_INJ,COUNT_VISIBLE_INJ,COUNT_COMPLAINT_PAIN,COUNT_PED_KILLED,COUNT_PED_INJURED,COUNT_BICYCLIST_KILLED,COUNT_BICYCLIST_INJURED,COUNT_MC_KILLED,COUNT_MC_INJURED,PRIMARY_RAMP,SECONDARY_RAMP,LATITUDE,LONGITUDE,COUNTY,CITY,POINT_X,POINT_Y
6624565,2014,2014-10-01,3300,2014-09-02,1527,4996,604A4,2,5,6,3394,0,0,0,NA,0,MV42,CACTUS AV,NASON ST,576,W,N,A,-,N,NA,NA,NA,NA,NA,NA,NA,NA,NA,N,4,0,5,4,A,-,03,22350,NA,N,C,C,A,A,H,-,A,A,0,NA,NA,NA,NA,Y,NA,A,01,0,0,5,0,0,0,0,0,0,-,-,NA,NA,RIVERSIDE,MORENO VALLEY,-117.19345239,33.91011
6676580,2014,2014-12-18,3300,2014-10-20,1115,N1673,36Q1,1,5,4,3318,0,0,0,NA,0,T36,MONTEREY AV,FRED WARING DR,48,S,N,A,-,N,NA,NA,NA,NA,NA,NA,NA,NA,NA,N,4,0,2,3,A,-,03,22350,NA,F,C,C,A,A,H,-,-,A,0,NA,NA,NA,NA,Y,NA,A,01,0,0,2,0,0,0,0,0,0,-,-,NA,NA,RIVERSIDE,PALM DESERT,-116.39125,33.72849865
6700686,2014,2014-12-08,9840,2014-10-17,1820,19813,NA,5,2,9,3300,0,3,5,NA,2,004,CLARK ST,OAKWOOD ST,0,NA,Y,A,-,N,NA,NA,NA,NA,NA,NA,NA,NA,NA,Y,4,0,1,2,A,-,09,21802,A,N,D,C,A,A,H,-,C,A,0,NA,NA,NA,NA,Y,NA,A,08,0,0,1,0,0,0,0,0,0,-,-,33.83359,-117.28768,RIVERSIDE,UNINCORPORATED,-117.28766012,33.8335401
6704817,2014,2014-12-31,3300,2014-10-25,0854,4614,800B,6,5,3,3343,0,0,0,NA,0,080,BUNDY CANYON RD,EDISON LIGHT POLE #4771070E,36,E,N,A,-,N,NA,NA,NA,NA,NA,NA,NA,NA,NA,Y,4,0,1,2,A,-,08,22107,NA,N,D,C,A,A,H,-,A,D,0,NA,NA,Y,NA,Y,NA,C,02,0,0,1,0,0,0,0,0,1,-,-,NA,NA,RIVERSIDE,WILDOMAR,NA,NA
6712567,2014,2015-01-15,9655,2014-11-09,1255,17000,NA,7,1,9,3300,0,1,3,NA,1,314,RT 74,HEMET ST,0,NA,Y,A,-,Y,NA,NA,74,NA,NA,NA,NA,NA,NA,Y,4,0,2,2,A,-,09,21802,A,N,D,C,A,A,H,-,A,A,0,NA,NA,NA,NA,Y,NA,A,01,0,0,2,0,0,0,0,0,0,-,-,33.74768,-116.924,RIVERSIDE,UNINCORPORATED,-116.92400011,33.74775541
6743326,2014,2015-01-16,9655,2014-11-29,2054,18168,NA,6,2,3,3302,0,1,1,NA,2,202,RT 10,VEILE AV,1056,W,N,A,-,Y,NA,NA,10,NA,NA,NA,NA,NA,NA,Y,4,0,1,2,A,-,08,22107,NA,N,D,C,A,A,H,-,C,D,0,NA,NA,NA,NA,Y,NA,A,01,0,0,1,0,0,0,0,0,0,-,-,33.93305,-116.98886,RIVERSIDE,BEAUMONT,-116.98882325,33.93314407
6744968,2014,2015-01-30,3313,2014-11-29,0915,1732,C,6,5,7,3313,0,0,0,NA,0,B327,VAN BUREN BL,JACKSON ST,0,NA,Y,A,-,N,NA,NA,NA,NA,NA,NA,NA,NA,NA,Y,3,0,2,2,A,-,12,21453,A,N,A,C,A,A,H,-,A,A,0,NA,NA,NA,NA,Y,NA,A,01,0,1,1,0,0,0,0,0,0,-,-,NA,NA,RIVERSIDE,RIVERSIDE,-117.45387008,33.94279006
6749386,2014,2015-02-02,9840,2014-12-10,0136,15957,NA,3,3,6,3315,0,1,1,NA,2,034,RT 15,MAGNOLIA AV,135,S,N,A,-,Y,NA,NA,15,NA,NA,NA,NA,NA,NA,Y,3,0,1,1,A,-,01,23152,A,F,F,A,A,A,H,-,C,D,0,NA,NA,NA,NA,Y,Y,A,07,0,1,0,0,0,0,0,0,0,TO,-,33.86577,-117.54151,RIVERSIDE,CORONA,-117.54168053,33.86558726
6750814,2014,2015-02-13,3302,2014-12-19,1725,12614,NA,5,5,3,3302,0,0,0,NA,0,NA,RT 60,WESTERN KNOLLS AV W,1237,W,N,B,-,Y,NA,NA,60,NA,NA,NA,NA,NA,NA,Y,3,0,1,3,A,-,08,22107,NA,N,B,E,A,A,H,-,D,D,0,NA,NA,NA,Y,Y,NA,A,01,0,1,0,0,0,0,0,0,0,-,-,33.93363,-117.01183,RIVERSIDE,BEAUMONT,-117.01182974,33.93367825
6755538,2014,2015-02-05,9685,2014-12-05,1730,13376,NA,5,2,5,3335,0,1,1,NA,2,030,RT 15,RANCHO CALIFORNIA RD,750,S,N,B,-,Y,NA,NA,15,NA,NA,NA,NA,NA,NA,Y,4,0,1,2,A,-,03,22350,NA,N,C,C,A,A,H,-,C,D,0,NA,NA,NA,NA,Y,NA,A,01,0,0,1,0,0,0,0,0,0,-,-,33.49757,-117.14956,RIVERSIDE,TEMECULA,-117.1494667,33.4976528
6765838,2014,2015-02-13,3300,2014-12-15,1056,4009,910Q,1,5,5,3335,0,0,0,NA,0,069,TEMECULA PKWY,KEVIN PL,323,E,N,B,-,N,NA,NA,NA,NA,NA,NA,NA,NA,NA,N,4,0,2,2,A,-,21,22106,NA,N,C,C,A,A,H,-,A,A,0,NA,NA,NA,NA,Y,NA,E,22,0,0,2,0,0,0,0,0,0,-,-,NA,NA,RIVERSIDE,TEMECULA,-117.115229,33.476843
6769020,2015,2016-06-15,3300,2015-04-11,2120,4363,S20C6,6,5,3,3317,0,0,0,NA,0,S20,RT 111,BOB HOPE DR,14,W,N,A,-,N,NA,NA,NA,NA,NA,NA,NA,NA,NA,N,4,0,1,2,A,-,11,21453,D,N,G,B,B,A,H,-,C,A,0,Y,NA,NA,NA,Y,NA,N,60,0,0,1,0,1,0,0,0,0,-,-,NA,NA,RIVERSIDE,RANCHO MIRAGE,-116.40930411,33.73735259
6802264,2014,2015-07-10,3300,2014-12-23,1213,3988,002J,2,5,6,3345,0,0,0,NA,0,022,ETIWANDA AV,VAN BUREN BL,48,S,N,A,-,N,NA,NA,NA,NA,NA,NA,NA,NA,NA,N,4,0,1,2,A,-,03,22350,NA,N,C,C,A,A,H,-,A,A,0,NA,NA,NA,Y,Y,NA,F,27,0,0,1,0,0,0,0,0,0,-,-,NA,NA,RIVERSIDE,JURUPA VALLEY,-117.52450308,34.01632859
6833229,2015,2016-10-10,9840,2015-02-10,0523,15663,NA,2,3,6,3345,0,1,3,NA,2,010,RT 60,WINVILLE AV,1850,E,N,A,-,Y,RIV,8,60,-,R,1.36,H,-,W,Y,4,0,2,2,A,-,08,22107,NA,N,D,C,A,A,H,-,D,D,1,NA,NA,NA,NA,Y,NA,D,22,0,0,2,0,0,0,0,0,0,-,-,34.01815,-117.53584,RIVERSIDE,JURUPA VALLEY,-117.53596938,34.01828296
6833256,2015,2015-03-16,9840,2015-02-21,0947,18248,NA,6,1,9,3300,0,3,5,NA,2,004,SAN JACINTO AV,COWIE AV,0,NA,Y,A,-,N,NA,NA,NA,NA,NA,NA,NA,NA,NA,Y,4,0,2,2,A,-,09,21802,A,N,D,C,A,A,H,-,A,A,0,NA,NA,NA,NA,Y,NA,A,07,0,0,2,0,0,0,0,0,0,-,-,33.7865,-117.26987,RIVERSIDE,UNINCORPORATED,-117.26993013,33.78651006
6835122,2015,2016-09-28,3300,2015-02-05,1218,N2176,503A,4,5,5,3341,0,0,0,NA,0,053,MCCALL BL,RT 215,20,W,N,A,-,Y,RIV,8,215,-,R,20.594,R,4,S,N,4,0,1,2,A,-,03,22350,NA,N,C,C,A,A,H,-,A,A,0,NA,NA,NA,NA,Y,NA,A,01,0,0,1,0,0,0,0,0,0,-,SO,NA,NA,RIVERSIDE,MENIFEE,-117.18842265,33.71153607
6841619,2015,2016-11-04,9655,2015-03-01,0632,017000,NA,7,1,9,3300,0,1,3,NA,2,213,RT 79,CALIFORNIA AV,4224,S,N,B,-,Y,RIV,8,79,-,-,38.39,H,-,S,Y,4,0,1,1,A,-,03,22350,NA,N,E,J,A,B,H,-,A,D,0,NA,NA,NA,NA,Y,NA,A,01,0,0,1,0,0,0,0,0,0,-,-,33.89962,-116.98695,RIVERSIDE,UNINCORPORATED,-116.98715006,33.89925466
6879092,2015,2015-05-18,3313,2015-03-27,1632,1475,E,5,5,7,3313,0,0,0,NA,0,M19,UNIVERSITY AV,CHICAGO AV,152,E,N,A,-,N,NA,NA,NA,NA,NA,NA,NA,NA,NA,Y,4,0,1,2,A,-,05,21650,1,N,D,G,A,A,H,-,A,A,0,NA,Y,NA,NA,Y,NA,L,04,0,0,1,0,0,0,1,0,0,-,-,NA,NA,RIVERSIDE,RIVERSIDE,-117.34800014,33.97574
6880147,2015,2015-04-23,3313,2015-04-08,1726,1202,E,3,5,7,3313,0,0,0,NA,0,M30,MISSION VILLAGE DR,MISSION GROVE PKWY S,90,E,N,A,-,N,NA,NA,NA,NA,NA,NA,NA,NA,NA,N,4,0,1,2,A,-,03,22350,NA,N,C,C,A,A,H,-,A,D,0,NA,NA,NA,NA,Y,NA,D,22,0,0,1,0,0,0,0,0,0,-,-,NA,NA,RIVERSIDE,RIVERSIDE,-117.32384931,33.91313761
6908841,2015,2015-05-18,3300,2015-04-18,1500,N2988,603B1,6,5,6,3394,0,0,0,NA,0,034,PERRIS BL,GENTIAN AV,25,S,N,A,-,N,NA,NA,NA,NA,NA,NA,NA,NA,NA,N,3,0,1,2,A,-,17,21451,A,F,D,G,A,A,H,-,A,A,0,NA,Y,NA,NA,Y,Y,-,NA,0,1,0,0,0,0,1,0,0,-,-,NA,NA,RIVERSIDE,MORENO VALLEY,-117.22624923,33.89548152
6920724,2015,2015-05-27,3300,2015-04-15,1556,3552,916D,3,5,4,3312,0,0,0,NA,0,035,W 1ST ST,S B ST,0,NA,Y,A,-,N,NA,NA,NA,NA,NA,NA,NA,NA,NA,Y,3,0,3,2,A,-,09,21802,A,N,D,C,A,A,H,-,A,A,0,NA,NA,NA,NA,Y,NA,A,07,0,1,2,0,0,0,0,0,0,-,-,NA,NA,RIVERSIDE,PERRIS,-117.23230002,33.78546011
6927336,2015,2016-12-08,9685,2015-05-05,0610,013562,NA,2,1,3,3343,0,1,1,NA,2,010,RT 15,BUNDY CANYON RD,0,N,N,B,-,Y,RIV,8,15,-,-,14.15,H,-,S,Y,4,0,1,2,A,-,07,21658,A,F,C,C,A,A,H,-,A,D,1,NA,NA,NA,NA,Y,NA,A,01,0,0,1,0,0,0,0,0,0,-,-,33.62831,-117.27436,RIVERSIDE,WILDOMAR,-117.25058584,33.6016783
6963153,2015,2016-11-14,9630,2015-05-23,2200,20555,NA,6,3,9,3300,0,1,3,NA,1,177,RT 177,RT 10,52800,N,N,A,-,Y,RIV,8,177,-,-,9.79,H,-,N,Y,4,0,1,1,A,-,03,22350,NA,N,F,A,A,A,H,-,D,D,5,NA,NA,NA,NA,Y,NA,A,01,0,0,1,0,0,0,0,0,0,-,-,33.81068,-115.28327,RIVERSIDE,UNINCORPORATED,-115.28349434,33.81056531
6964390,2015,2016-11-22,9685,2015-06-15,0555,13006,NA,1,3,5,3335,0,1,1,NA,2,030,RT 15,RANCHO CALIFORNIA RD,1500,S,N,B,-,Y,RIV,8,15,-,-,4.7,H,-,S,N,3,0,1,2,A,-,08,22107,NA,F,H,A,A,A,H,-,A,D,1,NA,NA,Y,NA,Y,NA,C,02,0,1,0,0,0,0,0,0,1,-,-,NA,NA,RIVERSIDE,TEMECULA,-117.1492364,33.49739042
6986359,2015,2016-11-19,9840,2015-06-27,1635,17459,NA,6,2,6,3315,0,1,3,NA,2,030,RT 91,GREEN RIVER RD,3000,W,N,A,-,Y,RIV,8,91,-,R,0.46,H,-,W,Y,4,0,1,1,A,-,08,22107,NA,N,F,I,A,A,D,-,A,D,1,NA,NA,Y,NA,Y,NA,C,02,0,0,1,0,0,0,0,0,1,-,-,33.3571,-117.97134,RIVERSIDE,CORONA,-117.66497505,33.87260696
6986391,2015,2016-12-17,9840,2015-06-22,1750,14571,NA,1,2,7,3313,0,1,3,NA,2,020,RT 91,ADAMS ST,1320,W,N,A,-,Y,RIV,8,91,-,-,15.36,H,-,E,N,4,0,1,2,A,-,07,21658,A,N,C,C,A,A,H,-,A,D,1,NA,NA,Y,NA,Y,NA,A,01,0,0,1,0,0,0,0,0,1,-,-,33.92818,-117.42065,RIVERSIDE,RIVERSIDE,-117.42352037,33.92517493
6990934,2015,2015-08-04,3300,2015-04-12,0100,3613,504B,7,5,5,3341,0,0,0,NA,0,054,BOULDER WY,RIDGEMOOR RD,986,N,N,A,-,N,NA,NA,NA,NA,NA,NA,NA,NA,NA,N,2,0,3,1,A,-,21,38312,NA,N,F,A,A,A,G,-,D,D,0,NA,NA,Y,NA,Y,NA,C,06,1,2,0,0,0,0,0,0,3,-,-,33.42076,-117.1341,RIVERSIDE,MENIFEE,NA,NA
6998227,2015,2015-07-20,3300,2015-06-17,2104,3536,602B4,3,5,6,3394,0,0,0,NA,0,MV22,TOWNGATE BL,HERITAGE WY,0,NA,Y,A,-,N,NA,NA,NA,NA,NA,NA,NA,NA,NA,N,3,0,1,2,A,-,01,23152,A,N,C,C,A,A,H,-,C,A,0,NA,NA,NA,NA,Y,Y,A,07,0,1,0,0,0,0,0,0,0,-,-,NA,NA,RIVERSIDE,MORENO VALLEY,-117.26601012,33.93527003
7012410,2015,2015-08-13,3300,2015-07-19,1300,N3546,910J,7,5,5,3335,0,0,0,NA,0,068,TEMECULA PKWY,BEDFORD CT,350,W,N,A,-,N,NA,NA,NA,NA,NA,NA,NA,NA,NA,Y,4,0,1,3,A,-,03,22350,NA,N,C,-,A,A,H,-,A,A,0,NA,NA,NA,NA,Y,NA,A,01,0,0,1,0,0,0,0,0,0,-,-,NA,NA,RIVERSIDE,TEMECULA,-117.138701,33.479673
7031073,2015,2015-09-16,3300,2015-08-02,1704,N3162,D002,7,5,6,3345,0,0,0,NA,0,B20,MISSION BL,LINDSAY ST,96,W,N,A,-,N,NA,NA,NA,NA,NA,NA,NA,NA,NA,N,3,0,1,2,A,-,03,22350,NA,N,F,I,A,A,H,-,A,D,0,NA,NA,NA,NA,Y,NA,I,11,0,1,0,0,0,0,0,0,0,-,-,NA,NA,RIVERSIDE,JURUPA VALLEY,-117.49860542,34.01146434
7065613,2015,2017-01-03,9840,2015-08-17,1605,018611,NA,1,2,4,3307,0,1,1,NA,2,037,RT 15,NICHOLS RD,2640,N,N,A,-,Y,RIV,8,15,-,-,24.35,H,-,N,Y,3,0,2,1,A,-,08,22107,NA,N,F,A,A,A,H,-,A,D,1,NA,NA,NA,NA,Y,NA,D,22,0,1,1,0,0,0,0,0,0,-,-,33.71783,-117.36234,RIVERSIDE,LAKE ELSINORE,-117.36090731,33.71458595
7078886,2016,2017-03-17,3302,2016-01-19,0047,716,NA,2,5,3,3302,0,0,0,NA,0,NA,EDGAR AV,9TH PL,52,N,N,A,-,N,NA,NA,NA,NA,NA,NA,NA,NA,NA,Y,3,0,1,3,A,-,01,23152,A,N,C,C,A,A,H,-,C,D,0,NA,NA,NA,NA,Y,Y,A,01,0,1,0,0,0,0,0,0,0,-,-,NA,NA,RIVERSIDE,BEAUMONT,-116.97995,33.9341324
7116246,2015,2015-11-24,3302,2015-11-10,1733,898,NA,2,5,3,3302,0,0,0,NA,0,002,XENIA AV,6TH ST,0,NA,Y,A,-,N,NA,NA,NA,NA,NA,NA,NA,NA,NA,Y,4,0,1,2,A,-,12,22450,NA,N,D,C,A,A,H,-,B,A,0,NA,NA,NA,NA,Y,NA,A,01,0,0,1,0,0,0,0,0,0,-,-,NA,NA,RIVERSIDE,BEAUMONT,-116.95488013,33.92944002
7117205,2015,2015-11-18,3313,2015-10-29,1051,1475,C,4,5,7,3313,0,0,0,NA,0,M19,JACKSON ST,DELANO DR,0,NA,Y,A,-,N,NA,NA,NA,NA,NA,NA,NA,NA,NA,Y,3,0,2,3,A,-,09,21802,A,N,A,C,A,A,H,-,A,A,0,NA,NA,NA,NA,Y,NA,A,01,0,1,1,0,0,0,0,0,0,-,-,33.93377,-117.44659,RIVERSIDE,RIVERSIDE,-117.44705013,33.93418002
7127623,2015,2016-01-04,3311,2015-12-12,0732,15975,NA,6,5,4,3311,0,0,0,NA,0,002,GARNET AV,INDIAN CANYON DR N,327,W,N,A,-,N,NA,NA,NA,NA,NA,NA,NA,NA,NA,N,3,0,1,2,A,-,08,22100,A,N,E,C,A,A,H,-,A,D,0,NA,NA,NA,Y,Y,NA,F,24,0,1,0,0,0,0,0,0,0,-,-,NA,NA,RIVERSIDE,PALM SPRINGS,-116.54644067,33.90254908
7129939,2015,2015-12-08,3300,2015-11-16,1128,3671,910T,1,5,5,3335,0,0,0,NA,0,070,BUTTERFIELD STAGE RD,CHANNEL ST,400,N,N,A,-,N,NA,NA,NA,NA,NA,NA,NA,NA,NA,Y,4,0,1,2,A,-,03,22350,NA,N,C,C,A,A,H,-,A,D,0,NA,NA,NA,NA,Y,NA,A,07,0,0,1,0,0,0,0,0,0,-,-,33.48101,-117.07529,RIVERSIDE,TEMECULA,-117.0760814,33.48182666
7137716,2015,2015-12-21,3325,2015-07-08,1152,1401,DESER,3,5,4,3325,0,0,0,NA,0,001,EAST PALM CANYON DR,MELROSE DR,0,NA,Y,A,-,N,NA,NA,NA,NA,NA,NA,NA,NA,NA,Y,4,0,1,2,A,-,09,21802,A,N,A,C,A,A,H,-,A,D,0,NA,NA,NA,NA,Y,NA,A,01,0,0,1,0,0,0,0,0,0,-,-,NA,NA,RIVERSIDE,CATHEDRAL CITY,-116.46966,33.78137
7157702,2016,2017-02-11,3300,2016-01-04,1630,N6000,916B,1,5,4,3312,0,0,0,NA,0,032,NUEVO RD,RT 215,0,NA,Y,A,-,Y,RIV,8,215,-,R,27.684,R,4,N,Y,4,0,3,2,A,-,12,21453,A,F,D,C,A,A,H,-,B,A,0,NA,NA,NA,NA,Y,NA,A,01,0,0,3,0,0,0,0,0,0,-,-,NA,NA,RIVERSIDE,PERRIS,-117.232043,33.79955784
7192753,2016,2016-02-24,3300,2016-02-03,1705,4363,S22G3,3,5,3,3317,0,0,0,NA,0,S22,FRANK SINATRA DR,MORNINGSIDE DR,353,W,N,A,-,N,NA,NA,NA,NA,NA,NA,NA,NA,NA,Y,4,0,1,1,A,-,08,22107,NA,N,A,I,A,A,H,-,A,D,0,NA,NA,NA,NA,Y,NA,A,07,0,0,1,0,0,0,0,0,0,-,-,33.77244,-116.42548,RIVERSIDE,RANCHO MIRAGE,-116.42680671,33.77241
7199304,2015,2016-03-09,3315,2015-12-22,0752,2089,3E,2,5,6,3315,0,0,0,NA,0,002,MAGNOLIA AV,RIMPAU AV,40,W,N,B,C,N,NA,NA,NA,NA,NA,NA,NA,NA,NA,Y,4,0,1,4,A,-,03,22350,NA,N,C,C,A,B,H,-,A,A,0,NA,NA,NA,NA,Y,NA,A,01,0,0,1,0,0,0,0,0,0,-,-,NA,NA,RIVERSIDE,CORONA,-117.54478841,33.86447805
7209238,2016,2016-03-22,3315,2016-02-19,1611,001531,1E,5,5,6,3315,0,0,0,NA,0,NA,RIVER RD,LINCOLN AV,0,NA,Y,A,-,N,NA,NA,NA,NA,NA,NA,NA,NA,NA,Y,4,0,1,3,A,-,12,21453,A,N,D,C,A,A,H,-,A,A,0,NA,NA,NA,NA,Y,NA,A,07,0,0,1,0,0,0,0,0,0,-,-,NA,NA,RIVERSIDE,CORONA,-117.57477009,33.89943009
8004663,2016,2016-03-25,3311,2016-03-07,0830,15648,NA,1,5,4,3311,0,0,0,NA,0,NA,INDIAN CANYON DR,VIA ESCUELA,0,NA,Y,B,-,N,NA,NA,NA,NA,NA,NA,NA,NA,NA,N,4,0,2,2,A,-,09,21802,A,N,D,C,A,A,D,-,A,A,0,NA,NA,NA,NA,Y,NA,A,01,0,0,2,0,0,0,0,0,0,-,-,33.84848,-116.5456,RIVERSIDE,PALM SPRINGS,-116.54558,33.84848004
8007149,2016,2016-04-06,3313,2016-03-11,1152,0282,C,5,5,7,3313,0,0,0,NA,0,T48,JACKSON ST,MAGNOLIA AV,175,N,N,B,-,N,NA,NA,NA,NA,NA,NA,NA,NA,NA,N,4,0,1,2,A,-,03,22350,NA,N,C,C,A,A,H,-,A,A,0,NA,NA,NA,NA,Y,NA,D,22,0,0,1,0,0,0,0,0,0,-,-,33.92452,-117.43921,RIVERSIDE,RIVERSIDE,-117.4394915,33.92501311
8023194,2016,2017-02-03,3308,2016-01-12,1759,8344,516,2,5,5,3308,0,0,0,NA,0,NORTH,FLORIDA AV,ELK ST,94,W,N,A,-,Y,RIV,8,74,-,-,39.82,H,-,W,N,4,0,2,2,D,-,00,NA,NA,N,D,G,A,A,H,-,C,D,0,NA,Y,NA,NA,Y,NA,-,-,0,0,2,0,0,0,1,0,0,-,-,NA,NA,RIVERSIDE,HEMET,-116.98510252,33.74752808
8061775,2016,2016-08-29,3300,2016-05-28,1648,M5482,20C1,6,5,3,3317,0,0,0,NA,0,020,RT 111,SAN JACINTO DR,277,W,N,A,-,N,NA,NA,NA,NA,NA,NA,NA,NA,NA,Y,4,0,2,3,C,-,18,NA,NA,N,D,E,A,A,H,-,A,D,0,NA,NA,NA,NA,Y,NA,-,-,0,0,2,0,0,0,0,0,0,-,-,NA,NA,RIVERSIDE,RANCHO MIRAGE,-116.42072347,33.74753239
8085565,2016,2016-07-21,3300,2016-07-01,0622,N5835,601G5,5,5,6,3394,0,0,0,NA,0,MV18,REDLANDS BL,JUNIPER AV,32,N,N,A,-,N,NA,NA,NA,NA,NA,NA,NA,NA,NA,Y,4,0,1,2,A,-,03,22350,NA,N,C,C,A,A,H,-,A,D,0,NA,NA,NA,NA,Y,NA,A,07,0,0,1,0,0,0,0,0,0,-,-,33.94986,-117.15669,RIVERSIDE,MORENO VALLEY,-117.15675957,33.95006765
8096989,2016,2016-08-16,3301,2016-06-28,1749,U376,11,2,5,4,3301,0,0,0,NA,0,001,SAN GORGONIO ST,HAYS ST,0,NA,Y,A,-,N,NA,NA,NA,NA,NA,NA,NA,NA,NA,Y,3,0,1,2,A,-,09,21802,A,N,D,C,A,A,H,-,A,A,0,NA,NA,NA,NA,Y,NA,A,01,0,1,0,0,0,0,0,0,0,-,-,33.92628,-116.87673,RIVERSIDE,BANNING,-116.87673013,33.92626001
8100223,2016,2016-08-12,3313,2016-07-14,0249,1455,E,4,5,7,3313,0,0,0,NA,0,A213,HOWARD AV,PROSPECT AV,75,S,N,A,-,N,NA,NA,NA,NA,NA,NA,NA,NA,NA,N,4,0,1,1,A,-,01,23152,F,N,E,J,A,A,H,-,C,D,0,NA,NA,NA,NA,Y,Y,A,01,0,0,1,0,0,0,0,0,0,-,-,33.9694,-117.3718,RIVERSIDE,RIVERSIDE,-117.37195189,33.96916136
8118720,2016,2016-09-13,3311,2016-08-13,1806,15920,NA,6,5,4,3311,0,0,0,NA,0,006,RAMON RD,EL CIELO RD,0,NA,Y,A,-,N,NA,NA,NA,NA,NA,NA,NA,NA,NA,Y,3,0,1,2,A,-,08,22100,A,N,D,C,A,A,H,-,A,A,0,NA,NA,NA,NA,Y,NA,-,NA,0,1,0,0,0,0,0,0,0,-,-,33.81594,-116.51065,RIVERSIDE,PALM SPRINGS,-116.51065006,33.81590002
8136217,2016,2016-10-06,3313,2016-08-30,0957,1026,E,2,5,7,3313,0,0,0,NA,0,T52,14TH ST,PARK AV,0,NA,Y,A,-,N,NA,NA,NA,NA,NA,NA,NA,NA,NA,Y,3,0,2,2,A,-,09,21801,A,N,D,C,A,A,H,-,A,A,0,NA,NA,NA,NA,Y,NA,A,01,0,1,1,0,0,0,0,0,0,-,-,33.97165,-117.36844,RIVERSIDE,RIVERSIDE,-117.36851002,33.97159011
8137637,2016,2016-10-11,3300,2016-09-30,1436,2403,NA,5,5,4,3314,0,0,0,NA,0,NA,ESPLANADE AV,STATE ST,462,E,N,A,-,N,NA,NA,NA,NA,NA,NA,NA,NA,NA,Y,4,0,1,2,A,-,03,22350,NA,N,C,C,A,A,H,-,A,A,0,NA,NA,NA,NA,Y,NA,A,01,0,0,1,0,0,0,0,0,0,-,-,33.77296,-116.97186,RIVERSIDE,SAN JACINTO,-116.97037084,33.77289224
81376468,2020,2020-12-29,3306,2020-12-09,0115,746,NA,3,5,3,3306,0,0,0,NA,0,NA,HACIENDA AVE,VERBENA DR,0,NA,Y,A,-,N,NA,NA,NA,NA,NA,NA,NA,NA,NA,Y,4,0,3,2,A,-,09,21802,A,M,D,C,A,A,H,-,C,A,0,NA,NA,NA,NA,Y,NA,A,01,0,0,3,0,0,0,0,0,0,-,-,NA,NA,RIVERSIDE,DESERT HOT SPRINGS,-116.4926300048828,33.954139709472656
81383758,2020,2021-01-08,3300,2020-12-21,1945,3343,001C,1,5,6,3345,0,0,0,NA,0,010,MARKET ST,VIA CERRO,2000,S,N,A,-,N,NA,NA,NA,NA,NA,NA,NA,NA,NA,Y,4,0,2,3,A,-,08,22107,NA,N,B,C,A,A,H,-,D,D,0,NA,NA,NA,NA,Y,NA,A,01,0,0,2,0,0,0,0,0,0,-,-,34.01165008544922,-117.38340759277344,RIVERSIDE,JURUPA VALLEY,-117.38027191162108,34.007118225097656
8139608,2016,2017-01-10,3300,2016-12-10,2156,4713,910F,6,5,5,3335,0,0,0,NA,0,062,WINCHESTER RD,YNEZ RD,0,NA,Y,A,-,N,NA,NA,NA,NA,NA,NA,NA,NA,NA,Y,4,0,1,2,A,-,12,21453,A,N,D,C,A,A,H,-,C,A,0,NA,NA,NA,NA,Y,NA,A,01,0,0,1,0,0,0,0,0,0,-,-,NA,NA,RIVERSIDE,TEMECULA,-117.16036007,33.5246601
81422939,2021,2021-03-09,3300,2021-03-05,0655,5119,NA,5,5,3,3343,0,0,0,NA,0,NA,GRAND AVE,WILDOMAR TRAIL,0,NA,Y,A,-,N,NA,NA,NA,NA,NA,NA,NA,NA,NA,N,4,0,1,2,A,-,12,21453,A,N,C,C,A,A,H,-,A,A,0,NA,NA,NA,NA,Y,NA,A,01,0,0,1,0,0,0,0,0,0,-,-,NA,NA,RIVERSIDE,WILDOMAR,-117.27815246582033,33.597774505615234
81447570,2021,2021-04-12,3300,2021-04-07,1507,4996,601 C,3,5,6,3394,0,0,0,NA,0,MV14,SH-60 E/B OFFRAMP,DAY ST,5,E,N,A,-,Y,NA,NA,NA,NA,NA,NA,NA,NA,NA,N,4,0,1,2,A,-,10,21950,A,N,G,B,B,A,H,-,A,A,0,Y,NA,NA,NA,Y,NA,A,01,0,0,1,0,1,0,0,0,0,-,-,33.941070556640625,-117.27899932861328,RIVERSIDE,MORENO VALLEY,NA,NA
81477328,2021,2021-05-20,3311,2021-03-27,2203,15842,NA,6,5,4,3311,0,0,0,NA,0,BIK,TAHQUITZ CANYON WAY,MUSEUM DRIVE,55,W,N,A,-,N,NA,NA,NA,NA,NA,NA,NA,NA,NA,Y,3,0,1,2,A,-,01,23152,A,N,C,E,A,A,H,-,C,D,0,NA,NA,NA,NA,Y,Y,A,01,0,1,0,0,0,0,0,0,0,-,-,33.822959899902344,-116.5494384765625,RIVERSIDE,PALM SPRINGS,-116.54961395263672,33.82309341430664
81485346,2021,2021-05-31,3300,2021-05-26,1304,4323,910K,3,5,5,3335,0,0,0,NA,0,064,RANCHO CALIFORNIA ROAD,TOWN CENTER,0,NA,Y,A,-,N,NA,NA,NA,NA,NA,NA,NA,NA,NA,Y,3,0,1,2,A,-,12,21453,A,N,D,C,A,A,H,-,A,A,0,NA,NA,NA,NA,Y,NA,A,01,0,1,0,0,0,0,0,0,0,-,-,NA,NA,RIVERSIDE,TEMECULA,-117.14610290527344,33.50458908081055