CASE_ID,ACCIDENT_YEAR,PROC_DATE,JURIS,COLLISION_DATE,COLLISION_TIME,OFFICER_ID,REPORTING_DISTRICT,DAY_OF_WEEK,CHP_SHIFT,POPULATION,CNTY_CITY_LOC,SPECIAL_COND,BEAT_TYPE,CHP_BEAT_TYPE,CITY_DIVISION_LAPD,CHP_BEAT_CLASS,BEAT_NUMBER,PRIMARY_RD,SECONDARY_RD,DISTANCE,DIRECTION,INTERSECTION,WEATHER_1,WEATHER_2,STATE_HWY_IND,CALTRANS_COUNTY,CALTRANS_DISTRICT,STATE_ROUTE,ROUTE_SUFFIX,POSTMILE_PREFIX,POSTMILE,LOCATION_TYPE,RAMP_INTERSECTION,SIDE_OF_HWY,TOW_AWAY,COLLISION_SEVERITY,NUMBER_KILLED,NUMBER_INJURED,PARTY_COUNT,PRIMARY_COLL_FACTOR,PCF_CODE_OF_VIOL,PCF_VIOL_CATEGORY,PCF_VIOLATION,PCF_VIOL_SUBSECTION,HIT_AND_RUN,TYPE_OF_COLLISION,MVIW,PED_ACTION,ROAD_SURFACE,ROAD_COND_1,ROAD_COND_2,LIGHTING,CONTROL_DEVICE,CHP_ROAD_TYPE,PEDESTRIAN_ACCIDENT,BICYCLE_ACCIDENT,MOTORCYCLE_ACCIDENT,TRUCK_ACCIDENT,NOT_PRIVATE_PROPERTY,ALCOHOL_INVOLVED,STWD_VEHTYPE_AT_FAULT,CHP_VEHTYPE_AT_FAULT,COUNT_SEVERE_INJ,COUNT_VISIBLE_INJ,COUNT_COMPLAINT_PAIN,COUNT_PED_KILLED,COUNT_PED_INJURED,COUNT_BICYCLIST_KILLED,COUNT_BICYCLIST_INJURED,COUNT_MC_KILLED,COUNT_MC_INJURED,PRIMARY_RAMP,SECONDARY_RAMP,LATITUDE,LONGITUDE,COUNTY,CITY,POINT_X,POINT_Y
81665044,2021,2021-12-29,3300,2021-12-09,1649,4850,602 E,4,5,6,3394,0,0,0,NA,0,MV28,PERRIS BLVD,ALESSANDRO BLVD,0,NA,Y,A,-,N,NA,NA,NA,NA,NA,NA,NA,NA,NA,N,4,0,1,2,A,-,03,22350,NA,F,C,C,A,A,H,-,C,A,0,NA,NA,NA,NA,Y,NA,D,22,0,0,1,0,0,0,0,0,0,-,-,33.94718933105469,-117.22640228271484,RIVERSIDE,MORENO VALLEY,-117.2263412475586,33.91722869873047
8167144,2018,2020-05-26,3311,2018-03-17,0207,15302,NA,6,5,4,3311,0,0,0,NA,0,005,PALM CANYON DR E,VIA SALIDA,58,E,N,A,-,N,NA,NA,NA,NA,NA,NA,NA,NA,NA,Y,1,2,1,2,A,-,01,23152,A,N,D,C,A,A,H,-,C,A,0,NA,NA,NA,NA,Y,Y,A,01,0,0,1,0,0,0,0,0,0,-,-,33.80147933959961,-116.54315948486328,RIVERSIDE,PALM SPRINGS,-116.54296875,33.80133056640625
81681296,2021,2022-01-20,3300,2021-07-24,1731,5764,30C1,6,5,4,3318,0,0,0,NA,0,2T30,MONTEREY AVE,HANN ROAD,0,NA,Y,A,-,N,NA,NA,NA,NA,NA,NA,NA,NA,NA,Y,4,0,1,2,A,-,12,21453,A,N,C,C,A,A,H,-,A,A,0,NA,NA,NA,NA,Y,NA,A,01,0,0,1,0,0,0,0,0,0,-,-,NA,NA,RIVERSIDE,PALM DESERT,-116.39142608642578,33.72312545776367
81692409,2021,2022-02-03,3300,2021-09-23,0759,4778,Y84,4,5,3,3305,0,0,0,NA,0,Y84,GRAPEFRUIT BL,TYLER ST,1800,S,N,A,-,N,NA,NA,NA,NA,NA,NA,NA,NA,NA,N,1,1,1,2,A,-,00,23105,A,N,A,C,A,A,H,-,A,D,0,NA,NA,NA,NA,Y,NA,A,01,1,0,0,0,0,0,0,0,0,-,-,33.66843032836914,-116.16380310058594,RIVERSIDE,COACHELLA,-116.16036987304688,33.66442108154297
81692442,2022,2022-02-03,3315,2022-01-03,2014,004485,10C,1,5,6,3315,0,0,0,NA,0,002,MCKINLEY ST,91 EB OFF RAMP,0,NA,Y,A,-,N,NA,NA,NA,NA,NA,NA,NA,NA,NA,Y,4,0,2,3,A,-,12,21453,A,N,D,C,A,A,H,-,C,A,0,NA,NA,NA,NA,Y,NA,A,01,0,0,2,0,0,0,0,0,0,-,-,33.8855094909668,-117.51717376708984,RIVERSIDE,CORONA,-117.517093,33.885414
81692444,2022,2022-02-03,3315,2022-01-13,1712,004382,3E,4,5,6,3315,0,0,0,NA,0,003,OLD TEMESCAL RD,RIMPAU AV,20,S,N,A,-,N,NA,NA,NA,NA,NA,NA,NA,NA,NA,Y,4,0,1,2,A,-,12,22450,A,N,D,C,A,A,H,-,C,D,0,NA,NA,NA,NA,Y,NA,A,01,0,0,1,0,0,0,0,0,0,-,-,33.854000091552734,-117.54463958740234,RIVERSIDE,CORONA,-117.544677734375,33.85388946533203
81696340,2022,2022-02-09,3300,2022-01-27,1541,3394,44A,4,5,4,3342,0,0,0,NA,0,044,BENTON RD,WINCHESTER RD,24,E,N,A,-,Y,NA,NA,NA,NA,NA,NA,NA,NA,NA,N,3,0,1,2,A,-,06,21750,NA,N,B,C,A,A,H,-,A,B,0,NA,NA,Y,NA,Y,Y,A,01,0,1,0,0,0,0,0,0,1,-,-,NA,NA,RIVERSIDE,MURRIETA,-117.12491607666016,33.592044830322266
8169666,2016,2016-12-22,3309,2016-08-01,2245,218,3309,1,5,4,3309,0,0,0,NA,0,003,RT 111,JACKSON,17,W,N,A,-,N,NA,NA,NA,NA,NA,NA,NA,NA,NA,Y,2,0,3,2,A,-,12,21453,A,N,D,C,A,A,H,-,C,A,0,NA,NA,NA,NA,Y,NA,A,01,2,1,0,0,0,0,0,0,0,-,-,NA,NA,RIVERSIDE,INDIO,-116.216424,33.714827
81702552,2022,2022-02-17,3300,2022-02-14,1155,N4187,916D,1,5,4,3312,0,0,0,NA,0,035,SAN JACINTO AV,D ST,47,W,N,A,-,N,NA,NA,NA,NA,NA,NA,NA,NA,NA,N,3,0,1,3,A,-,07,21658,A,N,B,C,A,A,H,-,A,A,0,NA,NA,NA,NA,Y,NA,A,01,0,1,0,0,0,0,0,0,0,-,-,33.78656005859375,-117.22812652587892,RIVERSIDE,PERRIS,-117.22821044921876,33.78656005859375
81705381,2021,2022-02-22,3308,2021-12-08,1402,10219,506,3,5,5,3308,0,0,0,NA,0,NORTH,DEVONSHIRE AVE,SANDERSON AVE,225,W,N,A,-,N,NA,NA,NA,NA,NA,NA,NA,NA,NA,N,4,0,1,3,A,-,09,21801,A,N,D,C,A,A,H,-,A,A,0,NA,NA,Y,NA,Y,NA,A,01,0,0,1,0,0,0,0,0,1,-,-,33.74911117553711,-117.00308227539063,RIVERSIDE,HEMET,-117.00728607177734,33.75094223022461
81711812,2021,2022-03-01,3349,2021-10-15,2231,404,NA,5,5,5,3341,0,0,0,NA,0,004,CONNIE WAY,MONICA WAY,60,N,N,A,-,N,NA,NA,NA,NA,NA,NA,NA,NA,NA,Y,3,0,1,2,A,-,01,23152,A,N,C,E,A,A,H,-,C,D,0,NA,NA,NA,NA,Y,Y,A,01,0,1,0,0,0,0,0,0,0,-,-,33.71805953979492,-117.21202850341795,RIVERSIDE,MENIFEE,-117.21189880371094,33.718109130859375
81727462,2022,2022-03-21,3300,2022-03-18,1634,N6426,910U,5,5,5,3335,0,0,0,NA,0,070,WOLF STORE RD,BUTTERFIELD STAGE RD,184,W,N,A,-,N,NA,NA,NA,NA,NA,NA,NA,NA,NA,Y,4,0,2,2,A,-,09,21804,A,N,D,C,A,A,H,-,A,D,0,NA,NA,NA,NA,Y,NA,A,01,0,0,2,0,0,0,0,0,0,-,-,33.48466873168945,-117.0776596069336,RIVERSIDE,TEMECULA,-117.07820129394533,33.48443603515625
81734262,2022,2022-03-28,3315,2022-03-17,1306,002504,10C,4,5,6,3315,0,0,0,NA,0,002,SIXTH ST,EL CAMINO AV (N),0,NA,Y,A,-,N,NA,NA,NA,NA,NA,NA,NA,NA,NA,Y,4,0,1,2,A,-,04,21703,NA,N,C,C,A,A,H,-,A,A,0,NA,NA,NA,NA,Y,NA,A,01,0,0,1,0,0,0,0,0,0,-,-,33.87297058105469,-117.53990936279295,RIVERSIDE,CORONA,-117.54039764404295,33.874237060546875
81741739,2022,2022-04-06,3300,2022-02-27,1043,N4883,001G,7,5,6,3345,0,0,0,NA,0,014,MISSION BL,RIVERVIEW DR,13,W,N,A,-,N,NA,NA,NA,NA,NA,NA,NA,NA,NA,Y,3,0,1,2,A,-,12,21453,A,N,D,C,A,A,H,-,A,A,0,NA,NA,NA,NA,Y,NA,A,01,0,1,0,0,0,0,0,0,0,-,-,33.99974060058594,-117.41249084472656,RIVERSIDE,JURUPA VALLEY,-117.41256713867188,33.99968719482422
81742766,2022,2022-04-07,3311,2022-03-09,1240,16394,NA,3,5,4,3311,0,0,0,NA,0,001,INDIAN CANYON DRIVE N,RACQUET CLUB ROAD,0,NA,Y,A,-,N,NA,NA,NA,NA,NA,NA,NA,NA,NA,Y,3,0,1,2,A,-,09,21801,A,N,A,C,A,A,H,-,A,A,0,NA,NA,NA,NA,Y,NA,D,22,0,1,0,0,0,0,0,0,0,-,-,33.85205078125,-116.54557800292967,RIVERSIDE,PALM SPRINGS,-116.54555511474608,33.852115631103516
81744699,2022,2022-04-11,3300,2022-04-08,2043,5771,002S,5,5,6,3345,0,0,0,NA,0,024,53RD ST,SERENDIPITY RD,220,E,N,A,-,N,NA,NA,NA,NA,NA,NA,NA,NA,NA,Y,4,0,1,2,A,-,01,23152,A,N,C,C,A,A,H,-,D,D,0,NA,NA,NA,NA,Y,Y,A,01,0,0,1,0,0,0,0,0,0,-,-,33.98994064331055,-117.50424194335938,RIVERSIDE,JURUPA VALLEY,-117.50424957275392,33.99089813232422
81744854,2021,2022-04-11,3325,2021-12-05,2106,1611,NA,7,5,4,3325,0,0,0,NA,0,003,DATE PALM DR,POLE# 2113856E,228,S,N,A,-,N,NA,NA,NA,NA,NA,NA,NA,NA,NA,Y,1,1,0,1,A,-,03,22350,NA,N,E,J,A,A,H,-,D,D,0,NA,NA,NA,NA,Y,NA,A,01,0,0,0,0,0,0,0,0,0,-,-,NA,NA,RIVERSIDE,CATHEDRAL CITY,NA,NA
81748602,2022,2022-04-15,3300,2022-04-13,1240,N1673,30B3,3,5,4,3318,0,0,0,NA,0,T30,HWY 111,TOWN CENTER WAY,62,E,N,A,-,N,NA,NA,NA,NA,NA,NA,NA,NA,NA,Y,4,0,2,2,A,-,01,23152,A,N,C,C,A,A,H,-,A,A,0,NA,NA,NA,NA,Y,Y,A,01,0,0,2,0,0,0,0,0,0,-,-,33.72298049926758,-116.39859771728516,RIVERSIDE,PALM DESERT,-116.39836883544922,33.723026275634766
8177108,2016,2016-12-01,3300,2016-11-03,1915,4776,002P,4,5,6,3345,0,0,0,NA,0,024,VAN BUREN BL,56TH ST,2112,N,N,A,-,N,NA,NA,NA,NA,NA,NA,NA,NA,NA,Y,4,0,3,1,C,-,18,NA,NA,N,E,I,A,A,H,-,C,D,0,NA,NA,NA,NA,Y,NA,-,-,0,0,3,0,0,0,0,0,0,-,-,33.98649,-117.47985,RIVERSIDE,JURUPA VALLEY,-117.48164729,33.99194788
81772407,2022,2022-05-16,3306,2022-04-06,1340,708,3306,3,5,3,3306,0,0,0,NA,0,NA,TWO BUNCH PALMS TRL,CABOT RD,155,E,N,A,-,N,NA,NA,NA,NA,NA,NA,NA,NA,NA,N,4,0,1,2,A,-,08,22107,NA,N,D,C,A,A,H,-,A,D,0,NA,NA,NA,NA,Y,NA,A,01,0,0,1,0,0,0,0,0,0,-,-,33.94675064086914,-116.52091217041016,RIVERSIDE,DESERT HOT SPRINGS,-116.52039337158205,33.946754455566406
81781053,2022,2022-05-26,3349,2022-05-04,0937,351,NA,3,5,5,3341,0,0,0,NA,0,004,MCCALL BLVD,215 FWY,0,NA,Y,A,-,N,NA,NA,NA,NA,NA,NA,NA,NA,NA,Y,3,0,1,2,A,-,12,21453,A,N,D,C,A,A,H,-,A,A,0,NA,NA,NA,NA,Y,NA,A,07,0,1,0,0,0,0,0,0,0,-,-,NA,NA,RIVERSIDE,MENIFEE,-117.1892318725586,33.715152740478516
81783684,2022,2022-05-30,3306,2022-04-08,1628,756,3306,5,5,3,3306,0,0,0,NA,0,NA,PALM DR,TWO BUNCH PALMS TRL,0,NA,Y,A,-,N,NA,NA,NA,NA,NA,NA,NA,NA,NA,N,3,0,1,2,A,-,10,21950,A,N,G,B,B,A,H,-,A,A,0,Y,NA,NA,NA,Y,NA,A,01,0,1,0,0,1,0,0,0,0,-,-,33.94684982299805,-116.50132751464844,RIVERSIDE,DESERT HOT SPRINGS,-116.50132751464844,33.9467658996582
81805453,2022,2022-06-29,3300,2022-05-31,0526,6075,601 D,2,5,6,3394,0,0,0,NA,0,MV14,IRONWOOD AVE,CHESAPEAKE RD,151,W,N,A,-,N,NA,NA,NA,NA,NA,NA,NA,NA,NA,Y,4,0,1,2,A,-,09,21804,A,F,D,C,A,A,H,-,A,A,0,NA,NA,NA,NA,Y,NA,A,01,0,0,1,0,0,0,0,0,0,-,-,33.946678161621094,-117.25740814208984,RIVERSIDE,MORENO VALLEY,-117.25821685791016,33.946590423583984
81812540,2022,2022-07-08,3308,2022-05-04,0713,10610,505,3,5,5,3308,0,0,0,NA,0,NORTH,HEMLOCK LN,SALTBUSH LN,0,NA,Y,A,-,N,NA,NA,NA,NA,NA,NA,NA,NA,NA,N,3,0,1,2,A,-,10,21950,A,N,G,B,B,A,H,-,A,D,0,Y,NA,NA,NA,Y,NA,A,01,0,1,0,0,1,0,0,0,0,-,-,33.761940002441406,-117.00698089599608,RIVERSIDE,HEMET,-117.01061248779295,33.76377868652344
81812585,2022,2022-07-08,3308,2022-06-07,1054,10515,517,2,5,5,3308,0,0,0,NA,0,NORTH,SAN JACINTO ST,LATHAM AVE,303,N,N,A,-,Y,NA,NA,NA,NA,NA,NA,NA,NA,NA,Y,4,0,2,2,A,-,03,22350,NA,N,C,C,A,A,H,-,A,A,0,NA,NA,NA,NA,Y,NA,A,07,0,0,2,0,0,0,0,0,0,-,-,NA,NA,RIVERSIDE,HEMET,-116.95865631103516,33.750240325927734
81818736,2022,2022-07-18,3300,2022-06-18,1431,6168,0020,6,5,6,3345,0,0,0,NA,0,010,JURUPA RD,ETIWANDA AV,11,W,Y,A,-,N,NA,NA,NA,NA,NA,NA,NA,NA,NA,N,4,0,2,2,A,-,08,22105,NA,N,D,C,A,A,H,-,A,D,0,NA,NA,NA,NA,Y,NA,A,01,0,0,2,0,0,0,0,0,0,-,-,33.99251174926758,-117.52339935302734,RIVERSIDE,JURUPA VALLEY,-117.52346801757813,33.992698669433594
81837686,2022,2022-08-11,3306,2022-07-31,0945,742,NA,7,5,3,3306,0,0,0,NA,0,NA,PALM DR,PIERSON BLVD,0,NA,Y,A,-,N,NA,NA,NA,NA,NA,NA,NA,NA,NA,Y,4,0,2,2,A,-,12,21453,A,N,D,D,A,A,H,-,A,A,0,NA,NA,NA,NA,Y,NA,A,01,0,0,2,0,0,0,0,0,0,-,-,33.96147918701172,-116.50131988525392,RIVERSIDE,DESERT HOT SPRINGS,-116.50141143798828,33.96147155761719
81853775,2022,2022-08-31,3300,2022-08-12,1414,4996,603 B,5,5,6,3394,0,0,0,NA,0,MV34,HEACOCK ST,KRAMERIA AVE,1050,S,N,A,-,N,NA,NA,NA,NA,NA,NA,NA,NA,NA,N,3,0,1,2,A,-,07,21658,A,F,B,C,A,A,H,-,A,A,0,NA,NA,Y,NA,Y,NA,A,01,0,1,0,0,0,0,0,0,1,-,-,33.879600524902344,-117.24358367919922,RIVERSIDE,MORENO VALLEY,-117.24359130859376,33.88040542602539
81870378,2022,2022-09-22,3300,2022-09-19,0729,4237,916A,1,5,4,3312,0,0,0,NA,0,031,RAMONA EXPRESSWAY,PERRIS BL,0,NA,Y,B,-,N,NA,NA,NA,NA,NA,NA,NA,NA,NA,N,4,0,1,2,A,-,12,21453,A,N,D,C,A,A,H,-,A,A,0,NA,NA,NA,NA,Y,NA,D,22,0,0,1,0,0,0,0,0,0,-,-,33.84449005126953,-117.22599792480467,RIVERSIDE,PERRIS,-117.22620391845705,33.844482421875
81872737,2022,2022-09-26,3300,2022-09-16,1511,4850,601 E,5,5,6,3394,0,0,0,NA,0,MV16,SLAWSON AVE,JAVIER PL,0,NA,Y,A,-,N,NA,NA,NA,NA,NA,NA,NA,NA,NA,Y,4,0,1,2,A,-,09,21801,A,N,A,C,A,A,H,-,A,D,0,NA,NA,NA,NA,Y,NA,A,01,0,0,1,0,0,0,0,0,0,-,-,33.94702911376953,-117.21304321289063,RIVERSIDE,MORENO VALLEY,-117.21337890625,33.947242736816406
8188137,2016,2016-12-13,3313,2016-11-26,1105,1846,C,6,5,7,3313,0,0,0,NA,0,B335,VAN BUREN BL,RUDICILL ST,240,S,N,A,-,N,NA,NA,NA,NA,NA,NA,NA,NA,NA,N,2,0,1,2,A,-,08,22107,NA,N,D,G,A,A,H,-,A,D,0,NA,Y,NA,NA,Y,NA,L,04,1,0,0,0,0,0,1,0,0,-,-,33.91264,-117.43995,RIVERSIDE,RIVERSIDE,-117.43978176,33.91194772
8188302,2016,2016-12-13,3309,2016-11-28,0905,174,3309,1,5,4,3309,0,0,0,NA,0,004,AVE 48,KEATON WY,0,NA,Y,A,-,N,NA,NA,NA,NA,NA,NA,NA,NA,NA,Y,4,0,1,2,A,-,08,22107,NA,N,B,C,A,A,H,-,A,D,0,NA,NA,NA,NA,Y,NA,A,01,0,0,1,0,0,0,0,0,0,-,-,NA,NA,RIVERSIDE,INDIO,-116.25387011,33.70001003
8188345,2016,2016-12-13,3300,2016-11-29,1800,4304,001G,2,5,6,3345,0,0,0,NA,0,014,MISSION BL,PACIFIC AV,374,W,N,A,-,N,NA,NA,NA,NA,NA,NA,NA,NA,NA,N,4,0,1,2,A,-,01,23153,A,N,C,C,A,A,H,-,C,A,0,NA,NA,NA,NA,Y,Y,A,01,0,0,1,0,0,0,0,0,0,-,-,34.0042,-117.42111,RIVERSIDE,JURUPA VALLEY,-117.4220978,34.00447344
8189685,2016,2017-01-12,3315,2016-11-17,1019,001531,5A,4,5,6,3315,0,0,0,NA,0,NA,AVENIDA DEL VISTA,VIA SANTIAGO,700,S,N,A,-,N,NA,NA,NA,NA,NA,NA,NA,NA,NA,N,4,0,1,2,A,-,03,22350,NA,N,C,C,A,A,H,-,A,A,0,NA,NA,NA,NA,Y,NA,A,01,0,0,1,0,0,0,0,0,0,-,-,NA,NA,RIVERSIDE,CORONA,-117.59839567,33.87418866
81900377,2022,2022-10-27,3300,2022-09-01,0752,5846,NA,4,5,4,3344,0,0,0,NA,0,065,SCHLEISMAN RD,HARRISON AV,0,NA,Y,A,-,N,NA,NA,NA,NA,NA,NA,NA,NA,NA,N,3,0,1,2,A,-,12,21453,A,N,G,B,B,A,H,-,A,A,0,Y,NA,NA,NA,Y,NA,A,01,0,1,0,0,1,0,0,0,0,-,-,33.960670471191406,-117.58415222167967,RIVERSIDE,EASTVALE,-117.58445739746094,33.96084213256836
81911891,2022,2022-11-08,3300,2022-10-27,1525,5632,916A,4,5,4,3312,0,0,0,NA,0,031,INDIAN AV,MORGAN ST,1180,S,N,A,-,N,NA,NA,NA,NA,NA,NA,NA,NA,NA,Y,2,0,1,2,A,-,09,21804,A,N,D,C,A,A,H,-,A,D,0,NA,NA,Y,Y,Y,NA,G,27,1,0,0,0,0,0,0,0,1,-,-,33.83760070800781,-117.23480224609376,RIVERSIDE,PERRIS,-117.23474884033205,33.83430862426758
81912042,2022,2022-11-08,3300,2022-10-23,1425,5445,82C2,7,5,3,3305,0,0,0,NA,0,Y82,CESAR CHAVEZ ST,53RD AV,0,NA,Y,A,-,N,NA,NA,NA,NA,NA,NA,NA,NA,NA,N,4,0,1,2,A,-,03,22350,NA,N,C,C,A,A,H,-,A,D,0,NA,NA,NA,NA,Y,NA,A,01,0,0,1,0,0,0,0,0,0,-,-,33.66379928588867,-116.18170166015624,RIVERSIDE,COACHELLA,-116.18194580078124,33.663814544677734
81917614,2022,2022-11-15,3300,2022-11-11,1116,4713,910S,5,5,5,3335,0,0,0,NA,0,070,TEMECULA PKY,BUTTERFIELD STAGE RD,0,NA,Y,A,-,Y,NA,NA,NA,NA,NA,NA,NA,NA,NA,Y,4,0,1,2,A,-,09,21453,C,N,D,C,A,A,H,-,A,A,0,NA,NA,NA,NA,Y,NA,D,22,0,0,1,0,0,0,0,0,0,-,-,33.48569107055664,-117.07875823974608,RIVERSIDE,TEMECULA,-117.07852172851563,33.48630905151367
81920856,2022,2022-11-18,3300,2022-11-14,2140,6109,916C,1,5,4,3312,0,0,0,NA,0,032,SAN JACINTO AV,DIANA ST,0,NA,Y,A,-,N,NA,NA,NA,NA,NA,NA,NA,NA,NA,N,4,0,1,2,A,-,03,22350,NA,M,C,C,A,A,H,-,C,A,0,NA,NA,NA,NA,Y,NA,A,07,0,0,1,0,0,0,0,0,0,-,-,33.786720275878906,-117.25684356689452,RIVERSIDE,PERRIS,-117.25688934326172,33.786521911621094
81937933,2022,2022-12-09,3300,2022-12-05,1708,N7126,36Q3,1,5,4,3318,0,0,0,NA,0,T36,MONTEREY AVE,FRED WARING DR,393,S,N,A,-,N,NA,NA,NA,NA,NA,NA,NA,NA,NA,N,4,0,1,3,A,-,03,22350,NA,N,C,C,A,A,H,-,C,A,0,NA,NA,NA,NA,Y,Y,A,01,0,0,1,0,0,0,0,0,0,-,-,33.728721618652344,-116.39122009277344,RIVERSIDE,PALM DESERT,-116.39125061035156,33.72755432128906
81937964,2022,2022-12-09,3311,2022-11-06,2345,16303,NA,7,5,4,3311,0,0,0,NA,0,006,GENE AUTRY TRAIL,E. MESQUITE,0,NA,Y,A,-,N,NA,NA,NA,NA,NA,NA,NA,NA,NA,N,4,0,1,2,A,-,12,21453,A,F,D,G,A,A,H,-,C,A,0,NA,Y,NA,NA,Y,NA,-,99,0,0,1,0,0,0,1,0,0,-,-,NA,NA,RIVERSIDE,PALM SPRINGS,-116.49292755126952,33.8085823059082
81947657,2022,2022-12-21,3300,2022-12-17,1429,4145,602 E,6,5,6,3394,0,0,0,NA,0,MV28,PERRIS BLVD,EUCALYPTUS AVE,257,N,N,A,-,N,NA,NA,NA,NA,NA,NA,NA,NA,NA,N,3,0,1,2,A,-,08,22107,NA,N,D,C,A,A,H,-,A,A,0,NA,NA,Y,NA,Y,NA,A,01,0,1,0,0,0,0,0,0,1,-,-,33.93165969848633,-117.2261199951172,RIVERSIDE,MORENO VALLEY,-117.22628784179688,33.9324836730957
81957980,2022,2023-01-03,3300,2022-12-29,2042,4309,910Q,4,5,5,3335,0,0,0,NA,0,069,TEMECULA PKY,PECHANGA PKY,600,E,N,A,-,N,NA,NA,NA,NA,NA,NA,NA,NA,NA,Y,4,0,1,1,A,-,01,23152,A,N,E,J,A,A,H,-,C,D,0,NA,NA,NA,NA,Y,Y,A,07,0,0,1,0,0,0,0,0,0,-,-,33.47563934326172,-117.12914276123048,RIVERSIDE,TEMECULA,-117.12722778320313,33.47594451904297
81966182,2022,2023-01-12,3300,2022-11-26,0613,5132,Q2,6,5,6,3345,0,0,0,NA,0,024,VAN BUREN BL,LIMONITE AV,2100,N,N,A,-,N,NA,NA,NA,NA,NA,NA,NA,NA,NA,Y,3,0,1,1,A,-,03,22350,NA,N,E,I,A,A,H,-,B,D,0,NA,NA,NA,NA,Y,NA,A,01,0,1,0,0,0,0,0,0,0,-,-,33.974491119384766,-117.4756088256836,RIVERSIDE,JURUPA VALLEY,-117.47625732421876,33.976158142089844
81972461,2023,2023-01-20,3300,2023-01-07,1203,N6765,36M2,6,5,4,3318,0,0,0,NA,0,T36,FRED WARING DR,DEEP CANYON RD,0,NA,Y,A,-,N,NA,NA,NA,NA,NA,NA,NA,NA,NA,Y,2,0,1,1,A,-,03,22350,NA,N,E,I,A,A,B,-,A,A,0,NA,NA,Y,NA,Y,NA,C,02,1,0,0,0,0,0,0,0,1,-,-,33.728759765625,-116.36521911621094,RIVERSIDE,PALM DESERT,-116.36502838134766,33.72876739501953
81975159,2022,2023-01-24,3300,2022-11-08,2302,6034,905B,2,5,4,3307,0,0,0,NA,0,090,RAILROAD CANYON RD,CHURCH RD,1000,E,N,C,-,N,NA,NA,NA,NA,NA,NA,NA,NA,NA,N,3,0,1,1,C,-,18,NA,NA,N,E,J,A,B,B,-,C,A,0,NA,NA,NA,Y,Y,NA,-,-,0,1,0,0,0,0,0,0,0,-,-,33.66606140136719,-117.28418731689452,RIVERSIDE,LAKE ELSINORE,-117.28133392333984,33.664146423339844
81983602,2023,2023-02-01,3300,2023-01-11,1700,6161,910D,3,5,5,3335,0,0,0,NA,0,061,JEFFERSON AV,WINCHESTER RD,695,N,N,A,-,N,NA,NA,NA,NA,NA,NA,NA,NA,NA,N,4,0,1,3,A,-,09,21801,A,N,D,C,A,A,H,-,B,D,0,NA,NA,NA,NA,Y,NA,A,01,0,0,1,0,0,0,0,0,0,-,-,33.52096176147461,-117.16500091552734,RIVERSIDE,TEMECULA,-117.16646575927734,33.52241134643555
8198903,2016,2016-12-28,3300,2016-12-02,0923,N5539,905F,5,5,4,3307,0,0,0,NA,0,092,SPRINGS ST,FLINT ST,0,NA,Y,A,-,N,NA,NA,NA,NA,NA,NA,NA,NA,NA,N,4,0,1,2,A,-,10,21950,A,N,G,B,B,A,H,-,A,A,0,Y,NA,NA,NA,Y,NA,A,01,0,0,1,0,1,0,0,0,0,-,-,33.67524,-117.32618,RIVERSIDE,LAKE ELSINORE,-117.3261901,33.6754201
81990229,2023,2023-02-09,3300,2023-02-07,822,6130,910Q,2,5,5,3335,0,0,0,NA,0,069,FIRESIDE DR,WOLF CREEK DR S,0,NA,Y,A,-,N,NA,NA,NA,NA,NA,NA,NA,NA,NA,N,4,0,1,2,A,-,05,21650,1,N,D,G,A,A,H,-,A,D,0,NA,Y,NA,NA,Y,NA,L,04,0,0,1,0,0,0,1,0,0,-,-,33.45684051513672,-117.09824371337892,RIVERSIDE,TEMECULA,-117.0976104736328,33.45719528198242
8200124,2016,2017-01-20,3300,2016-12-03,1755,4776,001J,6,5,6,3345,0,0,0,NA,0,014,JURUPA RD,FELSPAR ST,528,E,N,A,-,N,NA,NA,NA,NA,NA,NA,NA,NA,NA,Y,4,0,2,2,A,-,08,22107,NA,N,A,C,A,A,H,-,C,D,0,NA,NA,NA,NA,Y,NA,D,22,0,0,2,0,0,0,0,0,0,-,-,33.9975,-117.48415,RIVERSIDE,JURUPA VALLEY,-117.48245391,33.99778938
82001972,2022,2023-02-24,3349,2022-06-09,1751,486,NA,4,5,5,3341,0,0,0,NA,0,001,SH-74,MENIFEE RD,53,E,N,A,-,N,NA,NA,NA,NA,NA,NA,NA,NA,NA,N,4,0,2,2,A,-,03,22350,NA,N,C,C,A,A,H,-,A,A,0,NA,NA,NA,NA,Y,NA,A,01,0,0,2,0,0,0,0,0,0,-,-,33.743019104003906,-117.15396881103516,RIVERSIDE,MENIFEE,NA,NA
82007412,2023,2023-03-02,3300,2023-02-26,1815,4867,602 D,7,5,6,3394,0,0,0,NA,0,MV26,HEACOCK ST,MYERS AVE,190,S,N,B,-,N,NA,NA,NA,NA,NA,NA,NA,NA,NA,Y,4,0,1,2,A,-,07,21658,A,N,B,C,A,A,H,-,C,D,0,NA,NA,NA,NA,Y,NA,A,01,0,0,1,0,0,0,0,0,0,-,-,33.93363952636719,-117.24376678466795,RIVERSIDE,MORENO VALLEY,-117.24379730224608,33.93305969238281