CASE_ID,ACCIDENT_YEAR,PROC_DATE,JURIS,COLLISION_DATE,COLLISION_TIME,OFFICER_ID,REPORTING_DISTRICT,DAY_OF_WEEK,CHP_SHIFT,POPULATION,CNTY_CITY_LOC,SPECIAL_COND,BEAT_TYPE,CHP_BEAT_TYPE,CITY_DIVISION_LAPD,CHP_BEAT_CLASS,BEAT_NUMBER,PRIMARY_RD,SECONDARY_RD,DISTANCE,DIRECTION,INTERSECTION,WEATHER_1,WEATHER_2,STATE_HWY_IND,CALTRANS_COUNTY,CALTRANS_DISTRICT,STATE_ROUTE,ROUTE_SUFFIX,POSTMILE_PREFIX,POSTMILE,LOCATION_TYPE,RAMP_INTERSECTION,SIDE_OF_HWY,TOW_AWAY,COLLISION_SEVERITY,NUMBER_KILLED,NUMBER_INJURED,PARTY_COUNT,PRIMARY_COLL_FACTOR,PCF_CODE_OF_VIOL,PCF_VIOL_CATEGORY,PCF_VIOLATION,PCF_VIOL_SUBSECTION,HIT_AND_RUN,TYPE_OF_COLLISION,MVIW,PED_ACTION,ROAD_SURFACE,ROAD_COND_1,ROAD_COND_2,LIGHTING,CONTROL_DEVICE,CHP_ROAD_TYPE,PEDESTRIAN_ACCIDENT,BICYCLE_ACCIDENT,MOTORCYCLE_ACCIDENT,TRUCK_ACCIDENT,NOT_PRIVATE_PROPERTY,ALCOHOL_INVOLVED,STWD_VEHTYPE_AT_FAULT,CHP_VEHTYPE_AT_FAULT,COUNT_SEVERE_INJ,COUNT_VISIBLE_INJ,COUNT_COMPLAINT_PAIN,COUNT_PED_KILLED,COUNT_PED_INJURED,COUNT_BICYCLIST_KILLED,COUNT_BICYCLIST_INJURED,COUNT_MC_KILLED,COUNT_MC_INJURED,PRIMARY_RAMP,SECONDARY_RAMP,LATITUDE,LONGITUDE,COUNTY,CITY,POINT_X,POINT_Y
8871903,2019,2019-06-25,3300,2019-05-16,2302,5447,002F,4,5,6,3345,0,0,0,NA,0,NA,PHILADELPHIA AV,CHARDONEY WY,160,W,N,A,-,N,NA,NA,NA,NA,NA,NA,NA,NA,NA,N,4,0,1,1,A,-,03,22350,NA,N,E,J,A,A,H,-,C,D,0,NA,NA,NA,NA,Y,NA,A,01,0,0,1,0,0,0,0,0,0,-,-,34.033599853515625,-117.51422882080078,RIVERSIDE,JURUPA VALLEY,-117.51509857177734,34.033470153808594
8877824,2019,2019-06-17,3325,2019-04-02,1821,1304,NA,2,5,4,3325,0,0,0,NA,0,002,SAN LUIS REY DR,ASISTENCIA DR,0,NA,Y,A,-,N,NA,NA,NA,NA,NA,NA,NA,NA,NA,Y,2,0,1,2,A,-,03,22350,A,N,B,C,A,A,H,-,A,D,0,NA,NA,Y,NA,Y,NA,C,02,1,0,0,0,0,0,0,0,1,-,-,NA,NA,RIVERSIDE,CATHEDRAL CITY,-116.49073791503906,33.82732009887695
8884446,2019,2019-07-02,3300,2019-04-06,1316,N6265,002C,6,5,6,3345,0,0,0,NA,0,020,VAN BUREN BL,BELLEGRAVE AV,375,N,N,A,-,N,NA,NA,NA,NA,NA,NA,NA,NA,NA,Y,4,0,1,2,A,-,03,22350,NA,N,C,C,A,A,H,-,A,A,0,NA,NA,NA,Y,Y,NA,F,26,0,0,1,0,0,0,0,0,0,-,-,34.00614929199219,-117.50273895263672,RIVERSIDE,JURUPA VALLEY,-117.5039520263672,34.006614685058594
8889856,2019,2019-12-28,3313,2019-04-29,0900,1869,2,1,5,7,3313,0,0,0,NA,0,2R25,COLUMBIA AV,IOWA AV,0,NA,Y,A,-,N,NA,NA,NA,NA,NA,NA,NA,NA,NA,N,2,0,1,2,A,-,03,22350,NA,N,D,C,A,A,H,-,A,A,0,NA,NA,Y,NA,Y,NA,C,02,1,0,0,0,0,0,0,0,1,-,-,34.0012092590332,-117.3397979736328,RIVERSIDE,RIVERSIDE,-117.33981323242188,34.00115966796875
8915070,2019,2019-08-16,3300,2019-07-27,0047,5059,603A2,6,5,6,3394,0,0,0,NA,0,032,BRODIAEA AV,FREDERICK ST,0,NA,Y,A,-,N,NA,NA,NA,NA,NA,NA,NA,NA,NA,Y,3,0,3,2,A,-,12,22450,A,F,D,D,A,A,H,-,C,A,0,NA,NA,NA,NA,Y,NA,A,01,0,3,0,0,0,0,0,0,0,-,-,33.91355895996094,-117.26116180419922,RIVERSIDE,MORENO VALLEY,-117.26113891601563,33.913639068603516
8920576,2019,2019-09-09,3313,2019-08-04,1125,1914,4,7,5,7,3313,0,0,0,NA,0,2R43,ADAMS ST,BRIARWOOD DR,20,S,N,A,-,N,NA,NA,NA,NA,NA,NA,NA,NA,NA,NA,4,0,3,2,A,-,03,22350,NA,N,C,C,A,A,H,-,A,A,0,NA,NA,NA,NA,Y,NA,D,22,0,0,3,0,0,0,0,0,0,-,-,33.92918014526367,-117.42134857177734,RIVERSIDE,RIVERSIDE,-117.42133331298828,33.92936325073242
8940259,2019,2019-10-16,3300,2019-09-15,1825,N3074,83B6,7,5,3,3305,0,0,0,NA,0,315,DATE AV,CAIRO AV,0,S,N,A,-,N,NA,NA,NA,NA,NA,NA,NA,NA,NA,N,4,0,1,2,A,-,08,22107,NA,N,B,E,A,A,H,-,B,D,0,NA,NA,NA,NA,Y,NA,-,-,0,0,1,0,0,0,0,0,0,-,-,NA,NA,RIVERSIDE,COACHELLA,-116.17733764648438,33.672828674316406
8947880,2019,2019-10-09,3308,2019-07-14,1103,10686,554,7,5,5,3308,0,0,0,NA,0,SOUTH,CAWSTON AV,THORNTON AV,0,NA,Y,A,-,N,NA,NA,NA,NA,NA,NA,NA,NA,NA,N,4,0,1,2,A,-,10,21950,A,N,G,B,B,A,H,-,A,A,0,Y,NA,NA,NA,Y,NA,A,07,0,0,1,0,1,0,0,0,0,-,-,33.72494125366211,-117.01534271240234,RIVERSIDE,HEMET,-117.01529693603516,33.725181579589844
8954129,2019,2019-10-23,3300,2019-09-12,0942,3297,011C,4,5,4,3344,0,0,0,NA,0,061,HAMNER AV,LIMONITE AV,0,NA,Y,A,-,N,NA,NA,NA,NA,NA,NA,NA,NA,NA,Y,4,0,1,2,A,-,12,21453,A,N,D,C,A,A,H,-,A,A,0,NA,NA,NA,NA,Y,NA,A,01,0,0,1,0,0,0,0,0,0,-,-,NA,NA,RIVERSIDE,EASTVALE,-117.55844116210938,33.97541046142578
8955970,2019,2019-10-18,3300,2019-08-16,2135,4900,001,5,5,6,3345,0,0,0,NA,0,012,MISSION BL,AVALON ST,30,E,N,A,-,N,NA,NA,NA,NA,NA,NA,NA,NA,NA,N,4,0,1,2,A,-,03,22350,NA,N,C,C,A,A,H,-,C,D,0,NA,NA,NA,NA,Y,NA,A,07,0,0,1,0,0,0,0,0,0,-,-,NA,NA,RIVERSIDE,JURUPA VALLEY,-117.40977478027344,33.99822998046875
8959496,2019,2019-11-04,3315,2019-10-05,1049,003187,8D,6,5,6,3315,0,0,0,NA,0,004,GREEN RIVER RD,SERFAS CLUB DR,0,NA,Y,A,-,N,NA,NA,NA,NA,NA,NA,NA,NA,NA,Y,4,0,3,2,A,-,12,21453,A,N,D,C,A,A,H,-,A,A,0,NA,NA,NA,NA,Y,NA,A,01,0,0,3,0,0,0,0,0,0,-,-,33.870059967041016,-117.6216278076172,RIVERSIDE,CORONA,-117.62152862548828,33.87009048461914
8959516,2019,2019-11-04,3315,2019-10-14,0700,001641,3E,1,5,6,3315,0,0,0,NA,0,003,FULLERTON AV,MAGNOLIA AV,20,S,N,A,-,N,NA,NA,NA,NA,NA,NA,NA,NA,NA,NA,4,0,1,2,A,-,03,22350,NA,N,C,C,A,A,H,-,A,D,0,NA,NA,NA,NA,Y,NA,A,01,0,0,1,0,0,0,0,0,0,-,-,33.86127853393555,-117.55030822753906,RIVERSIDE,CORONA,-117.55033111572266,33.86126708984375
8965877,2019,2019-11-06,3300,2019-09-14,2235,3343,002W,6,5,6,3345,0,0,0,NA,0,026,LIMONITE AV,LUCRETIA AV,0,NA,Y,A,-,N,NA,NA,NA,NA,NA,NA,NA,NA,NA,Y,2,0,3,2,A,-,09,21453,C,N,A,C,A,A,H,-,C,A,0,NA,NA,NA,NA,Y,NA,A,07,2,0,1,0,0,0,0,0,0,-,-,33.97549819946289,-117.53225708007813,RIVERSIDE,JURUPA VALLEY,-117.53212738037108,33.97528076171875
8977895,2019,2019-12-03,3300,2019-11-04,1000,N6906,36Q2,1,5,4,3318,0,0,0,NA,0,T36,MONTEREY AV,SAN GORGONIO WY/ HAHN RD,0,NA,Y,A,-,N,NA,NA,NA,NA,NA,NA,NA,NA,NA,Y,3,0,1,2,A,-,12,21453,A,N,D,C,A,A,H,-,A,A,0,NA,NA,NA,NA,Y,NA,A,07,0,1,0,0,0,0,0,0,0,-,-,NA,NA,RIVERSIDE,PALM DESERT,NA,NA
8983925,2019,2019-12-23,3301,2019-02-14,0002,U469,2,4,5,4,3301,0,0,0,NA,0,002,W RAMSEY,ROBERGE AV,0,NA,Y,C,-,N,NA,NA,NA,NA,NA,NA,NA,NA,NA,Y,4,0,1,1,A,-,01,23152,A,N,E,I,A,B,H,-,C,D,0,NA,NA,NA,NA,Y,Y,A,01,0,0,1,0,0,0,0,0,0,-,-,33.925209045410156,-116.89932250976563,RIVERSIDE,BANNING,-116.89897918701172,33.925479888916016
8984334,2019,2020-02-11,3300,2019-10-15,1325,4254,905K,2,5,4,3307,0,0,0,NA,0,094,COLLIER AV,RIVERSIDE DR,0,S,N,A,-,Y,RIV,8,74,-,R,15.66,I,6,E,Y,4,0,3,4,A,-,03,22350,NA,N,C,C,A,A,H,-,A,A,0,NA,NA,NA,NA,Y,NA,A,07,0,0,3,0,0,0,0,0,0,-,-,NA,NA,RIVERSIDE,LAKE ELSINORE,-117.34622955322266,33.695106506347656
8992170,2019,2020-06-17,3300,2019-11-20,1708,N6426,910F,3,5,5,3335,0,0,0,NA,0,062,WINCHESTER RD,RT 15,92,W,N,C,-,Y,RIV,8,15,-,-,6.477,R,4,N,NA,4,0,1,2,A,-,03,22350,NA,N,C,C,A,B,H,-,B,A,0,NA,NA,NA,NA,Y,NA,A,01,0,0,1,0,0,0,0,0,0,-,NF,NA,NA,RIVERSIDE,TEMECULA,-117.16162109375,33.52082824707031
90019254,2015,2015-10-19,9840,2015-09-12,2055,019242,NA,6,2,9,3300,0,3,5,NA,2,002,PACIFIC AVENUE,MOUND STREET,100,S,N,A,-,N,NA,NA,NA,NA,NA,NA,NA,NA,NA,Y,3,0,1,1,A,-,01,23152,A,N,E,I,A,A,H,-,C,D,0,NA,NA,NA,NA,Y,Y,D,22,0,1,0,0,0,0,0,0,0,-,-,34.01798,-117.33682,RIVERSIDE,UNINCORPORATED,-117.33682629,34.0178957
90029338,2015,2015-10-19,9655,2015-10-02,0713,019393,NA,5,1,9,3300,0,2,4,NA,2,322,W/B STETSON AVENUE,MERIDIAN ST,0,NA,Y,A,-,N,NA,NA,NA,NA,NA,NA,NA,NA,NA,N,3,0,1,2,A,-,03,22350,NA,N,C,C,A,A,H,-,A,D,0,NA,NA,Y,NA,Y,NA,C,02,0,1,0,0,0,0,0,0,1,-,-,33.72959,-116.9279,RIVERSIDE,UNINCORPORATED,-116.92814,33.72958
90038432,2015,2015-10-26,9630,2015-10-18,1935,019409,NA,7,2,9,3300,0,3,5,NA,2,002,42ND AVENUE (W/B),FRONT HALL RD,90,E,N,A,-,N,NA,NA,NA,NA,NA,NA,NA,NA,NA,Y,3,0,1,2,A,-,01,23152,A,N,C,E,A,A,H,-,D,D,0,NA,NA,NA,NA,Y,Y,A,01,0,1,0,0,0,0,0,0,0,-,-,33.7438,-116.2921,RIVERSIDE,UNINCORPORATED,-116.29221526,33.74377282
90053365,2015,2015-11-18,9655,2015-11-10,0100,013641,NA,2,3,9,3300,0,1,3,NA,1,115,SR-243,ALPINE WAY,528,S,N,C,-,Y,NA,NA,243,NA,NA,NA,NA,NA,NA,Y,3,0,1,1,A,-,03,22350,NA,N,E,I,A,B,H,-,D,D,0,NA,NA,NA,NA,Y,NA,A,01,0,1,0,0,0,0,0,0,0,-,-,33.74874,-116.73759,RIVERSIDE,UNINCORPORATED,-116.7375974,33.74874795
90056487,2015,2015-11-20,9840,2015-11-06,1605,017817,NA,5,2,6,3345,0,1,3,NA,2,010,SR-60 E/B,PEDLEY RD.,1200,E,N,A,-,Y,NA,NA,60,NA,NA,NA,NA,NA,E,Y,4,0,1,2,A,-,07,21658,A,N,C,C,A,A,H,-,A,D,0,NA,NA,Y,NA,Y,NA,D,22,0,0,1,0,0,0,0,0,1,-,-,34.01753,-117.47169,RIVERSIDE,JURUPA VALLEY,-117.47167851,34.01759893
90062194,2015,2015-11-30,9655,2015-11-17,0555,014583,NA,2,3,9,3300,0,3,5,NA,2,002,GILMAN SPRINGS RD,JACK RABBIT TRL,2640,W,N,A,-,N,NA,NA,NA,NA,NA,NA,NA,NA,NA,Y,4,0,1,2,A,-,05,21460,A,N,B,C,A,A,H,-,B,D,0,NA,NA,NA,NA,Y,NA,-,-,0,0,1,0,0,0,0,0,0,-,-,33.89606,-117.08193,RIVERSIDE,UNINCORPORATED,-117.07882943,33.89196295
90097524,2015,2016-01-19,9840,2015-12-10,0415,019527,NA,4,3,7,3313,0,1,1,NA,2,023,I-215 N/B,UNIVERSITY AVE,900,S,N,A,-,Y,NA,NA,215,NA,NA,NA,NA,NA,N,Y,4,0,3,4,A,-,03,22350,NA,N,C,C,A,A,H,-,C,D,0,NA,NA,NA,NA,Y,NA,A,08,0,0,3,0,0,0,0,0,0,-,-,33.97399,-117.33336,RIVERSIDE,RIVERSIDE,-117.33337566,33.97397473
9010503,2019,2020-01-03,3300,2019-11-06,0940,4415,916D,3,5,4,3312,0,0,0,NA,0,035,PARK AV,10TH ST,0,NA,Y,A,-,N,NA,NA,NA,NA,NA,NA,NA,NA,NA,N,4,0,1,2,A,-,06,21750,NA,F,B,C,A,A,H,-,A,D,0,NA,NA,NA,NA,Y,NA,A,01,0,0,1,0,0,0,0,0,0,-,-,NA,NA,RIVERSIDE,PERRIS,-117.23690032958984,33.77663040161133
9011157,2019,2020-02-14,3300,2019-12-20,1122,3500,63,5,5,5,3335,0,0,0,NA,0,910C,MURRIETA HOT SPRINGS RD,BUTTERFIELD STAGE RD,300,W,N,A,-,N,NA,NA,NA,NA,NA,NA,NA,NA,NA,N,4,0,1,2,A,-,07,21658,A,N,B,G,A,A,H,-,A,D,0,NA,Y,NA,NA,Y,NA,L,04,0,0,1,0,0,0,1,0,0,-,-,33.551841735839844,-117.09744262695313,RIVERSIDE,TEMECULA,-117.0984344482422,33.551788330078125
90115022,2016,2016-02-15,9655,2016-02-05,1416,019796,NA,5,2,9,3300,0,3,5,NA,2,003,SR-74 W/B,STRAWBERRY CREEK,4224,W,N,A,-,Y,NA,NA,74,NA,NA,NA,NA,NA,W,Y,3,0,2,1,A,-,08,22107,NA,N,E,I,A,A,H,-,A,D,0,NA,NA,NA,NA,Y,NA,A,01,0,2,0,0,0,0,0,0,0,-,-,33.71221,-116.77953,RIVERSIDE,UNINCORPORATED,-116.77950916,33.71224548
90124028,2016,2016-02-25,9685,2016-02-21,2130,015757,NA,7,2,9,3300,0,1,3,NA,1,039,SR-79,ANZA RD,925,N,N,A,-,Y,NA,NA,79,NA,NA,NA,NA,NA,NA,Y,3,0,2,2,A,-,08,22107,NA,N,B,C,A,A,H,-,D,D,0,NA,NA,NA,NA,Y,NA,A,01,0,2,0,0,0,0,0,0,0,-,-,33.49108,-117.05768,RIVERSIDE,UNINCORPORATED,-117.05769443,33.49103644
9012572,2019,2020-01-03,3300,2019-11-12,0310,5346,002I,2,5,6,3345,0,0,0,NA,0,022,MISSION BL,WINEVILLE RD,0,NA,Y,A,-,N,NA,NA,NA,NA,NA,NA,NA,NA,NA,Y,3,0,2,2,A,-,12,21453,A,N,D,C,A,A,H,-,B,A,0,NA,NA,NA,NA,Y,NA,A,01,0,1,1,0,0,0,0,0,0,-,-,34.024139404296875,-117.54052734375,RIVERSIDE,JURUPA VALLEY,-117.54184722900392,34.024749755859375
90128825,2016,2016-03-03,9840,2016-02-26,1643,019719,NA,5,2,6,3315,0,1,3,NA,2,030,SR-91 W/B,GREEN RIVER ROAD,2000,E,N,A,-,Y,NA,NA,91,NA,NA,NA,NA,NA,W,N,4,0,1,3,A,-,03,22350,NA,N,C,C,A,A,H,-,A,D,0,NA,NA,NA,NA,Y,NA,A,07,0,0,1,0,0,0,0,0,0,-,-,33.88087,-117.65187,RIVERSIDE,CORONA,-117.65189152,33.88095729
90137097,2016,2016-03-15,9840,2016-03-06,1505,019361,NA,7,2,6,3394,0,1,3,NA,2,025,SR-60 W/B,PERRIS BOULEVARD,1500,W,N,A,-,Y,NA,NA,60,NA,NA,NA,NA,NA,W,Y,2,0,2,1,A,-,08,22107,NA,N,E,I,A,A,H,-,A,D,0,NA,NA,NA,NA,Y,NA,A,01,1,1,0,0,0,0,0,0,0,-,-,33.94093,-117.23115,RIVERSIDE,MORENO VALLEY,-117.2311667,33.94086424
9013991,2019,2020-01-15,3313,2019-07-12,1830,N5418,2,5,5,7,3313,0,0,0,NA,0,U87,MARTIN LUTHER KING BL,CANYON CREST DR,0,NA,Y,A,-,N,NA,NA,NA,NA,NA,NA,NA,NA,NA,NA,4,0,1,2,A,-,03,22350,NA,M,C,C,A,A,H,-,A,A,0,NA,NA,NA,NA,Y,NA,-,NA,0,0,1,0,0,0,0,0,0,-,-,33.9682502746582,-117.33103942871094,RIVERSIDE,RIVERSIDE,-117.33113861083984,33.96818161010742
9015412,2019,2020-02-18,3313,2019-12-10,0736,1222,2,2,5,7,3313,0,0,0,NA,0,M36,LINDEN ST,CHICAGO AV,171,E,N,A,-,N,NA,NA,NA,NA,NA,NA,NA,NA,NA,NA,4,0,1,2,A,-,03,22350,NA,N,C,C,A,A,H,-,A,A,0,NA,NA,NA,NA,Y,NA,A,08,0,0,1,0,0,0,0,0,0,-,-,33.977840423583984,-117.34812927246094,RIVERSIDE,RIVERSIDE,-117.34793090820313,33.97935104370117
90154541,2016,2016-04-11,9630,2016-04-07,0117,020645,NA,4,3,9,3300,0,1,3,NA,2,111,SR-111,JOHNSON ST,528,S,N,A,-,Y,NA,NA,111,NA,NA,NA,NA,NA,NA,Y,3,0,1,1,A,-,01,23152,A,N,F,A,A,A,H,-,D,D,0,NA,NA,NA,NA,Y,Y,A,07,0,1,0,0,0,0,0,0,0,-,-,33.55256,-116.05846,RIVERSIDE,UNINCORPORATED,-116.05844196,33.55259989
90165661,2016,2016-04-26,9630,2016-04-17,0825,013022,NA,7,1,9,3300,0,3,5,NA,2,003,RAGSDALE RD,S.R. 177,9504,W,N,A,-,N,NA,NA,NA,NA,NA,NA,NA,NA,NA,Y,4,0,1,1,A,-,08,22107,NA,N,E,J,A,A,D,-,A,A,0,NA,NA,NA,NA,Y,NA,A,07,0,0,1,0,0,0,0,0,0,-,-,33.70708,-115.4321,RIVERSIDE,UNINCORPORATED,NA,NA
9017188,2020,2020-03-10,3313,2020-01-12,1255,1519,5,7,5,7,3313,0,0,0,NA,0,2R49,WELLS AV,MITCHELL AV,0,NA,Y,A,-,N,NA,NA,NA,NA,NA,NA,NA,NA,NA,N,4,0,2,2,A,-,09,21800,C,N,D,D,A,A,H,-,A,A,0,NA,NA,NA,NA,Y,NA,A,07,0,0,2,0,0,0,0,0,0,-,-,33.920379638671875,-117.4838409423828,RIVERSIDE,RIVERSIDE,-117.48391723632813,33.92055892944336
90187247,2016,2016-05-25,9840,2016-05-02,0645,017037,NA,1,1,6,3345,0,1,3,NA,2,010,SR-60 W/B,ETIWANDA AVE.,2900,E,N,B,-,Y,NA,NA,NA,NA,NA,NA,NA,NA,NA,Y,3,0,1,1,A,-,03,22350,NA,N,F,A,A,A,H,-,A,D,0,NA,NA,Y,NA,Y,NA,C,02,0,1,0,0,0,0,0,0,1,-,-,33.01879,-117.51464,RIVERSIDE,JURUPA VALLEY,-117.51496641,34.01870042
90190878,2016,2016-05-31,9840,2016-05-12,2305,019017,NA,4,3,6,3315,0,1,3,NA,2,031,SR-91 W/B,W. GRAND BLVD,150,E,N,A,-,Y,NA,NA,91,NA,NA,NA,NA,NA,W,Y,3,0,1,2,A,-,03,22350,NA,N,C,C,A,A,D,-,C,D,0,NA,NA,NA,Y,Y,NA,A,01,0,1,0,0,0,0,0,0,0,-,-,33.88047,-117.57021,RIVERSIDE,CORONA,-117.57019811,33.88060071
90192426,2016,2016-06-01,9840,2016-05-24,1115,017037,NA,2,1,7,3313,0,1,1,NA,2,023,I-215 N/B,UNIVERSITY AVE,100,N,N,A,-,Y,NA,NA,215,NA,NA,NA,NA,NA,N,Y,3,0,1,2,A,-,07,21658,A,N,B,C,A,A,H,-,A,D,0,NA,NA,NA,NA,Y,NA,A,01,0,1,0,0,0,0,0,0,0,-,-,33.97667,-117.33567,RIVERSIDE,RIVERSIDE,-117.33597216,33.97638207
90205258,2016,2016-06-20,9630,2016-06-11,0204,020840,NA,6,3,9,3300,0,3,5,NA,2,002,MOUNTAIN VIEW RD,20TH AVE,1056,S,N,A,-,N,NA,NA,NA,NA,NA,NA,NA,NA,NA,Y,3,0,1,1,A,-,01,23152,F,N,F,A,A,A,H,-,D,A,0,NA,NA,NA,NA,Y,Y,A,01,0,1,0,0,0,0,0,0,0,-,-,33.90123,-116.47551,RIVERSIDE,UNINCORPORATED,-116.47549856,33.90124011
90207612,2016,2016-06-22,9840,2016-05-31,2025,015744,NA,2,2,7,3313,0,1,3,NA,2,025,SR-60 W/B,DAY ST,3000,W,N,A,-,Y,NA,NA,60,NA,NA,NA,NA,NA,W,N,4,0,2,2,A,-,03,22350,NA,N,C,C,A,A,H,-,C,D,0,NA,NA,NA,NA,Y,NA,A,07,0,0,2,0,0,0,0,0,0,-,-,33.94462,-117.28981,RIVERSIDE,RIVERSIDE,-117.28981391,33.94459387
90207711,2016,2016-06-22,9630,2016-06-10,0402,019807,NA,5,3,4,3325,0,1,1,NA,2,020,I-10 W/B,DATE PALM DR,2112,W,N,A,-,Y,NA,NA,10,NA,NA,NA,NA,NA,W,Y,3,0,1,2,A,-,03,22350,NA,N,C,C,A,A,H,-,D,D,0,NA,NA,NA,Y,Y,NA,A,01,0,1,0,0,0,0,0,0,0,-,-,33.8532,-116.46459,RIVERSIDE,CATHEDRAL CITY,-116.46459325,33.8531945
90211863,2016,2016-06-29,9655,2016-06-22,0512,017582,NA,3,3,4,3301,0,1,1,NA,2,204,I-10 E/B,8TH STREET,1521,E,N,A,-,Y,NA,NA,10,NA,NA,NA,NA,NA,E,Y,3,0,1,2,A,-,03,22350,NA,N,C,C,A,A,H,-,B,D,0,NA,NA,Y,NA,Y,NA,C,02,0,1,0,0,0,0,0,0,1,-,-,33.92429,-116.88046,RIVERSIDE,BANNING,-116.88045956,33.92415033
90231836,2016,2016-07-27,9840,2016-06-29,1930,018949,NA,3,2,6,3315,0,1,3,NA,2,030,SR-91 E/B,SR-71,500,W,N,A,-,Y,NA,NA,91,NA,NA,NA,NA,NA,E,N,4,0,1,2,A,-,03,22350,NA,N,C,C,A,A,H,-,A,D,0,NA,NA,NA,NA,Y,NA,A,01,0,0,1,0,0,0,0,0,0,-,-,33.88258,-117.64374,RIVERSIDE,CORONA,-117.6437561,33.88264703
9023611,2019,2020-02-15,3313,2019-11-13,1139,1961,5,3,5,7,3313,0,0,0,NA,0,T78,GARFIELD ST,VAN BUREN BL,23,E,N,A,-,N,NA,NA,NA,NA,NA,NA,NA,NA,NA,NA,4,0,1,2,A,-,12,21453,A,N,D,C,A,A,H,-,A,A,0,NA,NA,NA,NA,Y,NA,-,-,0,0,1,0,0,0,0,0,0,-,-,NA,NA,RIVERSIDE,RIVERSIDE,-117.4490966796875,33.92353439331055
90243540,2016,2016-08-12,9840,2016-08-08,1220,017441,NA,1,1,7,3313,0,1,3,NA,2,025,SR-60 W/B,DAY ST.,50,W,N,A,-,Y,NA,NA,60,NA,NA,NA,NA,NA,W,Y,3,0,2,3,A,-,03,22350,NA,N,C,C,A,A,H,-,A,D,0,NA,NA,NA,NA,Y,NA,D,22,0,1,1,0,0,0,0,0,0,-,-,33.94275,-117.27934,RIVERSIDE,RIVERSIDE,-117.27933332,33.94279163
90244607,2016,2016-08-15,9685,2016-08-03,1720,016381,NA,3,2,9,3300,0,3,5,NA,2,003,SCOTT RD,PATITA LN,200,W,N,A,-,N,NA,NA,NA,NA,NA,NA,NA,NA,NA,Y,4,0,2,2,A,-,03,22350,NA,N,C,C,A,A,H,-,A,D,0,NA,NA,NA,NA,Y,NA,D,22,0,0,2,0,0,0,0,0,0,-,-,33.64174,-117.10523,RIVERSIDE,UNINCORPORATED,-117.10434494,33.64169722
9024818,2019,2020-03-18,3300,2019-12-25,0909,N5541,20H1,3,5,4,3318,0,0,0,NA,0,030,PORTOLA AV,RT 111,25,N,N,A,-,N,NA,NA,NA,NA,NA,NA,NA,NA,NA,Y,4,0,4,2,A,-,00,21547,A,N,D,C,A,A,H,-,A,B,0,NA,NA,NA,NA,Y,NA,D,22,0,0,4,0,0,0,0,0,0,-,-,NA,NA,RIVERSIDE,PALM DESERT,-116.37374877929688,33.72140884399414
90260367,2016,2016-09-05,9840,2016-08-25,1821,018727,NA,4,2,9,3300,0,1,1,NA,2,022,I-215 N/B,CENTER ST.,350,S,N,A,-,Y,NA,NA,NA,NA,NA,NA,NA,NA,NA,Y,3,0,1,2,A,-,07,21658,A,N,F,A,A,A,H,-,A,D,0,NA,NA,Y,NA,Y,NA,A,01,0,1,0,0,0,0,0,0,1,-,-,34.00799,-117.20633,RIVERSIDE,UNINCORPORATED,-117.34299554,34.01457169
90282035,2016,2016-10-03,9840,2016-09-22,2315,020535,NA,4,3,6,3394,0,1,3,NA,2,025,SR-60 EASTBOUND,PERRIS BLVD,1700,W,N,A,-,Y,NA,NA,60,NA,NA,NA,NA,NA,E,Y,3,0,1,2,A,-,07,21658,A,N,B,C,A,A,D,-,C,D,0,NA,NA,NA,NA,Y,NA,A,01,0,1,0,0,0,0,0,0,0,-,-,33.94067,-117.23118,RIVERSIDE,MORENO VALLEY,-117.23118144,33.94066203
90283605,2016,2016-10-04,9685,2016-10-01,1535,016096,NA,6,2,9,3300,0,1,3,NA,1,012,SR-74,ELLIS AVE,80,E,N,A,-,Y,NA,NA,74,NA,NA,NA,NA,NA,NA,Y,4,0,1,2,A,-,03,22350,NA,N,C,C,A,A,H,-,A,A,0,NA,NA,NA,NA,Y,NA,A,01,0,0,1,0,0,0,0,0,0,-,-,33.77205,-117.2507,RIVERSIDE,UNINCORPORATED,-117.25069852,33.77204823
90284640,2016,2016-10-05,9685,2016-10-02,1700,015757,NA,7,2,5,3335,0,1,1,NA,2,030,I-15 N/B (TEMECULA VALLEY FWY),TEMECULA PARKWAY,1584,S,N,A,-,Y,NA,NA,15,NA,NA,NA,NA,NA,N,Y,4,0,1,2,A,-,08,22107,NA,N,D,C,A,A,H,-,A,D,0,NA,NA,NA,NA,Y,NA,A,01,0,0,1,0,0,0,0,0,0,-,-,33.47626,-117.13963,RIVERSIDE,TEMECULA,-117.13898479,33.47649965
90288451,2016,2016-10-10,9840,2016-10-07,0915,015705,NA,5,1,7,3313,0,1,3,NA,2,010,SR-60 E/B,MARKET ST,1056,E,N,A,-,Y,NA,NA,60,NA,NA,NA,NA,NA,E,Y,4,0,1,2,A,-,03,22350,NA,N,C,C,A,A,H,-,A,D,0,NA,NA,NA,NA,Y,NA,A,01,0,0,1,0,0,0,0,0,0,-,-,33.99923,-117.37173,RIVERSIDE,RIVERSIDE,-117.37173018,33.99922958
90292675,2016,2016-10-17,9655,2016-10-11,1645,015892,NA,2,2,9,3300,0,1,3,NA,1,115,STATE ROUTE 243,SAUNDERS MEADOW ROAD,180,N,N,A,-,Y,NA,NA,243,NA,NA,NA,NA,NA,NA,N,2,0,1,2,A,-,08,22107,NA,N,B,C,A,A,H,-,A,D,0,NA,NA,Y,NA,Y,NA,C,02,1,0,0,0,0,0,0,0,1,-,-,33.72848,-116.71992,RIVERSIDE,UNINCORPORATED,-116.71992273,33.72848319