CASE_ID,ACCIDENT_YEAR,PROC_DATE,JURIS,COLLISION_DATE,COLLISION_TIME,OFFICER_ID,REPORTING_DISTRICT,DAY_OF_WEEK,CHP_SHIFT,POPULATION,CNTY_CITY_LOC,SPECIAL_COND,BEAT_TYPE,CHP_BEAT_TYPE,CITY_DIVISION_LAPD,CHP_BEAT_CLASS,BEAT_NUMBER,PRIMARY_RD,SECONDARY_RD,DISTANCE,DIRECTION,INTERSECTION,WEATHER_1,WEATHER_2,STATE_HWY_IND,CALTRANS_COUNTY,CALTRANS_DISTRICT,STATE_ROUTE,ROUTE_SUFFIX,POSTMILE_PREFIX,POSTMILE,LOCATION_TYPE,RAMP_INTERSECTION,SIDE_OF_HWY,TOW_AWAY,COLLISION_SEVERITY,NUMBER_KILLED,NUMBER_INJURED,PARTY_COUNT,PRIMARY_COLL_FACTOR,PCF_CODE_OF_VIOL,PCF_VIOL_CATEGORY,PCF_VIOLATION,PCF_VIOL_SUBSECTION,HIT_AND_RUN,TYPE_OF_COLLISION,MVIW,PED_ACTION,ROAD_SURFACE,ROAD_COND_1,ROAD_COND_2,LIGHTING,CONTROL_DEVICE,CHP_ROAD_TYPE,PEDESTRIAN_ACCIDENT,BICYCLE_ACCIDENT,MOTORCYCLE_ACCIDENT,TRUCK_ACCIDENT,NOT_PRIVATE_PROPERTY,ALCOHOL_INVOLVED,STWD_VEHTYPE_AT_FAULT,CHP_VEHTYPE_AT_FAULT,COUNT_SEVERE_INJ,COUNT_VISIBLE_INJ,COUNT_COMPLAINT_PAIN,COUNT_PED_KILLED,COUNT_PED_INJURED,COUNT_BICYCLIST_KILLED,COUNT_BICYCLIST_INJURED,COUNT_MC_KILLED,COUNT_MC_INJURED,PRIMARY_RAMP,SECONDARY_RAMP,LATITUDE,LONGITUDE,COUNTY,CITY,POINT_X,POINT_Y
6587473,2014,2016-05-12,9840,2014-08-01,0820,17169,NA,5,1,6,3315,0,1,3,NA,2,030,RT 91,GREEN RIVER RD,1056,W,N,A,-,Y,RIV,8,91,-,-,0.83,H,-,W,N,4,0,1,2,A,-,03,22350,NA,N,C,C,A,A,H,-,A,D,1,NA,NA,NA,NA,Y,NA,A,01,0,0,1,0,0,0,0,0,0,-,-,33.86981,-117.68218,RIVERSIDE,CORONA,-117.65852609,33.87817462
6589309,2014,2016-05-06,9840,2014-08-07,1633,17546,NA,4,2,7,3313,0,1,1,NA,2,231,RT 215,MARTIN LUTHER KING BL,650,S,N,A,-,Y,RIV,8,215,-,-,40.74,H,-,S,Y,4,0,1,2,A,-,03,22350,NA,N,C,C,A,A,H,-,A,D,1,NA,NA,Y,NA,Y,NA,C,02,0,0,1,0,0,0,0,0,1,-,-,33.96619,-117.32698,RIVERSIDE,RIVERSIDE,-117.32747805,33.96688979
6594620,2014,2014-09-05,3300,2014-07-30,1736,3536,602D1,3,5,6,3394,0,0,0,NA,0,MV24,SUNNYMEAD BL,PERRIS BL,175,W,N,A,-,N,NA,NA,NA,NA,NA,NA,NA,NA,NA,N,4,0,1,2,A,-,03,22350,NA,N,C,C,A,A,H,-,-,A,0,NA,NA,Y,NA,Y,NA,A,01,0,0,1,0,0,0,0,0,1,-,-,NA,NA,RIVERSIDE,MORENO VALLEY,-117.22695505,33.93911025
6597080,2014,2016-05-31,9655,2014-08-04,1749,17000,NA,1,2,3,3302,0,1,1,NA,2,202,RT 10,PENNSYLVANIA AV,1056,E,N,A,-,Y,RIV,8,10,-,-,8.42,H,-,E,Y,3,0,2,3,A,-,03,22350,NA,N,C,C,A,A,H,-,A,D,1,NA,NA,NA,NA,Y,NA,D,22,0,1,1,0,0,0,0,0,0,FR,-,33.92697,-116.96234,RIVERSIDE,BEAUMONT,-116.96245201,33.92712287
6600137,2014,2014-09-22,3313,2014-08-23,1206,1773,WEST,6,5,7,3313,0,0,0,NA,0,B415,MAGNOLIA AV,PIERCE ST,55,W,N,A,-,N,NA,NA,NA,NA,NA,NA,NA,NA,NA,N,4,0,5,3,A,-,03,22350,NA,N,C,C,A,A,H,-,A,A,0,NA,NA,NA,NA,Y,NA,D,22,0,0,5,0,0,0,0,0,0,-,-,NA,NA,RIVERSIDE,RIVERSIDE,-117.49127942,33.89504522
6601464,2014,2016-04-30,9685,2014-08-18,0550,015757,NA,1,3,5,3335,0,1,1,NA,2,030,RT 15,TEMECULA PKWY,792,S,N,A,-,Y,RIV,8,15,-,-,3.27,H,-,S,Y,2,0,1,2,A,-,03,22350,NA,N,C,C,A,A,H,-,A,D,1,NA,NA,Y,NA,Y,NA,C,02,1,0,0,0,0,0,0,0,1,-,-,33.47798,-117.13994,RIVERSIDE,TEMECULA,-117.1402075,33.47862279
6611684,2014,2016-04-30,9840,2014-09-03,1902,017481,NA,3,2,7,3313,0,1,3,NA,2,021,RT 91,14TH ST,50,W,N,A,-,Y,RIV,8,91,-,-,19.99,H,-,W,Y,4,0,1,2,A,-,07,21658,A,N,B,C,A,A,H,-,C,D,1,NA,NA,NA,NA,Y,NA,A,01,0,0,1,0,0,0,0,0,0,-,-,NA,NA,RIVERSIDE,RIVERSIDE,-117.37340297,33.97365648
6620785,2014,2016-05-31,9655,2014-08-31,1620,017106,NA,7,2,3,3302,0,1,1,NA,2,202,RT 10,BEAUMONT AV,285,W,N,A,-,Y,RIV,8,10,-,-,7.52,H,-,W,Y,3,0,2,1,A,-,08,22107,NA,N,F,A,A,A,H,-,A,D,1,NA,NA,NA,NA,Y,NA,A,01,0,2,0,0,0,0,0,0,0,-,-,33.98499,-116.87648,RIVERSIDE,BEAUMONT,-116.9781004,33.92711715
6623143,2014,2014-09-23,3300,2014-08-19,1243,2403,920E,2,5,4,3314,0,0,0,NA,0,072,7TH ST,PICO AV,305,W,N,A,-,N,NA,NA,NA,NA,NA,NA,NA,NA,NA,N,4,0,2,2,A,-,08,22100,A,N,D,C,A,A,H,-,A,D,0,NA,NA,NA,NA,Y,NA,A,08,0,0,2,0,0,0,0,0,0,-,-,NA,NA,RIVERSIDE,SAN JACINTO,-116.96099016,33.78024
6631034,2014,2014-11-06,3300,2014-09-01,1935,4571,602E3,1,5,6,3394,0,0,0,NA,0,028,BAY ST,MANGOWOOD DR,70,E,N,A,-,N,NA,NA,NA,NA,NA,NA,NA,NA,NA,Y,4,0,1,2,A,-,08,22107,NA,N,C,E,A,A,H,-,C,D,0,NA,NA,NA,NA,Y,NA,A,07,0,0,1,0,0,0,0,0,0,-,-,NA,NA,RIVERSIDE,MORENO VALLEY,-117.21371,33.92094193
6632274,2014,2014-10-03,3308,2014-09-16,1156,4189,524,2,5,5,3308,0,0,0,NA,0,1156,CAWSTON AV,FLORIDA AV,260,N,N,A,-,N,NA,NA,NA,NA,NA,NA,NA,NA,NA,Y,3,0,4,2,A,-,09,21804,A,N,A,C,A,A,H,-,A,A,0,NA,NA,NA,NA,Y,NA,A,01,0,1,3,0,0,0,0,0,0,-,-,NA,NA,RIVERSIDE,HEMET,-117.01539182,33.74589413
6638356,2014,2014-10-13,3313,2014-09-22,1522,1571,WST,1,5,7,3313,0,0,0,NA,0,T45,SPAULDING RD,FERGUSON CT,18,W,N,A,-,N,NA,NA,NA,NA,NA,NA,NA,NA,NA,Y,4,0,2,2,A,-,09,21804,A,N,C,C,A,A,H,-,A,A,0,NA,NA,NA,NA,Y,NA,A,01,0,0,2,0,0,0,0,0,0,-,-,NA,NA,RIVERSIDE,RIVERSIDE,-117.48136887,33.90871221
6644955,2014,2014-10-10,3313,2014-09-07,2211,1772,W,7,5,7,3313,0,0,0,NA,0,C410,LA SIERRA AV,GRAMERCY PL,7,S,N,A,-,N,NA,NA,NA,NA,NA,NA,NA,NA,NA,N,4,0,1,2,A,-,05,21650,1,N,D,G,A,A,H,-,C,A,0,NA,Y,NA,NA,Y,NA,L,04,0,0,1,0,0,0,1,0,0,-,-,NA,NA,RIVERSIDE,RIVERSIDE,-117.49346081,33.92735241
6650595,2014,2014-10-15,3300,2014-08-20,1435,N4187,901B,3,5,4,3310,0,0,0,NA,0,050,HAMNER AV,TOWN AND COUNTRY DR,76,S,N,A,-,N,NA,NA,NA,NA,NA,NA,NA,NA,NA,N,4,0,2,2,A,-,03,22350,NA,N,C,C,A,A,H,-,A,D,0,NA,NA,NA,NA,Y,NA,D,22,0,0,2,0,0,0,0,0,0,-,-,33.9275,-117.5583,RIVERSIDE,NORCO,-117.55830235,33.92784348
6651265,2014,2014-10-31,3301,2014-07-12,1517,U427,1,6,5,4,3301,0,0,0,NA,0,001,RAMSEY ST,COB POWER POLE 2933,211,W,N,A,-,N,NA,NA,NA,NA,NA,NA,NA,NA,NA,Y,3,0,1,1,A,-,-,NA,NA,N,E,I,A,A,H,-,A,D,0,NA,NA,NA,NA,Y,NA,A,01,0,1,0,0,0,0,0,0,0,-,-,NA,NA,RIVERSIDE,BANNING,NA,NA
6657896,2014,2014-12-12,9685,2014-10-10,1945,12752,NA,5,2,5,3335,0,1,1,NA,2,030,15TH AV,RANCHO CALIFORNIA RD,4224,N,N,A,-,Y,NA,NA,NA,NA,NA,NA,NA,NA,NA,Y,4,0,1,2,A,-,03,22350,NA,N,C,C,A,A,H,-,D,D,0,NA,NA,NA,NA,Y,NA,D,22,0,0,1,0,0,0,0,0,0,-,-,NA,NA,RIVERSIDE,TEMECULA,-117.15649458,33.51150249
6664549,2014,2016-04-29,3311,2014-09-26,1538,15060,NA,5,5,4,3311,0,0,0,NA,0,006,GENE AUTRY TR,EAST PALM CANYON DR,0,NA,Y,A,-,Y,RIV,8,111,-,T,47.8,H,-,S,Y,3,0,6,3,A,-,03,22350,NA,N,C,C,A,A,H,-,A,A,0,NA,NA,NA,NA,Y,NA,A,01,0,1,5,0,0,0,0,0,0,-,-,NA,NA,RIVERSIDE,PALM SPRINGS,-116.49501505,33.79332082
6674445,2014,2015-02-10,9840,2014-10-21,1256,12608,NA,2,1,6,3345,0,1,3,NA,2,010,RT 60,PACIFIC AV,1426,W,N,A,-,Y,NA,NA,60,NA,NA,NA,NA,NA,NA,N,4,0,1,2,A,-,03,22350,NA,N,C,C,A,A,D,-,A,D,0,NA,NA,NA,NA,Y,NA,A,01,0,0,1,0,0,0,0,0,0,-,-,34.00817,-117.42437,RIVERSIDE,JURUPA VALLEY,-117.42420261,34.00870338
6674975,2014,2014-12-10,9685,2014-10-27,0510,015757,NA,1,3,9,3300,0,1,3,NA,1,012,RT 74,GREENWALD AV,1056,W,N,A,-,Y,NA,NA,NA,NA,NA,NA,NA,NA,NA,Y,4,0,1,2,A,-,03,22350,NA,N,C,C,A,A,H,-,D,D,0,NA,NA,NA,NA,Y,NA,D,22,0,0,1,0,0,0,0,0,0,-,-,NA,NA,RIVERSIDE,UNINCORPORATED,-117.2939487,33.72226557
6678039,2015,2016-08-19,3300,2015-03-12,0109,4430,NA,4,5,3,3317,0,0,0,NA,0,S20,RT 111,PAXTON DR,200,E,N,A,-,N,NA,NA,NA,NA,NA,NA,NA,NA,NA,Y,1,1,0,1,A,-,01,23152,A,N,E,I,A,A,H,-,C,D,0,NA,NA,NA,NA,Y,Y,D,22,0,0,0,0,0,0,0,0,0,-,-,NA,NA,RIVERSIDE,RANCHO MIRAGE,-116.42490787,33.74980724
6678044,2015,2016-01-28,3309,2015-01-17,2343,218,3309,6,5,4,3309,0,0,0,NA,0,003,CALHOUN ST,TAURUS AV,26,S,N,A,-,N,NA,NA,NA,NA,NA,NA,NA,NA,NA,Y,1,1,0,2,A,-,11,21950,B,N,G,B,D,A,H,-,C,D,0,Y,NA,NA,NA,Y,NA,N,60,0,0,0,1,0,0,0,0,0,-,-,NA,NA,RIVERSIDE,INDIO,-116.20773,33.71295887
6678524,2014,2014-12-11,9840,2014-10-07,1655,18611,NA,2,2,7,3313,0,1,1,NA,2,023,RT 215,BLAINE ST,600,S,N,A,-,Y,NA,NA,215,NA,NA,NA,NA,NA,NA,Y,4,0,1,2,A,-,08,22107,NA,N,D,C,A,A,H,-,A,D,0,NA,NA,NA,NA,Y,NA,A,01,0,0,1,0,0,0,0,0,0,-,-,33.98244,-117.34183,RIVERSIDE,RIVERSIDE,-117.34196407,33.98229945
6679726,2014,2014-12-30,9630,2014-10-16,1500,019228,NA,4,2,9,3300,0,1,1,NA,2,302,RT 10,RED CLOUD RD,17424,E,N,B,-,Y,NA,NA,10,NA,NA,NA,NA,NA,NA,Y,3,0,1,2,A,-,01,23152,A,N,C,C,A,A,H,-,A,D,0,NA,NA,NA,Y,Y,Y,D,22,0,1,0,0,0,0,0,0,0,-,-,33.68531,-115.52812,RIVERSIDE,UNINCORPORATED,-115.52813945,33.68539715
6690858,2014,2015-01-23,3308,2014-10-08,1925,8344,517,3,5,5,3308,0,0,0,NA,0,NORTH,FLORIDA AV,SAN JACINTO ST,488,E,N,A,-,Y,NA,NA,NA,NA,NA,NA,NA,NA,NA,N,3,0,1,2,D,-,00,NA,NA,F,D,G,A,A,H,-,C,A,0,NA,Y,NA,NA,Y,NA,-,-,0,1,0,0,0,0,1,0,0,-,-,NA,NA,RIVERSIDE,HEMET,-116.95705042,33.74760425
6691947,2014,2014-11-20,3325,2014-01-02,2253,2001,3325,4,5,4,3325,0,0,0,NA,0,023,DATE PALM DR,RAMON RD,0,NA,Y,A,-,N,NA,NA,NA,NA,NA,NA,NA,NA,NA,N,3,0,2,2,A,-,09,21453,C,N,D,C,A,-,H,-,C,A,0,NA,NA,NA,NA,Y,NA,A,07,0,2,0,0,0,0,0,0,0,-,-,NA,NA,RIVERSIDE,CATHEDRAL CITY,-116.45823006,33.81601006
6693750,2014,2015-01-23,3300,2014-11-01,1050,N4575,507B,6,5,5,3341,0,0,0,NA,0,057,NEWPORT RD,ANTELOPE RD,44,E,N,B,-,N,NA,NA,NA,NA,NA,NA,NA,NA,NA,Y,4,0,1,2,A,-,03,22350,NA,N,C,C,A,A,H,-,A,A,0,NA,NA,NA,NA,Y,NA,D,22,0,0,1,0,0,0,0,0,0,-,-,NA,NA,RIVERSIDE,MENIFEE,-117.167086,33.68509588
6701018,2014,2014-12-04,3300,2014-10-21,1505,4050,011F,2,5,4,3344,0,0,0,NA,0,062,SCHOLAR WY,68TH ST,0,NA,Y,A,-,N,NA,NA,NA,NA,NA,NA,NA,NA,NA,N,3,0,1,2,A,-,09,21802,A,N,C,G,A,A,H,-,A,A,0,NA,Y,NA,NA,Y,NA,L,04,0,1,0,0,0,0,1,0,0,-,-,NA,NA,RIVERSIDE,EASTVALE,-117.56706002,33.96448005
6702268,2014,2015-01-08,9840,2014-11-02,1110,184593,NA,7,1,7,3313,0,1,1,NA,2,023,RT 215,CENTRAL AV,1000,S,N,A,-,Y,NA,NA,NA,NA,NA,NA,NA,NA,NA,Y,4,0,1,1,A,-,08,22107,NA,N,E,I,A,A,H,-,A,D,0,NA,NA,NA,NA,Y,NA,A,01,0,0,1,0,0,0,0,0,0,-,-,33.57291,-117.18281,RIVERSIDE,RIVERSIDE,NA,NA
6704800,2014,2015-01-06,3300,2014-10-06,1404,4890,806D,1,5,3,3343,0,0,0,NA,0,086,INLAND VALLEY DR,INLAND VALLEY HOSPITAL DRIVEWAY,0,NA,Y,A,-,N,NA,NA,NA,NA,NA,NA,NA,NA,NA,Y,3,0,2,2,B,-,22,NA,NA,N,D,C,A,A,H,-,A,D,0,NA,NA,NA,NA,Y,NA,A,01,0,1,1,0,0,0,0,0,0,-,-,NA,NA,RIVERSIDE,WILDOMAR,NA,NA
6710334,2014,2015-01-13,9685,2014-11-15,1840,16502,NA,6,2,9,3300,0,3,5,NA,2,003,RANCHO CALIFORNIA RD,BUCHAREST LN,400,E,N,A,-,N,NA,NA,NA,NA,NA,NA,NA,NA,NA,N,4,0,2,2,A,-,02,22400,A,N,-,C,A,A,H,-,D,D,0,NA,NA,NA,NA,Y,NA,A,01,0,0,2,0,0,0,0,0,0,-,-,33.3148,-117.345,RIVERSIDE,UNINCORPORATED,-117.0618043,33.52976533
6711317,2014,2015-01-20,3313,2014-11-17,1759,623,N,1,5,7,3313,0,0,0,NA,0,M10,MAIN ST,POPLAR ST,24,S,N,A,-,N,NA,NA,NA,NA,NA,NA,NA,NA,NA,Y,4,0,1,3,A,-,03,22350,NA,N,C,C,A,A,H,-,C,D,0,NA,NA,NA,NA,Y,NA,A,07,0,0,1,0,0,0,0,0,0,-,-,NA,NA,RIVERSIDE,RIVERSIDE,-117.36779863,33.99188266
6713804,2014,2015-01-06,3300,2014-10-02,1055,N4187,901D,4,5,4,3310,0,0,0,NA,0,051,HAMNER AV,GATEWAY CENTER DR,71,S,N,A,-,N,NA,NA,NA,NA,NA,NA,NA,NA,NA,Y,3,0,1,4,A,-,03,22350,NA,N,C,C,A,A,H,-,A,A,0,NA,NA,NA,NA,Y,NA,A,01,0,1,0,0,0,0,0,0,0,-,-,33.89972,-117.5625,RIVERSIDE,NORCO,-117.56270065,33.89980711
6718776,2017,2018-04-25,3313,2017-04-11,2208,1441,5,2,5,7,3313,0,0,0,NA,0,3R50,VAN BUREN BL,MORRIS ST,173,N,N,A,-,N,NA,NA,NA,NA,NA,NA,NA,NA,NA,Y,1,1,1,3,A,-,03,22350,NA,N,A,C,A,A,H,-,C,D,0,NA,NA,NA,NA,Y,NA,A,01,0,0,1,0,0,0,0,0,0,-,-,33.95287,-117.45454,RIVERSIDE,RIVERSIDE,-117.45466229,33.95320208
6718783,2017,2018-04-25,3300,2017-05-16,1849,4571,603C2,2,5,6,3394,0,0,0,NA,0,036,KITCHING ST,BRODIAEA AV,18,N,N,A,-,N,NA,NA,NA,NA,NA,NA,NA,NA,NA,Y,1,1,1,3,A,-,01,23152,F,F,G,B,B,A,H,-,A,A,0,Y,NA,NA,NA,Y,NA,D,22,0,1,0,1,1,0,0,0,0,-,-,33.9435,-117.2175,RIVERSIDE,MORENO VALLEY,-117.21738,33.91368931
6719407,2014,2015-01-20,9685,2014-11-18,0645,016113,NA,2,1,5,3341,0,1,1,NA,2,020,RT 215,MCCALL BL,1200,S,N,A,-,Y,NA,NA,215,NA,NA,NA,NA,NA,NA,Y,4,0,1,1,A,-,08,22107,NA,N,E,I,A,A,D,-,A,D,0,NA,NA,NA,NA,Y,NA,E,22,0,0,1,0,0,0,0,0,0,-,-,33.71125,-117.18785,RIVERSIDE,MENIFEE,-117.18800152,33.71118965
6719432,2014,2015-01-16,3300,2014-11-06,1229,4323,910B,4,5,5,3335,0,0,0,NA,0,063,NICOLAS RD,RANCHO TEMECULA TOWN CNTR,50,W,N,A,-,N,NA,NA,NA,NA,NA,NA,NA,NA,NA,Y,4,0,1,2,A,-,09,21453,B,N,C,C,A,A,H,-,A,A,0,NA,NA,NA,NA,Y,NA,D,22,0,0,1,0,0,0,0,0,0,-,-,NA,NA,RIVERSIDE,TEMECULA,-117.14256648,33.53878983
6725034,2014,2015-01-21,9840,2014-11-01,1010,017162,NA,6,1,9,3300,0,3,5,NA,2,003,CAJALCO RD,TEMESCAL CANYON RD,2640,E,N,A,-,N,NA,NA,NA,NA,NA,NA,NA,NA,NA,Y,4,0,1,2,A,-,03,22350,NA,N,E,I,A,B,H,-,A,D,0,NA,NA,NA,NA,Y,NA,A,07,0,0,1,0,0,0,0,0,0,-,-,33.12084,-117.30895,RIVERSIDE,UNINCORPORATED,-117.51794402,33.82101252
6732663,2014,2015-01-16,9685,2014-11-28,1148,15857,NA,5,1,9,3300,0,1,3,NA,2,011,RT 74,CANDY STORE,3696,W,N,A,-,Y,NA,NA,74,NA,NA,NA,NA,NA,NA,N,3,0,1,1,A,-,03,22350,NA,N,F,A,A,A,H,-,A,D,0,NA,NA,Y,NA,Y,NA,C,02,0,1,0,0,0,0,0,0,1,-,-,33.6057,-117.43192,RIVERSIDE,UNINCORPORATED,-117.43192588,33.6057178
6752268,2014,2015-01-12,9840,2014-12-20,0248,18849,NA,6,3,6,3315,0,1,3,NA,2,031,RT 91,RT 15,800,W,N,A,-,Y,NA,NA,91,NA,NA,NA,NA,NA,NA,Y,3,0,3,5,A,-,03,22350,NA,N,C,C,A,A,H,-,C,D,0,NA,NA,NA,NA,Y,NA,A,01,0,1,2,0,0,0,0,0,0,-,-,33.87929,-117.55742,RIVERSIDE,CORONA,-117.55742754,33.87941502
6752804,2014,2015-03-02,9840,2014-12-23,0310,020210,NA,2,3,6,3315,0,1,3,NA,2,031,RT 91,RT 15,1000,W,N,A,-,Y,NA,NA,91,NA,NA,NA,NA,NA,NA,Y,2,0,4,2,A,-,08,22107,NA,N,E,I,A,A,H,-,D,D,0,NA,NA,NA,Y,Y,NA,A,01,2,0,2,0,0,0,0,0,0,-,-,33.87978,-117.55367,RIVERSIDE,CORONA,-117.55369777,33.87988315
6754451,2014,2015-02-10,3313,2014-12-23,1750,1096,WEST,2,5,7,3313,0,0,0,NA,0,T43,VAN BUREN BL,ANDREW ST,0,NA,Y,A,-,N,NA,NA,NA,NA,NA,NA,NA,NA,NA,NA,3,0,1,3,A,-,01,23152,A,N,D,C,A,A,H,-,C,A,0,NA,NA,NA,NA,Y,Y,A,01,0,1,0,0,0,0,0,0,0,-,-,NA,NA,RIVERSIDE,RIVERSIDE,-117.44378005,33.91719009
6769465,2015,2015-05-02,3313,2015-04-16,1531,1222,W,4,5,7,3313,0,0,0,NA,0,T41,RIVERWALK PKWY,PIERCE ST,611,S,N,A,-,N,NA,NA,NA,NA,NA,NA,NA,NA,NA,N,3,0,1,1,A,-,08,22107,NA,N,E,I,A,A,H,-,A,D,0,NA,NA,NA,NA,Y,NA,A,01,0,1,0,0,0,0,0,0,0,-,-,NA,NA,RIVERSIDE,RIVERSIDE,-117.49464724,33.89947448
6772419,2014,2015-02-12,9685,2014-12-25,2225,016838,NA,4,3,5,3335,0,1,1,NA,2,030,RT 15,RANCHO CALIFORNIA RD,1800,N,N,A,-,Y,NA,NA,15,NA,NA,NA,NA,NA,NA,Y,2,0,1,2,A,-,01,23152,A,N,B,C,A,A,H,-,D,D,0,NA,NA,NA,NA,Y,Y,D,22,1,0,0,0,0,0,0,0,0,-,-,33.50584,-117.15394,RIVERSIDE,TEMECULA,-117.15389885,33.5058587
6782188,2015,2015-02-20,3313,2015-01-09,0916,1097,NORTH,5,5,7,3313,0,0,0,NA,0,M39,BROCKTON AV,TEQUESQUITE AV,0,NA,Y,B,-,N,NA,NA,NA,NA,NA,NA,NA,NA,NA,N,3,0,1,2,A,-,09,21801,A,N,D,G,A,A,H,-,A,A,0,NA,Y,NA,NA,Y,NA,-,NA,0,1,0,0,0,0,1,0,0,-,-,NA,NA,RIVERSIDE,RIVERSIDE,-117.38571004,33.97632011
6787107,2015,2016-09-06,9655,2015-01-15,1340,12614,NA,4,1,9,3300,0,1,3,NA,2,212,RT 60,GILMAN SPRINGS RD,16368,E,N,A,-,Y,RIV,8,60,-,-,25.2,H,-,W,Y,4,0,1,2,A,-,03,22350,NA,N,C,C,A,A,H,-,A,D,1,NA,NA,NA,Y,Y,NA,D,22,0,0,1,0,0,0,0,0,0,-,-,33.9435,-117.08054,RIVERSIDE,UNINCORPORATED,-117.07634014,33.94355719
6788726,2015,2016-10-07,9840,2015-01-21,0820,12075,NA,3,1,9,3300,0,1,1,NA,2,040,RT 215,CACTUS AV,1200,N,N,E,-,Y,RIV,8,215,-,R,35.99,H,-,N,Y,4,0,2,3,A,-,03,22350,NA,N,C,C,A,A,H,-,A,D,1,NA,NA,NA,NA,Y,NA,D,22,0,0,2,0,0,0,0,0,0,-,-,33.91158,-117.28331,RIVERSIDE,UNINCORPORATED,-117.28326593,33.91158227
6788746,2015,2016-10-05,9840,2015-01-13,0910,16727,NA,2,1,6,3315,0,1,1,NA,2,034,RT 15,BEDFORD WASH,200,S,N,A,-,Y,RIV,8,15,-,-,36.5,H,-,N,Y,4,0,2,3,C,-,18,NA,NA,N,C,C,A,A,H,-,A,D,1,NA,NA,NA,NA,Y,NA,-,-,0,0,2,0,0,0,0,0,0,-,-,33.8182,-117.5145,RIVERSIDE,CORONA,-117.51445502,33.8181726
6791887,2015,2015-02-17,3300,2015-01-15,1911,4413,910A,4,5,5,3335,0,0,0,NA,0,062,MARGARITA RD,HARVESTON WY,0,NA,Y,A,-,N,NA,NA,NA,NA,NA,NA,NA,NA,NA,Y,4,0,1,2,A,-,12,21453,A,N,D,-,A,A,H,-,C,A,0,NA,NA,NA,NA,Y,NA,D,22,0,0,1,0,0,0,0,0,0,-,-,NA,NA,RIVERSIDE,TEMECULA,-117.15163013,33.53633004
6794024,2015,2016-10-07,9840,2015-01-01,0255,15744,NA,4,3,7,3313,0,1,3,NA,2,020,RT 91,ADAMS ST,1050,W,N,B,-,Y,RIV,8,91,-,-,15.23,H,-,E,Y,3,0,1,1,A,-,01,23152,A,N,E,J,A,A,H,-,C,D,1,NA,NA,NA,NA,Y,Y,A,07,0,1,0,0,0,0,0,0,0,-,-,33.92479,-117.42563,RIVERSIDE,RIVERSIDE,-117.42538322,33.92410471
6795691,2015,2015-02-26,9840,2015-01-17,1032,17546,NA,6,1,9,3300,0,2,4,NA,2,042,VAN BUREN BL,SUTTLES DR,1500,W,N,A,-,N,NA,NA,NA,NA,NA,NA,NA,NA,NA,Y,4,0,1,2,A,-,07,21658,A,N,B,C,A,A,H,-,A,D,0,NA,NA,NA,NA,Y,NA,D,22,0,0,1,0,0,0,0,0,0,-,-,33.88225,-117.37824,RIVERSIDE,UNINCORPORATED,-117.37977748,33.88233
6798553,2014,2015-02-04,3300,2014-12-11,2120,4071,602E3,4,5,6,3394,0,0,0,NA,0,MV28,PERRIS BL,BAY AV,0,NA,Y,B,-,N,NA,NA,NA,NA,NA,NA,NA,NA,NA,Y,4,0,1,2,A,-,12,21453,A,N,D,C,A,A,H,-,C,A,0,NA,NA,NA,NA,Y,NA,A,07,0,0,1,0,0,0,0,0,0,-,-,NA,NA,RIVERSIDE,MORENO VALLEY,-117.22641006,33.92091002
6802280,2014,2015-07-06,3300,2014-11-02,1324,4519,901B,7,5,4,3310,0,0,0,NA,0,050,6TH ST,HILLSIDE,0,NA,Y,A,C,N,NA,NA,NA,NA,NA,NA,NA,NA,NA,Y,4,0,1,2,A,-,12,21453,A,N,D,C,A,A,H,-,A,A,0,NA,NA,Y,NA,Y,NA,-,-,0,0,1,0,0,0,0,0,1,-,-,NA,NA,RIVERSIDE,NORCO,-117.53681011,33.93842006
6802297,2014,2015-02-17,3300,2014-12-23,1420,4449,002M,2,5,6,3345,0,0,0,NA,0,022,CANTU GALLEANO RANCH RD,WINEVILLE,0,NA,Y,A,-,N,NA,NA,NA,NA,NA,NA,NA,NA,NA,N,4,0,1,2,A,-,12,21453,A,N,D,C,A,A,H,-,A,A,0,NA,NA,NA,Y,Y,NA,D,22,0,0,1,0,0,0,0,0,0,-,-,NA,NA,RIVERSIDE,JURUPA VALLEY,-117.5420201,34.00438011
6809321,2015,2015-02-27,3300,2015-01-20,1542,4453,509D,2,5,5,3341,0,0,0,NA,0,059,BRIGGS RD,SHARON WY,216,S,N,A,-,N,NA,NA,NA,NA,NA,NA,NA,NA,NA,Y,4,0,1,1,A,-,03,22350,NA,N,F,I,A,A,G,-,A,D,0,NA,NA,NA,NA,Y,NA,A,01,0,0,1,0,0,0,0,0,0,-,-,NA,NA,RIVERSIDE,MENIFEE,-117.13685325,33.64633836
6815081,2015,2016-12-09,9840,2015-04-09,1015,17399,NA,4,1,6,3394,0,1,3,NA,2,025,RT 60,GILMAN SPRINGS RD,150,W,N,A,-,Y,RIV,8,60,-,-,22.07,H,-,W,N,4,0,1,2,A,-,03,22350,NA,N,C,C,A,A,H,-,A,D,1,NA,NA,NA,NA,Y,NA,J,48,0,0,1,0,0,0,0,0,0,-,-,33.94262,-117.29088,RIVERSIDE,MORENO VALLEY,-117.12739027,33.93821621
6819303,2015,2016-09-12,3311,2015-02-12,0746,15484,NA,4,5,4,3311,0,0,0,NA,0,006,RT 111,SUNNY DUNES RD,0,NA,Y,A,-,Y,RIV,8,111,-,T,49.121,I,5,S,N,4,0,3,4,A,-,09,21802,A,N,D,C,A,A,H,-,A,A,0,NA,NA,NA,NA,Y,NA,A,01,0,0,3,0,0,0,0,0,0,-,-,NA,NA,RIVERSIDE,PALM SPRINGS,-116.49296487,33.81223193
6821512,2015,2015-03-06,9655,2015-02-09,0230,017784,NA,1,3,9,3300,0,3,5,NA,2,002,TAMARA RD,FREMONTIA RD,800,W,N,A,-,N,NA,NA,NA,NA,NA,NA,NA,NA,NA,N,3,0,1,1,A,-,08,22107,NA,N,E,I,A,A,H,-,D,D,0,NA,NA,NA,NA,Y,NA,A,07,0,1,0,0,0,0,0,0,0,-,-,NA,NA,RIVERSIDE,UNINCORPORATED,NA,NA
6824537,2015,2015-03-09,3313,2015-02-01,1921,1749,C212,7,5,7,3313,0,0,0,NA,0,NA,GREENLAWN ST,GOSHEN DR,65,E,N,A,-,N,NA,NA,NA,NA,NA,NA,NA,NA,NA,Y,4,0,1,2,A,-,01,23152,A,N,C,E,A,A,H,-,C,D,0,NA,NA,NA,NA,Y,Y,A,01,0,0,1,0,0,0,0,0,0,-,-,NA,NA,RIVERSIDE,RIVERSIDE,-117.29287465,33.88843416