CASE_ID,ACCIDENT_YEAR,PROC_DATE,JURIS,COLLISION_DATE,COLLISION_TIME,OFFICER_ID,REPORTING_DISTRICT,DAY_OF_WEEK,CHP_SHIFT,POPULATION,CNTY_CITY_LOC,SPECIAL_COND,BEAT_TYPE,CHP_BEAT_TYPE,CITY_DIVISION_LAPD,CHP_BEAT_CLASS,BEAT_NUMBER,PRIMARY_RD,SECONDARY_RD,DISTANCE,DIRECTION,INTERSECTION,WEATHER_1,WEATHER_2,STATE_HWY_IND,CALTRANS_COUNTY,CALTRANS_DISTRICT,STATE_ROUTE,ROUTE_SUFFIX,POSTMILE_PREFIX,POSTMILE,LOCATION_TYPE,RAMP_INTERSECTION,SIDE_OF_HWY,TOW_AWAY,COLLISION_SEVERITY,NUMBER_KILLED,NUMBER_INJURED,PARTY_COUNT,PRIMARY_COLL_FACTOR,PCF_CODE_OF_VIOL,PCF_VIOL_CATEGORY,PCF_VIOLATION,PCF_VIOL_SUBSECTION,HIT_AND_RUN,TYPE_OF_COLLISION,MVIW,PED_ACTION,ROAD_SURFACE,ROAD_COND_1,ROAD_COND_2,LIGHTING,CONTROL_DEVICE,CHP_ROAD_TYPE,PEDESTRIAN_ACCIDENT,BICYCLE_ACCIDENT,MOTORCYCLE_ACCIDENT,TRUCK_ACCIDENT,NOT_PRIVATE_PROPERTY,ALCOHOL_INVOLVED,STWD_VEHTYPE_AT_FAULT,CHP_VEHTYPE_AT_FAULT,COUNT_SEVERE_INJ,COUNT_VISIBLE_INJ,COUNT_COMPLAINT_PAIN,COUNT_PED_KILLED,COUNT_PED_INJURED,COUNT_BICYCLIST_KILLED,COUNT_BICYCLIST_INJURED,COUNT_MC_KILLED,COUNT_MC_INJURED,PRIMARY_RAMP,SECONDARY_RAMP,LATITUDE,LONGITUDE,COUNTY,CITY,POINT_X,POINT_Y
8019273,2016,2016-04-15,3300,2016-02-21,1910,4776,001J,7,5,6,3345,0,0,0,NA,0,014,VALLEY WY,MISSION BL,528,S,N,A,E,N,NA,NA,NA,NA,NA,NA,NA,NA,NA,N,4,0,1,2,A,-,11,21954,A,N,G,B,D,A,H,-,D,D,0,Y,NA,NA,Y,Y,NA,N,60,0,0,1,0,1,0,0,0,0,-,-,NA,NA,RIVERSIDE,JURUPA VALLEY,-117.43632302,34.01037234
8021865,2016,2016-04-20,3300,2016-03-30,1714,N3373,910F,3,5,5,3335,0,0,0,NA,0,062,YNEZ RD,WINCHESTER RD,348,S,N,B,-,N,NA,NA,NA,NA,NA,NA,NA,NA,NA,N,4,0,2,2,A,-,03,22350,NA,N,C,C,A,A,H,-,A,A,0,NA,NA,NA,NA,Y,NA,D,22,0,0,2,0,0,0,0,0,0,-,-,33.52465,-117.16009,RIVERSIDE,TEMECULA,-117.1595934,33.52395552
8022371,2016,2016-04-20,3308,2016-02-22,0707,10559,294,1,5,5,3308,0,0,0,NA,0,NORTH,SANDERSON AV,FRUITVALE AV,0,NA,Y,A,-,N,NA,NA,NA,NA,NA,NA,NA,NA,NA,Y,4,0,2,2,A,-,12,21453,A,N,D,C,A,A,H,-,A,A,0,NA,NA,NA,NA,Y,NA,A,01,0,0,2,0,0,0,0,0,0,-,-,NA,NA,RIVERSIDE,HEMET,-117.00661009,33.76185001
8026836,2016,2016-08-26,3309,2016-03-18,0231,326,3309,5,5,4,3309,0,0,0,NA,0,002,INDIO BL,JEFFERSON ST,0,NA,Y,A,G,N,NA,NA,NA,NA,NA,NA,NA,NA,NA,Y,2,0,3,2,A,-,01,23153,A,N,D,C,A,A,H,-,C,A,0,NA,NA,NA,NA,Y,Y,A,07,1,0,2,0,0,0,0,0,0,-,-,NA,NA,RIVERSIDE,INDIO,-116.27160007,33.74933009
8029551,2016,2016-05-16,3313,2016-04-29,1219,526,RIVER,5,5,7,3313,0,0,0,NA,0,UCRPD,ABERDEEN DR,LINDEN ST,398,S,N,A,-,N,NA,NA,NA,NA,NA,NA,NA,NA,NA,Y,2,0,1,2,A,-,09,21800,A,N,D,D,A,A,H,-,A,D,0,NA,NA,Y,NA,Y,NA,A,01,1,0,0,0,0,0,0,0,1,-,-,NA,NA,RIVERSIDE,RIVERSIDE,-117.3270259,33.97821969
8029686,2016,2016-05-12,3313,2016-04-12,1026,1026,C,2,5,7,3313,0,0,0,NA,0,T52,VAN BUREN BL,LINCOLN AV,906,N,N,A,-,N,NA,NA,NA,NA,NA,NA,NA,NA,NA,Y,4,0,1,2,A,-,09,21804,A,N,D,C,A,A,H,-,A,D,0,NA,NA,NA,NA,Y,NA,A,01,0,0,1,0,0,0,0,0,0,-,-,33.90797,-117.43623,RIVERSIDE,RIVERSIDE,-117.43810633,33.90992162
8030228,2016,2017-02-11,3311,2016-04-24,1151,15789,3311,7,5,4,3311,0,0,0,NA,0,006,DINAH SHORE DR,S GENE AUTRY TRL,0,NA,Y,A,-,Y,RIV,8,111,-,T,48.872,I,5,S,N,3,0,3,2,A,-,09,21801,A,N,D,C,A,A,H,-,A,A,0,NA,NA,NA,NA,Y,NA,A,01,0,2,1,0,0,0,0,0,0,-,-,NA,NA,RIVERSIDE,PALM SPRINGS,-116.49293416,33.80852734
8030848,2016,2016-05-05,3313,2016-04-02,1558,1772,C,6,5,7,3313,0,0,0,NA,0,T45,MAGNOLIA AV,ROOSEVELT ST,0,NA,Y,A,-,N,NA,NA,NA,NA,NA,NA,NA,NA,NA,Y,4,0,3,2,A,-,03,22350,NA,N,C,C,A,A,H,-,A,A,0,NA,NA,NA,NA,Y,NA,A,01,0,0,3,0,0,0,0,0,0,-,-,NA,NA,RIVERSIDE,RIVERSIDE,-117.44842999,33.9193601
8037712,2016,2016-05-13,3311,2016-04-21,1850,15898,NA,4,5,4,3311,0,0,0,NA,0,003,MUSEUM DR,TAHQUITZ CANYON WY,285,N,N,A,-,N,NA,NA,NA,NA,NA,NA,NA,NA,NA,Y,4,0,2,3,A,-,03,22350,NA,N,C,C,A,A,H,-,A,D,0,NA,NA,NA,NA,Y,NA,A,07,0,0,2,0,0,0,0,0,0,-,-,33.82296,-116.54944,RIVERSIDE,PALM SPRINGS,-116.54942513,33.82387003
8038932,2016,2016-05-13,3300,2016-03-26,1130,4071,603A2,6,5,6,3394,0,0,0,NA,0,MV32,CACTUS AV,ELSWORTH ST,322,W,N,A,-,N,NA,NA,NA,NA,NA,NA,NA,NA,NA,Y,3,0,2,2,A,-,04,21703,NA,N,B,C,A,A,H,-,A,D,0,NA,NA,Y,NA,Y,NA,C,02,0,1,1,0,0,0,0,0,2,-,-,33.91006,-117.2703,RIVERSIDE,MORENO VALLEY,-117.27123799,33.91013677
8043592,2016,2016-05-23,3308,2016-05-10,1046,10611,516,2,5,5,3308,0,0,0,NA,0,NORTH,STATE ST,OAKLAND AV,0,NA,Y,A,-,N,NA,NA,NA,NA,NA,NA,NA,NA,NA,N,4,0,1,2,A,-,11,21950,B,N,G,B,B,A,H,-,A,A,0,Y,NA,NA,NA,Y,NA,N,60,0,0,1,0,1,0,0,0,0,-,-,NA,NA,RIVERSIDE,HEMET,-116.97175004,33.75478011
8050455,2016,2016-06-10,3300,2016-04-21,0905,4071,603A3,4,5,6,3394,0,0,0,NA,0,MV32,CACTUS AV,GRAHAM ST,0,NA,Y,A,-,N,NA,NA,NA,NA,NA,NA,NA,NA,NA,Y,4,0,1,2,A,-,21,22106,NA,N,C,C,A,A,H,-,A,A,0,NA,NA,NA,NA,Y,NA,A,01,0,0,1,0,0,0,0,0,0,-,-,33.91012,-117.2525,RIVERSIDE,MORENO VALLEY,-117.25235009,33.91026002
8050464,2016,2016-06-10,3313,2016-04-26,1039,1026,W,2,5,7,3313,0,0,0,NA,0,T52,VAN BUREN BL,CYPRESS AV,655,S,N,A,-,N,NA,NA,NA,NA,NA,NA,NA,NA,NA,N,3,0,1,2,A,-,12,21453,A,N,H,G,A,A,H,-,A,A,0,NA,Y,NA,NA,Y,NA,L,04,0,1,0,0,0,0,1,0,0,-,-,33.9429,-117.4538,RIVERSIDE,RIVERSIDE,-117.45404653,33.94099549
8054819,2016,2016-08-08,3300,2016-06-24,0935,N5382,916B,5,5,4,3312,0,0,0,NA,0,032,NUEVO RD,PERRIS PLZ,0,NA,Y,A,-,N,NA,NA,NA,NA,NA,NA,NA,NA,NA,N,3,0,2,2,A,-,12,21453,A,N,D,C,A,A,H,-,A,A,0,NA,NA,NA,NA,Y,NA,-,-,0,2,0,0,0,0,0,0,0,-,-,NA,NA,RIVERSIDE,PERRIS,-117.22613006,33.80109003
8064774,2016,2016-06-16,3300,2016-06-06,1034,3280,910H,1,5,5,3335,0,0,0,NA,0,063,LA SERENA WY,CALLE PINA COLADA,0,NA,Y,A,-,N,NA,NA,NA,NA,NA,NA,NA,NA,NA,N,3,0,2,2,A,-,09,21804,A,N,D,C,A,A,H,-,A,A,0,NA,NA,NA,NA,Y,NA,A,01,0,1,1,0,0,0,0,0,0,-,-,NA,NA,RIVERSIDE,TEMECULA,-117.12109004,33.52022008
8065005,2016,2016-06-17,3308,2016-05-02,1754,10597,516,1,5,5,3308,0,0,0,NA,0,NORTH,DEVONSHIRE AV,GILBERT ST,12,W,N,A,-,N,NA,NA,NA,NA,NA,NA,NA,NA,NA,Y,4,0,2,2,A,-,09,21802,A,N,D,C,A,A,H,-,A,A,0,NA,NA,NA,NA,Y,NA,A,01,0,0,2,0,0,0,0,0,0,-,-,NA,NA,RIVERSIDE,HEMET,-116.97607934,33.75112973
8066333,2016,2016-06-22,3300,2016-05-13,2020,4773,905E,5,5,4,3307,0,0,0,NA,0,091,DIAMOND DR,MALAGA RD,0,NA,Y,A,-,N,NA,NA,NA,NA,NA,NA,NA,NA,NA,N,4,0,1,2,A,-,10,21950,A,N,G,B,B,A,H,-,C,A,0,Y,NA,NA,NA,Y,NA,A,01,0,0,1,0,1,0,0,0,0,-,-,NA,NA,RIVERSIDE,LAKE ELSINORE,-117.30118006,33.65275006
8066386,2016,2016-07-08,3300,2016-05-17,1614,N4883,001A,2,5,6,3345,0,0,0,NA,0,010,AGUA MANSA RD,WILSON ST,0,NA,Y,A,-,N,NA,NA,NA,NA,NA,NA,NA,NA,NA,Y,3,0,1,2,A,-,09,21804,A,N,D,C,A,A,H,-,A,A,0,NA,NA,Y,Y,Y,NA,F,25,0,1,0,0,0,0,0,0,1,-,-,34.02063,-117.38542,RIVERSIDE,JURUPA VALLEY,-117.38551001,34.02090004
8066770,2016,2016-06-24,3300,2016-05-17,1510,N3202,11F,2,5,4,3344,0,0,0,NA,0,062,68TH ST,SCHOLAR WY,19,W,N,A,-,N,NA,NA,NA,NA,NA,NA,NA,NA,NA,N,3,0,1,2,A,-,11,21950,B,N,G,B,B,A,H,-,A,A,0,Y,NA,NA,NA,Y,NA,N,60,0,1,0,0,1,0,0,0,0,-,-,33.96446,-117.56698,RIVERSIDE,EASTVALE,-117.56712249,33.96448
8068476,2016,2016-06-23,3300,2016-05-15,0239,4391,602E4,7,5,6,3394,0,0,0,NA,0,028,ALESSANDRO BL,PERRIS BL,805,W,N,A,-,N,NA,NA,NA,NA,NA,NA,NA,NA,NA,Y,4,0,3,2,A,-,01,23152,A,N,C,C,A,A,H,-,C,A,0,NA,NA,NA,NA,Y,Y,A,01,0,0,3,0,0,0,0,0,0,-,-,33.94719,-117.2264,RIVERSIDE,MORENO VALLEY,-117.22898508,33.91736
8072383,2016,2016-06-30,3313,2016-05-12,2025,1222,NA,4,5,7,3313,0,0,0,NA,0,M36,WOOD RD,VAN BUREN BL,12,S,N,A,-,N,NA,NA,NA,NA,NA,NA,NA,NA,NA,N,4,0,1,2,A,-,09,21800,A,N,D,C,A,A,H,-,E,A,0,NA,NA,NA,NA,Y,NA,A,01,0,0,1,0,0,0,0,0,0,-,-,33.88715,-117.33126,RIVERSIDE,RIVERSIDE,-117.33137108,33.88711714
8078505,2016,2016-07-18,3300,2016-04-05,1757,4024,905C,2,5,4,3307,0,0,0,NA,0,091,CORYDON ST,PALOMAR ST,0,NA,Y,A,-,N,NA,NA,NA,NA,NA,NA,NA,NA,NA,Y,3,0,1,3,A,-,08,22107,NA,N,B,C,A,A,H,-,A,A,0,NA,NA,NA,NA,Y,NA,A,07,0,1,0,0,0,0,0,0,0,-,-,33.62135,-117.30139,RIVERSIDE,LAKE ELSINORE,-117.30131007,33.62142003
8078920,2016,2017-02-16,3311,2016-06-22,2146,15896,NA,3,5,4,3311,0,0,0,NA,0,006,RT 111,CALLE SAN RAPHAEL,15,S,N,A,-,Y,RIV,8,111,-,T,48.96,H,-,S,Y,3,0,1,1,A,-,07,21658,A,N,E,I,A,A,H,-,D,D,0,NA,NA,NA,NA,Y,NA,A,01,0,1,0,0,0,0,0,0,0,-,-,33.80978,-116.49288,RIVERSIDE,PALM SPRINGS,-116.4929623,33.80983611
8081814,2016,2016-07-15,3300,2016-06-03,1815,4071,603C3,5,5,6,3394,0,0,0,NA,0,MV36,FILAREE AV,SHEILA ST,394,E,N,A,-,N,NA,NA,NA,NA,NA,NA,NA,NA,NA,N,3,0,1,2,A,-,09,21804,A,N,D,G,A,A,H,-,A,D,0,NA,Y,NA,NA,Y,NA,L,04,0,1,0,0,0,0,1,0,0,-,-,33.89886,-117.22557,RIVERSIDE,MORENO VALLEY,-117.22388568,33.89875343
8083374,2016,2016-07-20,3300,2016-06-10,1243,4127,41A3,5,5,3,3392,0,0,0,NA,0,041,BLACKHAWK WY,ADAMS ST,800,E,N,A,-,N,NA,NA,NA,NA,NA,NA,NA,NA,NA,N,3,0,1,2,A,-,11,21954,A,N,G,B,D,A,H,-,A,D,0,Y,NA,NA,NA,Y,NA,N,60,0,1,0,0,1,0,0,0,0,-,-,NA,NA,RIVERSIDE,LA QUINTA,-116.2836009,33.71457
8085702,2016,2016-07-22,3300,2016-06-27,1659,4996,601B7,1,5,6,3394,0,0,0,NA,0,MV12,REDBARK DR,CEDAR TREE DR,274,E,N,A,-,N,NA,NA,NA,NA,NA,NA,NA,NA,NA,Y,3,0,1,2,A,-,08,22107,NA,N,A,E,A,A,H,-,A,D,0,NA,NA,NA,NA,Y,NA,A,01,0,1,0,0,0,0,0,0,0,-,-,33.98312,-117.24976,RIVERSIDE,MORENO VALLEY,-117.24929615,33.9624654
8085946,2016,2016-08-10,3313,2016-06-10,0207,1796,N,5,5,7,3313,0,0,0,NA,0,A135,MARLBOROUGH AV,IOWA AV,0,NA,Y,A,-,N,NA,NA,NA,NA,NA,NA,NA,NA,NA,Y,3,0,3,2,A,-,09,21453,NA,N,B,C,A,A,H,-,C,A,0,NA,NA,NA,NA,Y,Y,-,-,0,1,2,0,0,0,0,0,0,-,-,NA,NA,RIVERSIDE,RIVERSIDE,-117.3398401,33.99751001
8092899,2016,2016-07-28,3311,2016-07-22,1809,15642,NA,5,5,4,3311,0,0,0,NA,0,NA,EAST RAMON RD,N AVENIDA CABALLEROS,143,E,N,A,-,N,NA,NA,NA,NA,NA,NA,NA,NA,NA,N,4,0,2,2,A,-,04,21703,NA,N,C,C,A,A,H,-,A,A,0,NA,NA,NA,NA,Y,NA,A,01,0,0,2,0,0,0,0,0,0,-,-,NA,NA,RIVERSIDE,PALM SPRINGS,-116.53647112,33.81589279
8096963,2016,2016-08-15,3313,2016-07-11,0957,1686,W,1,5,7,3313,0,0,0,NA,0,T58,DIANA AV,PARK SIERRA DR,0,NA,Y,A,-,N,NA,NA,NA,NA,NA,NA,NA,NA,NA,Y,4,0,2,2,A,-,09,21801,A,N,D,C,A,A,H,-,A,D,0,NA,NA,NA,NA,Y,NA,A,07,0,0,2,0,0,0,0,0,0,-,-,33.90121,-117.46929,RIVERSIDE,RIVERSIDE,-117.46937004,33.90138011
8098640,2016,2016-08-05,3315,2016-07-21,1708,2661,13G,4,5,6,3315,0,0,0,NA,0,002,GRAND BL N,4TH ST,35,N,N,A,-,N,NA,NA,NA,NA,NA,NA,NA,NA,NA,N,4,0,1,2,A,-,03,22350,NA,N,A,E,A,A,H,-,A,D,0,NA,NA,NA,NA,Y,NA,-,NA,0,0,1,0,0,0,0,0,0,-,-,NA,NA,RIVERSIDE,CORONA,-117.57323411,33.87829383
8100211,2016,2016-08-12,3313,2016-07-18,1543,1499,E,1,5,7,3313,0,0,0,NA,0,T42,IOWA AV,BLAINE ST,630,S,N,A,-,N,NA,NA,NA,NA,NA,NA,NA,NA,NA,N,4,0,2,2,A,-,03,22350,NA,N,C,C,A,A,H,-,A,D,0,NA,NA,NA,NA,Y,NA,A,01,0,0,2,0,0,0,0,0,0,-,-,33.98304,-117.34004,RIVERSIDE,RIVERSIDE,-117.33988637,33.98127403
8102293,2016,2016-08-11,3300,2016-07-27,1330,3290,916A,3,5,4,3312,0,0,0,NA,0,031,PERRIS BL,COMMERCE DR,89,N,N,A,-,N,NA,NA,NA,NA,NA,NA,NA,NA,NA,Y,4,0,1,2,A,-,03,22350,NA,N,C,C,A,A,D,-,A,A,0,NA,NA,NA,NA,Y,NA,A,01,0,0,1,0,0,0,0,0,0,-,-,33.83244,-117.22615,RIVERSIDE,PERRIS,-117.22607000000001,33.8327138
8103671,2016,2016-09-09,3300,2016-08-03,1721,N4809,920E,3,5,4,3314,0,0,0,NA,0,072,STATE ST,RAMONA EXPWY,200,S,N,A,-,N,NA,NA,NA,NA,NA,NA,NA,NA,NA,N,4,0,1,3,A,-,03,22350,NA,N,C,C,A,A,H,-,A,A,0,NA,NA,NA,NA,Y,NA,D,22,0,0,1,0,0,0,0,0,0,-,-,33.80174,-116.97207,RIVERSIDE,SAN JACINTO,-116.97205004,33.80127236
8106028,2016,2016-08-29,3313,2016-08-08,1735,0399,N,1,5,7,3313,0,0,0,NA,0,M18,MISSION INN AV,PINE ST,0,NA,Y,A,-,N,NA,NA,NA,NA,NA,NA,NA,NA,NA,Y,3,0,1,2,A,-,09,21802,A,N,D,C,A,A,H,-,A,A,0,NA,NA,Y,NA,Y,NA,A,01,0,1,0,0,0,0,0,0,1,-,-,33.98678,-117.382,RIVERSIDE,RIVERSIDE,-117.38194003,33.98672007
8106665,2016,2016-08-23,3315,2016-08-04,1338,001226,6E,4,5,6,3315,0,0,0,NA,0,NA,GRAND BL,RAILROAD ST,0,NA,Y,A,-,N,NA,NA,NA,NA,NA,NA,NA,NA,NA,Y,4,0,1,2,A,-,12,21453,A,N,D,C,A,A,H,-,A,A,0,NA,NA,NA,Y,Y,NA,A,01,0,0,1,0,0,0,0,0,0,-,-,NA,NA,RIVERSIDE,CORONA,-117.5673301,33.88175001
8110115,2016,2016-08-31,3309,2016-07-27,0809,443,3309,3,5,4,3309,0,0,0,NA,0,002,AVE 44,SOLA ST,0,NA,Y,A,-,N,NA,NA,NA,NA,NA,NA,NA,NA,NA,Y,3,0,4,2,A,-,01,23152,A,N,D,C,A,A,H,-,A,A,0,NA,NA,NA,NA,Y,Y,A,01,0,2,2,0,0,0,0,0,0,-,-,NA,NA,RIVERSIDE,INDIO,-116.22556002,33.72943004
8119161,2016,2016-09-12,3300,2016-08-30,0555,4430,30H1,2,5,4,3318,0,0,0,NA,0,MO874,EL PASEO,PLAZA WY,630,W,N,A,-,N,NA,NA,NA,NA,NA,NA,NA,NA,NA,Y,3,0,1,1,A,-,08,22107,NA,N,E,I,A,A,H,-,B,D,0,NA,NA,NA,NA,Y,NA,A,01,0,1,0,0,0,0,0,0,0,-,-,33.71967,-116.39436,RIVERSIDE,PALM DESERT,-116.39644286,33.71975829
8121386,2016,2016-11-03,3300,2016-08-25,0630,N5482,20A5,4,5,3,3317,0,0,0,NA,0,020,RT 111,EVENING STAR DR,52,E,N,A,-,N,NA,NA,NA,NA,NA,NA,NA,NA,NA,Y,3,0,1,1,A,-,08,22107,NA,N,E,I,A,A,H,-,B,A,0,NA,NA,NA,NA,Y,NA,A,01,0,1,0,0,0,0,0,0,0,-,-,NA,NA,RIVERSIDE,RANCHO MIRAGE,-116.42865211,33.75158728
8124190,2016,2016-09-20,3313,2016-09-02,0718,1021,W,5,5,7,3313,0,0,0,NA,0,M21,LA SIERRA AV,SCHUYLER AV,0,NA,Y,B,-,N,NA,NA,NA,NA,NA,NA,NA,NA,NA,Y,3,0,2,2,A,-,09,21453,C,N,D,C,A,A,H,-,A,A,0,NA,NA,NA,NA,Y,NA,A,01,0,2,0,0,0,0,0,0,0,-,-,33.91531,-117.48602,RIVERSIDE,RIVERSIDE,-117.48605006,33.91540003
8126161,2016,2016-09-20,3300,2016-09-08,0842,2403,NA,4,5,4,3314,0,0,0,NA,0,NA,ARROYO VIEJO DR,WEAVER WY,0,NA,Y,A,-,N,NA,NA,NA,NA,NA,NA,NA,NA,NA,Y,4,0,2,2,A,-,09,21802,A,N,D,C,A,A,H,-,A,A,0,NA,NA,NA,NA,Y,NA,A,01,0,0,2,0,0,0,0,0,0,-,-,33.77122,-116.94593,RIVERSIDE,SAN JACINTO,-116.94573013,33.77127001
8127612,2016,2016-10-03,3300,2016-08-27,2150,N5330,002Q,6,5,6,3345,0,0,0,NA,0,024,JURUPA RD,PEDLEY RD,77,W,N,A,-,N,NA,NA,NA,NA,NA,NA,NA,NA,NA,Y,4,0,1,2,A,-,08,22107,NA,F,B,C,A,A,H,-,C,A,0,NA,NA,NA,NA,Y,NA,A,01,0,0,1,0,0,0,0,0,0,-,-,NA,NA,RIVERSIDE,JURUPA VALLEY,-117.47568446,33.99943465
8128823,2016,2016-09-27,3300,2016-05-24,2009,4587,506D,2,5,5,3341,0,0,0,NA,0,056,MURRIETA RD,NEWPORT RD,151,N,N,A,-,N,NA,NA,NA,NA,NA,NA,NA,NA,NA,Y,3,0,1,2,A,-,11,21954,A,N,G,B,D,A,H,-,C,D,0,Y,NA,NA,NA,Y,NA,N,60,0,1,0,0,1,0,0,0,0,-,-,33.68501,-117.20577,RIVERSIDE,MENIFEE,-117.20602,33.68545364
8129593,2016,2016-12-22,3325,2016-07-05,1945,9207,3325,2,5,4,3325,0,0,0,NA,0,003,DATE PALM DR,RT 10,0,NA,Y,A,G,N,NA,NA,NA,NA,NA,NA,NA,NA,NA,Y,4,0,4,2,A,-,09,21801,A,N,D,C,A,A,H,-,B,A,0,NA,NA,NA,NA,Y,NA,A,07,0,0,4,0,0,0,0,0,0,-,-,NA,NA,RIVERSIDE,CATHEDRAL CITY,-116.45842001,33.8495301
8132338,2016,2016-10-04,3300,2016-09-23,1156,2403,NA,5,5,4,3314,0,0,0,NA,0,NA,HEWITT ST,EVANS ST,0,NA,Y,A,-,N,NA,NA,NA,NA,NA,NA,NA,NA,NA,N,4,0,2,2,A,-,09,21802,A,N,D,C,A,A,H,-,A,A,0,NA,NA,NA,NA,Y,NA,A,01,0,0,2,0,0,0,0,0,0,-,-,33.7753,-116.95116,RIVERSIDE,SAN JACINTO,-116.95107012,33.77530001
81374504,2020,2020-12-24,3315,2020-12-21,1716,002235,14B,1,5,6,3315,0,0,0,NA,0,004,FOOTHILL PY,HIGHGROVE ST,25,E,N,A,-,N,NA,NA,NA,NA,NA,NA,NA,NA,NA,N,4,0,3,2,A,-,03,22350,NA,N,C,C,A,A,H,-,C,A,0,NA,NA,NA,NA,Y,NA,A,01,0,0,3,0,0,0,0,0,0,-,-,NA,NA,RIVERSIDE,CORONA,-117.5790786743164,33.84556579589844
81378364,2020,2020-12-31,3300,2020-12-29,0745,4323,910Q,2,5,5,3335,0,0,0,NA,0,069,PECHANGA PARKWAY,NORTH CASINO DRIVE,25,N,N,B,-,N,NA,NA,NA,NA,NA,NA,NA,NA,NA,Y,4,0,1,2,A,-,03,22350,NA,N,C,C,A,B,H,-,A,A,0,NA,NA,NA,NA,Y,NA,A,01,0,0,1,0,0,0,0,0,0,-,-,NA,NA,RIVERSIDE,TEMECULA,-117.10651397705078,33.458595275878906
81385608,2021,2021-01-12,3300,2021-01-09,0136,5059,602 D,6,5,6,3394,0,0,0,NA,0,MV26,ALESSANDRO BLVD,RAMSDELL DR,384,E,N,A,-,N,NA,NA,NA,NA,NA,NA,NA,NA,NA,Y,4,0,1,1,A,-,08,22107,NA,N,E,I,A,A,H,-,C,D,0,NA,NA,NA,NA,Y,NA,A,01,0,0,1,0,0,0,0,0,0,-,-,33.91725158691406,-117.24195861816406,RIVERSIDE,MORENO VALLEY,-117.24071502685548,33.91717529296875
81394745,2020,2021-01-27,3306,2020-12-09,1112,749,NA,3,5,3,3306,0,0,0,NA,0,NA,PALM DR,IRONWOOD DR,0,NA,Y,A,-,N,NA,NA,NA,NA,NA,NA,NA,NA,NA,N,4,0,1,2,A,-,12,21453,A,N,D,G,A,A,H,-,A,A,0,NA,Y,NA,NA,Y,NA,L,04,0,0,1,0,0,0,1,0,0,-,-,NA,NA,RIVERSIDE,DESERT HOT SPRINGS,-116.50129699707033,33.950469970703125
81400258,2021,2021-02-02,3300,2021-01-12,1758,5985,NA,2,5,6,3394,0,0,0,NA,0,NA,PERRIS BLVD,ATWOOD AVE,100,N,N,A,-,N,NA,NA,NA,NA,NA,NA,NA,NA,NA,N,4,0,2,4,A,-,03,22350,NA,N,C,C,A,A,H,-,C,A,0,NA,NA,NA,NA,Y,NA,A,01,0,0,2,0,0,0,0,0,0,-,-,33.93000030517578,-117.2261962890625,RIVERSIDE,MORENO VALLEY,-117.22628021240234,33.93025207519531
81401313,2021,2021-02-03,3300,2021-01-12,0208,4808,920G,2,5,4,3314,0,0,0,NA,0,072,S. BUENA VISTA STREET,ESPLANADE AVENUE,0,N,N,A,-,N,NA,NA,NA,NA,NA,NA,NA,NA,NA,N,3,0,3,1,A,-,08,22107,NA,N,E,I,A,A,H,-,C,D,0,NA,NA,NA,NA,Y,NA,D,22,0,3,0,0,0,0,0,0,0,-,-,NA,NA,RIVERSIDE,SAN JACINTO,-116.96759033203124,33.77289581298828
81402896,2021,2021-02-05,3300,2021-01-30,1515,3613,916C,6,5,4,3312,0,0,0,NA,0,034,4TH ST,PARK AVE.,214,W,N,A,-,N,NA,NA,NA,NA,NA,NA,NA,NA,NA,Y,4,0,3,2,A,-,09,21801,A,N,D,C,A,A,H,-,A,D,0,NA,NA,NA,NA,Y,NA,A,01,0,0,3,0,0,0,0,0,0,-,-,NA,NA,RIVERSIDE,PERRIS,-117.23763275146484,33.78234100341797
81405614,2021,2021-02-10,3300,2021-02-07,1850,5228,910Q,7,5,5,3335,0,0,0,NA,0,069,TEMECULA PKY,AVENIDA DE MISSIONS,0,NA,Y,A,-,Y,NA,NA,NA,NA,NA,NA,NA,NA,NA,Y,3,0,2,1,A,-,01,23153,B,N,E,I,A,A,H,-,C,A,0,NA,NA,NA,NA,Y,Y,A,07,0,2,0,0,0,0,0,0,0,-,-,33.47758865356445,-117.11174011230467,RIVERSIDE,TEMECULA,-117.11172485351563,33.477596282958984
8140591,2016,2016-10-07,3300,2016-09-21,0730,N2988,604A1,3,5,6,3394,0,0,0,NA,0,MV42,EUCALYPTUS AV,NASON ST,584,W,N,A,-,N,NA,NA,NA,NA,NA,NA,NA,NA,NA,Y,4,0,1,2,A,-,09,21801,A,N,D,C,A,A,H,-,A,D,0,NA,NA,NA,NA,Y,NA,A,01,0,0,1,0,0,0,0,0,0,-,-,33.93182,-117.19134,RIVERSIDE,MORENO VALLEY,-117.19344915,33.93180472
81408505,2021,2021-02-16,3300,2021-02-02,1803,4808,920E,2,5,4,3314,0,0,0,NA,0,072,STATE ST,RAMONA BLVD,0,NA,Y,A,-,N,NA,NA,NA,NA,NA,NA,NA,NA,NA,Y,4,0,2,2,A,-,12,21453,A,N,A,C,A,A,H,-,C,A,0,NA,NA,NA,NA,Y,NA,D,22,0,0,2,0,0,0,0,0,0,-,-,33.794368743896484,-116.9714126586914,RIVERSIDE,SAN JACINTO,-116.97151947021484,33.794307708740234
81413150,2020,2021-02-23,3300,2020-11-12,0647,4071,603 A,4,5,6,3394,0,0,0,NA,0,MV32,ALESSANDRO BLVD,FREDERICK ST,0,NA,Y,A,-,N,NA,NA,NA,NA,NA,NA,NA,NA,NA,Y,1,1,1,3,A,-,03,22350,NA,N,C,C,A,A,H,-,A,A,0,NA,NA,NA,NA,Y,NA,A,01,1,0,0,0,0,0,0,0,0,-,-,33.9173698425293,-117.26114654541016,RIVERSIDE,MORENO VALLEY,-117.26113128662108,33.91727828979492
81418449,2021,2021-03-02,3300,2021-02-19,1656,5632,916A,5,5,4,3312,0,0,0,NA,0,031,3060 WILSON AVE,RIDER ST,0,NA,Y,A,-,N,NA,NA,NA,NA,NA,NA,NA,NA,NA,N,4,0,3,2,A,-,08,22105,NA,N,B,C,A,A,H,-,A,D,0,NA,NA,NA,NA,Y,NA,A,01,0,0,3,0,0,0,0,0,0,-,-,33.83005905151367,-117.21309661865234,RIVERSIDE,PERRIS,-117.2130126953125,33.83017349243164