CASE_ID,ACCIDENT_YEAR,PROC_DATE,JURIS,COLLISION_DATE,COLLISION_TIME,OFFICER_ID,REPORTING_DISTRICT,DAY_OF_WEEK,CHP_SHIFT,POPULATION,CNTY_CITY_LOC,SPECIAL_COND,BEAT_TYPE,CHP_BEAT_TYPE,CITY_DIVISION_LAPD,CHP_BEAT_CLASS,BEAT_NUMBER,PRIMARY_RD,SECONDARY_RD,DISTANCE,DIRECTION,INTERSECTION,WEATHER_1,WEATHER_2,STATE_HWY_IND,CALTRANS_COUNTY,CALTRANS_DISTRICT,STATE_ROUTE,ROUTE_SUFFIX,POSTMILE_PREFIX,POSTMILE,LOCATION_TYPE,RAMP_INTERSECTION,SIDE_OF_HWY,TOW_AWAY,COLLISION_SEVERITY,NUMBER_KILLED,NUMBER_INJURED,PARTY_COUNT,PRIMARY_COLL_FACTOR,PCF_CODE_OF_VIOL,PCF_VIOL_CATEGORY,PCF_VIOLATION,PCF_VIOL_SUBSECTION,HIT_AND_RUN,TYPE_OF_COLLISION,MVIW,PED_ACTION,ROAD_SURFACE,ROAD_COND_1,ROAD_COND_2,LIGHTING,CONTROL_DEVICE,CHP_ROAD_TYPE,PEDESTRIAN_ACCIDENT,BICYCLE_ACCIDENT,MOTORCYCLE_ACCIDENT,TRUCK_ACCIDENT,NOT_PRIVATE_PROPERTY,ALCOHOL_INVOLVED,STWD_VEHTYPE_AT_FAULT,CHP_VEHTYPE_AT_FAULT,COUNT_SEVERE_INJ,COUNT_VISIBLE_INJ,COUNT_COMPLAINT_PAIN,COUNT_PED_KILLED,COUNT_PED_INJURED,COUNT_BICYCLIST_KILLED,COUNT_BICYCLIST_INJURED,COUNT_MC_KILLED,COUNT_MC_INJURED,PRIMARY_RAMP,SECONDARY_RAMP,LATITUDE,LONGITUDE,COUNTY,CITY,POINT_X,POINT_Y
82094064,2023,2023-06-15,3300,2023-02-20,1544,5397,905M,1,5,4,3307,0,0,0,NA,0,093,GUNNERSON ST,DE BRASK AVE,0,NA,Y,A,-,N,NA,NA,NA,NA,NA,NA,NA,NA,NA,N,3,0,1,2,A,-,21,22106,NA,N,D,C,A,A,H,-,A,D,0,NA,NA,NA,NA,Y,NA,A,07,0,1,0,0,0,0,0,0,0,-,-,33.692378997802734,-117.35706329345705,RIVERSIDE,LAKE ELSINORE,-117.35771942138672,33.69054412841797
82094197,2023,2023-06-15,3300,2023-04-07,1639,4024,WI 80,5,5,3,3343,0,0,0,NA,0,080,LOST RD,FLOWERHILL DR,2640,S,N,A,-,N,NA,NA,NA,NA,NA,NA,NA,NA,NA,Y,3,0,1,1,A,-,03,22350,NA,N,F,A,A,A,A,B,A,D,0,NA,NA,NA,NA,Y,NA,A,01,0,1,0,0,0,0,0,0,0,-,-,33.656280517578125,-117.2577896118164,RIVERSIDE,WILDOMAR,-117.25936126708984,33.64958953857422
82095225,2023,2023-06-16,3300,2023-06-01,1612,N4187,916D,4,5,4,3312,0,0,0,NA,0,035,SAN JACINTO AV,D ST,197,W,N,A,-,N,NA,NA,NA,NA,NA,NA,NA,NA,NA,N,4,0,1,2,A,-,03,22350,NA,N,C,C,A,A,H,-,A,D,0,NA,NA,NA,NA,Y,NA,A,01,0,0,1,0,0,0,0,0,0,-,-,33.78656005859375,-117.22812652587892,RIVERSIDE,PERRIS,-117.22821044921876,33.78656005859375
82109254,2023,2023-07-04,3313,2023-06-07,1701,1718,5,3,5,7,3313,0,0,0,NA,0,3R56,ARLINGTON AVE,TYLER ST,0,NA,Y,A,-,N,NA,NA,NA,NA,NA,NA,NA,NA,NA,Y,4,0,1,2,A,-,09,21800,A,N,D,C,A,A,H,-,A,D,0,NA,NA,NA,NA,Y,NA,D,22,0,0,1,0,0,0,0,0,0,-,-,33.946441650390625,-117.47750854492188,RIVERSIDE,RIVERSIDE,-117.47762298583984,33.94656753540039
82110478,2023,2023-07-06,3349,2023-06-30,1810,615,NA,5,5,5,3341,0,0,0,NA,0,005,MOUNTAIN VIEW PL,NORMA DR,0,NA,Y,A,-,N,NA,NA,NA,NA,NA,NA,NA,NA,NA,N,3,0,1,2,A,-,12,22450,A,N,D,G,A,A,H,-,A,D,0,NA,Y,NA,NA,Y,NA,L,04,0,1,0,0,0,0,1,0,0,-,-,33.702239990234375,-117.24874114990234,RIVERSIDE,MENIFEE,-117.2492904663086,33.702388763427734
82114474,2023,2023-07-12,3300,2023-06-06,2236,4724,916B,2,5,4,3312,0,0,0,NA,0,032,NUEVO RD,REDLANDS AV,0,NA,Y,A,-,N,NA,NA,NA,NA,NA,NA,NA,NA,NA,Y,4,0,1,2,-,-,-,NA,NA,N,A,C,A,A,H,-,C,A,0,NA,NA,NA,NA,Y,NA,-,-,0,0,1,0,0,0,0,0,0,-,-,33.80112075805664,-117.2174072265625,RIVERSIDE,PERRIS,-117.21739959716795,33.801109313964844
82114496,2023,2023-07-12,3300,2023-07-08,2213,6164,001B,6,5,6,3345,0,0,0,NA,0,010,RUBIDOUX BL,30TH ST,0,NA,Y,A,-,N,NA,NA,NA,NA,NA,NA,NA,NA,NA,Y,3,0,4,2,A,-,09,21801,A,N,D,C,A,A,H,-,C,A,0,NA,NA,NA,NA,Y,NA,A,01,0,4,0,0,0,0,0,0,0,-,-,34.005279541015625,-117.39974975585938,RIVERSIDE,JURUPA VALLEY,-117.40078735351563,34.0041618347168
82120335,2023,2023-07-19,3300,2023-07-13,1441,6234,916A,4,5,4,3312,0,0,0,NA,0,031,RAMONA EXPRESSWAY,CENTER ST,0,NA,Y,A,-,N,NA,NA,NA,NA,NA,NA,NA,NA,NA,Y,3,0,1,2,A,-,12,21453,A,N,D,C,A,A,H,-,A,A,0,NA,NA,NA,NA,Y,NA,A,01,0,1,0,0,0,0,0,0,0,-,-,33.8443717956543,-117.20406341552734,RIVERSIDE,PERRIS,-117.20413208007813,33.84453582763672
82131467,2023,2023-07-31,3313,2023-07-18,1628,1880,1,2,5,7,3313,0,0,0,NA,0,M10,PALM AVE,BANDINI AVE,0,NA,Y,A,-,N,NA,NA,NA,NA,NA,NA,NA,NA,NA,N,4,0,2,2,A,-,12,21453,A,N,D,C,A,A,H,-,A,A,0,NA,NA,NA,NA,Y,NA,A,01,0,0,2,0,0,0,0,0,0,-,-,33.969669342041016,-117.39594268798828,RIVERSIDE,RIVERSIDE,-117.39592742919922,33.96965408325195
82135815,2023,2023-08-04,3300,2023-02-01,2333,5329,002R,3,5,6,3345,0,0,0,NA,0,024,LIMONITE AV,HOMESTEAD ST,69,W,N,A,-,N,NA,NA,NA,NA,NA,NA,NA,NA,NA,N,4,0,1,2,A,-,08,22107,NA,N,D,C,A,A,C,-,C,D,0,NA,NA,NA,Y,Y,NA,F,26,0,0,1,0,0,0,0,0,0,-,-,33.97536849975586,-117.49327087402344,RIVERSIDE,JURUPA VALLEY,-117.4933853149414,33.975521087646484
82142574,2023,2023-08-14,3315,2023-08-04,2043,004651,4A,5,5,6,3315,0,0,0,NA,0,004,TENTH ST,BORDER AV,0,NA,Y,A,-,N,NA,NA,NA,NA,NA,NA,NA,NA,NA,Y,2,0,2,2,A,-,12,21453,A,N,A,C,A,A,H,-,C,A,0,NA,NA,NA,NA,Y,NA,A,01,1,0,1,0,0,0,0,0,0,-,-,33.8731803894043,-117.58939361572266,RIVERSIDE,CORONA,-117.5893096923828,33.8739013671875
82145861,2023,2023-11-13,3300,2023-07-04,653,5059,603 B,2,5,6,3394,0,0,0,NA,0,MV34,IRIS AVE,PERRIS BLVD,259,E,N,A,-,N,NA,NA,NA,NA,NA,NA,NA,NA,NA,N,1,1,0,2,A,-,11,21950,B,N,G,B,D,A,H,-,A,A,0,Y,NA,NA,NA,Y,NA,N,60,0,0,0,1,0,0,0,0,0,-,-,33.88833999633789,-117.22621917724608,RIVERSIDE,MORENO VALLEY,-117.22544860839844,33.88842010498047
82150931,2023,2023-08-23,3349,2023-08-16,1930,486,NA,3,5,5,3341,0,0,0,NA,0,004,MURRIETA RD,PUERTO VALLARTA WAY,0,NA,Y,A,-,N,NA,NA,NA,NA,NA,NA,NA,NA,NA,N,3,0,2,2,A,-,01,23152,A,N,A,C,A,A,H,-,B,A,0,NA,NA,NA,NA,Y,NA,-,-,0,2,0,0,0,0,0,0,0,-,-,33.68046188354492,-117.20588684082033,RIVERSIDE,MENIFEE,-117.20613098144533,33.68049240112305
82154917,2023,2023-08-28,3313,2023-06-27,2232,2066,5,2,5,7,3313,0,0,0,NA,0,1R51,LA SIERRA AVE,NORWOOD AVE,0,NA,Y,A,-,N,NA,NA,NA,NA,NA,NA,NA,NA,NA,N,4,0,3,2,A,-,12,21453,A,N,D,C,A,A,H,-,C,A,0,NA,NA,NA,NA,Y,NA,A,01,0,0,3,0,0,0,0,0,0,-,-,33.92319107055664,-117.49109649658205,RIVERSIDE,RIVERSIDE,-117.49132537841795,33.923240661621094
82157931,2023,2023-08-30,3306,2023-08-14,1542,2547,NA,1,5,3,3306,0,0,0,NA,0,NA,FLORA AVE,OCOTILLO RD,0,NA,Y,A,-,N,NA,NA,NA,NA,NA,NA,NA,NA,NA,N,4,0,1,2,A,-,09,21802,A,N,B,C,A,A,H,-,A,A,0,NA,NA,NA,NA,Y,NA,D,22,0,0,1,0,0,0,0,0,0,-,-,NA,NA,RIVERSIDE,DESERT HOT SPRINGS,-116.49903869628906,33.955955505371094
82158022,2023,2023-08-30,3311,2023-07-28,2225,16343,NA,5,5,4,3311,0,0,0,NA,0,003,ALEJO ROAD,PALM CANYON DRIVE N,5,E,N,A,-,N,NA,NA,NA,NA,NA,NA,NA,NA,NA,Y,3,0,1,1,A,-,03,22350,NA,F,F,A,A,A,H,-,C,A,0,NA,NA,Y,NA,Y,NA,C,02,0,1,0,0,0,0,0,0,1,-,-,33.83042907714844,-116.54680633544922,RIVERSIDE,PALM SPRINGS,-116.54680633544922,33.830299377441406
82160407,2023,2023-09-01,3308,2023-07-29,838,10874,536,6,5,5,3308,0,0,0,NA,0,SOUTH,PALM AVE,MAYBERRY AVE,0,NA,Y,A,-,N,NA,NA,NA,NA,NA,NA,NA,NA,NA,Y,3,0,1,2,A,-,00,20002,A,F,D,C,A,A,H,-,A,D,0,NA,NA,NA,NA,Y,Y,-,99,0,1,0,0,0,0,0,0,0,-,-,33.73820114135742,-116.97695922851563,RIVERSIDE,HEMET,-116.98033142089844,33.74021530151367
82165327,2023,2023-09-08,3313,2023-08-18,1258,1686,1,5,5,7,3313,0,0,0,NA,0,T58,FIFTH ST,LEMON ST,0,NA,Y,A,-,N,NA,NA,NA,NA,NA,NA,NA,NA,NA,Y,4,0,2,2,A,-,09,21802,A,N,D,C,A,A,H,-,A,A,0,NA,NA,NA,NA,Y,NA,A,01,0,0,2,0,0,0,0,0,0,-,-,33.98374938964844,-117.37026977539063,RIVERSIDE,RIVERSIDE,-117.3701629638672,33.983802795410156
82167806,2023,2023-09-12,3349,2023-08-23,732,327,NA,3,5,5,3341,0,0,0,NA,0,002,MCCALL BLVD,SHERMAN RD,664,E,N,A,-,N,NA,NA,NA,NA,NA,NA,NA,NA,NA,Y,3,0,2,2,A,-,09,21801,A,N,D,C,A,A,H,-,A,D,0,NA,NA,NA,NA,Y,NA,A,07,0,2,0,0,0,0,0,0,0,-,-,33.71575927734375,-117.18020629882813,RIVERSIDE,MENIFEE,-117.17838287353516,33.71689224243164
82177643,2023,2023-09-25,3349,2023-08-11,1728,466,NA,5,5,5,3341,0,0,0,NA,0,001,HIGHWAY 74,MCKINLEY,32,W,N,A,-,N,NA,NA,NA,NA,NA,NA,NA,NA,NA,Y,4,0,1,1,A,-,03,22350,NA,N,E,I,A,A,H,-,A,A,0,NA,NA,NA,NA,Y,NA,A,01,0,0,1,0,0,0,0,0,0,-,-,NA,NA,RIVERSIDE,MENIFEE,NA,NA
82177899,2023,2023-09-25,3300,2023-09-18,1125,3455,87E1,1,5,2,3316,0,0,0,NA,0,J87,HWY 111,INDIAN WELLS LN,46,E,N,A,-,N,NA,NA,NA,NA,NA,NA,NA,NA,NA,N,4,0,1,2,A,-,03,22350,NA,N,C,C,A,A,D,-,A,A,0,NA,NA,NA,NA,Y,NA,A,07,0,0,1,0,0,0,0,0,0,-,-,33.72140884399414,-116.33026885986328,RIVERSIDE,INDIAN WELLS,-116.32991027832033,33.721580505371094
82177905,2023,2023-09-25,3300,2023-09-18,1713,5515,24C4,1,5,3,3317,0,0,0,NA,0,S24,DINAH SHORE DR,SHOPPERS LN,0,NA,Y,A,-,N,NA,NA,NA,NA,NA,NA,NA,NA,NA,Y,3,0,1,2,A,-,12,21457,A,N,A,C,A,A,H,-,A,A,0,NA,NA,NA,NA,Y,NA,A,01,0,1,0,0,0,0,0,0,0,-,-,33.80175018310547,-116.39054870605467,RIVERSIDE,RANCHO MIRAGE,-116.39054870605467,33.80175018310547
82186475,2023,2023-10-02,3300,2023-09-27,605,N4883,901C,3,5,4,3310,0,0,0,NA,0,051,RIVER RD,BLUFF ST,894,N,N,A,-,N,NA,NA,NA,NA,NA,NA,NA,NA,NA,N,3,0,1,2,A,-,08,22107,NA,F,C,G,A,A,H,-,C,D,0,NA,Y,NA,NA,Y,NA,-,99,0,1,0,0,0,0,1,0,0,-,-,33.91952133178711,-117.59429931640624,RIVERSIDE,NORCO,-117.59577178955078,33.92144012451172
82193704,2023,2023-10-09,3313,2023-06-29,1804,1489,1,4,5,7,3313,0,0,0,NA,0,T44,POPLAR ST,MULBERRY ST,80,W,N,A,-,N,NA,NA,NA,NA,NA,NA,NA,NA,NA,N,4,0,1,2,A,-,09,21804,A,M,D,C,A,A,H,-,A,D,0,NA,NA,NA,NA,Y,NA,D,22,0,0,1,0,0,0,0,0,0,-,-,33.9881591796875,-117.3621826171875,RIVERSIDE,RIVERSIDE,-117.36290740966795,33.98963928222656
82206594,2023,2023-10-24,3300,2023-10-17,1852,N7341,001E,2,5,6,3345,0,0,0,NA,0,012,ARMSTRONG RD,SIERRA AV,0,NA,Y,A,-,N,NA,NA,NA,NA,NA,NA,NA,NA,NA,Y,3,0,2,2,A,-,12,21453,A,N,D,C,A,A,H,-,C,A,0,NA,NA,NA,NA,Y,NA,A,01,0,2,0,0,0,0,0,0,0,-,-,34.019920349121094,-117.42225646972656,RIVERSIDE,JURUPA VALLEY,-117.42349243164063,34.02167510986328
82228339,2023,2023-11-06,3315,2023-11-01,1652,11563,NA,3,5,6,3315,0,0,0,NA,0,NA,RAILROAD ST,OTT ST,0,NA,Y,A,-,N,NA,NA,NA,NA,NA,NA,NA,NA,NA,N,3,0,1,2,A,-,08,22107,NA,N,D,G,A,A,H,-,A,A,0,NA,Y,NA,NA,Y,NA,A,01,0,1,0,0,0,0,1,0,0,-,-,33.887760162353516,-117.58255767822266,RIVERSIDE,CORONA,-117.58262634277344,33.88773727416992
82231663,2023,2023-11-09,3300,2023-11-03,2148,5059,604 A,5,5,6,3394,0,0,0,NA,0,MV42,NASON ST,FIR AVE,80,S,N,A,-,N,NA,NA,NA,NA,NA,NA,NA,NA,NA,Y,4,0,2,4,A,-,03,22350,NA,N,C,C,A,A,H,-,C,A,0,NA,NA,NA,NA,Y,NA,A,01,0,0,2,0,0,0,0,0,0,-,-,33.93545150756836,-117.19129180908205,RIVERSIDE,MORENO VALLEY,-117.1916275024414,33.93524169921875
82241191,2023,2023-11-21,3300,2023-11-17,457,6317,916A,5,5,4,3312,0,0,0,NA,0,031,RAMONA EXPRESSWAY,EVANS RD,0,NA,Y,E,-,N,NA,NA,NA,NA,NA,NA,NA,NA,NA,N,4,0,1,2,A,-,12,21453,A,N,D,C,A,A,H,-,C,A,0,NA,NA,NA,NA,Y,NA,A,07,0,0,1,0,0,0,0,0,0,-,-,33.8443717956543,-117.20861053466795,RIVERSIDE,PERRIS,-117.208740234375,33.844642639160156
82243745,2023,2023-11-27,3313,2023-10-16,720,1389,5,1,5,7,3313,0,0,0,NA,0,T53,VAN BUREN BLVD,MORRIS ST,555,S,N,A,-,N,NA,NA,NA,NA,NA,NA,NA,NA,NA,N,4,0,2,2,A,-,09,21802,A,M,C,C,A,A,H,-,A,A,0,NA,NA,NA,NA,Y,NA,I,12,0,0,2,0,0,0,0,0,0,-,-,33.9528694152832,-117.45453643798828,RIVERSIDE,RIVERSIDE,-117.45400238037108,33.951297760009766
82245922,2023,2023-11-28,3300,2023-11-16,1606,6161,910E,4,5,5,3335,0,0,0,NA,0,061,JEFFERSON AV,OVERLAND DR,650,N,N,A,-,N,NA,NA,NA,NA,NA,NA,NA,NA,NA,N,4,0,1,2,A,-,03,22350,NA,N,C,C,A,A,H,-,A,A,0,NA,NA,NA,NA,Y,NA,A,01,0,0,1,0,0,0,0,0,0,-,-,33.51676940917969,-117.1611328125,RIVERSIDE,TEMECULA,-117.16246795654295,33.51814270019531
82247260,2023,2023-11-29,3300,2023-11-18,610,N7713,36P3,6,5,4,3318,0,0,0,NA,0,T36,FRED WARING DR,SAN PABLO AVE,0,NA,Y,B,-,N,NA,NA,NA,NA,NA,NA,NA,NA,NA,N,3,0,1,2,A,-,09,21453,B,N,D,G,A,B,H,-,A,A,0,NA,Y,NA,NA,Y,NA,A,01,0,1,0,0,0,0,1,0,0,-,-,33.72882080078125,-116.38250732421876,RIVERSIDE,PALM DESERT,-116.38253021240234,33.728878021240234
82248710,2023,2023-11-30,3313,2023-09-17,20,2146,2,7,5,7,3313,0,0,0,NA,0,1R29,BLAINE ST,IOWA AVE,164,W,N,A,-,N,NA,NA,NA,NA,NA,NA,NA,NA,NA,Y,2,0,2,2,A,-,05,21650,NA,F,A,C,A,A,H,-,C,A,0,NA,NA,NA,NA,Y,Y,A,01,1,1,0,0,0,0,0,0,0,-,-,33.98303985595703,-117.3400421142578,RIVERSIDE,RIVERSIDE,-117.34043884277344,33.98299026489258
82255788,2023,2023-12-07,3313,2023-10-07,200,1783,5,6,5,7,3313,0,0,0,NA,0,M18,GRANMERE CT,FRUITWOOD DR,115,W,N,A,-,N,NA,NA,NA,NA,NA,NA,NA,NA,NA,N,4,0,1,3,A,-,01,23152,A,M,B,E,A,A,H,-,C,D,0,NA,NA,NA,NA,Y,NA,A,01,0,0,1,0,0,0,0,0,0,-,-,33.890968322753906,-117.47920989990234,RIVERSIDE,RIVERSIDE,-117.47943878173828,33.890865325927734
82258030,2023,2023-12-11,3313,2023-10-28,2310,1866,4,6,5,7,3313,0,0,0,NA,0,1R43,COLORADO AVE,JACKSON ST,0,NA,Y,A,-,N,NA,NA,NA,NA,NA,NA,NA,NA,NA,N,3,0,1,2,A,-,03,22350,NA,F,D,G,A,A,H,-,C,A,0,NA,Y,NA,NA,Y,NA,-,99,0,1,0,0,0,0,1,0,0,-,-,33.937049865722656,-117.44921112060548,RIVERSIDE,RIVERSIDE,-117.44929504394533,33.93696594238281
82273025,2023,2023-12-28,3300,2023-12-14,1725,5329,002N,4,5,6,3345,0,0,0,NA,0,022,WINEVILLE RD,LANDON DR,0,NA,Y,A,-,N,NA,NA,NA,NA,NA,NA,NA,NA,NA,Y,2,0,1,2,A,-,03,22350,NA,N,A,C,A,A,H,-,C,A,0,NA,NA,Y,NA,Y,NA,C,02,1,0,0,0,0,0,0,0,1,-,-,33.99822998046875,-117.5420379638672,RIVERSIDE,JURUPA VALLEY,-117.54205322265624,33.99821853637695
82278573,2023,2024-01-04,3300,2023-01-29,2150,6144,002B,7,5,6,3345,0,0,0,NA,0,020,45TH ST,AGATE ST,375,E,N,B,C,N,NA,NA,NA,NA,NA,NA,NA,NA,NA,Y,3,0,1,3,A,-,01,23152,A,N,B,E,A,B,H,-,D,D,0,NA,NA,NA,NA,Y,Y,A,01,0,1,0,0,0,0,0,0,0,-,-,34.00695037841797,-117.470947265625,RIVERSIDE,JURUPA VALLEY,-117.46986389160156,34.0069465637207
82278924,2024,2024-01-04,3342,2024-01-01,1631,P898,525,1,5,4,3342,0,0,0,NA,0,005,LOS ALAMOS RD,MURRIETA GATEWAY,380,W,N,A,-,N,NA,NA,NA,NA,NA,NA,NA,NA,NA,Y,4,0,1,2,A,-,03,22350,NA,N,C,C,A,A,H,-,A,D,0,NA,NA,NA,NA,Y,NA,A,01,0,0,1,0,0,0,0,0,0,-,-,33.57453155517578,-117.17799377441406,RIVERSIDE,MURRIETA,-117.19102478027344,33.56498336791992
82286452,2023,2024-01-15,3308,2023-12-06,1833,10877,NA,3,5,5,3308,0,0,0,NA,0,SOUTH,STATE ST,ACACIA AVE,0,NA,Y,A,-,N,NA,NA,NA,NA,NA,NA,NA,NA,NA,Y,3,0,1,2,A,-,12,21453,A,N,B,C,A,A,H,-,C,A,0,NA,NA,NA,NA,Y,NA,A,01,0,1,0,0,0,0,0,0,0,-,-,NA,NA,RIVERSIDE,HEMET,-116.97164154052734,33.743896484375
82286529,2023,2024-01-15,3349,2023-12-22,928,585,NA,5,5,5,3341,0,0,0,NA,0,004,NEWPORT RD,SANTA ROSALIA DR,0,NA,Y,A,-,N,NA,NA,NA,NA,NA,NA,NA,NA,NA,Y,3,0,1,3,A,-,09,21802,A,N,B,C,A,A,H,-,A,A,0,NA,NA,NA,NA,Y,NA,A,07,0,1,0,0,0,0,0,0,0,-,-,33.68503189086914,-117.2021026611328,RIVERSIDE,MENIFEE,-117.2021713256836,33.68503952026367
82287306,2024,2024-01-16,3300,2024-01-02,1544,N7633,NA,2,5,4,3318,0,0,0,NA,0,T30,FRED WARING DR,TOWN CENTER WAY,52,W,N,A,-,N,NA,NA,NA,NA,NA,NA,NA,NA,NA,Y,4,0,2,2,A,-,03,22350,NA,N,C,C,A,A,H,-,A,A,0,NA,NA,NA,NA,Y,NA,D,22,0,0,2,0,0,0,0,0,0,-,-,33.728660583496094,-116.39849853515624,RIVERSIDE,PALM DESERT,-116.39853668212892,33.728538513183594
82288680,2024,2024-01-17,3300,2024-01-13,740,3618,NA,6,5,4,3314,0,0,0,NA,0,NA,RAMONA BLVD,2ND ST,0,NA,Y,A,-,N,NA,NA,NA,NA,NA,NA,NA,NA,NA,N,4,0,1,2,A,-,10,21950,A,F,G,B,B,A,H,-,A,A,0,Y,NA,NA,NA,Y,Y,A,01,0,0,1,0,1,0,0,0,0,-,-,33.785789489746094,-116.96112823486328,RIVERSIDE,SAN JACINTO,-116.96116638183594,33.78578567504883
82289883,2023,2024-01-18,3300,2023-08-19,849,6226,NA,6,5,4,3314,0,0,0,NA,0,070,SANDERSON AVE,RAMONA EXPY (W),0,NA,Y,A,-,N,NA,NA,NA,NA,NA,NA,NA,NA,NA,Y,4,0,3,4,A,-,03,22350,NA,N,C,C,A,A,H,-,A,A,0,NA,NA,NA,Y,Y,NA,B,01,0,0,3,0,0,0,0,0,0,-,-,33.82381057739258,-117.00692749023438,RIVERSIDE,SAN JACINTO,-117.00359344482422,33.82354736328125
82295597,2023,2024-01-24,3313,2023-12-28,1314,2190,NA,4,5,7,3313,0,0,0,NA,0,T74,MAGNOLIA AVE,CROWELL AVE,0,NA,Y,A,-,N,NA,NA,NA,NA,NA,NA,NA,NA,NA,Y,4,0,1,2,A,-,09,21801,A,N,D,C,A,A,H,-,A,A,0,NA,NA,NA,NA,Y,NA,D,22,0,0,1,0,0,0,0,0,0,-,-,33.933780670166016,-117.4216766357422,RIVERSIDE,RIVERSIDE,-117.42141723632813,33.934715270996094
82300367,2024,2024-01-30,3349,2024-01-16,1720,682,NA,2,5,5,3341,0,0,0,NA,0,001,ETHANAC RD,SHERMAN RD,191,W,N,A,-,N,NA,NA,NA,NA,NA,NA,NA,NA,NA,Y,4,0,2,2,A,-,09,21801,A,N,D,C,A,A,H,-,D,D,0,NA,NA,NA,NA,Y,NA,D,22,0,0,2,0,0,0,0,0,0,-,-,NA,NA,RIVERSIDE,MENIFEE,-117.18107604980467,33.74296188354492
82303654,2024,2024-02-02,3315,2024-01-24,1354,003134,14B,3,5,6,3315,0,0,0,NA,0,004,FOOTHILL PY,LINCOLN AV,0,NA,Y,B,-,N,NA,NA,NA,NA,NA,NA,NA,NA,NA,Y,4,0,1,2,A,-,08,22107,NA,N,B,C,A,A,H,-,A,A,0,NA,NA,NA,NA,Y,NA,A,01,0,0,1,0,0,0,0,0,0,-,-,33.843910217285156,-117.58804321289063,RIVERSIDE,CORONA,-117.58795166015624,33.844024658203125
82304428,2023,2024-02-05,3300,2023-12-22,138,5665,NA,5,5,6,3394,0,0,0,NA,0,MV26,SUNNYMEAD BLVD,PERRIS BLVD,0,NA,Y,C,-,N,NA,NA,NA,NA,NA,NA,NA,NA,NA,N,4,0,3,2,A,-,08,22107,NA,N,B,C,A,B,H,-,C,A,0,NA,NA,NA,Y,Y,Y,A,01,0,0,3,0,0,0,0,0,0,-,-,33.939090728759766,-117.22646331787108,RIVERSIDE,MORENO VALLEY,-117.22637939453124,33.939117431640625
82304433,2024,2024-02-05,3300,2024-01-31,1825,4867,NA,3,5,6,3394,0,0,0,NA,0,MV28,PERRIS BLVD,EUCALYPTUS AVE,150,S,N,B,-,N,NA,NA,NA,NA,NA,NA,NA,NA,NA,N,4,0,1,2,A,-,03,22350,NA,N,C,C,A,A,H,-,C,A,0,NA,NA,NA,NA,Y,NA,A,01,0,0,1,0,0,0,0,0,0,-,-,33.93165969848633,-117.2261199951172,RIVERSIDE,MORENO VALLEY,-117.22628784179688,33.93136978149414
82308511,2024,2024-02-08,3300,2024-01-30,2214,N7633,30E1,2,5,4,3318,0,0,0,NA,0,T30,HWY 111,SAN PABLO AVE,54,E,N,A,-,N,NA,NA,NA,NA,NA,NA,NA,NA,NA,N,4,0,1,2,A,-,03,22350,NA,F,C,C,A,A,H,-,C,A,0,NA,NA,NA,NA,Y,NA,D,22,0,0,1,0,0,0,0,0,0,-,-,33.72140884399414,-116.3825225830078,RIVERSIDE,PALM DESERT,-116.38233184814452,33.72160720825195
82320129,2024,2024-02-22,3315,2024-02-21,1735,005167,NA,3,5,6,3315,0,0,0,NA,0,001,BUENA VISTA AV,TENTH ST,50,N,N,A,-,N,NA,NA,NA,NA,NA,NA,NA,NA,NA,Y,4,0,2,2,A,-,09,21801,A,N,D,C,A,A,H,-,A,D,0,NA,NA,NA,NA,Y,NA,A,01,0,0,2,0,0,0,0,0,0,-,-,33.87247848510742,-117.57837677001952,RIVERSIDE,CORONA,-117.57826995849608,33.87257766723633
82327097,2023,2024-03-04,3300,2023-10-03,617,6107,NA,2,5,6,3394,0,0,0,NA,0,NA,PERRIS BLVD,DELPHINIUM AVE,188,S,N,A,-,N,NA,NA,NA,NA,NA,NA,NA,NA,NA,N,2,0,1,2,A,-,11,21954,A,N,G,B,D,A,H,-,C,A,0,Y,NA,NA,NA,Y,NA,N,60,1,0,0,0,1,0,0,0,0,-,-,33.936309814453125,-117.22648620605467,RIVERSIDE,MORENO VALLEY,-117.22631072998048,33.9058837890625
82327990,2023,2024-03-04,3300,2023-06-27,2207,5783,401B,2,5,4,3310,0,0,0,NA,0,051,HIDDEN VALLEY PY,PELICAN LN,60,W,N,A,-,N,NA,NA,NA,NA,NA,NA,NA,NA,NA,Y,1,1,0,1,A,-,03,22350,NA,N,E,I,A,A,H,-,C,A,0,NA,NA,Y,NA,Y,NA,C,02,0,0,0,0,0,0,0,1,0,-,-,33.897098541259766,-117.54206085205078,RIVERSIDE,NORCO,-117.54186248779295,33.897239685058594