CASE_ID,ACCIDENT_YEAR,PROC_DATE,JURIS,COLLISION_DATE,COLLISION_TIME,OFFICER_ID,REPORTING_DISTRICT,DAY_OF_WEEK,CHP_SHIFT,POPULATION,CNTY_CITY_LOC,SPECIAL_COND,BEAT_TYPE,CHP_BEAT_TYPE,CITY_DIVISION_LAPD,CHP_BEAT_CLASS,BEAT_NUMBER,PRIMARY_RD,SECONDARY_RD,DISTANCE,DIRECTION,INTERSECTION,WEATHER_1,WEATHER_2,STATE_HWY_IND,CALTRANS_COUNTY,CALTRANS_DISTRICT,STATE_ROUTE,ROUTE_SUFFIX,POSTMILE_PREFIX,POSTMILE,LOCATION_TYPE,RAMP_INTERSECTION,SIDE_OF_HWY,TOW_AWAY,COLLISION_SEVERITY,NUMBER_KILLED,NUMBER_INJURED,PARTY_COUNT,PRIMARY_COLL_FACTOR,PCF_CODE_OF_VIOL,PCF_VIOL_CATEGORY,PCF_VIOLATION,PCF_VIOL_SUBSECTION,HIT_AND_RUN,TYPE_OF_COLLISION,MVIW,PED_ACTION,ROAD_SURFACE,ROAD_COND_1,ROAD_COND_2,LIGHTING,CONTROL_DEVICE,CHP_ROAD_TYPE,PEDESTRIAN_ACCIDENT,BICYCLE_ACCIDENT,MOTORCYCLE_ACCIDENT,TRUCK_ACCIDENT,NOT_PRIVATE_PROPERTY,ALCOHOL_INVOLVED,STWD_VEHTYPE_AT_FAULT,CHP_VEHTYPE_AT_FAULT,COUNT_SEVERE_INJ,COUNT_VISIBLE_INJ,COUNT_COMPLAINT_PAIN,COUNT_PED_KILLED,COUNT_PED_INJURED,COUNT_BICYCLIST_KILLED,COUNT_BICYCLIST_INJURED,COUNT_MC_KILLED,COUNT_MC_INJURED,PRIMARY_RAMP,SECONDARY_RAMP,LATITUDE,LONGITUDE,COUNTY,CITY,POINT_X,POINT_Y
8536790,2018,2018-01-29,3315,2018-01-11,1957,002661,1E,4,5,6,3315,0,0,0,NA,0,001,RINCON ST,LINCOLN AV,200,W,N,A,-,N,NA,NA,NA,NA,NA,NA,NA,NA,NA,Y,4,0,1,1,A,-,01,23152,G,M,E,I,A,A,H,-,D,D,0,NA,NA,NA,NA,Y,NA,-,NA,0,0,1,0,0,0,0,0,0,-,-,33.892459869384766,-117.57843017578124,RIVERSIDE,CORONA,-117.57895660400392,33.89265060424805
8538465,2018,2018-01-31,3311,2018-01-14,1854,15397,3311,7,5,4,3311,0,0,0,NA,0,006,EAST RAMON RD,SOUTH EL CIELO,141,W,N,A,-,N,NA,NA,NA,NA,NA,NA,NA,NA,NA,Y,4,0,2,2,A,-,01,23152,A,N,C,C,A,A,H,-,C,A,0,NA,NA,NA,NA,Y,Y,A,01,0,0,2,0,0,0,0,0,0,-,-,NA,NA,RIVERSIDE,PALM SPRINGS,-116.51111602783205,33.81589889526367
8539186,2017,2018-01-30,3308,2017-12-13,1201,10655,573,3,5,5,3308,0,0,0,NA,0,SOUTH,DOMENIGONI PKWY,WARREN RD,83,E,N,A,-,N,NA,NA,NA,NA,NA,NA,NA,NA,NA,Y,4,0,2,2,A,-,03,22350,NA,N,C,C,A,A,H,-,A,A,0,NA,NA,NA,NA,Y,NA,A,01,0,0,2,0,0,0,0,0,0,-,-,NA,NA,RIVERSIDE,HEMET,-117.03373178,33.70448409
8542564,2018,2018-02-02,3300,2018-01-09,1910,3613,506C,2,5,5,3341,0,0,0,NA,0,056,NEWPORT RD,MURPHY RD,35,W,N,B,-,N,NA,NA,NA,NA,NA,NA,NA,NA,NA,N,4,0,1,2,A,-,03,22350,NA,M,C,C,A,B,H,-,C,A,0,NA,NA,NA,NA,Y,NA,A,01,0,0,1,0,0,0,0,0,0,-,-,33.683658599853516,-117.21430206298828,RIVERSIDE,MENIFEE,NA,NA
8550676,2018,2018-02-10,3313,2018-01-23,0051,1865,1,2,5,7,3313,0,0,0,NA,0,1R13,BANDINI AV,BROCKTON AV,172,W,N,A,-,N,NA,NA,NA,NA,NA,NA,NA,NA,NA,Y,3,0,1,2,A,-,08,22107,NA,M,B,E,A,A,H,-,C,D,0,NA,NA,NA,NA,Y,NA,A,01,0,1,0,0,0,0,0,0,0,-,-,33.96786880493164,-117.39215087890624,RIVERSIDE,RIVERSIDE,-117.39260864257813,33.96812438964844
8553884,2018,2018-02-21,3315,2018-02-07,1843,003166,15B,3,5,6,3315,0,0,0,NA,0,003,RIMPAU AV,VALENCIA RD,0,NA,Y,A,-,N,NA,NA,NA,NA,NA,NA,NA,NA,NA,N,3,0,2,2,A,-,12,22450,A,N,D,C,A,A,H,-,C,A,0,NA,NA,NA,NA,Y,NA,A,01,0,1,1,0,0,0,0,0,0,-,-,33.832000732421875,-117.55155181884766,RIVERSIDE,CORONA,-117.55168151855467,33.83195114135742
8559601,2018,2018-03-08,3313,2018-01-21,1230,1849,5,7,5,7,3313,0,0,0,NA,0,2R57,JONES AV,WELLS AV,360,N,N,A,-,N,NA,NA,NA,NA,NA,NA,NA,NA,NA,N,4,0,2,2,A,-,09,21804,A,N,D,C,A,A,H,-,A,D,0,NA,NA,NA,NA,Y,NA,D,22,0,0,2,0,0,0,0,0,0,-,-,33.924991607666016,-117.47781372070313,RIVERSIDE,RIVERSIDE,-117.47756958007813,33.926124572753906
8559609,2018,2018-03-08,3313,2018-01-06,0220,1894,3,6,5,7,3313,0,0,0,NA,0,NA,CANYON SPRINGS PKWY,DAY ST,207,W,N,A,-,N,NA,NA,NA,NA,NA,NA,NA,NA,NA,N,4,0,1,1,A,-,03,22350,NA,N,E,I,A,A,H,-,C,A,0,NA,NA,NA,NA,Y,NA,D,22,0,0,1,0,0,0,0,0,0,-,-,33.939571380615234,-117.27887725830078,RIVERSIDE,RIVERSIDE,-117.27965545654295,33.93967056274414
8562807,2018,2018-03-09,3300,2018-01-12,1321,N3864,602A3,5,5,6,3394,0,0,0,NA,0,022,FREDERICK ST,EUCALYPTUS AV,0,NA,Y,A,-,N,NA,NA,NA,NA,NA,NA,NA,NA,NA,Y,4,0,2,2,A,-,03,22350,NA,N,C,C,A,A,H,-,A,A,0,NA,NA,NA,NA,Y,NA,D,22,0,0,2,0,0,0,0,0,0,-,-,33.93156051635742,-117.26145935058594,RIVERSIDE,MORENO VALLEY,-117.26141357421876,33.93149948120117
8562835,2018,2018-08-07,3308,2018-02-08,2016,10515,514,4,5,5,3308,0,0,0,NA,0,SOUTH,FLORIDA AV,SANDERSON AV,148,W,N,A,-,Y,RIV,8,74,-,-,38.44,H,-,E,Y,4,0,2,4,A,-,03,22350,NA,N,C,C,A,A,H,-,C,A,0,NA,NA,NA,NA,Y,NA,D,22,0,0,2,0,0,0,0,0,0,-,-,33.74763107299805,-117.0066375732422,RIVERSIDE,HEMET,-117.00731658935548,33.74739074707031
8563774,2018,2018-03-09,3311,2018-02-15,2008,15642,3311,4,5,4,3311,0,0,0,NA,0,002,E RACQUET CLUB,NORTH SUNRISE WY,0,NA,Y,A,-,N,NA,NA,NA,NA,NA,NA,NA,NA,NA,Y,4,0,2,2,A,-,09,21801,A,N,D,C,A,A,H,-,C,A,0,NA,NA,NA,NA,Y,NA,A,01,0,0,2,0,0,0,0,0,0,-,-,NA,NA,RIVERSIDE,PALM SPRINGS,-116.52813720703124,33.85213851928711
8565977,2018,2018-03-02,3300,2018-01-29,1008,3774,603B1,1,5,6,3394,0,0,0,NA,0,034,PERRIS BL,FILAREE AV,90,S,N,A,-,N,NA,NA,NA,NA,NA,NA,NA,NA,NA,Y,4,0,3,4,A,-,03,22350,NA,N,C,C,A,A,H,-,A,D,0,NA,NA,NA,NA,Y,NA,A,01,0,0,3,0,0,0,0,0,0,-,-,33.89870834350586,-117.22615814208984,RIVERSIDE,MORENO VALLEY,-117.226318359375,33.898494720458984
8567127,2018,2018-03-06,3311,2018-01-12,1130,15480,3311,5,5,4,3311,0,0,0,NA,0,003,E TAHQUITZ CANYON,NORTH SUNRISE WY,0,NA,Y,A,-,N,NA,NA,NA,NA,NA,NA,NA,NA,NA,Y,4,0,1,2,A,-,09,21801,A,N,D,C,A,A,H,-,A,A,0,NA,NA,NA,NA,Y,NA,A,01,0,0,1,0,0,0,0,0,0,-,-,NA,NA,RIVERSIDE,PALM SPRINGS,-116.52823638916016,33.82318115234375
8570909,2018,2018-07-06,3300,2018-02-08,1950,4096,920H,4,5,4,3314,0,0,0,NA,0,074,SAN JACINTO AV,MIDWAY ST,717,S,N,A,-,N,NA,NA,NA,NA,NA,NA,NA,NA,NA,N,4,0,1,2,A,-,05,21202,A,F,H,G,A,A,H,-,C,D,0,NA,Y,NA,NA,Y,NA,L,04,0,0,1,0,0,0,1,0,0,-,-,33.76393127441406,-116.95874786376952,RIVERSIDE,SAN JACINTO,-116.95874786376952,33.76194763183594
8575076,2016,2018-03-13,3342,2016-06-16,1526,481,411,4,5,4,3342,0,0,0,NA,0,00D,JEFFERSON AV,MURRIETA HOT SPRINGS RD,882,S,N,A,-,N,NA,NA,NA,NA,NA,NA,NA,NA,NA,Y,3,0,1,2,A,-,04,21703,NA,N,B,D,A,A,H,-,A,A,0,NA,NA,Y,NA,Y,NA,C,02,0,1,0,0,0,0,0,0,1,-,-,33.55056,-117.19894,RIVERSIDE,MURRIETA,-117.19708846,33.5488713
8576649,2016,2018-03-19,3342,2016-07-20,0123,658,310,3,5,4,3342,0,0,0,NA,0,00C,ANTELOPE RD,KELLER RD,98,N,N,A,-,N,NA,NA,NA,NA,NA,NA,NA,NA,NA,Y,4,0,1,1,A,-,08,22107,NA,N,E,I,A,A,H,-,C,D,0,NA,NA,NA,NA,Y,NA,A,01,0,0,1,0,0,0,0,0,0,-,-,33.62703,-117.17042,RIVERSIDE,MURRIETA,-117.17042337,33.62730699
8579117,2018,2018-04-05,3301,2018-02-10,2017,U467,3,6,5,4,3301,0,0,0,NA,0,003,RAMSEY ST,OMAR ST,0,NA,Y,A,-,N,NA,NA,NA,NA,NA,NA,NA,NA,NA,Y,3,0,2,2,A,-,01,23152,F,N,D,C,A,A,H,-,C,D,0,NA,NA,NA,NA,Y,Y,D,22,0,2,0,0,0,0,0,0,0,-,-,33.92662048339844,-116.92405700683594,RIVERSIDE,BANNING,-116.9240264892578,33.92694854736328
8580841,2018,2018-03-23,3313,2018-03-02,1628,1881,3,5,5,7,3313,0,0,0,NA,0,3R38,ALESSANDRO BL,TRAUTWEIN RD,0,NA,Y,C,-,N,NA,NA,NA,NA,NA,NA,NA,NA,NA,Y,4,0,1,1,A,-,03,22350,NA,N,E,I,A,B,H,-,A,A,0,NA,NA,NA,NA,Y,NA,A,01,0,0,1,0,0,0,0,0,0,-,-,33.92015838623047,-117.33321380615234,RIVERSIDE,RIVERSIDE,-117.33251953125,33.918678283691406
8580849,2018,2018-03-23,3313,2018-03-04,1953,1526,4,7,5,7,3313,0,0,0,NA,0,3R42,CENTRAL AV,PHOENIX AV,0,NA,Y,A,-,N,NA,NA,NA,NA,NA,NA,NA,NA,NA,Y,4,0,1,3,A,-,12,21453,A,N,A,C,A,A,H,-,C,A,0,NA,NA,NA,NA,Y,NA,A,01,0,0,1,0,0,0,0,0,0,-,-,33.95307922363281,-117.42530059814452,RIVERSIDE,RIVERSIDE,-117.42523193359376,33.95328903198242
8581575,2018,2018-03-29,3313,2018-03-07,2107,1499,2,3,5,7,3313,0,0,0,NA,0,T42,MARTIN LUTHER KING BL,IOWA AV,810,E,N,A,-,N,NA,NA,NA,NA,NA,NA,NA,NA,NA,Y,3,0,2,2,A,-,03,22350,NA,N,C,C,A,A,H,-,C,D,0,NA,NA,NA,NA,Y,NA,A,01,0,1,1,0,0,0,0,0,0,-,-,33.96797180175781,-117.3398666381836,RIVERSIDE,RIVERSIDE,-117.33725738525392,33.96834182739258
8581593,2018,2018-03-29,3308,2018-03-13,2301,10530,513,2,5,5,3308,0,0,0,NA,0,NORTH,MYERS ST,DEVONSHIRE AV,314,N,N,C,-,N,NA,NA,NA,NA,NA,NA,NA,NA,NA,Y,4,0,3,2,A,-,03,22350,NA,N,D,C,A,D,A,E,D,D,0,NA,NA,NA,NA,Y,NA,A,07,0,0,3,0,0,0,0,0,0,-,-,33.749149322509766,-117.02069091796876,RIVERSIDE,HEMET,-117.02415466308594,33.75177001953125
8581767,2018,2018-04-05,3300,2018-03-13,1203,4138,502B,2,5,5,3341,0,0,0,NA,0,052,MURRIETA RD,TURFWOOD ST,0,NA,Y,A,-,N,NA,NA,NA,NA,NA,NA,NA,NA,NA,Y,4,0,1,2,A,-,09,21802,A,N,D,C,A,A,H,-,A,D,0,NA,NA,NA,NA,Y,NA,A,01,0,0,1,0,0,0,0,0,0,-,-,33.7269401550293,-117.20612335205078,RIVERSIDE,MENIFEE,-117.20623016357422,33.72690963745117
8582004,2018,2018-03-30,3309,2018-01-28,1646,134,3306,7,5,4,3309,0,0,0,NA,0,NA,PIERSON BL,WEST DR,0,NA,Y,A,-,N,NA,NA,NA,NA,NA,NA,NA,NA,NA,N,4,0,1,2,A,-,11,21950,B,N,G,B,B,A,H,-,A,A,0,Y,NA,NA,NA,Y,NA,N,60,0,0,1,0,1,0,0,0,0,-,-,NA,NA,RIVERSIDE,INDIO,-116.51010894775392,33.961448669433594
8582195,2017,2018-04-02,3309,2017-12-12,0737,134,3306,2,5,4,3309,0,0,0,NA,0,NA,BUENA VISTA AV,WEST DR,378,W,N,A,-,N,NA,NA,NA,NA,NA,NA,NA,NA,NA,N,4,0,1,2,A,-,08,22107,NA,F,G,B,F,A,H,-,A,D,0,Y,NA,NA,NA,Y,NA,A,07,0,0,1,0,1,0,0,0,0,-,-,NA,NA,RIVERSIDE,INDIO,-116.51133149,33.95956565
8587343,2018,2018-05-11,3300,2018-04-14,0435,3958,420,6,5,2,3336,0,0,0,NA,0,CM20,AVENUE L,3RD ST,138,E,N,A,-,N,NA,NA,NA,NA,NA,NA,NA,NA,NA,Y,3,0,1,2,D,-,00,NA,NA,N,C,E,A,A,H,-,C,D,0,NA,NA,NA,NA,Y,NA,-,-,0,1,0,0,0,0,0,0,0,-,-,NA,NA,RIVERSIDE,CALIMESA,-117.04710388183594,33.99937057495117
8592221,2018,2018-04-17,3315,2018-03-16,0631,001531,10C,5,5,6,3315,0,0,0,NA,0,NA,MCKINLEY ST,SAMPSON AV,0,NA,Y,A,-,N,NA,NA,NA,NA,NA,NA,NA,NA,NA,NA,4,0,1,2,A,-,09,21453,B,N,B,C,A,A,H,-,B,A,0,NA,NA,NA,NA,Y,NA,A,01,0,0,1,0,0,0,0,0,0,-,-,NA,NA,RIVERSIDE,CORONA,-117.51616668701172,33.88425827026367
8593136,2017,2018-04-12,3342,2017-06-24,2050,933,B218,6,5,4,3342,0,0,0,NA,0,00B,CLINTON KEITH RD,MC ELWAIN RD,0,NA,Y,A,-,N,NA,NA,NA,NA,NA,NA,NA,NA,NA,Y,4,0,1,2,A,-,12,21453,A,N,D,C,A,A,H,-,C,A,0,NA,NA,NA,NA,Y,NA,A,01,0,0,1,0,0,0,0,0,0,-,-,33.59869,-117.17783,RIVERSIDE,MURRIETA,-117.17787005,33.59871004
8593832,2018,2018-04-19,3309,2018-03-17,1805,162,3309,6,5,4,3309,0,0,0,NA,0,003,VIA GENOA,VIA SICILY,0,NA,Y,A,-,N,NA,NA,NA,NA,NA,NA,NA,NA,NA,N,3,0,1,2,A,-,11,21954,A,N,G,B,D,A,H,-,A,D,0,Y,NA,NA,NA,Y,NA,N,60,0,1,0,0,1,0,0,0,0,-,-,NA,NA,RIVERSIDE,INDIO,-116.2170181274414,33.70574951171875
8595605,2018,2018-04-17,3342,2018-02-16,1054,777,385,5,5,4,3342,0,0,0,NA,0,00C,JACKSON AV,ALLISON AV,0,NA,Y,A,-,N,NA,NA,NA,NA,NA,NA,NA,NA,NA,Y,4,0,2,2,A,-,12,22450,A,N,D,C,A,A,H,-,A,A,0,NA,NA,NA,NA,Y,NA,D,22,0,0,2,0,0,0,0,0,0,-,-,33.55337905883789,-117.1757583618164,RIVERSIDE,MURRIETA,-117.17594146728516,33.553428649902344
8595847,2017,2018-04-17,3342,2017-03-08,1812,933,252,3,5,4,3342,0,0,0,NA,0,00B,CALIFORNIA OAKS RD,CALIFORNIA OAKS PLAZA,3,N,N,A,-,N,NA,NA,NA,NA,NA,NA,NA,NA,NA,N,4,0,1,1,A,-,08,22107,NA,N,E,I,A,A,H,-,B,A,0,NA,NA,Y,NA,Y,NA,C,02,0,0,1,0,0,0,0,0,1,-,-,33.56733,-117.20601,RIVERSIDE,MURRIETA,-117.20608736,33.56754792
8598024,2018,2018-10-05,3300,2018-03-19,2130,4728,905A,1,5,4,3307,0,0,0,NA,0,095,RT 74,ROSETTA CANYON RD,0,NA,Y,A,-,N,NA,NA,NA,NA,NA,NA,NA,NA,NA,Y,4,0,2,3,A,-,03,22350,NA,N,C,C,A,A,H,-,C,A,0,NA,NA,NA,NA,Y,NA,A,01,0,0,2,0,0,0,0,0,0,-,-,NA,NA,RIVERSIDE,LAKE ELSINORE,-117.32454,33.70432
8605359,2018,2018-05-17,3300,2018-05-03,2154,4309,916B,4,5,4,3312,0,0,0,NA,0,032,PERRIS BL,MILDRED ST,0,NA,Y,A,-,N,NA,NA,NA,NA,NA,NA,NA,NA,NA,Y,4,0,1,2,A,-,01,23152,A,N,D,C,A,A,H,-,C,A,0,NA,NA,NA,NA,Y,Y,D,22,0,0,1,0,0,0,0,0,0,-,-,33.79568862915039,-117.2261962890625,RIVERSIDE,PERRIS,-117.22612762451172,33.795631408691406
8606354,2018,2018-05-16,3300,2018-05-04,1530,N5259,38F1,5,5,4,3318,0,0,0,NA,0,T38,PORTOLA AV,COUNTRY CLUB DR,60,N,N,A,-,N,NA,NA,NA,NA,NA,NA,NA,NA,NA,Y,4,0,2,3,A,-,03,22350,NA,F,C,C,A,A,H,-,A,A,0,NA,NA,NA,NA,Y,NA,A,01,0,0,2,0,0,0,0,0,0,-,-,33.75798034667969,-116.37368011474608,RIVERSIDE,PALM DESERT,-116.37372589111328,33.75819396972656
8607557,2018,2018-05-21,3300,2018-03-19,1715,N5259,38E3,1,5,4,3318,0,0,0,NA,0,T38,MONTEREY AV,FRANK SINATRA DR,394,S,N,A,-,N,NA,NA,NA,NA,NA,NA,NA,NA,NA,N,4,0,1,2,A,-,03,22350,NA,N,C,C,A,A,H,-,A,A,0,NA,NA,NA,NA,Y,NA,A,01,0,0,1,0,0,0,0,0,0,-,-,NA,NA,RIVERSIDE,PALM DESERT,-116.3909149169922,33.771522521972656
8608645,2018,2018-05-03,3313,2018-04-06,1658,1900,5,5,5,7,3313,0,0,0,NA,0,T45,MAGNOLIA AV,LA SIERRA AV,505,W,N,A,-,N,NA,NA,NA,NA,NA,NA,NA,NA,NA,Y,3,0,1,3,A,-,09,21801,A,N,D,C,A,A,H,-,A,A,0,NA,NA,Y,NA,Y,NA,A,01,0,1,0,0,0,0,0,0,1,-,-,33.90333938598633,-117.4761199951172,RIVERSIDE,RIVERSIDE,-117.4777374267578,33.90275573730469
8608713,2018,2018-05-03,3313,2018-04-13,1323,1389,2,5,5,7,3313,0,0,0,NA,0,T53,IOWA AV,BLAINE ST,375,S,N,A,-,N,NA,NA,NA,NA,NA,NA,NA,NA,NA,N,4,0,1,2,A,-,09,21804,A,N,D,C,A,A,H,-,A,A,0,NA,NA,NA,NA,Y,NA,A,01,0,0,1,0,0,0,0,0,0,-,-,33.98303985595703,-117.3400421142578,RIVERSIDE,RIVERSIDE,-117.33989715576172,33.981971740722656
8609705,2018,2018-05-02,3300,2018-04-06,0914,4449,002J,5,5,6,3345,0,0,0,NA,0,022,PATS RANCH RD,65TH ST,0,NA,Y,A,-,N,NA,NA,NA,NA,NA,NA,NA,NA,NA,Y,4,0,2,2,A,-,12,21453,A,N,D,C,A,A,H,-,A,A,0,NA,NA,NA,NA,Y,NA,-,-,0,0,2,0,0,0,0,0,0,-,-,33.969661712646484,-117.54618072509766,RIVERSIDE,JURUPA VALLEY,-117.54612731933594,33.96977996826172
8612925,2018,2018-11-06,3308,2018-03-31,1545,10655,555,6,5,5,3308,0,0,0,NA,0,SOUTH,SANDERSON AV,MUSTANG WY,390,S,N,A,-,N,NA,NA,NA,NA,NA,NA,NA,NA,NA,Y,4,0,4,4,A,-,03,22350,NA,N,C,C,A,A,H,-,A,D,0,NA,NA,NA,NA,Y,NA,A,07,0,0,4,0,0,0,0,0,0,-,-,33.72079849243164,-117.006591796875,RIVERSIDE,HEMET,-117.0066146850586,33.71974182128906
8618847,2018,2018-05-23,3300,2018-05-01,1900,N5330,002B,2,5,6,3345,0,0,0,NA,0,020,PEDLEY RD,MISSION BL,154,N,N,A,-,N,NA,NA,NA,NA,NA,NA,NA,NA,NA,N,4,0,1,2,A,-,03,22350,NA,N,C,C,A,A,H,-,B,A,0,NA,NA,NA,NA,Y,NA,A,07,0,0,1,0,0,0,0,0,0,-,-,NA,NA,RIVERSIDE,JURUPA VALLEY,-117.47537231445313,34.012203216552734
8620836,2018,2018-08-20,3300,2018-05-05,0510,5228,NA,6,5,5,3335,0,0,0,NA,0,NA,TEMECULA PKWY,RT 15,0,NA,Y,A,-,Y,RIV,8,15,-,-,3.576,R,4,N,Y,4,0,1,2,A,-,03,22350,NA,N,C,C,A,A,D,-,B,A,0,NA,NA,Y,NA,Y,NA,A,01,0,0,1,0,0,0,0,0,1,-,-,NA,NA,RIVERSIDE,TEMECULA,-117.14128875732422,33.48273849487305
8622744,2018,2018-06-04,3300,2018-05-07,1754,N3373,910L,1,5,5,3335,0,0,0,NA,0,064,RANCHO CALIFORNIA RD,MEADOWS PKWY,622,E,N,A,-,N,NA,NA,NA,NA,NA,NA,NA,NA,NA,Y,3,0,2,2,A,-,09,21801,A,N,D,C,A,A,H,-,A,D,0,NA,NA,NA,NA,Y,NA,A,01,0,1,1,0,0,0,0,0,0,-,-,33.5141487121582,-117.10484313964844,RIVERSIDE,TEMECULA,-117.10299682617188,33.514793395996094
8632117,2018,2018-08-17,3300,2018-04-26,1742,4024,905L,4,5,4,3307,0,0,0,NA,0,093,RIVERSIDE DR,LAKESIDE HIGH SCHOOL STADIUM WY,0,NA,Y,A,-,Y,RIV,8,74,-,-,12.7,H,-,E,N,3,0,1,2,A,-,08,22107,NA,N,B,G,A,A,H,-,A,A,0,NA,Y,NA,NA,Y,NA,A,01,0,1,0,0,0,0,1,0,0,-,-,NA,NA,RIVERSIDE,LAKE ELSINORE,-117.38214874267578,33.66728210449219
8634328,2018,2018-06-13,3313,2018-05-31,0525,1688,4,4,5,7,3313,0,0,0,NA,0,T58,VAN BUREN BL,LINCOLN AV,50,N,N,A,-,N,NA,NA,NA,NA,NA,NA,NA,NA,NA,N,3,0,1,2,A,-,08,22107,NA,N,B,C,A,A,H,-,C,D,0,NA,NA,NA,NA,Y,NA,A,07,0,1,0,0,0,0,0,0,0,-,-,33.9079704284668,-117.4362335205078,RIVERSIDE,RIVERSIDE,-117.4365234375,33.907981872558594
8634434,2018,2018-06-13,3313,2018-05-29,1233,1916,4,2,5,7,3313,0,0,0,NA,0,T79,MAGNOLIA AV,MYERS ST,18,E,N,A,-,N,NA,NA,NA,NA,NA,NA,NA,NA,NA,N,4,0,3,2,A,-,03,22350,NA,N,B,C,A,A,H,-,A,A,0,NA,NA,NA,NA,Y,NA,A,01,0,0,3,0,0,0,0,0,0,-,-,33.91835021972656,-117.45034027099608,RIVERSIDE,RIVERSIDE,-117.45018005371094,33.918357849121094
8635319,2018,2018-06-19,3309,2018-05-27,1555,256,3309,7,5,4,3309,0,0,0,NA,0,005,INDIO BL,CLINTON ST,63,W,N,A,-,N,NA,NA,NA,NA,NA,NA,NA,NA,NA,N,3,0,1,2,A,-,05,21650,A,N,D,G,A,A,H,-,A,A,0,NA,Y,NA,NA,Y,NA,L,04,0,1,0,0,0,0,1,0,0,-,-,NA,NA,RIVERSIDE,INDIO,-116.24286651611328,33.73415756225586
8635325,2018,2018-06-19,3313,2018-05-31,2055,1772,4,4,5,7,3313,0,0,0,NA,0,T45,INDIANA ST,ADAMS ST,0,NA,Y,A,-,N,NA,NA,NA,NA,NA,NA,NA,NA,NA,Y,4,0,1,2,A,-,12,21453,A,N,D,C,A,A,H,-,A,A,0,NA,NA,NA,NA,Y,NA,A,01,0,0,1,0,0,0,0,0,0,-,-,33.92652130126953,-117.41922760009766,RIVERSIDE,RIVERSIDE,-117.41921997070313,33.9267692565918
8636510,2018,2018-06-20,3300,2018-06-03,1135,N2646,602C5,7,5,6,3394,0,0,0,NA,0,024,FREDERICK ST,BAY AV,427,S,N,A,-,N,NA,NA,NA,NA,NA,NA,NA,NA,NA,Y,4,0,1,2,A,-,09,21801,A,N,D,C,A,A,H,-,A,D,0,NA,NA,NA,NA,Y,NA,A,01,0,0,1,0,0,0,0,0,0,-,-,33.92079162597656,-117.26116943359376,RIVERSIDE,MORENO VALLEY,-117.26114654541016,33.9196891784668
8638370,2018,2018-06-21,3315,2018-05-20,1647,11245,14D,7,5,6,3315,0,0,0,NA,0,004,UPPER DR,GALATEA WY,138,W,N,B,-,N,NA,NA,NA,NA,NA,NA,NA,NA,NA,Y,4,0,3,1,A,-,08,22107,NA,N,E,I,A,A,H,-,A,D,0,NA,NA,NA,NA,Y,Y,A,07,0,0,3,0,0,0,0,0,0,-,-,33.835201263427734,-117.57849884033205,RIVERSIDE,CORONA,-117.57894897460938,33.83527755737305
8638461,2018,2018-06-20,3315,2018-06-01,0110,002755,13D,5,5,6,3315,0,0,0,NA,0,003,FOOTHILL PKWY,STATE ST,113,W,N,A,-,N,NA,NA,NA,NA,NA,NA,NA,NA,NA,Y,2,0,1,1,A,-,08,22107,NA,N,E,I,A,A,H,-,C,A,0,NA,NA,NA,NA,Y,NA,-,NA,1,0,0,0,0,0,0,0,0,-,-,NA,NA,RIVERSIDE,CORONA,-117.536852,33.830614
8639051,2018,2018-08-21,3308,2018-05-13,2020,10530,516,7,5,5,3308,0,0,0,NA,0,NORTH,FLORIDA AV,PALM AV,0,NA,Y,A,-,Y,RIV,8,74,-,-,40.085,I,5,W,N,3,0,1,2,A,-,11,21950,B,N,G,B,B,A,H,-,C,A,0,Y,NA,NA,NA,Y,Y,N,60,0,1,0,0,1,0,0,0,0,-,-,33.74755859375,-116.98046875,RIVERSIDE,HEMET,-116.98043823242188,33.74754333496094
8640588,2018,2018-06-26,3300,2018-05-18,2234,4309,505C,5,5,5,3341,0,0,0,NA,0,055,MENIFEE RD,MATTHEWS RD,0,NA,Y,A,-,N,NA,NA,NA,NA,NA,NA,NA,NA,NA,Y,4,0,1,2,A,-,03,22350,NA,M,C,C,A,A,H,-,D,A,0,NA,NA,NA,NA,Y,NA,A,01,0,0,1,0,0,0,0,0,0,-,-,33.7329216003418,-117.15409088134766,RIVERSIDE,MENIFEE,-117.15409088134766,33.73297119140625
8653332,2018,2018-07-12,3313,2018-06-23,1849,1683,2,6,5,7,3313,0,0,0,NA,0,U86,SPRUCE ST,RUSTIN AV,230,W,N,A,-,N,NA,NA,NA,NA,NA,NA,NA,NA,NA,Y,4,0,2,2,A,-,09,21804,A,N,D,C,A,A,H,-,A,D,0,NA,NA,NA,NA,Y,NA,A,01,0,0,2,0,0,0,0,0,0,-,-,33.990230560302734,-117.33556365966795,RIVERSIDE,RIVERSIDE,-117.33626556396484,33.99018096923828
8656627,2018,2018-08-09,3300,2018-07-05,1530,3372,604A5,4,5,6,3394,0,0,0,NA,0,MV42,LASSELLE ST,CACTUS AV,0,NA,Y,A,-,N,NA,NA,NA,NA,NA,NA,NA,NA,NA,N,4,0,1,2,A,-,03,22350,NA,N,C,C,A,A,H,-,A,A,0,NA,NA,NA,NA,Y,NA,A,01,0,0,1,0,0,0,0,0,0,-,-,33.91014099121094,-117.20896911621094,RIVERSIDE,MORENO VALLEY,-117.20897674560548,33.910099029541016