CASE_ID,ACCIDENT_YEAR,PROC_DATE,JURIS,COLLISION_DATE,COLLISION_TIME,OFFICER_ID,REPORTING_DISTRICT,DAY_OF_WEEK,CHP_SHIFT,POPULATION,CNTY_CITY_LOC,SPECIAL_COND,BEAT_TYPE,CHP_BEAT_TYPE,CITY_DIVISION_LAPD,CHP_BEAT_CLASS,BEAT_NUMBER,PRIMARY_RD,SECONDARY_RD,DISTANCE,DIRECTION,INTERSECTION,WEATHER_1,WEATHER_2,STATE_HWY_IND,CALTRANS_COUNTY,CALTRANS_DISTRICT,STATE_ROUTE,ROUTE_SUFFIX,POSTMILE_PREFIX,POSTMILE,LOCATION_TYPE,RAMP_INTERSECTION,SIDE_OF_HWY,TOW_AWAY,COLLISION_SEVERITY,NUMBER_KILLED,NUMBER_INJURED,PARTY_COUNT,PRIMARY_COLL_FACTOR,PCF_CODE_OF_VIOL,PCF_VIOL_CATEGORY,PCF_VIOLATION,PCF_VIOL_SUBSECTION,HIT_AND_RUN,TYPE_OF_COLLISION,MVIW,PED_ACTION,ROAD_SURFACE,ROAD_COND_1,ROAD_COND_2,LIGHTING,CONTROL_DEVICE,CHP_ROAD_TYPE,PEDESTRIAN_ACCIDENT,BICYCLE_ACCIDENT,MOTORCYCLE_ACCIDENT,TRUCK_ACCIDENT,NOT_PRIVATE_PROPERTY,ALCOHOL_INVOLVED,STWD_VEHTYPE_AT_FAULT,CHP_VEHTYPE_AT_FAULT,COUNT_SEVERE_INJ,COUNT_VISIBLE_INJ,COUNT_COMPLAINT_PAIN,COUNT_PED_KILLED,COUNT_PED_INJURED,COUNT_BICYCLIST_KILLED,COUNT_BICYCLIST_INJURED,COUNT_MC_KILLED,COUNT_MC_INJURED,PRIMARY_RAMP,SECONDARY_RAMP,LATITUDE,LONGITUDE,COUNTY,CITY,POINT_X,POINT_Y
91802081,2022,2022-06-23,9840,2022-06-12,0040,021042,NA,7,3,9,3300,0,3,5,NA,2,001,NEECE ST,MAGNOLIA AVE,528,S,N,A,-,N,NA,NA,NA,NA,NA,NA,NA,NA,NA,N,2,0,1,2,A,-,11,21954,A,F,G,B,D,A,H,-,C,D,0,Y,NA,NA,NA,Y,NA,-,-,1,0,0,0,1,0,0,0,0,-,-,33.87350845336914,-117.52507019042967,RIVERSIDE,UNINCORPORATED,-117.5254135131836,33.87394714355469
91802085,2022,2022-06-23,9840,2022-06-12,0735,019874,NA,7,1,7,3313,0,1,1,NA,2,023,I-215 N/B,FAIR ISLE DRIVE,300,N,N,A,-,Y,RIV,NA,215,NA,NA,38.677,H,NA,R,Y,3,0,1,2,A,-,08,22107,NA,N,B,C,A,A,H,-,A,D,0,NA,NA,NA,NA,Y,NA,A,01,0,1,0,0,0,0,0,0,0,-,-,33.949031829833984,-117.30204010009766,RIVERSIDE,RIVERSIDE,-117.30206298828124,33.949012756347656
91805368,2022,2022-06-28,9685,2022-06-16,1650,016096,NA,4,2,4,3307,0,1,1,NA,2,010,I-15 S/B FWY,FRANKLIN STREET,900,N,N,A,-,Y,RIV,NA,15,NA,NA,20.174,H,NA,L,Y,3,0,1,2,A,-,07,21658,A,N,B,C,A,A,H,-,A,D,0,NA,NA,Y,NA,Y,NA,A,01,0,1,0,0,0,0,0,0,1,-,-,33.67142105102539,-117.31215667724608,RIVERSIDE,LAKE ELSINORE,-117.31216430664063,33.67141342163086
91810368,2022,2022-07-05,9630,2022-06-26,2000,020445,NA,7,2,9,3300,0,3,5,NA,2,501,MONROE STREET,MOUNTAIN SPUR DRIVE,333,N,N,A,-,N,NA,NA,NA,NA,NA,NA,NA,NA,NA,Y,3,0,2,1,A,-,08,22107,NA,N,E,I,A,A,H,-,D,D,0,NA,NA,NA,NA,Y,NA,D,22,0,2,0,0,0,0,0,0,0,-,-,33.66883087158203,-116.2339324951172,RIVERSIDE,UNINCORPORATED,-116.2339096069336,33.66856002807617
9181206,2020,2020-11-19,3309,2020-09-14,1800,474,3309,1,5,4,3309,0,0,0,NA,0,004,MADISON ST,AVE 50,0,NA,Y,-,-,N,NA,NA,NA,NA,NA,NA,NA,NA,NA,N,4,0,1,2,A,-,12,21453,A,N,H,A,A,A,H,-,-,A,0,NA,NA,Y,NA,Y,NA,A,01,0,0,1,0,0,0,0,0,1,-,-,NA,NA,RIVERSIDE,INDIO,-116.2518310546875,33.68534851074219
91816141,2022,2022-07-13,9655,2022-07-05,0650,018360,NA,2,1,9,3300,0,3,5,NA,2,002,SAN TIMOTEO CANYON RD,ARMATAGE LANE,3960,E,N,A,-,N,NA,NA,NA,NA,NA,NA,NA,NA,NA,N,3,0,1,1,A,-,01,23152,G,M,E,I,A,A,H,-,A,D,0,NA,NA,NA,NA,Y,Y,A,01,0,1,0,0,0,0,0,0,0,-,-,33.98263931274414,-117.13121795654295,RIVERSIDE,UNINCORPORATED,NA,NA
91816249,2022,2022-07-13,9840,2022-07-01,2202,021218,NA,5,3,9,3300,0,3,5,NA,2,003,CAJALCO RD,LA SIERRA AVE,2360,W,N,A,-,N,NA,NA,NA,NA,NA,NA,NA,NA,NA,Y,4,0,4,2,A,-,01,23152,A,N,A,C,A,A,H,-,D,D,0,NA,NA,NA,NA,Y,Y,D,22,0,0,4,0,0,0,0,0,0,-,-,33.83047103881836,-117.46810150146484,RIVERSIDE,UNINCORPORATED,-117.46756744384766,33.83020782470703
91824037,2022,2022-07-25,9655,2022-07-15,1558,019630,NA,5,2,9,3300,0,3,5,NA,2,003,SIMPSON ROAD,SHADY TREE LANE,0,NA,Y,A,-,N,NA,NA,NA,NA,NA,NA,NA,NA,NA,Y,3,0,2,2,A,-,09,21802,A,N,D,C,A,A,H,-,A,A,0,NA,NA,NA,NA,Y,NA,A,01,0,1,1,0,0,0,0,0,0,-,-,33.70703887939453,-117.11387634277344,RIVERSIDE,UNINCORPORATED,-117.11393737792967,33.707008361816406
9182545,2020,2020-12-07,3308,2020-10-05,1751,10686,513,1,5,5,3308,0,0,0,NA,0,NORTH,DEVONSHIRE AV,MYERS ST,0,NA,Y,A,-,N,NA,NA,NA,NA,NA,NA,NA,NA,NA,Y,3,0,3,3,A,-,09,21801,A,N,A,C,A,A,H,-,A,D,0,NA,NA,NA,NA,Y,NA,A,01,0,1,2,0,0,0,0,0,0,-,-,33.749149322509766,-117.02069091796876,RIVERSIDE,HEMET,-117.0241470336914,33.750911712646484
91825915,2022,2022-07-27,9685,2022-07-12,1800,017903,NA,2,2,9,3300,0,1,3,NA,1,039,SR-79,WHITE MOUNTAIN ROAD,83,S,N,A,-,Y,NA,NA,NA,NA,NA,NA,NA,NA,NA,Y,2,0,2,2,A,-,17,21655,B,N,A,C,A,A,H,-,A,D,0,NA,NA,NA,NA,Y,NA,A,01,1,0,1,0,0,0,0,0,0,-,-,33.2647705078125,-116.5320281982422,RIVERSIDE,UNINCORPORATED,-116.88886260986328,33.44654846191406
91826811,2022,2022-07-28,9840,2022-07-22,1305,017546,NA,5,1,6,3345,0,1,3,NA,2,010,SR-60 W/B,CAMPBELL STREET,440,W,N,A,-,Y,RIV,NA,60,NA,R,3.675,H,NA,L,N,4,0,1,2,A,-,03,22350,NA,N,C,C,A,A,H,-,A,D,0,NA,NA,NA,Y,Y,NA,A,01,0,0,1,0,0,0,0,0,0,-,-,34.0194206237793,-117.49550628662108,RIVERSIDE,JURUPA VALLEY,-117.49550628662108,34.01938247680664
91827172,2022,2022-07-28,9840,2022-07-20,1155,014335,NA,3,1,9,3300,0,3,5,NA,2,003,WEIRICK ROAD,I-15,55,W,N,A,-,Y,NA,NA,NA,NA,NA,NA,NA,NA,NA,Y,3,0,3,2,A,-,03,22350,NA,N,A,C,A,A,H,-,A,D,0,NA,NA,Y,NA,Y,NA,C,06,0,1,2,0,0,0,0,0,1,-,-,33.806758880615234,-117.5083236694336,RIVERSIDE,UNINCORPORATED,-117.50777435302734,33.806915283203125
91838498,2022,2022-08-11,9630,2022-08-07,0230,021652,NA,7,3,9,3300,0,1,1,NA,2,020,I-10 E/B,PALM DR,7392,E,N,A,-,Y,RIV,NA,10,NA,NA,37.542,H,NA,R,Y,4,0,4,2,A,-,03,22350,NA,N,C,C,A,A,H,-,D,D,0,NA,NA,NA,NA,Y,NA,A,01,0,0,4,0,0,0,0,0,0,-,-,33.86561965942383,-116.4861068725586,RIVERSIDE,UNINCORPORATED,-116.48612213134766,33.865604400634766
91842425,2022,2022-08-17,9655,2022-08-09,1130,018677,NA,2,1,2,3336,0,1,1,NA,2,202,INTERSTATE 10 EASTBOUND,CHERRY VALLEY BOULEVARD,2640,W,N,A,-,Y,RIV,NA,10,NA,R,2.608,H,NA,R,N,3,0,1,1,C,-,18,NA,NA,N,E,J,A,A,H,-,A,D,0,NA,NA,NA,Y,Y,NA,-,-,0,1,0,0,0,0,0,0,0,-,-,33.97256088256836,-117.04160308837892,RIVERSIDE,CALIMESA,-117.04151916503906,33.97264099121094
91846415,2022,2022-08-23,9630,2022-08-16,0230,019267,NA,2,3,9,3300,0,3,5,NA,2,504,66TH AVE BYPASS,AVE 66TH,669,S,N,A,-,N,NA,NA,NA,NA,NA,NA,NA,NA,NA,Y,2,0,2,1,A,-,01,23152,A,N,E,I,A,A,H,-,C,D,0,NA,NA,NA,NA,Y,Y,A,01,2,0,0,0,0,0,0,0,0,-,-,33.567848205566406,-116.07035064697266,RIVERSIDE,UNINCORPORATED,NA,NA
91847892,2022,2022-08-24,9840,2022-08-23,1519,018611,NA,2,2,6,3315,0,1,3,NA,2,031,SR-91 E/B,LINCOLN AVENUE,1800,E,N,A,-,Y,RIV,NA,91,NA,NA,5.741,H,NA,R,Y,4,0,1,2,A,-,03,22350,NA,N,C,C,A,A,H,-,A,D,0,NA,NA,NA,NA,Y,NA,A,07,0,0,1,0,0,0,0,0,0,-,-,33.881141662597656,-117.57637786865234,RIVERSIDE,CORONA,-117.57638549804688,33.881107330322266
91854153,2022,2022-08-31,9630,2022-08-19,1048,019325,NA,5,1,9,3300,0,1,3,NA,2,015,SR-62 W/B,N. INDIAN CANYON DR.,3696,E,N,A,-,Y,RIV,NA,62,NA,NA,7.584,H,NA,L,Y,3,0,1,2,A,-,08,22107,NA,N,E,I,A,A,H,-,A,D,0,NA,NA,NA,NA,Y,NA,A,01,0,1,0,0,0,0,0,0,0,-,-,34.0141487121582,-116.57676696777344,RIVERSIDE,UNINCORPORATED,-116.57675933837892,34.01416015625
91880272,2022,2022-10-03,9685,2022-09-19,0045,017169,NA,1,3,5,3341,0,1,1,NA,2,020,I-215 N/B,MCCALL BOULEVARD,1584,S,N,A,-,Y,RIV,NA,215,NA,R,20.479,H,NA,R,Y,3,0,3,2,A,-,08,22107,NA,F,C,C,A,A,H,-,C,D,0,NA,NA,NA,NA,Y,NA,A,07,0,1,2,0,0,0,0,0,0,-,-,33.71004104614258,-117.18746185302734,RIVERSIDE,MENIFEE,-117.1874542236328,33.71004104614258
9188623,2020,2020-12-07,3302,2020-10-05,1200,1046,NA,1,5,3,3302,0,0,0,NA,0,003,12TH ST,PENNSYLVANIA AV,385,W,N,A,-,N,NA,NA,NA,NA,NA,NA,NA,NA,NA,N,4,0,1,2,A,-,21,22106,NA,N,C,C,A,A,H,-,A,D,0,NA,NA,NA,NA,Y,NA,A,01,0,0,1,0,0,0,0,0,0,-,-,33.93899917602539,-116.96600341796876,RIVERSIDE,BEAUMONT,-116.96734619140624,33.940181732177734
91889749,2022,2022-10-13,9685,2022-08-01,0555,016743,NA,1,3,5,3341,0,1,1,NA,2,020,I-215 SOUTHBOUND,MCCALL BOULEVARD,1584,N,N,A,-,Y,RIV,NA,215,NA,NA,21.107,H,NA,L,Y,1,1,1,2,C,-,18,NA,NA,N,F,A,A,A,H,-,A,D,0,NA,NA,NA,Y,Y,NA,-,-,0,1,0,0,0,0,0,0,0,-,-,33.71895980834961,-117.18924713134766,RIVERSIDE,MENIFEE,-117.18930053710938,33.71895980834961
91892768,2022,2022-10-18,9630,2022-10-05,0754,019153,NA,3,1,9,3300,0,3,5,NA,2,405,WASHINGTON ST,AVENUE 41,0,NA,Y,A,-,N,NA,NA,NA,NA,NA,NA,NA,NA,NA,Y,3,0,2,2,D,-,00,NA,NA,N,D,C,A,A,H,-,A,A,0,NA,NA,NA,NA,Y,NA,-,-,0,2,0,0,0,0,0,0,0,-,-,33.750858306884766,-116.30374145507813,RIVERSIDE,UNINCORPORATED,-116.30390167236328,33.75090026855469
91893204,2022,2022-10-18,9840,2022-10-14,1300,019042,NA,5,1,6,3394,0,1,3,NA,2,025,SR-60 W/B,THEODORE ST.,1110,E,N,A,-,Y,RIV,NA,60,NA,NA,21.597,H,NA,L,N,4,0,1,2,A,-,03,22350,NA,N,C,C,A,A,H,-,A,D,0,NA,NA,NA,NA,Y,NA,A,07,0,0,1,0,0,0,0,0,0,-,-,33.93885040283203,-117.13545989990234,RIVERSIDE,MORENO VALLEY,-117.1354522705078,33.93887710571289
91898456,2022,2022-10-25,9840,2022-10-12,0513,019492,NA,3,3,9,3300,0,3,5,NA,2,002,IOWA AVE,LA CADENA DR,0,NA,Y,A,-,N,NA,NA,NA,NA,NA,NA,NA,NA,NA,N,4,0,1,2,A,-,09,21802,NA,N,D,C,A,A,H,-,C,D,0,NA,NA,NA,NA,Y,NA,A,07,0,0,1,0,0,0,0,0,0,-,-,34.017921447753906,-117.33978271484376,RIVERSIDE,UNINCORPORATED,-117.3397216796875,34.01875686645508
91917923,2022,2023-06-21,9840,2022-11-03,0720,016358,NA,4,1,9,3300,0,3,5,NA,2,004,ELLIS AVE.,READ ST.,150,E,N,A,-,N,NA,NA,NA,NA,NA,NA,NA,NA,NA,Y,3,0,1,2,A,-,08,22107,NA,N,B,C,A,A,H,-,A,D,0,NA,NA,NA,NA,Y,NA,A,01,0,1,0,0,0,0,0,0,0,-,-,33.77190017700195,-117.28903198242188,RIVERSIDE,UNINCORPORATED,-117.28823852539063,33.77189636230469
91918041,2022,2022-11-15,9840,2022-11-03,1131,020455,NA,4,1,7,3313,0,1,1,NA,2,023,I-215 S/B,CENTRAL AVE,100,S,N,A,-,Y,RIV,NA,215,NA,NA,39.486,H,NA,L,Y,3,0,2,4,A,-,03,22350,NA,N,C,C,A,A,H,-,A,D,0,NA,NA,NA,NA,Y,NA,A,08,0,2,0,0,0,0,0,0,0,-,-,33.95869064331055,-117.3093719482422,RIVERSIDE,RIVERSIDE,-117.3093719482422,33.95868682861328
91918305,2022,2022-11-15,9840,2022-11-04,0756,020455,NA,5,1,6,3345,0,1,3,NA,2,010,SR-60 E/B,VALLEY WAY,3200,E,N,A,-,Y,RIV,NA,60,NA,NA,8.154,H,NA,R,Y,3,0,2,2,A,-,03,22350,NA,N,C,C,A,A,H,-,A,D,0,NA,NA,NA,NA,Y,NA,A,01,0,1,1,0,0,0,0,0,0,-,-,34.00862121582031,-117.4237823486328,RIVERSIDE,JURUPA VALLEY,-117.4237823486328,34.00861740112305
91923485,2022,2022-11-21,9840,2022-11-16,0745,014916,NA,3,1,9,3300,0,3,5,NA,2,004,DAY ST,BURCH ST,100,N,N,A,-,N,NA,NA,NA,NA,NA,NA,NA,NA,NA,N,4,0,2,1,A,-,08,22107,NA,N,E,C,A,A,H,-,A,D,0,NA,NA,NA,NA,Y,NA,A,07,0,0,2,0,0,0,0,0,0,-,-,33.856689453125,-117.27874755859376,RIVERSIDE,UNINCORPORATED,-117.27883911132813,33.85658264160156
91927620,2022,2022-11-28,9685,2022-11-21,1000,015360,NA,1,1,5,3335,0,1,1,NA,2,030,I-15 SOUTHBOUND,SANTA GERTRUDIS UC,500,N,N,A,-,Y,RIV,NA,15,NA,NA,6.977,H,NA,L,N,4,0,1,3,A,-,03,22350,NA,N,C,C,A,A,H,-,A,D,0,NA,NA,NA,NA,Y,NA,A,07,0,0,1,0,0,0,0,0,0,-,-,33.52695846557617,-117.16631317138672,RIVERSIDE,TEMECULA,-117.16620635986328,33.527008056640625
91927638,2022,2022-11-28,9685,2022-11-27,0535,015360,NA,7,3,9,3300,0,1,3,NA,1,039,SAGE ROAD,LOMITA PLACE,1584,S,N,A,-,N,NA,NA,NA,NA,NA,NA,NA,NA,NA,N,4,0,1,1,A,-,08,22107,NA,N,E,I,A,A,H,-,B,D,0,NA,NA,NA,NA,Y,NA,A,01,0,0,1,0,0,0,0,0,0,-,-,33.53276824951172,-116.90947723388672,RIVERSIDE,UNINCORPORATED,-116.90939331054688,33.53312301635742
91930684,2022,2022-11-30,9655,2022-11-29,1730,019466,NA,2,2,9,3300,0,3,5,NA,2,003,STANFORD STREET,WHITTIER AVENUE,0,NA,Y,A,-,N,NA,NA,NA,NA,NA,NA,NA,NA,NA,Y,4,0,1,2,A,-,09,21802,B,N,D,C,A,A,H,-,C,A,0,NA,NA,NA,NA,Y,NA,A,07,0,0,1,0,0,0,0,0,0,-,-,33.73680877685547,-116.93253326416016,RIVERSIDE,UNINCORPORATED,-116.93250274658205,33.73682403564453
91937304,2022,2022-12-08,9840,2022-12-01,0550,019219,NA,4,3,7,3313,0,1,3,NA,2,020,SR-91 WESTBOUND,LA SIERRA AVENUE,2112,E,N,B,-,Y,RIV,NA,91,NA,NA,12.335,H,NA,L,Y,4,0,1,3,A,-,03,22350,NA,N,C,C,A,A,H,-,E,D,0,NA,NA,NA,NA,Y,NA,A,01,0,0,1,0,0,0,0,0,0,-,-,33.90156936645508,-117.4677276611328,RIVERSIDE,RIVERSIDE,-117.4677276611328,33.90156936645508
91942002,2022,2022-12-29,9840,2022-11-27,0129,021297,NA,7,3,7,3313,0,1,3,NA,2,021,E/B SR-91,SPRUCE ST,1500,E,N,A,-,Y,RIV,NA,91,NA,NA,21.942,H,NA,R,Y,4,0,1,2,C,-,18,NA,NA,N,D,C,A,A,H,-,C,A,0,NA,NA,NA,NA,Y,Y,-,-,0,0,1,0,0,0,0,0,0,-,-,33.99443054199219,-117.35653686523438,RIVERSIDE,RIVERSIDE,-117.35646057128906,33.99439239501953
91945685,2022,2023-04-14,9630,2022-11-07,0805,019153,NA,1,1,9,3300,0,3,5,NA,2,502,81ST AVE,SR-86 N/B,1112,E,N,A,-,N,NA,NA,NA,NA,NA,NA,NA,NA,NA,Y,3,0,1,2,A,-,09,21802,A,F,D,C,A,A,H,-,A,A,0,NA,NA,NA,NA,Y,NA,D,22,0,1,0,0,0,0,0,0,0,-,-,33.46255874633789,-116.08741760253906,RIVERSIDE,UNINCORPORATED,-116.0874481201172,33.4625129699707
91948024,2022,2022-12-21,9655,2022-09-30,2235,021177,NA,5,3,9,3300,0,1,3,NA,2,212,STATE ROUTE 60 EASTBOUND,JACK RABBIT TRAIL,8976,W,N,A,-,Y,RIV,NA,60,NA,NA,26.225,H,NA,R,N,1,1,0,2,A,-,11,21954,A,N,G,B,E,A,H,-,D,D,0,Y,NA,NA,Y,Y,Y,-,-,0,0,0,1,0,0,0,0,0,-,-,33.946739196777344,-117.05933380126952,RIVERSIDE,UNINCORPORATED,-117.059326171875,33.94675064086914
91949135,2022,2022-12-22,9660,2022-12-20,1534,022580,NA,2,2,9,3300,0,1,1,NA,2,030,EB I-10,CORN SPRINGS RD,20381,W,N,A,-,Y,RIV,NA,10,NA,R,110.484,H,NA,R,Y,3,0,2,1,A,-,03,22350,NA,N,B,I,A,A,H,-,A,D,0,NA,NA,NA,NA,Y,NA,A,01,0,2,0,0,0,0,0,0,0,-,-,33.701148986816406,-115.30769348144533,RIVERSIDE,UNINCORPORATED,-115.30770874023438,33.70109939575195
91963134,2023,2023-01-09,9685,2023-01-05,1755,016096,NA,4,2,9,3300,0,1,3,NA,2,011,SR-74,DECKER CANYON ROAD,5280,W,N,C,-,Y,RIV,NA,74,NA,NA,3.985,H,NA,R,Y,4,0,1,1,A,-,08,22107,NA,N,E,I,A,B,H,-,D,D,0,NA,NA,NA,NA,Y,NA,A,01,0,0,1,0,0,0,0,0,0,-,-,33.62078857421875,-117.42577362060548,RIVERSIDE,UNINCORPORATED,-117.4258041381836,33.620811462402344
9196723,2020,2021-02-02,3300,2020-11-22,1610,5221,34H2,7,5,4,3318,0,0,0,NA,0,2T70,WASHINGTON ST,AVENUE OF THE STATES,30,S,N,A,-,N,NA,NA,NA,NA,NA,NA,NA,NA,NA,Y,3,0,2,2,A,-,09,21804,A,N,D,C,A,A,H,-,B,A,0,NA,NA,NA,NA,Y,NA,A,08,0,1,1,0,0,0,0,0,0,-,-,33.74060821533203,-116.30384826660156,RIVERSIDE,PALM DESERT,-116.30391693115234,33.74061965942383
9197901,2020,2021-01-20,3313,2020-10-10,1923,1489,2,6,5,7,3313,0,0,0,NA,0,T44,IOWA AV,MASSACHUSETTS AV,300,S,N,A,-,N,NA,NA,NA,NA,NA,NA,NA,NA,NA,N,4,0,1,2,A,-,09,21804,A,M,D,C,A,A,H,-,C,D,0,NA,NA,Y,NA,Y,NA,A,01,0,0,1,0,0,0,0,0,1,-,-,33.98667907714844,-117.33998107910156,RIVERSIDE,RIVERSIDE,-117.3398895263672,33.985809326171875
91986969,2023,2023-02-06,9655,2023-01-28,1950,019049,NA,6,2,9,3300,0,3,5,NA,2,003,FIELD NORTH OF ACACIA AVENUE,GEORGIA AVENUE,360,W,N,B,-,N,NA,NA,NA,NA,NA,NA,NA,NA,NA,N,3,0,1,1,B,-,22,NA,NA,N,F,A,A,A,H,-,D,D,0,NA,NA,NA,NA,Y,NA,A,42,0,1,0,0,0,0,0,0,0,-,-,33.74477005004883,-116.87262725830078,RIVERSIDE,UNINCORPORATED,NA,NA
91987790,2023,2023-02-06,9630,2023-01-27,1545,020445,NA,5,2,9,3300,0,3,5,NA,2,501,50TH AVENUE,JACKSON STREET,178,E,N,A,-,N,NA,NA,NA,NA,NA,NA,NA,NA,NA,Y,4,0,1,2,A,-,03,22350,NA,N,C,C,A,A,H,-,A,D,0,NA,NA,NA,NA,Y,NA,A,01,0,0,1,0,0,0,0,0,0,-,-,33.68544006347656,-116.21585845947266,RIVERSIDE,UNINCORPORATED,-116.21592712402344,33.68547439575195
91988791,2023,2023-02-07,9840,2023-01-26,2201,019893,NA,4,3,6,3315,0,1,3,NA,2,030,SR-91 E/B,SERFAS CLUB DRIVE,907,E,N,A,-,Y,RIV,NA,91,NA,R,3.903,H,NA,R,Y,4,0,1,2,A,-,08,22107,NA,N,C,C,A,A,H,-,C,D,0,NA,NA,NA,NA,Y,NA,A,01,0,0,1,0,0,0,0,0,0,-,-,33.88042068481445,-117.60987091064452,RIVERSIDE,CORONA,-117.6099090576172,33.880210876464844
91994088,2023,2023-02-14,9840,2023-02-11,217,021872,NA,6,3,7,3313,0,1,3,NA,2,020,SR-91 E/B,MONROE ST,750,E,N,A,-,Y,RIV,NA,91,NA,NA,15.257,H,NA,R,Y,3,0,1,1,A,-,01,23152,A,N,E,I,A,A,H,-,D,D,0,NA,NA,NA,NA,Y,Y,A,01,0,1,0,0,0,0,0,0,0,-,-,33.92424011230469,-117.4249267578125,RIVERSIDE,RIVERSIDE,-117.4250030517578,33.92432403564453
92005427,2023,2023-02-28,9840,2023-02-16,22,021862,NA,4,3,6,3315,0,1,1,NA,2,034,I-15 N/B,CAJALCO RD.,2904,S,N,A,-,Y,RIV,NA,15,NA,NA,36.269,H,NA,R,Y,4,0,1,3,A,-,08,22107,NA,N,E,I,A,A,H,-,C,D,0,NA,NA,NA,NA,Y,Y,A,01,0,0,1,0,0,0,0,0,0,-,-,33.81528854370117,-117.51165771484376,RIVERSIDE,CORONA,-117.51175689697266,33.815242767333984
92011509,2023,2023-03-07,9630,2023-02-28,1240,020061,NA,2,1,9,3300,0,1,1,NA,2,301,I-10 W/B,FRONTAGE RD,7920,E,N,A,-,Y,RIV,NA,10,NA,R,76.571,H,NA,L,Y,3,0,1,1,A,-,08,22107,NA,N,E,I,A,A,H,-,A,D,0,NA,NA,NA,NA,Y,NA,D,22,0,1,0,0,0,0,0,0,0,-,-,33.66558837890625,-115.88823699951172,RIVERSIDE,UNINCORPORATED,-115.8882293701172,33.665645599365234
92014706,2023,2023-03-10,9840,2023-02-26,235,021042,NA,7,3,9,3300,0,1,1,NA,2,037,I-15 S/B,NICHOLS RD,118,S,N,C,-,Y,RIV,NA,15,NA,NA,23.825,H,NA,L,Y,4,0,1,2,A,-,08,22107,NA,N,B,C,A,B,H,-,C,D,0,NA,NA,NA,NA,Y,Y,A,01,0,0,1,0,0,0,0,0,0,-,-,33.70677947998047,-117.35784912109376,RIVERSIDE,UNINCORPORATED,-117.35782623291016,33.70679473876953
92015112,2023,2023-03-10,9630,2023-03-06,1846,022508,NA,1,2,9,3300,0,1,3,NA,1,074,RT 74,BIG HORN DR,2112,S,N,A,-,N,NA,NA,NA,NA,NA,NA,NA,NA,NA,Y,3,0,1,1,A,-,08,22107,NA,N,E,I,A,A,H,-,D,D,0,NA,NA,NA,NA,Y,NA,A,01,0,1,0,0,0,0,0,0,0,-,-,33.62437057495117,-116.40614318847656,RIVERSIDE,UNINCORPORATED,-116.4061279296875,33.62434387207031
92017819,2023,2023-03-14,9840,2023-03-06,315,021261,NA,1,3,6,3315,0,1,3,NA,2,031,SR-91 E/B FROM MCKINLEY ST,MCKINLEY ST,815,E,N,B,-,Y,RIV,NA,91,NA,NA,9.351,H,NA,R,N,4,0,1,2,A,-,03,22350,NA,N,B,C,A,A,H,-,C,D,0,NA,NA,NA,NA,Y,NA,D,22,0,0,1,0,0,0,0,0,0,-,-,33.88726043701172,-117.51521301269533,RIVERSIDE,CORONA,-117.51528930664063,33.88737869262695
92018464,2023,2023-03-15,9655,2023-03-06,810,018168,NA,1,1,4,3301,1,4,S,NA,2,901,WILSON ST,HIGHLAND HOME ROAD,490,E,N,A,-,Y,NA,NA,NA,NA,NA,NA,NA,NA,NA,Y,4,0,5,3,A,-,03,22350,NA,N,C,C,A,A,H,-,A,A,0,NA,NA,NA,NA,Y,NA,A,01,0,0,5,0,0,0,0,0,0,-,-,33.93260955810547,-116.93125915527344,RIVERSIDE,BANNING,-116.92786407470705,33.93251037597656
92020855,2023,2023-03-17,9840,2023-03-07,34,019893,NA,2,3,7,3313,0,1,3,NA,2,020,SR-91 W/B,TYLER STREET,1796,E,N,A,-,Y,RIV,NA,91,NA,NA,13.381,H,NA,L,Y,4,0,1,1,A,-,01,23152,A,N,D,C,A,A,H,-,A,D,0,NA,NA,NA,NA,Y,Y,A,01,0,0,1,0,0,0,0,0,0,-,-,33.909278869628906,-117.45217895507813,RIVERSIDE,RIVERSIDE,-117.45207214355467,33.909141540527344
92027249,2023,2023-03-23,9685,2023-03-17,2045,015880,NA,5,2,9,3300,0,3,5,NA,2,003,MAX GILLISS BOULEVARD (30800 BLOCK),STATE ROUTE 79,150,W,N,B,-,N,NA,NA,NA,NA,NA,NA,NA,NA,NA,N,4,0,1,2,A,-,21,22106,NA,F,C,C,A,A,H,-,C,A,0,NA,NA,NA,NA,Y,NA,A,01,0,0,1,0,0,0,0,0,0,-,-,33.59833908081055,-117.11910247802734,RIVERSIDE,UNINCORPORATED,-117.1188507080078,33.59827423095703