CASE_ID,ACCIDENT_YEAR,PROC_DATE,JURIS,COLLISION_DATE,COLLISION_TIME,OFFICER_ID,REPORTING_DISTRICT,DAY_OF_WEEK,CHP_SHIFT,POPULATION,CNTY_CITY_LOC,SPECIAL_COND,BEAT_TYPE,CHP_BEAT_TYPE,CITY_DIVISION_LAPD,CHP_BEAT_CLASS,BEAT_NUMBER,PRIMARY_RD,SECONDARY_RD,DISTANCE,DIRECTION,INTERSECTION,WEATHER_1,WEATHER_2,STATE_HWY_IND,CALTRANS_COUNTY,CALTRANS_DISTRICT,STATE_ROUTE,ROUTE_SUFFIX,POSTMILE_PREFIX,POSTMILE,LOCATION_TYPE,RAMP_INTERSECTION,SIDE_OF_HWY,TOW_AWAY,COLLISION_SEVERITY,NUMBER_KILLED,NUMBER_INJURED,PARTY_COUNT,PRIMARY_COLL_FACTOR,PCF_CODE_OF_VIOL,PCF_VIOL_CATEGORY,PCF_VIOLATION,PCF_VIOL_SUBSECTION,HIT_AND_RUN,TYPE_OF_COLLISION,MVIW,PED_ACTION,ROAD_SURFACE,ROAD_COND_1,ROAD_COND_2,LIGHTING,CONTROL_DEVICE,CHP_ROAD_TYPE,PEDESTRIAN_ACCIDENT,BICYCLE_ACCIDENT,MOTORCYCLE_ACCIDENT,TRUCK_ACCIDENT,NOT_PRIVATE_PROPERTY,ALCOHOL_INVOLVED,STWD_VEHTYPE_AT_FAULT,CHP_VEHTYPE_AT_FAULT,COUNT_SEVERE_INJ,COUNT_VISIBLE_INJ,COUNT_COMPLAINT_PAIN,COUNT_PED_KILLED,COUNT_PED_INJURED,COUNT_BICYCLIST_KILLED,COUNT_BICYCLIST_INJURED,COUNT_MC_KILLED,COUNT_MC_INJURED,PRIMARY_RAMP,SECONDARY_RAMP,LATITUDE,LONGITUDE,COUNTY,CITY,POINT_X,POINT_Y
6345118,2014,2016-01-14,9630,2014-01-13,0800,14832,NA,1,1,9,3300,0,1,1,NA,2,021,RT 10,COOK ST,6336,E,N,A,-,Y,RIV,8,10,-,-,48.09,H,-,W,Y,2,0,1,2,A,-,03,22350,NA,N,C,C,A,A,H,-,A,D,1,NA,NA,Y,NA,Y,NA,C,02,1,0,0,0,0,0,0,0,1,-,-,33.77597,-116.33766,RIVERSIDE,UNINCORPORATED,-116.33675434,33.77554787
6351978,2014,2016-02-03,9840,2014-01-05,0245,19844,NA,7,3,7,3313,0,1,1,NA,2,022,RT 215,CENTER ST,2200,S,N,A,-,Y,RIV,8,215,-,-,44.59,H,-,N,Y,4,0,2,1,A,-,08,22107,NA,N,E,I,A,A,D,-,D,D,1,NA,NA,NA,NA,Y,NA,A,01,0,0,2,0,0,0,0,0,0,-,-,34.00982,-117.34598,RIVERSIDE,RIVERSIDE,-117.34603455,34.01012185
6351998,2014,2016-03-17,9840,2014-01-13,0650,11368,NA,1,1,4,3310,0,1,1,NA,2,011,RT 15,5TH ST,15,N,N,A,-,Y,RIV,8,15,-,-,45.14,H,-,N,Y,4,0,1,2,A,-,07,21658,A,N,B,C,A,A,H,-,A,D,1,NA,NA,Y,NA,Y,NA,A,01,0,0,1,0,0,0,0,0,1,-,-,33.55523,-117.33211,RIVERSIDE,NORCO,-117.55597351,33.93128394
6353547,2014,2016-03-11,9840,2014-01-07,0835,12208,NA,2,1,6,3315,0,1,3,NA,2,031,RT 91,N BUENA VISTA AV,37,W,N,B,-,Y,RIV,8,91,-,-,5.69,H,-,W,Y,4,0,1,3,A,-,03,22350,NA,N,C,C,A,A,H,-,A,D,1,NA,NA,NA,NA,Y,NA,A,08,0,0,1,0,0,0,0,0,0,-,-,33.88132,-117.5771,RIVERSIDE,CORONA,-117.57722931,33.88138207
6353704,2014,2014-06-05,3308,2014-01-12,0924,4189,527,7,5,5,3308,0,0,0,NA,0,SOUTH,CARMALITA ST,ACACIA AV,146,N,N,A,-,N,NA,NA,NA,NA,NA,NA,NA,NA,NA,Y,4,0,1,2,A,-,08,22107,NA,N,B,E,A,A,H,-,A,A,0,NA,NA,NA,NA,Y,NA,A,01,0,0,1,0,0,0,0,0,0,-,-,NA,NA,RIVERSIDE,HEMET,-116.96947,33.74428982
6362264,2014,2014-06-09,9655,2014-02-03,0758,013633,NA,1,1,9,3300,1,3,5,NA,2,002,CHERRY VALLEY BL,FABIAN LN,7,W,N,A,-,N,NA,NA,NA,NA,NA,NA,NA,NA,NA,Y,2,0,1,2,A,-,03,22350,NA,N,C,C,A,A,H,-,A,D,0,NA,NA,NA,NA,Y,NA,A,07,1,0,0,0,0,0,0,0,0,-,-,33.96861,-117.0115,RIVERSIDE,UNINCORPORATED,-117.01139301,33.96865982
6362803,2014,2015-09-01,3313,2014-01-28,0709,127,EAST,2,5,7,3313,0,0,0,NA,0,T53,COLUMBIA AV,EAST LA CADENA DR,125,E,N,A,-,N,NA,NA,NA,NA,NA,NA,NA,NA,NA,Y,4,0,1,3,A,-,09,21801,A,N,D,C,A,A,H,-,A,D,0,NA,NA,NA,NA,Y,NA,A,01,0,0,1,0,0,0,0,0,0,-,-,NA,NA,RIVERSIDE,RIVERSIDE,-117.35022881,34.00125
6363534,2014,2014-06-11,3300,2014-01-30,0836,4323,910B,4,5,5,3335,0,0,0,NA,0,062,NICOLAS RD,RANCHO TEMECULA TOWN CNTR,0,NA,Y,B,-,N,NA,NA,NA,NA,NA,NA,NA,NA,NA,Y,4,0,2,2,A,-,12,21453,A,N,D,C,A,A,H,-,A,A,0,NA,NA,NA,NA,Y,NA,D,22,0,0,2,0,0,0,0,0,0,-,-,NA,NA,RIVERSIDE,TEMECULA,-117.14241003,33.53875007
6363538,2014,2016-02-18,3300,2014-01-23,0555,4323,910A,4,5,5,3335,0,0,0,NA,0,061,WINCHESTER RD,RT 15,50,E,N,A,-,Y,RIV,8,15,-,-,6.812,R,4,N,N,4,0,1,3,A,-,07,21658,A,N,C,C,A,A,H,-,C,A,0,NA,NA,NA,NA,Y,NA,D,22,0,0,1,0,0,0,0,0,0,-,NO,NA,NA,RIVERSIDE,TEMECULA,-117.16446214,33.52508739
6370507,2014,2015-02-06,3313,2014-02-07,0149,1773,NORTH,5,5,7,3313,0,0,0,NA,0,A137,MARKET ST,RIDGE RD,144,N,N,C,-,N,NA,NA,NA,NA,NA,NA,NA,NA,NA,Y,4,0,1,1,A,-,01,23152,A,N,E,I,A,B,H,-,C,A,0,NA,NA,NA,NA,Y,Y,A,01,0,0,1,0,0,0,0,0,0,-,-,NA,NA,RIVERSIDE,RIVERSIDE,-117.3696111,33.99176685
6372549,2014,2014-06-18,3311,2014-02-03,1036,15902,3311,1,5,4,3311,0,0,0,NA,0,006,EAST RAMON RD,GENE AUTRY TRL,31,E,N,A,-,N,NA,NA,NA,NA,NA,NA,NA,NA,NA,N,3,0,2,2,A,-,08,22100,B,N,D,-,A,A,H,-,A,A,0,NA,NA,NA,NA,Y,NA,A,01,0,1,1,0,0,0,0,0,0,-,-,NA,NA,RIVERSIDE,PALM SPRINGS,-116.49293836,33.81592
6373182,2014,2014-06-09,3313,2014-01-24,1347,1523,WEST,5,5,7,3313,0,0,0,NA,0,T44,MAGNOLIA AV,BUCHANAN ST,374,E,N,B,-,N,NA,NA,NA,NA,NA,NA,NA,NA,NA,Y,4,0,1,1,C,-,18,NA,NA,N,E,I,A,A,H,-,A,A,0,NA,NA,NA,NA,Y,NA,-,-,0,0,1,0,0,0,0,0,0,-,-,NA,NA,RIVERSIDE,RIVERSIDE,-117.49756859,33.89148212
6377245,2014,2014-06-11,9840,2014-02-27,0730,12075,NA,4,1,9,3300,0,3,5,NA,2,003,CAJALCO RD,LA SIERRA AV,2112,W,N,C,-,N,NA,NA,NA,NA,NA,NA,NA,NA,NA,Y,4,0,1,1,A,-,08,22107,NA,N,E,I,A,B,H,-,A,A,0,NA,NA,NA,NA,Y,NA,A,01,0,0,1,0,0,0,0,0,0,-,-,NA,NA,RIVERSIDE,UNINCORPORATED,-117.46707629,33.82967278
6378224,2014,2014-06-06,3300,2014-01-18,0730,3947,910B,6,5,5,3335,0,0,0,NA,0,063,RORIPAUGH MEADOWS RD,MIMULUS WY,0,NA,Y,A,-,N,NA,NA,NA,NA,NA,NA,NA,NA,NA,Y,3,0,1,2,A,-,09,21802,A,N,D,C,A,A,-,-,A,A,0,NA,NA,NA,NA,Y,NA,A,01,0,1,0,0,0,0,0,0,0,-,-,NA,NA,RIVERSIDE,TEMECULA,-117.14596,33.53213
6378645,2014,2015-01-28,3300,2014-02-12,1415,4442,41B5,3,5,3,3392,0,0,0,NA,0,040,DUNE PALMS RD,RT 111,0,NA,Y,A,-,Y,NA,NA,NA,NA,NA,NA,NA,NA,NA,N,4,0,2,3,A,-,03,22350,NA,N,B,C,A,A,H,-,A,A,0,NA,NA,NA,NA,Y,Y,A,01,0,0,2,0,0,0,0,0,0,-,-,NA,NA,RIVERSIDE,LA QUINTA,-116.27747,33.70744005
6380558,2014,2016-03-11,9840,2014-02-13,0950,15789,NA,4,1,7,3313,0,1,3,NA,2,021,RT 91,14TH ST,1584,E,N,A,-,Y,RIV,8,91,-,-,20.77,H,-,W,Y,4,0,2,3,A,-,03,22350,NA,N,C,C,A,A,D,H,A,D,1,NA,NA,NA,NA,Y,NA,A,01,0,0,2,0,0,0,0,0,0,-,-,33.97445,-117.37357,RIVERSIDE,RIVERSIDE,-117.36671479,33.98328112
6382863,2014,2014-06-16,3313,2014-02-15,1135,1738,N,6,5,7,3313,0,0,0,NA,0,BIII,UNIVERSITY AV,MARKET ST,68,E,N,A,-,N,NA,NA,NA,NA,NA,NA,NA,NA,NA,N,4,0,1,3,A,-,08,22107,NA,F,B,C,A,A,H,-,A,D,0,NA,NA,NA,NA,Y,NA,-,NA,0,0,1,0,0,0,0,0,0,-,-,NA,NA,RIVERSIDE,RIVERSIDE,-117.37553316,33.98240156
6386725,2014,2014-06-17,3311,2014-02-26,1037,15880,NA,3,5,4,3311,0,0,0,NA,0,003,EAST RAMON RD,SOUTH SUNRISE WY,365,W,N,A,-,N,NA,NA,NA,NA,NA,NA,NA,NA,NA,Y,3,0,1,2,A,-,09,21804,A,N,B,C,A,A,H,-,A,D,0,NA,NA,NA,NA,Y,NA,A,01,0,1,0,0,0,0,0,0,0,-,-,NA,NA,RIVERSIDE,PALM SPRINGS,-116.52940673,33.81592
6393673,2014,2014-06-17,3300,2014-02-02,1912,4440,920C,7,5,4,3314,0,0,0,NA,0,070,COTTONWOOD AV,TWILIGHT CT,43,S,N,A,-,N,NA,NA,NA,NA,NA,NA,NA,NA,NA,Y,3,0,1,1,A,-,01,23152,A,N,F,I,A,A,H,-,C,D,0,NA,NA,NA,NA,Y,Y,A,01,0,1,0,0,0,0,0,0,0,-,-,33.78747,-116.97674,RIVERSIDE,SAN JACINTO,-116.97698,33.7875
6393677,2014,2014-06-17,3300,2014-02-12,2130,3919,920H,3,5,4,3314,0,0,0,NA,0,074,ESPLANADE AV,SAN JACINTO AV,773,E,N,A,-,N,NA,NA,NA,NA,NA,NA,NA,NA,NA,N,3,0,1,2,A,-,12,22450,A,F,G,G,A,A,H,-,C,A,0,NA,Y,NA,NA,Y,NA,A,01,0,1,0,0,0,0,1,0,0,-,-,33.77297,-116.95614,RIVERSIDE,SAN JACINTO,-116.95627522,33.77299
6399165,2014,2014-09-10,3311,2014-02-25,1550,15484,NA,2,5,4,3311,0,0,0,NA,0,006,EAST PALM CANYON DR,S GENE AUTRY TRL,698,W,N,A,-,N,NA,NA,NA,NA,NA,NA,NA,NA,NA,N,4,0,2,4,A,-,03,22350,NA,N,C,C,A,A,H,-,A,D,0,NA,NA,NA,NA,Y,NA,A,01,0,0,2,0,0,0,0,0,0,-,-,NA,NA,RIVERSIDE,PALM SPRINGS,-116.49741286,33.79388495
6407131,2014,2014-07-10,3302,2014-02-03,0814,842,RIVER,1,5,3,3302,0,0,0,NA,0,002,EAST 6TH ST,XENIA AV,0,NA,Y,B,-,N,NA,NA,NA,NA,NA,NA,NA,NA,NA,Y,4,0,1,2,A,-,12,22450,A,N,B,D,A,A,H,-,A,A,0,NA,NA,NA,NA,Y,NA,A,01,0,0,1,0,0,0,0,0,0,-,-,NA,NA,RIVERSIDE,BEAUMONT,-116.95488013,33.92944002
6407236,2014,2015-01-23,3300,2014-01-28,1818,3280,910F,2,5,5,3335,0,0,0,NA,0,061,ENTERPRISE CIR SOUTH,ENTERPRISE CIR WEST,34,E,N,A,-,N,NA,NA,NA,NA,NA,NA,NA,NA,NA,N,4,0,1,2,A,-,03,22350,NA,N,C,C,A,A,H,-,C,A,0,NA,NA,NA,NA,Y,NA,A,01,0,0,1,0,0,0,0,0,0,-,-,NA,NA,RIVERSIDE,TEMECULA,-117.16769058,33.51625831
6408480,2014,2016-03-11,9630,2014-03-06,1100,15710,NA,4,1,9,3300,0,1,1,NA,2,021,RT 10,COOK ST,1584,E,N,A,-,Y,RIV,8,10,-,-,46.39,H,-,E,Y,4,0,1,1,A,-,08,22107,NA,N,F,A,A,A,H,-,A,D,1,NA,NA,NA,NA,Y,NA,D,22,0,0,1,0,0,0,0,0,0,-,-,33.7731,-116.3377,RIVERSIDE,UNINCORPORATED,-116.36132057,33.78983907
6413490,2014,2016-01-22,9655,2014-03-13,0401,016628,NA,4,3,9,3300,0,1,3,NA,2,213,RT 79,CALIFORNIA  AV,0,NA,Y,A,-,Y,RIV,8,79,-,-,39.124,I,5,N,Y,3,0,4,2,A,-,01,23152,A,F,D,C,A,A,H,-,D,A,0,NA,NA,NA,NA,Y,Y,A,01,0,2,2,0,0,0,0,0,0,-,-,33.5438,-116.585,RIVERSIDE,UNINCORPORATED,-116.98206854,33.90878248
6413534,2014,2014-06-24,9840,2014-03-11,1435,16285,NA,2,2,9,3300,0,3,5,NA,2,003,SERFAS CLUB DR,PALISADES DR,40,S,N,A,-,N,NA,NA,NA,NA,NA,NA,NA,NA,NA,N,4,0,1,3,A,-,03,22350,NA,N,C,C,A,A,H,-,A,D,0,NA,NA,NA,NA,Y,NA,A,07,0,0,1,0,0,0,0,0,0,-,-,NA,NA,RIVERSIDE,UNINCORPORATED,-117.61613315,33.87525392
6413538,2014,2016-03-21,9840,2014-03-13,1728,12608,NA,4,2,6,3345,0,1,3,NA,2,101,RT 60,RUBIDOUX BL,325,W,N,A,-,Y,RIV,8,60,-,-,9.5,H,-,E,N,2,0,1,1,A,-,03,22350,NA,N,F,A,A,A,H,-,A,D,1,NA,NA,Y,NA,Y,NA,C,02,1,0,0,0,0,0,0,0,1,-,-,34.00447,-117.40165,RIVERSIDE,JURUPA VALLEY,-117.40144023,34.00440513
6418592,2014,2016-03-16,3308,2014-02-20,1342,10513,515,4,5,5,3308,0,0,0,NA,0,NORTH,RT 74,GILMORE ST,0,NA,Y,A,-,Y,RIV,8,74,-,-,39.237,I,5,W,Y,4,0,1,2,A,-,12,21453,A,N,D,C,A,A,H,-,A,A,0,NA,NA,NA,NA,Y,NA,D,22,0,0,1,0,0,0,0,0,0,-,-,NA,NA,RIVERSIDE,HEMET,-116.99347291,33.74748996
6420746,2014,2016-03-15,9840,2014-02-28,2150,19844,NA,5,2,7,3313,0,1,1,NA,2,023,RT 215,MARTIN LUTHER KING BL,2500,S,N,C,-,Y,RIV,8,215,-,-,40.39,H,-,N,Y,4,0,1,2,A,-,03,22350,NA,N,E,I,A,B,H,-,C,D,1,NA,NA,NA,NA,Y,NA,A,01,0,0,1,0,0,0,0,0,0,-,-,33.96403,-117.32504,RIVERSIDE,RIVERSIDE,-117.32332062,33.96304042
6422580,2014,2016-04-16,9840,2014-04-11,1320,16342,NA,5,1,7,3313,0,1,3,NA,2,021,RT 91,ADAMS ST,300,E,N,A,-,Y,RIV,8,91,-,-,15.69,H,-,E,N,4,0,1,2,A,-,03,22350,NA,N,C,C,A,A,D,-,A,D,1,NA,NA,NA,NA,Y,NA,D,22,0,0,1,0,0,0,0,0,0,-,-,33.92824,-117.41819,RIVERSIDE,RIVERSIDE,-117.41878376,33.92788277
6424138,2014,2014-07-08,3300,2014-02-22,1637,3839,603B1,6,5,6,3394,0,0,0,NA,0,034,INDIAN ST,SAINT THOMAS AV,0,NA,Y,A,-,N,NA,NA,NA,NA,NA,NA,NA,NA,NA,N,3,0,1,2,A,-,09,21802,A,N,D,G,A,A,H,-,A,A,0,NA,Y,NA,NA,Y,NA,L,04,0,1,0,0,0,0,1,0,0,-,-,NA,NA,RIVERSIDE,MORENO VALLEY,-117.23495002,33.8903201
6424871,2014,2014-07-02,3300,2014-02-20,1710,2712,920G,4,5,4,3314,0,0,0,NA,0,072,STATE ST,ESPLANADE AV,125,N,N,A,-,N,NA,NA,NA,NA,NA,NA,NA,NA,NA,Y,4,0,1,2,A,-,03,22350,NA,N,C,C,A,A,H,-,B,D,0,NA,NA,NA,NA,Y,NA,A,07,0,0,1,0,0,0,0,0,0,-,-,NA,NA,RIVERSIDE,SAN JACINTO,-116.97188,33.77294
6430973,2014,2016-03-05,3309,2014-02-28,2500,294,3309,5,5,4,3309,0,0,0,NA,0,002,JACKSON ST,RT 10,0,NA,Y,A,-,Y,RIV,8,10,-,R,55.622,R,4,W,N,4,0,1,2,A,-,09,21801,A,N,D,C,A,A,H,-,A,A,0,NA,NA,NA,NA,Y,NA,A,07,0,0,1,0,0,0,0,0,0,-,-,NA,NA,RIVERSIDE,INDIO,-116.21903173,33.73857235
6430987,2014,2016-01-22,3300,2014-03-30,1200,N4218,910B,7,5,5,3335,0,0,0,NA,0,062,WINCHESTER RD,RORIPAUGH RD,0,NA,N,A,-,Y,RIV,8,79,-,-,6.7,H,-,N,N,4,0,1,2,A,-,03,22350,NA,N,C,C,A,A,H,-,A,A,0,NA,NA,NA,NA,Y,NA,A,01,0,0,1,0,0,0,0,0,0,-,-,NA,NA,RIVERSIDE,TEMECULA,-116.92675339,33.46651673
6437064,2014,2014-06-11,3308,2014-01-26,1233,4189,525,7,5,5,3308,0,0,0,NA,0,SOUTH,LYON AV,ACACIA AV,155,S,N,A,-,N,NA,NA,NA,NA,NA,NA,NA,NA,NA,N,3,0,1,1,A,-,17,21663,NA,N,E,I,A,A,H,-,A,A,0,NA,Y,NA,NA,Y,NA,L,04,0,1,0,0,0,0,1,0,0,-,-,NA,NA,RIVERSIDE,HEMET,-116.98909,33.74335552
6437884,2014,2014-07-07,3300,2014-02-17,1436,2881,602A7,1,5,6,3394,0,0,0,NA,0,024,ALESSANDRO BL,FREDERICK ST,222,W,N,A,-,N,NA,NA,NA,NA,NA,NA,NA,NA,NA,N,4,0,1,2,A,-,03,22350,NA,N,C,C,A,A,H,-,A,A,0,NA,NA,NA,NA,Y,NA,A,01,0,0,1,0,0,0,0,0,0,-,-,NA,NA,RIVERSIDE,MORENO VALLEY,-117.26185921,33.91726352
6437892,2014,2014-07-08,3300,2014-02-08,0205,3293,604B4,6,5,6,3394,0,0,0,NA,0,042,JOHNNY F KENNEDY DR,EAGLEHEAD MOUNTAIN DR,287,E,N,A,-,N,NA,NA,NA,NA,NA,NA,NA,NA,NA,Y,4,0,1,1,A,-,03,22350,NA,N,A,I,A,A,H,-,D,D,0,NA,NA,NA,NA,Y,NA,A,01,0,0,1,0,0,0,0,0,0,-,-,NA,NA,RIVERSIDE,MORENO VALLEY,-117.16097777,33.90669556
6438122,2014,2016-01-22,9685,2014-02-17,1230,11777,NA,1,1,9,3300,0,3,5,NA,2,003,RT 79,WHISPERING HEIGHTS,250,N,N,A,-,Y,RIV,8,79,-,R,10.22,H,-,S,Y,4,0,3,3,A,-,03,22350,NA,N,C,C,A,A,H,-,A,A,0,NA,NA,NA,NA,Y,NA,A,01,0,0,3,0,0,0,0,0,0,-,-,33.61551,-117.10403,RIVERSIDE,UNINCORPORATED,-117.10315586,33.61600412
6440355,2014,2014-06-23,3300,2014-03-25,1705,4749,602C4,2,5,6,3394,0,0,0,NA,0,MV22,GRAHAM,COTTONWOOD,46,S,N,A,-,N,NA,NA,NA,NA,NA,NA,NA,NA,NA,N,4,0,1,2,A,-,12,21453,A,N,C,C,A,A,H,-,A,A,0,NA,NA,NA,NA,Y,NA,A,01,0,0,1,0,0,0,0,0,0,-,-,NA,NA,RIVERSIDE,MORENO VALLEY,-117.2524494,33.92441399
6441992,2014,2014-07-01,3300,2014-03-20,1310,N3672,916B,4,5,4,3312,0,0,0,NA,0,032,NUEVO RD,PERRIS BL,0,NA,Y,A,-,N,NA,NA,NA,NA,NA,NA,NA,NA,NA,N,4,0,1,2,A,-,03,22350,NA,F,C,C,A,A,H,-,A,A,0,NA,NA,NA,NA,Y,NA,A,01,0,0,1,0,0,0,0,0,0,-,-,NA,NA,RIVERSIDE,PERRIS,-117.22613006,33.80109003
6442533,2014,2016-02-18,9685,2014-03-27,1250,015757,NA,4,1,5,3335,0,1,1,NA,2,030,RT 15,WINCHESTER RD,500,N,N,A,-,Y,RIV,8,15,-,-,6.822,R,1,S,Y,4,0,3,2,A,-,03,22350,NA,N,C,C,A,A,H,-,A,D,1,NA,NA,NA,NA,Y,NA,A,01,0,0,3,0,0,0,0,0,0,-,-,33.52515,-117.16519,RIVERSIDE,TEMECULA,-117.16484583,33.52496896
6444303,2014,2014-07-15,3309,2014-04-09,1704,253,3309,3,5,4,3309,0,0,0,NA,0,001,MILES AV,OASIS ST,0,NA,Y,A,-,N,NA,NA,NA,NA,NA,NA,NA,NA,NA,Y,3,0,5,2,A,-,05,21650,NA,N,A,C,A,A,H,-,A,A,0,NA,NA,NA,NA,Y,NA,A,07,0,2,3,0,0,0,0,0,0,-,-,NA,NA,RIVERSIDE,INDIO,-116.22083005,33.72116003
6448841,2014,2014-07-11,3300,2014-03-14,0700,2403,920C,5,5,4,3314,0,0,0,NA,0,070,COTTONWOOD AV,SAN REMO AV,0,NA,Y,A,-,N,NA,NA,NA,NA,NA,NA,NA,NA,NA,Y,4,0,1,2,A,-,09,21802,A,N,D,C,A,A,H,-,A,A,0,NA,NA,NA,NA,Y,NA,A,07,0,0,1,0,0,0,0,0,0,-,-,NA,NA,RIVERSIDE,SAN JACINTO,-117.00245008,33.78733005
6450105,2014,2016-02-03,9685,2014-03-26,1730,12752,NA,3,2,4,3342,0,1,1,NA,2,034,RT 215,MURRIETA HOT SPRINGS RD,4224,S,N,A,-,Y,RIV,8,215,-,R,8.71,H,-,N,Y,4,0,1,3,A,-,03,22350,NA,N,C,C,A,-,A,H,A,D,0,NA,NA,NA,NA,Y,NA,A,01,0,0,1,0,0,0,0,0,0,-,-,NA,NA,RIVERSIDE,MURRIETA,-117.17932087,33.54808998
6454587,2014,2014-07-24,3311,2014-04-23,0625,15484,NA,3,5,4,3311,0,0,0,NA,0,005,RAMON RD,SUNRISE WY,0,NA,Y,A,-,N,NA,NA,NA,NA,NA,NA,NA,NA,NA,Y,4,0,1,2,A,-,09,21801,A,N,D,C,A,A,H,-,A,A,0,NA,NA,NA,NA,Y,NA,D,22,0,0,1,0,0,0,0,0,0,-,-,NA,NA,RIVERSIDE,PALM SPRINGS,-116.52821002,33.81593002
6455570,2014,2016-04-16,9840,2014-04-11,1955,017481,NA,5,2,4,3344,0,1,1,NA,2,011,RT 15,68TH ST,700,S,N,A,-,Y,RIV,8,15,-,-,47.39,H,-,S,Y,4,0,2,1,A,-,08,22107,NA,N,E,I,A,A,H,-,C,D,1,NA,NA,NA,NA,Y,NA,-,-,0,0,2,0,0,0,0,0,0,-,-,NA,NA,RIVERSIDE,EASTVALE,-117.54902132,33.96256923
6455895,2014,2016-04-16,9840,2014-04-11,1743,16342,NA,5,2,7,3313,0,1,1,NA,2,023,RT 215,CENTRAL AV,500,S,N,A,-,Y,RIV,8,215,-,-,39.39,H,-,S,Y,2,0,1,3,A,-,03,22350,NA,N,C,C,A,A,H,-,A,D,1,NA,NA,NA,Y,Y,NA,A,08,1,0,0,0,0,0,0,0,0,-,-,33.95078,-117.30273,RIVERSIDE,RIVERSIDE,-117.3081895,33.95780657
6455909,2014,2016-04-19,9840,2014-04-01,0418,020210,NA,2,3,7,3313,0,1,1,NA,2,023,RT 215,COLUMBIA AV,1000,S,N,C,-,Y,RIV,8,215,-,-,43.71,H,-,N,Y,4,0,1,1,A,-,08,22107,NA,N,E,I,A,B,A,-,D,D,1,NA,NA,NA,NA,Y,NA,A,01,0,0,1,0,0,0,0,0,0,-,-,NA,NA,RIVERSIDE,RIVERSIDE,-117.35349672,33.9988992
6457227,2014,2014-07-10,3311,2014-04-06,1702,15480,DESER,7,5,4,3311,0,0,0,NA,0,006,SOUTH SUNRISE WY,EAST RAMON RD,366,N,N,A,-,N,NA,NA,NA,NA,NA,NA,NA,NA,NA,Y,4,0,1,2,A,-,09,21804,NA,N,B,C,A,A,H,-,A,D,0,NA,NA,NA,NA,Y,NA,A,07,0,0,1,0,0,0,0,0,0,-,-,NA,NA,RIVERSIDE,PALM SPRINGS,-116.52822,33.81693166
6457270,2014,2014-07-10,3300,2014-04-20,1455,3280,910U,7,5,5,3335,0,0,0,NA,0,070,REDHAWK PKWY,PEPPERCORN DR,41,W,N,A,-,N,NA,NA,NA,NA,NA,NA,NA,NA,NA,Y,4,0,1,1,A,-,03,22350,NA,N,E,I,A,A,H,-,A,A,0,NA,NA,Y,NA,Y,NA,C,02,0,0,1,0,0,0,0,0,1,-,-,NA,NA,RIVERSIDE,TEMECULA,-117.0899123,33.46386414
6459892,2014,2016-04-16,9630,2014-04-15,0100,020569,NA,2,3,9,3300,0,1,1,NA,2,020,RT 10,BOB HOPE DR,2640,W,N,A,-,Y,RIV,8,10,-,-,42.65,H,-,E,Y,3,0,1,2,A,-,03,22350,NA,N,C,C,A,A,H,-,D,D,1,NA,NA,NA,Y,Y,NA,A,01,0,1,0,0,0,0,0,0,0,-,-,33.82431,-116.41648,RIVERSIDE,UNINCORPORATED,-116.41383186,33.82280302
6460464,2014,2016-04-16,9660,2014-04-17,1700,20715,NA,4,2,3,3303,0,1,1,NA,2,032,RT 10,ARROWHEAD,1584,W,N,B,-,Y,RIV,8,10,-,R,149.9,H,-,E,Y,2,0,2,1,A,-,08,22107,NA,N,F,A,A,A,H,-,A,D,1,NA,NA,NA,NA,Y,NA,A,07,1,1,0,0,0,0,0,0,0,-,-,33.60668,-114.64643,RIVERSIDE,BLYTHE,-114.64470449,33.60646827
6461762,2014,2015-03-05,3313,2014-03-19,1530,1506,CTR,3,5,7,3313,0,0,0,NA,0,C330,LINCOLN AV,VAN BUREN BL,35,E,N,A,-,N,NA,NA,NA,NA,NA,NA,NA,NA,NA,NA,4,0,1,2,C,-,18,NA,NA,N,B,C,A,A,H,-,A,A,0,NA,NA,NA,NA,Y,NA,-,-,0,0,1,0,0,0,0,0,0,-,-,NA,NA,RIVERSIDE,RIVERSIDE,-117.43633576,33.90792498
6464107,2014,2014-07-08,3309,2014-03-06,1922,436,3309,4,5,4,3309,0,0,0,NA,0,005,INDIO BL,JEFFERSON ST,0,NA,Y,A,-,N,NA,NA,NA,NA,NA,NA,NA,NA,NA,N,3,0,1,2,A,-,12,21453,A,N,D,C,A,A,H,-,C,A,0,NA,NA,NA,NA,Y,NA,A,01,0,1,0,0,0,0,0,0,0,-,-,NA,NA,RIVERSIDE,INDIO,-116.27160007,33.74933009
6464832,2014,2016-03-14,9840,2014-03-29,1610,18611,NA,6,2,6,3315,0,1,3,NA,2,030,RT 91,GREEN RIVER RD,1500,W,N,A,-,Y,RIV,8,91,-,R,0.75,H,-,E,Y,4,0,3,5,A,-,03,22350,NA,N,C,C,A,A,H,-,A,D,1,NA,NA,NA,NA,Y,NA,A,01,0,0,3,0,0,0,0,0,0,-,-,33.86868,-117.67243,RIVERSIDE,CORONA,-117.66120169,33.87559099
6465401,2014,2016-04-16,9840,2014-04-04,1220,16342,NA,5,1,6,3345,0,1,1,NA,2,011,RT 15,RT 60,900,S,N,B,-,Y,RIV,8,15,-,-,51.28,H,-,N,Y,4,0,1,3,A,-,03,22350,NA,N,C,C,A,A,H,-,A,D,1,NA,NA,NA,NA,Y,NA,A,01,0,0,1,0,0,0,0,0,0,-,-,34.01242,-117.55001,RIVERSIDE,JURUPA VALLEY,-117.55005534,34.01906086
6465409,2014,2014-07-29,9840,2014-04-08,1455,12191,NA,2,2,9,3300,0,3,5,NA,2,004,MERIDIAN PKWY,OPPORTUNITY WY,2062,N,N,A,-,N,NA,NA,NA,NA,NA,NA,NA,NA,NA,Y,4,0,1,2,A,-,08,21460,5,N,D,C,A,A,H,-,A,D,0,NA,NA,NA,NA,Y,NA,A,01,0,0,1,0,0,0,0,0,0,-,-,NA,NA,RIVERSIDE,UNINCORPORATED,-117.283708,33.89895463
6466443,2014,2014-07-03,3300,2014-03-22,0715,5021,44C1,6,5,3,3392,0,0,0,NA,0,044,AVENUE 52,JEFFERSON,0,NA,Y,A,-,N,NA,NA,NA,NA,NA,NA,NA,NA,NA,Y,2,0,1,1,C,-,18,NA,NA,N,H,-,A,A,H,-,A,D,0,NA,NA,Y,NA,Y,NA,-,-,1,0,0,0,0,0,0,0,1,-,-,NA,NA,RIVERSIDE,LA QUINTA,-116.267885,33.670908