CASE_ID,ACCIDENT_YEAR,PROC_DATE,JURIS,COLLISION_DATE,COLLISION_TIME,OFFICER_ID,REPORTING_DISTRICT,DAY_OF_WEEK,CHP_SHIFT,POPULATION,CNTY_CITY_LOC,SPECIAL_COND,BEAT_TYPE,CHP_BEAT_TYPE,CITY_DIVISION_LAPD,CHP_BEAT_CLASS,BEAT_NUMBER,PRIMARY_RD,SECONDARY_RD,DISTANCE,DIRECTION,INTERSECTION,WEATHER_1,WEATHER_2,STATE_HWY_IND,CALTRANS_COUNTY,CALTRANS_DISTRICT,STATE_ROUTE,ROUTE_SUFFIX,POSTMILE_PREFIX,POSTMILE,LOCATION_TYPE,RAMP_INTERSECTION,SIDE_OF_HWY,TOW_AWAY,COLLISION_SEVERITY,NUMBER_KILLED,NUMBER_INJURED,PARTY_COUNT,PRIMARY_COLL_FACTOR,PCF_CODE_OF_VIOL,PCF_VIOL_CATEGORY,PCF_VIOLATION,PCF_VIOL_SUBSECTION,HIT_AND_RUN,TYPE_OF_COLLISION,MVIW,PED_ACTION,ROAD_SURFACE,ROAD_COND_1,ROAD_COND_2,LIGHTING,CONTROL_DEVICE,CHP_ROAD_TYPE,PEDESTRIAN_ACCIDENT,BICYCLE_ACCIDENT,MOTORCYCLE_ACCIDENT,TRUCK_ACCIDENT,NOT_PRIVATE_PROPERTY,ALCOHOL_INVOLVED,STWD_VEHTYPE_AT_FAULT,CHP_VEHTYPE_AT_FAULT,COUNT_SEVERE_INJ,COUNT_VISIBLE_INJ,COUNT_COMPLAINT_PAIN,COUNT_PED_KILLED,COUNT_PED_INJURED,COUNT_BICYCLIST_KILLED,COUNT_BICYCLIST_INJURED,COUNT_MC_KILLED,COUNT_MC_INJURED,PRIMARY_RAMP,SECONDARY_RAMP,LATITUDE,LONGITUDE,COUNTY,CITY,POINT_X,POINT_Y
6723881,2014,2016-02-25,3309,2014-11-21,1416,420,3309,5,5,4,3309,0,0,0,NA,0,004,RT 111,MADISON ST,513,E,N,A,-,N,NA,NA,NA,NA,NA,NA,NA,NA,NA,N,4,0,2,2,A,-,09,21804,A,N,D,C,A,A,H,-,A,D,0,NA,NA,NA,NA,Y,NA,A,01,0,0,2,0,0,0,0,0,0,-,-,NA,NA,RIVERSIDE,INDIO,-116.24969076,33.70735793
6724922,2014,2015-01-30,9840,2014-12-02,1520,12191,NA,2,2,6,3315,0,1,1,NA,2,034,RT 15,RT 91,400,N,N,B,C,Y,NA,NA,15,NA,NA,NA,NA,NA,NA,Y,4,0,1,1,A,-,08,22107,NA,N,E,I,A,B,H,-,A,D,0,NA,NA,NA,NA,Y,NA,A,01,0,0,1,0,0,0,0,0,0,-,-,33.88342,-117.54785,RIVERSIDE,CORONA,-117.54792725,33.88338421
6725026,2014,2015-01-21,9840,2014-11-21,0752,018248,NA,5,1,7,3313,0,1,1,NA,2,024,RT 215,EUCALYPTUS AV,100,N,N,B,-,Y,NA,NA,215,NA,NA,NA,NA,NA,NA,Y,4,0,1,2,A,-,03,22350,NA,N,C,C,A,B,H,-,A,A,0,NA,NA,NA,NA,Y,NA,A,01,0,0,1,0,0,0,0,0,0,-,-,33.93374,-117.28923,RIVERSIDE,RIVERSIDE,-117.28949859,33.93364601
6726509,2014,2015-01-15,3311,2014-11-21,1803,15060,NA,5,5,4,3311,0,0,0,NA,0,005,SOUTH PALM CANYON DR,TWIN PALMS DR,0,NA,Y,A,-,N,NA,NA,NA,NA,NA,NA,NA,NA,NA,Y,4,0,2,2,A,-,09,21804,A,N,D,C,A,A,H,-,B,D,0,NA,NA,NA,NA,Y,NA,A,01,0,0,2,0,0,0,0,0,0,-,-,NA,NA,RIVERSIDE,PALM SPRINGS,-116.54561001,33.80002012
6726519,2014,2015-01-16,9685,2014-11-13,1450,14488,NA,4,2,9,3300,0,3,5,NA,2,003,POURROY RD,ENCANTO RD,9,E,N,A,-,N,NA,NA,NA,NA,NA,NA,NA,NA,NA,N,3,0,1,2,A,-,12,21453,A,N,D,G,A,A,H,-,A,A,0,NA,Y,Y,NA,Y,NA,C,02,0,1,0,0,0,0,1,0,0,-,-,NA,NA,RIVERSIDE,UNINCORPORATED,-117.1078176,33.562556
6731518,2014,2015-01-22,3308,2014-11-09,1525,10512,545,7,5,5,3308,0,0,0,NA,0,SOUTH,STETSON AV,KIRBY ST,0,NA,Y,A,-,N,NA,NA,NA,NA,NA,NA,NA,NA,NA,N,4,0,1,2,A,-,03,22350,NA,N,C,C,A,A,H,-,A,A,0,NA,NA,NA,NA,Y,NA,A,01,0,0,1,0,0,0,0,0,0,-,-,NA,NA,RIVERSIDE,HEMET,-116.99768,33.72935006
6738369,2014,2015-01-20,9840,2014-11-29,2040,017037,NA,6,2,7,3313,0,1,3,NA,2,021,RT 91,MISSION INN AV,1000,E,N,A,-,Y,NA,NA,91,NA,NA,NA,NA,NA,NA,Y,4,0,2,2,A,-,03,22350,NA,N,C,C,A,A,H,-,C,D,0,NA,NA,NA,NA,Y,NA,A,01,0,0,2,0,0,0,0,0,0,-,-,33.98148,-117.36751,RIVERSIDE,RIVERSIDE,-117.36776029,33.9817524
6738389,2014,2015-01-20,9840,2014-11-24,1850,014335,NA,1,2,6,3315,0,1,1,NA,2,034,RT 15,CAJALCO RD,700,N,N,A,-,Y,NA,NA,NA,NA,NA,NA,NA,NA,NA,Y,4,0,1,2,A,-,03,22350,NA,N,C,C,A,A,H,-,C,D,0,NA,NA,NA,NA,Y,NA,A,01,0,0,1,0,0,0,0,0,0,-,-,NA,NA,RIVERSIDE,CORONA,-117.52007029,33.82231361
6744549,2014,2015-01-30,9655,2014-12-03,2055,019318,NA,3,2,9,3300,0,1,3,NA,2,315,DOMENIGONI PKWY,LEON RD,4224,W,N,C,-,N,NA,NA,NA,NA,NA,NA,NA,NA,NA,Y,4,0,1,1,A,-,03,22350,NA,N,E,I,A,B,H,-,D,D,0,NA,NA,NA,NA,Y,NA,A,01,0,0,1,0,0,0,0,0,0,-,-,33.62263,-117.12795,RIVERSIDE,UNINCORPORATED,-117.13280149,33.69467727
6746139,2014,2015-01-29,9685,2014-12-03,2010,12466,NA,3,2,9,3300,0,1,1,NA,2,030,RT 15,RT 79,3696,S,N,C,-,Y,NA,NA,NA,NA,NA,NA,NA,NA,NA,Y,3,0,1,1,A,-,05,21650,NA,N,E,I,A,B,H,-,D,D,0,NA,NA,NA,NA,Y,NA,A,01,0,1,0,0,0,0,0,0,0,-,-,33.46577,-117.13664,RIVERSIDE,UNINCORPORATED,-117.1374821,33.47106981
6748703,2014,2015-01-30,9655,2014-12-09,1545,015795,NA,2,2,4,3301,1,4,S,NA,2,901,HARGRAVE ST,RT 10,25,S,N,A,-,Y,NA,NA,NA,NA,NA,NA,NA,NA,NA,N,4,0,1,1,C,-,18,NA,NA,N,H,A,A,A,H,-,B,D,0,NA,NA,NA,NA,Y,NA,-,-,0,0,1,0,0,0,0,0,0,-,-,33.92418,-116.86793,RIVERSIDE,BANNING,-116.86793,33.92432155
6749375,2014,2015-01-29,3300,2014-12-03,1723,3536,602D2,3,5,6,3394,0,0,0,NA,0,MV26,ATWOOD AV,PERRIS BL,1390,E,N,C,-,N,NA,NA,NA,NA,NA,NA,NA,NA,NA,N,4,0,1,2,A,-,08,22103,NA,N,D,C,A,B,H,-,C,D,0,NA,NA,NA,NA,Y,NA,A,01,0,0,1,0,0,0,0,0,0,-,-,NA,NA,RIVERSIDE,MORENO VALLEY,-117.22217,33.92998
6750851,2014,2015-02-10,3313,2014-12-29,1755,1607,E,1,5,7,3313,0,0,0,NA,0,T71,ALESSANDRO BL,VIA VISTA,65,E,N,A,-,N,NA,NA,NA,NA,NA,NA,NA,NA,NA,Y,3,0,1,3,A,-,01,23152,A,N,C,C,A,A,H,-,C,A,0,NA,NA,NA,NA,Y,Y,D,22,0,1,0,0,0,0,0,0,0,-,-,NA,NA,RIVERSIDE,RIVERSIDE,-117.34818902,33.93148292
6752507,2014,2015-02-05,9840,2014-12-21,1430,017546,NA,7,2,9,3300,0,3,5,NA,2,004,11TH ST,BELL ST,200,E,N,A,-,N,NA,NA,NA,NA,NA,NA,NA,NA,NA,N,4,0,1,1,A,-,08,22107,NA,N,F,A,A,A,B,-,A,D,0,NA,NA,NA,NA,Y,NA,A,07,0,0,1,0,0,0,0,0,0,-,-,33.81461,-117.12365,RIVERSIDE,UNINCORPORATED,-117.1236236,33.81453138
6755645,2014,2015-02-03,9630,2014-12-14,1235,019310,NA,7,1,9,3300,0,1,3,NA,2,014,RT 111,OVERTURE DR,1056,S,N,A,-,Y,NA,NA,111,NA,NA,NA,NA,NA,NA,Y,4,0,2,1,A,-,08,22107,NA,N,F,A,A,A,H,-,A,D,0,NA,NA,NA,NA,Y,NA,A,01,0,0,2,0,0,0,0,0,0,-,-,33.88763,-116.60399,RIVERSIDE,UNINCORPORATED,-116.6040255,33.88756973
6758575,2014,2015-01-30,9840,2014-12-17,1100,13950,NA,3,1,6,3315,0,1,3,NA,2,031,RT 91,LINCOLN AV,1150,E,N,B,-,Y,NA,NA,NA,NA,NA,NA,NA,NA,NA,Y,4,0,1,4,A,-,03,22350,NA,M,C,C,A,A,D,-,A,D,0,NA,NA,NA,NA,Y,NA,A,01,0,0,1,0,0,0,0,0,0,-,-,NA,NA,RIVERSIDE,CORONA,-117.57877032,33.88137484
6758579,2014,2015-01-30,9840,2014-12-18,1420,12191,NA,4,2,7,3313,0,1,3,NA,2,020,RT 91,MONROE ST,300,W,N,A,-,Y,NA,NA,91,NA,NA,NA,NA,NA,NA,N,4,0,3,2,A,-,03,22350,NA,N,C,C,A,A,H,-,A,D,0,NA,NA,NA,NA,Y,NA,D,22,0,0,3,0,0,0,0,0,0,-,-,33.92276,-117.42754,RIVERSIDE,RIVERSIDE,-117.42758691,33.92284295
6759169,2014,2015-02-04,9840,2014-12-09,0600,017546,NA,2,1,9,3300,0,3,5,NA,2,002,W LA CADENA DR,CENTER ST,75,N,N,A,-,N,NA,NA,NA,NA,NA,NA,NA,NA,NA,N,4,0,1,2,A,-,03,22350,NA,N,C,C,A,A,H,-,B,D,0,NA,NA,NA,NA,Y,NA,D,22,0,0,1,0,0,0,0,0,0,-,-,33.01585,-117.34274,RIVERSIDE,UNINCORPORATED,-117.34272106,34.01571981
6764167,2014,2015-02-10,3300,2014-12-03,1308,N3558,916A,3,5,4,3312,0,0,0,NA,0,393,NORTH PERRIS BL,RIDER ST,42,S,N,B,-,N,NA,NA,NA,NA,NA,NA,NA,NA,NA,Y,3,0,3,2,C,-,18,NA,NA,N,C,C,A,B,H,-,A,A,0,NA,NA,NA,NA,Y,NA,-,-,0,1,2,0,0,0,0,0,0,-,-,NA,NA,RIVERSIDE,PERRIS,-117.22607048,33.82996495
6764832,2014,2015-02-09,9685,2014-12-16,1620,014488,NA,2,2,5,3335,0,1,1,NA,2,030,RT 15,OVERLAND DR,5280,S,N,A,-,Y,NA,NA,NA,NA,NA,NA,NA,NA,NA,Y,4,0,1,3,A,-,03,22350,NA,N,C,C,A,A,H,-,B,D,0,NA,NA,NA,NA,Y,NA,D,22,0,0,1,0,0,0,0,0,0,-,-,33.56511,-117.14916,RIVERSIDE,TEMECULA,-117.15325344,33.50436752
6765372,2014,2015-02-02,3313,2014-12-11,1341,1222,EAST,4,5,7,3313,0,0,0,NA,0,T41,CANYON CREST DR,NAVAJO DR,0,NA,Y,A,-,N,NA,NA,NA,NA,NA,NA,NA,NA,NA,N,4,0,1,2,A,-,09,21801,A,N,A,C,A,A,H,-,A,D,0,NA,NA,NA,NA,Y,NA,A,01,0,0,1,0,0,0,0,0,0,-,-,NA,NA,RIVERSIDE,RIVERSIDE,-117.33111004,33.96307004
6767219,2014,2015-02-03,3300,2014-12-23,1702,3280,910P,2,5,5,3335,0,0,0,NA,0,069,RAINBOW CANYON RD,PECHANGA PKWY,602,W,N,A,-,N,NA,NA,NA,NA,NA,NA,NA,NA,NA,N,4,0,2,2,A,-,03,22350,NA,N,C,C,A,A,H,-,C,A,0,NA,NA,NA,NA,Y,NA,A,01,0,0,2,0,0,0,0,0,0,-,-,NA,NA,RIVERSIDE,TEMECULA,-117.12745656,33.47186043
6767373,2014,2015-02-03,3313,2014-12-17,1416,1026,C,3,5,7,3313,0,0,0,NA,0,T52,MAGNOLIA AV,CORTEZ ST,174,E,N,A,-,N,NA,NA,NA,NA,NA,NA,NA,NA,NA,Y,3,0,2,3,A,-,03,22350,NA,M,C,C,A,B,H,-,A,D,0,NA,NA,NA,NA,Y,NA,A,01,0,1,1,0,0,0,0,0,0,-,-,NA,NA,RIVERSIDE,RIVERSIDE,-117.41197503,33.94007566
6767415,2014,2015-03-12,3313,2014-12-23,0214,1439,NORTH,2,5,7,3313,0,0,0,NA,0,A115,ORANGE ST,3RD ST,0,NA,Y,A,-,N,NA,NA,NA,NA,NA,NA,NA,NA,NA,Y,3,0,1,1,A,-,01,23152,A,N,A,I,A,A,H,-,C,A,0,NA,NA,NA,NA,Y,Y,A,07,0,1,0,0,0,0,0,0,0,-,-,NA,NA,RIVERSIDE,RIVERSIDE,-117.37004001,33.98623001
6768237,2014,2015-01-28,3300,2014-11-18,1502,3717,011F,2,5,4,3344,0,0,0,NA,0,062,LIMONITE AV,SUMNER AV,51,E,N,A,-,N,NA,NA,NA,NA,NA,NA,NA,NA,NA,Y,4,0,2,2,A,-,03,22350,NA,N,C,C,A,A,H,-,A,A,0,NA,NA,NA,NA,Y,NA,-,NA,0,0,2,0,0,0,0,0,0,-,-,NA,NA,RIVERSIDE,EASTVALE,-117.57561228,33.97533684
6772340,2014,2015-01-27,3300,2014-11-19,1731,N3626,002T2,3,5,6,3345,0,0,0,NA,0,024,LIMONITE AV,EL PALOMINO DR,20,E,N,A,-,N,NA,NA,NA,NA,NA,NA,NA,NA,NA,N,4,0,1,2,A,-,21,22106,NA,N,D,C,A,A,H,-,C,A,0,NA,NA,NA,NA,Y,NA,A,01,0,0,1,0,0,0,0,0,0,-,-,NA,NA,RIVERSIDE,JURUPA VALLEY,-117.45850517,33.97839926
6776504,2014,2015-05-29,3300,2014-09-21,0520,3940,001,7,5,6,3345,0,0,0,NA,0,1JV21,CANAL,LA RUE,752,E,N,A,-,N,NA,NA,NA,NA,NA,NA,NA,NA,NA,Y,4,0,1,1,A,-,01,23152,A,N,F,J,A,A,H,-,D,D,0,NA,NA,NA,NA,Y,Y,A,07,0,0,1,0,0,0,0,0,0,-,-,NA,NA,RIVERSIDE,JURUPA VALLEY,-117.41021669,34.00520122
6778257,2014,2016-02-25,3300,2014-12-30,1315,N3605,41C1,2,5,3,3392,0,0,0,NA,0,LA41,JEFFERSON ST,RT 111,140,N,N,B,-,N,NA,NA,NA,NA,NA,NA,NA,NA,NA,N,4,0,1,2,A,-,21,22106,NA,N,C,C,A,A,H,-,A,A,0,NA,NA,NA,NA,Y,NA,D,22,0,0,1,0,0,0,0,0,0,-,-,NA,NA,RIVERSIDE,LA QUINTA,-116.26883461,33.707813
6781666,2015,2016-10-05,9840,2015-01-15,2030,19844,NA,4,2,6,3315,0,1,1,NA,2,034,RT 15,CAJALCO RD,1500,N,N,A,-,Y,RIV,8,15,-,-,37.09,H,-,N,Y,3,0,1,2,A,-,03,22350,NA,N,C,C,A,A,D,-,D,D,1,NA,NA,NA,NA,Y,NA,A,01,0,1,0,0,0,0,0,0,0,-,-,33.82622,-117.52441,RIVERSIDE,CORONA,-117.52168099,33.82403119
6781844,2014,2015-01-23,3306,2014-10-04,2007,087,3306,6,5,3,3306,0,0,0,NA,0,NA,PALM DR,CAHUILLA AV,20,N,N,A,-,N,NA,NA,NA,NA,NA,NA,NA,NA,NA,N,3,0,1,2,A,-,11,21954,A,N,G,B,D,A,H,-,C,D,0,Y,NA,NA,NA,Y,NA,N,60,0,1,0,0,1,0,0,0,0,-,-,NA,NA,RIVERSIDE,DESERT HOT SPRINGS,-116.50132061,33.95873473
6782198,2015,2015-02-20,9655,2015-01-09,1806,19634,NA,5,2,9,3300,0,3,5,NA,2,003,STEINER DR,VICTORIA DR,43,S,N,A,-,N,NA,NA,NA,NA,NA,NA,NA,NA,NA,N,3,0,1,2,A,-,11,21954,A,N,G,B,D,A,H,-,C,D,0,Y,NA,NA,NA,Y,NA,N,60,0,1,0,0,1,0,0,0,0,-,-,33.75771,-116.91069,RIVERSIDE,UNINCORPORATED,-116.9106701,33.75771104
6784411,2014,2015-01-21,3301,2014-09-06,1250,U388,3,6,5,4,3301,0,0,0,NA,0,003,RAMSEY ST,APEX ST,0,NA,Y,A,-,N,NA,NA,NA,NA,NA,NA,NA,NA,NA,Y,4,0,1,2,A,-,09,21801,A,N,D,C,A,A,H,-,A,D,0,NA,NA,NA,NA,Y,NA,A,01,0,0,1,0,0,0,0,0,0,-,-,33.92931,-116.93892,RIVERSIDE,BANNING,-116.93813001,33.92906003
6784944,2014,2015-02-13,3308,2014-12-28,1140,10179,515,7,5,5,3308,0,0,0,NA,0,SOUTH,FLORIDA AV,LYON AV,400,E,N,A,-,Y,NA,NA,NA,NA,NA,NA,NA,NA,NA,N,3,0,1,2,B,-,22,NA,NA,N,D,G,A,A,H,-,A,D,0,NA,Y,NA,NA,Y,NA,L,04,0,1,0,0,0,0,1,0,0,-,-,NA,NA,RIVERSIDE,HEMET,-116.98779869,33.74745326
6786292,2014,2015-01-27,3308,2014-11-20,0558,10527,527,4,5,5,3308,0,0,0,NA,0,SOUTH,SAN JACINTO ST,ACACIA AV,233,S,N,A,-,N,NA,NA,NA,NA,NA,NA,NA,NA,NA,Y,4,0,1,1,A,-,08,22107,NA,N,E,I,A,A,H,-,A,A,0,NA,NA,NA,NA,Y,NA,A,01,0,0,1,0,0,0,0,0,0,-,-,NA,NA,RIVERSIDE,HEMET,-116.95861753,33.74333195
6788940,2015,2015-03-03,3309,2015-01-12,1559,206,3309,1,5,4,3309,0,0,0,NA,0,004,HWY 111,LAS PALMAS RD,775,W,N,A,-,N,NA,NA,NA,NA,NA,NA,NA,NA,NA,N,3,0,1,2,A,-,10,21952,NA,N,G,B,E,A,H,-,A,A,0,Y,NA,NA,NA,Y,NA,D,22,0,1,0,0,1,0,0,0,0,-,-,NA,NA,RIVERSIDE,INDIO,-116.23834391,33.71109755
6792232,2015,2015-03-02,3300,2015-01-12,1950,N4218,910A,1,5,5,3335,0,0,0,NA,0,061,LANDING RD,VILLAGE RD,0,NA,Y,A,-,N,NA,NA,NA,NA,NA,NA,NA,NA,NA,N,4,0,1,2,A,-,10,21950,A,N,G,B,D,A,H,-,C,A,0,Y,NA,NA,NA,Y,NA,-,-,0,0,1,0,1,0,0,0,0,-,-,NA,NA,RIVERSIDE,TEMECULA,-117.15398008,33.5388601
6795054,2014,2015-02-17,3308,2014-12-10,0746,10470,517,3,5,5,3308,0,0,0,NA,0,NORTH,STATE ST,MENLO AV,0,NA,Y,A,-,N,NA,NA,NA,NA,NA,NA,NA,NA,NA,N,4,0,1,2,A,-,10,21950,A,F,G,B,B,A,H,-,A,A,0,Y,NA,NA,NA,Y,NA,A,01,0,0,1,0,1,0,0,0,0,-,-,NA,NA,RIVERSIDE,HEMET,-116.97179001,33.75840011
6796707,2014,2015-02-03,3300,2014-11-30,0055,4724,002R,7,5,6,3345,0,0,0,NA,0,024,VAN BUREN BL,56TH ST,756,N,N,A,-,N,NA,NA,NA,NA,NA,NA,NA,NA,NA,Y,4,0,1,1,A,-,08,22107,NA,N,F,-,A,A,H,-,C,D,0,NA,NA,NA,NA,Y,NA,A,01,0,0,1,0,0,0,0,0,0,-,-,NA,NA,RIVERSIDE,JURUPA VALLEY,-117.48034972,33.98839504
6798498,2014,2015-02-04,3300,2014-12-20,1455,N4187,901C,6,5,4,3310,0,0,0,NA,0,051,TRAIL ST,RIVER RD,0,NA,Y,B,-,N,NA,NA,NA,NA,NA,NA,NA,NA,NA,N,4,0,1,2,A,-,10,21950,A,N,G,G,A,A,H,-,A,D,0,NA,Y,NA,NA,Y,NA,A,07,0,0,1,0,0,0,1,0,0,-,-,33.9175,-117.5919,RIVERSIDE,NORCO,-117.59208001,33.91776
6798501,2014,2015-02-03,3300,2014-12-10,0550,4059,011A,3,5,4,3344,0,0,0,NA,0,060,MISSION BL,MILLIKEN AV,186,E,N,A,-,N,NA,NA,NA,NA,NA,NA,NA,NA,NA,Y,4,0,2,2,A,-,09,21804,A,N,B,C,A,A,H,-,C,D,0,NA,NA,NA,NA,Y,NA,A,01,0,0,2,0,0,0,0,0,0,-,-,NA,NA,RIVERSIDE,EASTVALE,-117.55771715,34.03225015
6798506,2014,2015-02-04,3300,2014-12-02,1527,4050,011F,2,5,4,3344,0,0,0,NA,0,062,SCHOLAR WY,PEACH BLOSSOM ST,11,N,N,C,-,N,NA,NA,NA,NA,NA,NA,NA,NA,NA,N,3,0,1,2,D,-,00,NA,NA,N,D,G,A,B,H,-,A,D,0,NA,Y,NA,NA,Y,Y,-,-,0,1,0,0,0,0,1,0,0,-,-,NA,NA,RIVERSIDE,EASTVALE,-117.56708,33.97204015
6799992,2015,2015-03-02,3313,2015-01-22,1223,1793,N,4,5,7,3313,0,0,0,NA,0,T71,PALM AV,BANDINI AV,0,NA,Y,A,-,N,NA,NA,NA,NA,NA,NA,NA,NA,NA,N,4,0,2,2,A,-,12,21453,A,N,D,C,A,A,H,-,A,A,0,NA,NA,NA,NA,Y,NA,A,01,0,0,2,0,0,0,0,0,0,-,-,NA,NA,RIVERSIDE,RIVERSIDE,-117.39593013,33.96965004
6801690,2015,2015-03-10,3313,2015-02-04,1217,1026,C,3,5,7,3313,0,0,0,NA,0,752,VAN BUREN BL,VICTORIA AV,512,S,N,A,-,N,NA,NA,NA,NA,NA,NA,NA,NA,NA,Y,3,0,3,2,A,-,03,22350,NA,N,C,C,A,A,H,-,A,A,0,NA,NA,NA,NA,Y,NA,A,01,0,1,2,0,0,0,0,0,0,-,-,NA,NA,RIVERSIDE,RIVERSIDE,-117.43291494,33.90364082
6805551,2015,2015-02-24,9840,2015-01-26,2115,15802,RIVER,1,2,9,3300,0,1,1,NA,2,040,WASHINGTON ST,GOLDEN STAR AV,528,S,N,B,-,N,NA,NA,NA,NA,NA,NA,NA,NA,NA,N,4,0,1,2,A,-,03,22350,NA,N,C,C,A,B,H,-,D,D,0,NA,NA,NA,NA,Y,NA,A,07,0,0,1,0,0,0,0,0,0,-,-,NA,NA,RIVERSIDE,UNINCORPORATED,-117.36796221,33.88862166
6806015,2015,2016-09-06,9840,2015-01-30,1205,17546,NA,5,1,6,3394,0,1,3,NA,2,025,RT 60,THEODOR ST BR,0,NA,Y,B,-,Y,RIV,8,60,-,-,21.369,H,-,W,Y,4,0,1,2,A,-,17,35250,NA,N,E,I,A,A,H,-,A,D,1,NA,NA,NA,Y,Y,NA,G,25,0,0,1,0,0,0,0,0,0,-,-,33.9394,-117.13919,RIVERSIDE,MORENO VALLEY,-117.13934291,33.93941602
6810878,2014,2015-02-23,3300,2014-12-15,1251,2801,920H,1,5,4,3314,0,0,0,NA,0,074,COMMONWEALTH AV,HEWITT ST,0,NA,Y,A,-,N,NA,NA,NA,NA,NA,NA,NA,NA,NA,N,4,0,1,2,A,-,03,22350,NA,N,C,C,A,A,H,-,A,A,0,NA,NA,NA,NA,Y,NA,-,NA,0,0,1,0,0,0,0,0,0,-,-,NA,NA,RIVERSIDE,SAN JACINTO,-116.95093001,33.76928012
6813024,2014,2015-03-12,3300,2014-12-22,1250,N4809,920A,1,5,4,3314,0,0,0,NA,0,070,WARREN RD,RAMONA EXPWY,5280,S,N,A,-,N,NA,NA,NA,NA,NA,NA,NA,NA,NA,Y,4,0,3,2,A,-,03,22350,NA,N,C,C,A,A,H,-,A,D,0,NA,NA,NA,Y,Y,NA,A,01,0,0,3,0,0,0,0,0,0,-,-,NA,NA,RIVERSIDE,SAN JACINTO,-117.03367699,33.80899972
6816469,2015,2016-09-28,9840,2015-02-07,1410,018611,NA,6,2,6,3315,0,1,3,NA,2,030,RT 91,GREEN RIVER RD,700,W,N,A,-,Y,RIV,8,91,-,-,4.59,H,-,E,Y,4,0,2,3,A,-,03,22350,NA,N,C,A,A,A,H,-,A,D,1,NA,NA,NA,NA,Y,NA,A,01,0,0,2,0,0,0,0,0,0,-,-,33.87607,-117.65963,RIVERSIDE,CORONA,-117.59620369,33.88129343
6824662,2015,2016-09-12,3311,2015-02-07,1820,15689,NA,6,5,4,3311,0,0,0,NA,0,006,S GENE AUTRY TRL,EAST RAMON RD,0,NA,Y,A,-,Y,RIV,8,111,-,T,49.4,H,-,S,Y,4,0,1,3,A,-,03,22350,NA,N,C,C,A,A,H,-,C,A,0,NA,NA,NA,NA,Y,NA,A,01,0,0,1,0,0,0,0,0,0,-,-,NA,NA,RIVERSIDE,PALM SPRINGS,-116.49300528,33.81630296
6825598,2015,2015-03-09,3308,2015-01-29,1549,4189,546,4,5,5,3308,0,0,0,NA,0,SOUTH,STETSON AV,STATE ST,450,E,N,A,-,N,NA,NA,NA,NA,NA,NA,NA,NA,NA,Y,4,0,1,2,A,-,09,21801,A,N,D,C,A,A,H,-,A,A,0,NA,NA,NA,NA,Y,NA,A,07,0,0,1,0,0,0,0,0,0,-,-,NA,NA,RIVERSIDE,HEMET,-116.97155,33.72937
6825734,2015,2015-03-06,3300,2015-01-27,2046,3775,602C6,2,5,6,3394,0,0,0,NA,0,MV24,ALESSANDRO PLZ,ALESSANDRO BL,25,N,N,A,-,N,NA,NA,NA,NA,NA,NA,NA,NA,NA,N,3,0,1,2,A,-,03,22350,NA,F,D,G,A,A,H,-,C,A,0,NA,Y,NA,NA,Y,NA,A,01,0,1,0,0,0,0,1,0,0,-,-,NA,NA,RIVERSIDE,MORENO VALLEY,-117.24804,33.91739849
6826271,2015,2015-03-18,3300,2015-01-19,1146,N3162,D001,1,5,6,3345,0,0,0,NA,0,014,LIMONITE AV,CAMINO REAL,0,NA,Y,A,-,N,NA,NA,NA,NA,NA,NA,NA,NA,NA,N,4,0,1,2,A,-,09,21801,A,N,D,C,A,A,H,-,A,A,0,NA,NA,NA,NA,Y,NA,A,01,0,0,1,0,0,0,0,0,0,-,-,NA,NA,RIVERSIDE,JURUPA VALLEY,-117.45174003,33.97864007
6827117,2015,2015-03-11,3308,2015-02-25,0832,10564,547,3,5,5,3308,0,0,0,NA,0,SOUTH,STETSON AV,VIA DEL ECO,0,NA,Y,A,-,N,NA,NA,NA,NA,NA,NA,NA,NA,NA,N,4,0,1,2,A,-,11,21950,B,N,G,B,B,A,H,-,A,A,0,Y,NA,NA,NA,Y,NA,N,60,0,0,1,0,1,0,0,0,0,-,-,NA,NA,RIVERSIDE,HEMET,-116.96635007,33.72944008
6827305,2015,2016-04-26,3300,2015-02-23,1220,N1673,30G1,1,5,4,3318,0,0,0,NA,0,T30,PORTOLA AV,HWY 111,47,S,N,B,-,N,NA,NA,NA,NA,NA,NA,NA,NA,NA,N,4,0,1,2,A,-,21,22106,NA,N,C,C,A,A,H,-,A,A,0,NA,NA,NA,NA,Y,NA,A,07,0,0,1,0,0,0,0,0,0,-,-,NA,NA,RIVERSIDE,PALM DESERT,-116.37375,33.72121139
6829915,2015,2016-11-22,9655,2015-04-04,1650,021008,NA,6,2,3,3302,0,1,1,NA,2,202,RT 10,BEAUMONT AV,45,W,N,A,-,Y,RIV,8,10,-,-,7.449,R,1,E,Y,4,0,2,3,A,-,01,23152,A,N,C,C,A,A,H,-,A,A,1,NA,NA,NA,NA,Y,Y,D,22,0,0,2,0,0,0,0,0,0,TO,-,33.92678,-116.97729,RIVERSIDE,BEAUMONT,-116.97932083,33.92703391
6833224,2015,2016-09-27,9840,2015-02-11,1418,16342,NA,3,2,6,3315,0,1,3,NA,2,030,RT 91,SERFAS CLUB DR,1584,W,N,A,-,Y,RIV,8,91,-,R,3.41,H,-,E,N,4,0,1,2,A,-,03,22350,NA,N,C,C,A,A,D,-,A,D,1,NA,NA,NA,NA,Y,NA,D,22,0,0,1,0,0,0,0,0,0,-,-,33.87978,-117.61366,RIVERSIDE,CORONA,-117.61833817,33.88130775
6833270,2015,2016-09-19,9840,2015-02-19,0900,12208,NA,4,1,4,3344,0,1,1,NA,2,011,RT 15,RT 60,442,N,N,B,-,Y,RIV,8,15,-,-,51.58,H,-,N,N,4,0,1,2,A,-,03,22350,NA,N,C,C,A,A,H,-,A,D,1,NA,NA,NA,NA,Y,NA,D,22,0,0,1,0,0,0,0,0,0,-,-,34.12322,-117.326,RIVERSIDE,EASTVALE,-117.5501188,34.02344778
6835358,2015,2015-03-20,9660,2015-02-17,1415,20715,NA,2,2,3,3303,0,1,A,NA,2,760,WILEY WELL RD,WILEY WELL,300,S,N,A,-,N,NA,NA,NA,NA,NA,NA,NA,NA,NA,Y,3,0,1,2,A,-,03,22350,NA,N,C,C,A,A,H,-,A,D,0,NA,NA,Y,NA,Y,NA,A,01,0,1,0,0,0,0,0,0,1,-,-,33.56211,-114.90294,RIVERSIDE,BLYTHE,NA,NA