CASE_ID,ACCIDENT_YEAR,PROC_DATE,JURIS,COLLISION_DATE,COLLISION_TIME,OFFICER_ID,REPORTING_DISTRICT,DAY_OF_WEEK,CHP_SHIFT,POPULATION,CNTY_CITY_LOC,SPECIAL_COND,BEAT_TYPE,CHP_BEAT_TYPE,CITY_DIVISION_LAPD,CHP_BEAT_CLASS,BEAT_NUMBER,PRIMARY_RD,SECONDARY_RD,DISTANCE,DIRECTION,INTERSECTION,WEATHER_1,WEATHER_2,STATE_HWY_IND,CALTRANS_COUNTY,CALTRANS_DISTRICT,STATE_ROUTE,ROUTE_SUFFIX,POSTMILE_PREFIX,POSTMILE,LOCATION_TYPE,RAMP_INTERSECTION,SIDE_OF_HWY,TOW_AWAY,COLLISION_SEVERITY,NUMBER_KILLED,NUMBER_INJURED,PARTY_COUNT,PRIMARY_COLL_FACTOR,PCF_CODE_OF_VIOL,PCF_VIOL_CATEGORY,PCF_VIOLATION,PCF_VIOL_SUBSECTION,HIT_AND_RUN,TYPE_OF_COLLISION,MVIW,PED_ACTION,ROAD_SURFACE,ROAD_COND_1,ROAD_COND_2,LIGHTING,CONTROL_DEVICE,CHP_ROAD_TYPE,PEDESTRIAN_ACCIDENT,BICYCLE_ACCIDENT,MOTORCYCLE_ACCIDENT,TRUCK_ACCIDENT,NOT_PRIVATE_PROPERTY,ALCOHOL_INVOLVED,STWD_VEHTYPE_AT_FAULT,CHP_VEHTYPE_AT_FAULT,COUNT_SEVERE_INJ,COUNT_VISIBLE_INJ,COUNT_COMPLAINT_PAIN,COUNT_PED_KILLED,COUNT_PED_INJURED,COUNT_BICYCLIST_KILLED,COUNT_BICYCLIST_INJURED,COUNT_MC_KILLED,COUNT_MC_INJURED,PRIMARY_RAMP,SECONDARY_RAMP,LATITUDE,LONGITUDE,COUNTY,CITY,POINT_X,POINT_Y
6943270,2015,2016-11-28,9840,2015-05-20,2240,18949,NA,3,3,6,3315,0,1,3,NA,2,031,RT 91,RT 15,2500,E,N,A,-,Y,RIV,8,91,-,-,7.92,H,-,E,Y,3,0,1,3,A,-,03,22350,NA,N,C,C,A,A,H,-,C,D,1,NA,NA,NA,NA,Y,NA,A,07,0,1,0,0,0,0,0,0,0,-,-,33.88316,-117.53821,RIVERSIDE,CORONA,-117.53932043,33.88321723
6943602,2015,2015-06-26,3313,2015-05-25,0605,1686,E,1,5,7,3313,0,0,0,NA,0,T58,BLAINE ST,CAMPUS VIEW DR,420,E,N,A,-,N,NA,NA,NA,NA,NA,NA,NA,NA,NA,Y,4,0,1,3,A,-,01,23152,A,N,A,E,A,A,H,-,A,D,0,NA,NA,NA,NA,Y,Y,A,01,0,0,1,0,0,0,0,0,0,-,-,NA,NA,RIVERSIDE,RIVERSIDE,-117.32283876,33.98295242
6943610,2015,2015-06-26,3313,2015-05-20,1701,0399,NORTH,3,5,7,3313,0,0,0,NA,0,M18,EAST LA CADENA DR,1ST ST,318,N,N,A,-,N,NA,NA,NA,NA,NA,NA,NA,NA,NA,Y,3,0,1,2,A,-,09,21801,A,N,D,C,A,A,H,-,A,D,0,NA,NA,NA,NA,Y,NA,A,01,0,1,0,0,0,0,0,0,0,-,-,NA,NA,RIVERSIDE,RIVERSIDE,-117.36243243,33.98620616
6943617,2015,2015-06-26,3300,2015-05-18,1454,N3546,910T,1,5,5,3335,0,0,0,NA,0,070,NIGHTHAWK PASS,CALLE BANUELOS,0,NA,Y,A,-,N,NA,NA,NA,NA,NA,NA,NA,NA,NA,N,4,0,2,2,A,-,09,21804,A,N,D,-,A,A,H,-,A,D,0,NA,NA,NA,NA,Y,NA,A,01,0,0,2,0,0,0,0,0,0,-,-,NA,NA,RIVERSIDE,TEMECULA,-117.07339004,33.47568006
6943638,2015,2015-06-26,3313,2015-05-20,1643,1082,NA,3,5,7,3313,0,0,0,NA,0,NA,MAGNOLIA AV,CROWELL AV,0,NA,Y,A,-,N,NA,NA,NA,NA,NA,NA,NA,NA,NA,N,4,0,2,2,A,-,03,22350,NA,N,-,-,A,A,H,-,A,B,0,NA,NA,NA,NA,Y,Y,A,07,0,0,2,0,0,0,0,0,0,-,-,NA,NA,RIVERSIDE,RIVERSIDE,-117.42142013,33.93472001
6945953,2015,2016-12-07,9630,2015-05-02,0230,020804,NA,6,3,9,3300,0,1,3,NA,1,074,RT 74,74 RIV 88.83,10,E,N,A,-,Y,RIV,8,74,-,-,88.83,H,-,W,Y,3,0,1,1,A,-,01,23152,A,M,E,I,A,A,H,-,D,D,0,NA,NA,NA,NA,Y,Y,A,01,0,1,0,0,0,0,0,0,0,-,-,33.65101,-116.3983,RIVERSIDE,UNINCORPORATED,-116.39871548,33.65138452
6946372,2015,2015-07-11,3313,2015-06-01,1809,1384,NA,1,5,7,3313,0,0,0,NA,0,M17,BROCKTON AV,RUBIDOUX AV,215,N,N,A,-,N,NA,NA,NA,NA,NA,NA,NA,NA,NA,Y,4,0,2,2,A,-,03,22350,NA,N,C,C,A,A,H,-,A,A,0,NA,NA,NA,NA,Y,NA,A,01,0,0,2,0,0,0,0,0,0,-,-,NA,NA,RIVERSIDE,RIVERSIDE,-117.39602346,33.96206248
6952114,2015,2016-11-15,9685,2015-06-06,1235,16838,NA,6,1,4,3342,0,1,1,NA,2,034,RT 215,CLINTON KEITH RD,3150,S,N,A,-,Y,RIV,8,215,-,R,11.91,H,-,S,Y,4,0,1,1,A,-,08,22107,NA,N,F,A,A,A,H,-,A,D,1,NA,NA,NA,NA,Y,NA,A,07,0,0,1,0,0,0,0,0,0,-,-,33.59072,-117.17969,RIVERSIDE,MURRIETA,-117.17980546,33.59117773
6952724,2015,2015-06-22,3300,2015-04-27,1815,N4187,002M,1,5,6,3345,0,0,0,NA,0,022,BELLGRAVE AV,ETIWANDA AV,0,NA,Y,A,-,N,NA,NA,NA,NA,NA,NA,NA,NA,NA,Y,2,0,1,1,A,-,03,22350,NA,N,E,I,A,A,H,-,B,A,0,NA,NA,NA,NA,Y,NA,D,22,1,0,0,0,0,0,0,0,0,-,-,NA,NA,RIVERSIDE,JURUPA VALLEY,-117.52397013,33.99943005
6955851,2015,2015-07-11,9685,2015-06-02,0752,012187,NA,2,1,9,3300,0,3,5,NA,2,003,MURRIETA HOT SPRINGS RD,POURROY RD,10,W,N,A,-,N,NA,NA,NA,NA,NA,NA,NA,NA,NA,N,4,0,1,2,A,-,09,21802,A,N,D,C,A,A,H,-,A,A,0,NA,NA,NA,NA,Y,NA,A,01,0,0,1,0,0,0,0,0,0,-,-,33.55442,-117.11155,RIVERSIDE,UNINCORPORATED,-117.11099271,33.55437043
6956888,2015,2015-07-02,3308,2015-06-01,1115,6289,504,1,5,5,3308,0,0,0,NA,0,NORTH,SANDERSON AV,MENLO AV,0,NA,Y,A,-,N,NA,NA,NA,NA,NA,NA,NA,NA,NA,N,3,0,1,2,A,-,08,22107,NA,N,D,G,A,A,H,-,A,A,0,NA,Y,NA,NA,Y,NA,D,22,0,1,0,0,0,0,1,0,0,-,-,NA,NA,RIVERSIDE,HEMET,-117.00660012,33.75822006
6957836,2015,2015-06-30,9840,2015-05-27,1410,12075,NA,3,2,9,3300,0,2,4,NA,2,042,VAN BUREN BL,VILLAGE WEST DR,500,W,N,A,-,N,NA,NA,NA,NA,NA,NA,NA,NA,NA,NA,4,0,1,2,A,-,08,22107,NA,N,C,C,A,A,H,-,A,A,0,NA,NA,NA,NA,Y,NA,A,01,0,0,1,0,0,0,0,0,0,-,-,NA,NA,RIVERSIDE,UNINCORPORATED,-117.2890916,33.8849909
6960236,2015,2015-07-09,3313,2015-06-04,1818,1475,C,4,5,7,3313,0,0,0,NA,0,M19,JEFFERSON ST,VICTORIA AV,5,N,N,A,-,N,NA,NA,NA,NA,NA,NA,NA,NA,NA,N,4,0,1,2,A,-,05,21650,1,N,D,G,A,A,H,-,A,A,0,NA,Y,NA,NA,Y,NA,L,04,0,0,1,0,0,0,1,0,0,-,-,NA,NA,RIVERSIDE,RIVERSIDE,-117.40416933,33.92169128
6961279,2015,2015-07-15,3313,2015-06-04,1736,0399,NORTH,4,5,7,3313,0,0,0,NA,0,M18,DOUGLASS AV,12TH ST,310,S,N,A,-,N,NA,NA,NA,NA,NA,NA,NA,NA,NA,N,4,0,1,2,A,-,21,22106,NA,N,D,C,A,A,H,-,A,D,0,NA,NA,NA,NA,Y,NA,A,01,0,0,1,0,0,0,0,0,0,-,-,NA,NA,RIVERSIDE,RIVERSIDE,-117.35493,33.97182
6961944,2015,2015-07-15,3300,2015-06-08,1528,4996,603D1,1,5,6,3394,0,0,0,NA,0,MV38,RED MAPLE LN,PERRIS BL,409,E,N,A,-,N,NA,NA,NA,NA,NA,NA,NA,NA,NA,N,4,0,3,3,A,-,03,22350,NA,N,C,C,A,A,H,-,A,A,0,NA,NA,NA,NA,Y,NA,A,01,0,0,3,0,0,0,0,0,0,-,-,NA,NA,RIVERSIDE,MORENO VALLEY,-117.22495707,33.88469001
6962989,2015,2016-11-14,9630,2015-05-17,2245,020840,NA,7,3,9,3300,0,1,3,NA,1,177,RT 177,CARR RD,33264,N,N,A,-,Y,RIV,8,177,-,-,12.1,H,-,N,Y,3,0,2,1,A,-,08,22107,NA,N,F,A,A,A,H,-,D,D,5,NA,NA,NA,Y,Y,NA,G,25,0,1,1,0,0,0,0,0,0,-,-,33.83778,-115.25609,RIVERSIDE,UNINCORPORATED,-115.25709972,33.83656514
6963512,2015,2015-07-01,3313,2015-06-03,1107,1686,N,3,5,7,3313,0,0,0,NA,0,T58,MISSION INN AV,ORANGE ST,143,E,N,A,-,N,NA,NA,NA,NA,NA,NA,NA,NA,NA,N,4,0,1,3,C,-,18,NA,NA,N,C,E,A,A,H,-,A,D,0,NA,NA,NA,NA,Y,NA,-,-,0,0,1,0,0,0,0,0,0,-,-,NA,NA,RIVERSIDE,RIVERSIDE,-117.37219268,33.98218413
6968801,2015,2015-07-14,9655,2015-06-11,2130,020963,NA,4,2,9,3300,0,3,5,NA,2,002,BONITA AV,ELM ST,1605,W,N,A,-,N,NA,NA,NA,NA,NA,NA,NA,NA,NA,Y,3,0,1,2,A,-,05,21650,NA,N,A,C,A,A,H,-,D,D,0,NA,NA,NA,NA,Y,NA,A,08,0,1,0,0,0,0,0,0,0,-,-,33.91431,-116.75963,RIVERSIDE,UNINCORPORATED,-116.75980038,33.91431665
6974381,2015,2016-12-17,9840,2015-06-14,1438,19527,NA,7,2,7,3313,0,1,3,NA,2,021,RT 91,BROCKTON AV,650,W,N,A,-,Y,RIV,8,91,-,-,17.32,H,-,W,Y,4,0,2,2,A,-,03,22350,NA,N,C,C,A,A,D,-,A,D,1,NA,NA,NA,NA,Y,NA,A,01,0,0,2,0,0,0,0,0,0,-,-,33.94139,-117.39603,RIVERSIDE,RIVERSIDE,-117.39560956,33.94149314
6975244,2015,2015-07-13,9630,2015-06-04,2021,19843,NA,4,2,9,3300,0,3,5,NA,2,002,20TH AV,BUBBLING WELLS RD,205,W,N,A,-,N,NA,NA,NA,NA,NA,NA,NA,NA,NA,Y,4,0,1,1,A,-,01,23152,E,N,E,I,A,A,H,-,D,D,0,NA,NA,NA,NA,Y,NA,D,22,0,0,1,0,0,0,0,0,0,-,-,33.90322,-116.48493,RIVERSIDE,UNINCORPORATED,-116.48486281,33.90321442
6976963,2014,2015-07-10,3325,2014-09-16,1653,2403,NA,2,5,4,3325,0,0,0,NA,0,001,GERALD FORD DR,PLUMLEY RD,0,W,-,A,-,N,NA,NA,NA,NA,NA,NA,NA,NA,NA,Y,3,0,3,2,A,-,04,21703,NA,N,C,C,A,A,H,-,A,A,0,NA,NA,NA,NA,Y,NA,A,07,0,1,2,0,0,0,0,0,0,-,-,NA,NA,RIVERSIDE,CATHEDRAL CITY,-116.44940003,33.78694002
6977465,2015,2016-03-08,9840,2015-03-26,1648,016497,NA,4,2,9,3300,0,3,5,NA,2,002,RECHE CANYON RD,KEISSELL RD,1584,S,N,A,-,N,NA,NA,NA,NA,NA,NA,NA,NA,NA,Y,4,0,1,2,A,-,01,23152,E,N,B,C,A,A,H,-,A,D,0,NA,NA,NA,NA,Y,Y,A,01,0,0,1,0,0,0,0,0,0,-,-,33.99606,-117.23205,RIVERSIDE,UNINCORPORATED,-117.23171953,33.99841538
6978202,2015,2015-07-16,3300,2015-06-24,1316,4903,920F,3,5,4,3314,0,0,0,NA,0,NA,RAMONA EXPWY,VERNON ST,0,NA,Y,A,-,N,NA,NA,NA,NA,NA,NA,NA,NA,NA,N,4,0,1,2,A,-,03,22350,NA,N,C,C,A,A,H,-,A,A,0,NA,NA,NA,NA,Y,NA,A,01,0,0,1,0,0,0,0,0,0,-,-,NA,NA,RIVERSIDE,SAN JACINTO,-116.95014011,33.80050003
6978671,2015,2016-11-22,9630,2015-06-02,1935,15339,NA,2,2,4,3309,0,1,1,NA,2,022,RT 10,JEFFERSON ST,4224,W,N,A,-,Y,RIV,8,10,-,-,51.54,H,-,E,Y,4,0,1,1,A,-,08,22107,NA,N,E,I,A,A,H,-,A,D,1,NA,NA,NA,NA,Y,NA,D,22,0,0,1,0,0,0,0,0,0,-,-,33.75347,-116.2822,RIVERSIDE,INDIO,-116.28392681,33.75420854
6980297,2015,2015-07-15,9630,2015-06-08,2048,20555,NA,1,2,9,3300,0,2,4,NA,2,056,AIRPORT BL,TYLER ST,1056,E,N,A,-,N,NA,NA,NA,NA,NA,NA,NA,NA,NA,Y,3,0,4,2,C,-,18,NA,NA,N,C,C,A,A,H,-,D,D,0,NA,NA,NA,NA,Y,NA,-,-,0,1,3,0,0,0,0,0,0,-,-,33.64204,-116.16124,RIVERSIDE,UNINCORPORATED,-116.16037628,33.64208046
6982059,2015,2015-07-18,3300,2015-06-13,2038,4234,910S,6,5,5,3335,0,0,0,NA,0,069,TEMECULA PKWY,LA PAZ ST,0,NA,Y,A,-,N,NA,NA,NA,NA,NA,NA,NA,NA,NA,Y,4,0,1,2,A,-,12,21453,A,N,-,C,A,A,H,-,C,A,0,NA,NA,NA,NA,Y,NA,A,01,0,0,1,0,0,0,0,0,0,-,-,NA,NA,RIVERSIDE,TEMECULA,-117.13571,33.47824
6984917,2015,2016-11-15,9685,2015-06-30,2203,14338,NA,2,3,5,3341,0,1,1,NA,2,020,RT 215,NEWPORT RD,3168,S,N,B,-,Y,RIV,8,215,-,R,17.92,H,-,N,Y,4,0,2,4,A,-,03,22350,NA,N,C,C,A,A,H,-,D,-,1,NA,NA,NA,NA,Y,NA,A,01,0,0,2,0,0,0,0,0,0,-,-,33.6723,-117.1707,RIVERSIDE,MENIFEE,-117.17077652,33.67643091
6985082,2015,2015-07-28,9840,2015-06-24,1700,11368,NA,3,2,9,3300,0,2,4,NA,2,043,RAMONA EXPWY,HANSEN AV,310,N,N,A,-,N,NA,NA,NA,NA,NA,NA,NA,NA,NA,Y,4,0,2,3,A,-,03,22350,NA,N,C,C,A,A,H,-,A,A,0,NA,NA,NA,Y,Y,NA,A,01,0,0,2,0,0,0,0,0,0,-,-,33.83858,-117.11851,RIVERSIDE,UNINCORPORATED,-117.11735381,33.83891613
6989911,2015,2015-07-25,3300,2015-06-09,0142,4571,604B4,2,5,6,3394,0,0,0,NA,0,042,MORENO BEACH DR,AUBURN LN,482,N,N,A,-,N,NA,NA,NA,NA,NA,NA,NA,NA,NA,Y,4,0,1,1,A,-,01,23152,E,N,E,I,A,A,H,-,C,D,0,NA,NA,NA,NA,Y,NA,D,22,0,0,1,0,0,0,0,0,0,-,-,NA,NA,RIVERSIDE,MORENO VALLEY,-117.17411,33.90816029
6990496,2015,2015-08-05,3308,2015-07-03,2231,10377,296,5,5,5,3308,0,0,0,NA,0,NORTH,PALM AV,EATON AV,280,N,N,A,-,N,NA,NA,NA,NA,NA,NA,NA,NA,NA,N,4,0,1,2,A,-,11,21954,A,M,G,B,E,A,H,-,D,A,0,Y,NA,NA,NA,Y,NA,N,60,0,0,1,0,1,0,0,0,0,-,-,NA,NA,RIVERSIDE,HEMET,-116.98053632,33.76637678
6993940,2015,2015-08-04,3300,2015-05-08,0710,4563,901C,5,5,4,3310,0,0,0,NA,0,051,RIVER RD,CORYDON AV,153,N,N,A,-,N,NA,NA,NA,NA,NA,NA,NA,NA,NA,Y,4,0,1,2,A,-,04,21703,NA,N,C,C,A,A,H,-,A,A,0,NA,NA,NA,NA,Y,NA,A,07,0,0,1,0,0,0,0,0,0,-,-,NA,NA,RIVERSIDE,NORCO,-117.58846807,33.91493768
6995259,2015,2015-07-31,3300,2015-06-20,2348,4391,601C4,6,5,6,3394,0,0,0,NA,0,014,BOX SPRINGS RD,DAY ST,528,W,N,A,-,N,NA,NA,NA,NA,NA,NA,NA,NA,NA,Y,3,0,1,1,A,-,01,23152,A,N,F,J,A,A,H,-,C,A,0,NA,NA,Y,NA,Y,Y,C,02,0,1,0,0,0,0,0,0,1,-,-,NA,NA,RIVERSIDE,MORENO VALLEY,-117.28073542999999,33.9465739
6997927,2015,2017-01-23,9840,2015-07-24,0655,13500,NA,5,1,6,3345,0,1,1,NA,2,011,RT 15,MISSION BL,50,N,N,A,-,Y,RIV,8,15,-,-,52.02,H,-,N,Y,4,0,4,2,A,-,03,22350,NA,N,C,C,A,A,H,-,A,D,1,NA,NA,NA,NA,Y,NA,D,22,0,0,4,0,0,0,0,0,0,-,-,34.03002,-117.55019,RIVERSIDE,JURUPA VALLEY,-117.55000445,34.02983187
6998720,2015,2017-01-10,9840,2015-07-13,1240,17459,NA,1,1,7,3313,0,1,1,NA,2,023,RT 215,UNIVERSITY AV,10,N,N,A,-,Y,RIV,8,215,-,-,41.49,H,-,N,N,4,0,2,2,A,-,03,22350,NA,N,C,D,A,A,H,-,A,D,1,NA,NA,NA,NA,Y,NA,A,01,0,0,2,0,0,0,0,0,0,-,-,33.98904,-117.3483,RIVERSIDE,RIVERSIDE,-117.33512775,33.97557696
7005376,2015,2015-07-23,9840,2015-07-06,1555,13950,NA,1,2,9,3300,0,3,5,NA,2,003,CAJALCO RD,TEMESCAL CANYON RD,5350,E,N,A,-,N,NA,NA,NA,NA,NA,NA,NA,NA,NA,Y,3,0,1,1,A,-,03,22350,NA,N,F,A,A,A,H,-,A,D,0,NA,NA,Y,NA,Y,NA,C,02,0,1,0,0,0,0,0,0,1,-,-,33.82692,-117.49449,RIVERSIDE,UNINCORPORATED,-117.51843,33.82097
7006217,2015,2017-03-29,3300,2015-02-13,2030,N3672,916B,5,5,4,3312,0,0,0,NA,0,032,PERRIS BL,NUEVO RD,325,N,N,A,-,N,NA,NA,NA,NA,NA,NA,NA,NA,NA,N,1,1,0,2,A,-,11,21954,A,N,G,B,D,A,H,-,C,A,0,Y,NA,NA,NA,Y,NA,N,60,0,0,0,1,0,0,0,0,0,-,-,NA,NA,RIVERSIDE,PERRIS,-117.22621,33.80197315
7006314,2015,2015-11-25,3309,2015-01-13,1020,460,3309,2,5,4,3309,0,0,0,NA,0,005,CLINTON ST,FRED WARING DR,315,S,N,A,-,N,NA,NA,NA,NA,NA,NA,NA,NA,NA,Y,1,1,0,2,A,-,08,22107,NA,N,D,C,A,A,H,-,A,D,0,NA,NA,NA,NA,Y,NA,A,01,0,0,0,0,0,0,0,0,0,-,-,NA,NA,RIVERSIDE,INDIO,-116.24274,33.72854846
7006646,2015,2015-09-24,3303,2015-03-01,1133,184,NA,7,5,3,3303,0,0,0,NA,0,002,10TH AV,CANAL D-29,0,NA,N,B,C,N,NA,NA,NA,NA,NA,NA,NA,NA,NA,Y,1,1,0,1,B,-,22,NA,NA,N,E,J,A,B,A,-,A,-,0,NA,NA,Y,NA,Y,NA,C,03,0,0,0,0,0,0,0,1,0,-,-,33.37135,-114.32458,RIVERSIDE,BLYTHE,NA,NA
7007209,2015,2017-01-11,9655,2015-07-27,0710,014829,NA,1,1,4,3301,0,1,1,NA,2,204,RT 10,SUNSET AV,2640,W,N,A,-,Y,RIV,8,10,-,-,10.83,H,-,W,N,2,0,1,2,A,-,07,21658,A,N,B,C,A,A,H,-,A,D,1,NA,NA,NA,NA,Y,NA,D,22,1,0,0,0,0,0,0,0,0,-,-,NA,NA,RIVERSIDE,BANNING,-116.9205501,33.92601117
7008628,2015,2016-06-14,3309,2015-06-20,0229,326,3309,6,5,4,3309,0,0,0,NA,0,002,AVE 42,GORE ST,51,W,N,A,-,N,NA,NA,NA,NA,NA,NA,NA,NA,NA,N,4,0,1,1,A,-,07,21658,A,N,E,I,A,A,H,-,C,D,0,NA,NA,NA,NA,Y,NA,A,01,0,0,1,0,0,0,0,0,0,-,-,NA,NA,RIVERSIDE,INDIO,-116.22551701,33.74409
7009723,2015,2015-08-18,3300,2015-07-17,1129,4252,506C,5,5,5,3341,0,0,0,NA,0,056,MURRIETA RD,NEWPORT RD,268,N,N,A,-,N,NA,NA,NA,NA,NA,NA,NA,NA,NA,Y,3,0,1,2,A,-,09,21804,A,N,D,C,A,A,H,-,A,D,0,NA,NA,Y,NA,Y,NA,A,01,0,1,0,0,0,0,0,0,1,-,-,NA,NA,RIVERSIDE,MENIFEE,-117.20602,33.68577414
7009915,2015,2015-08-20,3300,2015-07-26,0846,4551,420,7,5,2,3336,0,0,0,NA,0,020,5TH ST,AVENUE L,212,N,N,A,-,N,NA,NA,NA,NA,NA,NA,NA,NA,NA,NA,3,0,1,2,A,-,11,21954,A,N,G,B,E,A,H,-,A,D,0,Y,NA,NA,NA,Y,Y,N,NA,0,1,0,0,1,0,0,0,0,-,-,NA,NA,RIVERSIDE,CALIMESA,-117.05625447,33.99999061
7010601,2015,2017-01-14,9840,2015-07-20,0930,18611,NA,1,1,6,3315,0,1,3,NA,2,031,RT 91,LINCOLN AV,1050,E,N,B,-,Y,RIV,8,91,-,-,5.58,H,-,E,Y,3,0,4,2,A,-,03,22350,NA,N,C,C,A,A,D,-,A,D,1,NA,NA,NA,NA,Y,NA,A,01,0,1,3,0,0,0,0,0,0,-,-,33.88134,-117.57904,RIVERSIDE,CORONA,-117.57912194,33.88140574
7011028,2015,2015-08-10,3313,2015-07-20,1707,0399,EAST,1,5,7,3313,0,0,0,NA,0,M18,CANYON SPRINGS PKWY,CORPORATE CENTRE PL,1104,E,N,A,-,N,NA,NA,NA,NA,NA,NA,NA,NA,NA,N,4,0,2,2,A,-,09,21804,A,N,D,C,A,A,H,-,A,A,0,NA,NA,NA,NA,Y,NA,A,01,0,0,2,0,0,0,0,0,0,-,-,NA,NA,RIVERSIDE,RIVERSIDE,NA,NA
7011095,2015,2017-01-14,9655,2015-08-15,1205,20963,NA,6,1,9,3300,0,1,3,NA,2,213,RT 79,GILMAN SPRINGS RD,3100,N,N,A,-,Y,RIV,8,79,-,R,34.46,H,-,N,Y,4,0,1,2,A,-,08,22107,NA,N,C,C,A,A,H,-,A,D,0,NA,NA,NA,NA,Y,NA,A,07,0,0,1,0,0,0,0,0,0,-,-,33.85375,-117.00828,RIVERSIDE,UNINCORPORATED,-117.00839534,33.85377269
7011388,2015,2015-09-29,3300,2015-08-15,0645,4886,905K,6,5,4,3307,0,0,0,NA,0,094,LAKESHORE DR,GUNNERSON ST,0,NA,Y,A,-,N,NA,NA,NA,NA,NA,NA,NA,NA,NA,Y,4,0,1,2,A,-,03,22350,NA,N,C,-,A,A,-,-,A,A,0,NA,NA,NA,NA,Y,NA,A,01,0,0,1,0,0,0,0,0,0,-,-,NA,NA,RIVERSIDE,LAKE ELSINORE,-117.37127008,33.68743003
7011416,2015,2017-01-21,3300,2015-08-18,1449,N5539,905L,2,5,4,3307,0,0,0,NA,0,093,RIVERSIDE DR,EISENHOWER DR,0,NA,Y,A,-,Y,RIV,8,74,-,-,13.13,H,-,W,Y,4,0,1,3,A,-,03,22350,NA,N,C,C,A,A,H,-,A,A,0,NA,NA,NA,NA,Y,Y,A,01,0,0,1,0,0,0,0,0,0,-,-,NA,NA,RIVERSIDE,LAKE ELSINORE,-117.3776351,33.67229093
7012414,2015,2015-08-19,3300,2015-07-21,1552,3098,910H,2,5,5,3335,0,0,0,NA,0,063,MARGARITA RD,RANCHO CALIFORNIA RD,21,N,N,A,-,N,NA,NA,NA,NA,NA,NA,NA,NA,NA,Y,4,0,1,2,A,-,03,22350,NA,N,C,C,A,A,H,-,A,A,0,NA,NA,NA,NA,Y,NA,D,22,0,0,1,0,0,0,0,0,0,-,-,NA,NA,RIVERSIDE,TEMECULA,-117.1246149,33.50806736
7013848,2015,2015-08-10,3300,2015-05-30,1333,2952,905D,6,5,4,3307,0,0,0,NA,0,093,LAKESHORE DR,KANSAS ST,35,S,N,A,-,N,NA,NA,NA,NA,NA,NA,NA,NA,NA,Y,4,0,3,2,A,-,03,22350,NA,N,C,C,A,A,H,-,A,D,0,NA,NA,NA,NA,Y,NA,A,01,0,0,3,0,0,0,0,0,0,-,-,NA,NA,RIVERSIDE,LAKE ELSINORE,-117.3642371,33.68348763
7014553,2015,2015-08-14,3300,2015-07-11,1147,N3373,910 R,6,5,5,3335,0,0,0,NA,0,062,WINCHESTER RD,MARGARITA MEADOWS RD,514,W,N,A,-,N,NA,NA,NA,NA,NA,NA,NA,NA,NA,N,4,0,1,2,A,-,03,22350,NA,N,C,C,A,A,H,-,A,D,0,NA,NA,NA,NA,Y,NA,A,01,0,0,1,0,0,0,0,0,0,-,-,NA,NA,RIVERSIDE,TEMECULA,-117.155735,33.528141
7014865,2015,2017-01-25,9840,2015-07-27,1110,016619,NA,1,1,7,3313,0,1,1,NA,2,023,RT 215,FAIR ISLE DR,1056,S,N,A,-,Y,RIV,8,215,-,R,38.72,H,-,N,N,4,0,1,3,A,-,03,22350,NA,N,C,C,A,A,H,-,A,D,1,NA,NA,NA,Y,Y,NA,G,25,0,0,1,0,0,0,0,0,0,-,-,33.94822,-117.30138,RIVERSIDE,RIVERSIDE,-117.29904114,33.94689334
7022033,2015,2017-01-14,9840,2015-07-26,1125,018611,NA,7,1,6,3315,0,1,3,NA,2,031,RT 91,LINCOLN AV,1600,E,N,A,-,Y,RIV,8,91,-,-,5.68,H,-,E,Y,4,0,4,3,A,-,03,22350,NA,N,C,C,A,A,D,-,A,D,1,NA,NA,NA,NA,Y,NA,A,01,0,0,4,0,0,0,0,0,0,-,-,33.88109,-117.55706,RIVERSIDE,CORONA,-117.57742269,33.88121322
7022054,2015,2017-01-14,9840,2015-07-11,2000,019874,NA,6,2,7,3313,0,1,3,NA,2,021,RT 91,CENTRAL AV,40,W,N,A,-,Y,RIV,8,91,-,-,18.272,R,2,W,Y,3,0,1,1,A,-,01,23152,A,N,E,J,A,A,D,-,A,D,1,NA,NA,NA,NA,Y,Y,A,07,0,1,0,0,0,0,0,0,0,-,-,33.5533,-117.24635,RIVERSIDE,RIVERSIDE,-117.38517352,33.95168658
7023962,2015,2015-10-08,3311,2015-07-26,0214,15824,3311,7,5,4,3311,0,0,0,NA,0,001,NORTH INDIAN CANYON DR,EAST VISTA CHINO,364,N,N,A,-,N,NA,NA,NA,NA,NA,NA,NA,NA,NA,Y,2,0,2,3,A,-,01,23152,A,N,E,I,A,A,H,-,C,A,0,NA,NA,NA,NA,Y,Y,A,07,2,0,0,0,0,0,0,0,0,-,-,NA,NA,RIVERSIDE,PALM SPRINGS,-116.54559,33.84586626
7026147,2015,2015-09-03,9840,2015-08-04,1640,12191,NA,2,2,9,3300,0,3,5,NA,2,004,CARROLL ST,OAKWOOD ST,111,S,N,A,-,N,NA,NA,NA,NA,NA,NA,NA,NA,NA,N,3,0,2,2,A,-,09,21801,A,N,D,C,A,A,H,-,A,D,0,NA,NA,NA,NA,Y,NA,A,01,0,1,1,0,0,0,0,0,0,-,-,NA,NA,RIVERSIDE,UNINCORPORATED,-117.28328,33.83329591
7028668,2015,2015-09-04,3300,2015-08-06,1515,4430,36K3,4,5,4,3318,0,0,0,NA,0,T36,COOK ST,HOVELY LN E,188,N,N,A,-,N,NA,NA,NA,NA,NA,NA,NA,NA,NA,Y,4,0,1,3,A,-,03,22350,NA,N,C,C,A,-,H,-,A,D,0,NA,NA,NA,NA,Y,NA,D,22,0,0,1,0,0,0,0,0,0,-,-,NA,NA,RIVERSIDE,PALM DESERT,-116.35637,33.74766442
7031093,2015,2015-09-01,3300,2015-07-18,1419,4279,012G,6,5,4,3344,0,0,0,NA,0,064,SCHLEISMAN RD,ARCHIBALD AV,250,W,N,C,-,N,NA,NA,NA,NA,NA,NA,NA,NA,NA,N,4,0,1,4,A,-,03,22350,NA,N,C,C,A,B,H,-,A,A,0,NA,NA,NA,NA,Y,NA,A,01,0,0,1,0,0,0,0,0,0,-,-,NA,NA,RIVERSIDE,EASTVALE,-117.59405187,33.9609
7031265,2015,2015-09-11,3300,2015-08-02,0027,4869,002K,7,5,6,3345,0,0,0,NA,0,020,VAN BUREN BL,ETIWANDA AV,0,NA,Y,A,-,N,NA,NA,NA,NA,NA,NA,NA,NA,NA,Y,4,0,1,2,A,-,12,21453,A,N,D,C,A,A,H,-,C,A,0,NA,NA,NA,NA,Y,NA,A,01,0,0,1,0,0,0,0,0,0,-,-,NA,NA,RIVERSIDE,JURUPA VALLEY,-117.52451005,34.0164601