CASE_ID,ACCIDENT_YEAR,PROC_DATE,JURIS,COLLISION_DATE,COLLISION_TIME,OFFICER_ID,REPORTING_DISTRICT,DAY_OF_WEEK,CHP_SHIFT,POPULATION,CNTY_CITY_LOC,SPECIAL_COND,BEAT_TYPE,CHP_BEAT_TYPE,CITY_DIVISION_LAPD,CHP_BEAT_CLASS,BEAT_NUMBER,PRIMARY_RD,SECONDARY_RD,DISTANCE,DIRECTION,INTERSECTION,WEATHER_1,WEATHER_2,STATE_HWY_IND,CALTRANS_COUNTY,CALTRANS_DISTRICT,STATE_ROUTE,ROUTE_SUFFIX,POSTMILE_PREFIX,POSTMILE,LOCATION_TYPE,RAMP_INTERSECTION,SIDE_OF_HWY,TOW_AWAY,COLLISION_SEVERITY,NUMBER_KILLED,NUMBER_INJURED,PARTY_COUNT,PRIMARY_COLL_FACTOR,PCF_CODE_OF_VIOL,PCF_VIOL_CATEGORY,PCF_VIOLATION,PCF_VIOL_SUBSECTION,HIT_AND_RUN,TYPE_OF_COLLISION,MVIW,PED_ACTION,ROAD_SURFACE,ROAD_COND_1,ROAD_COND_2,LIGHTING,CONTROL_DEVICE,CHP_ROAD_TYPE,PEDESTRIAN_ACCIDENT,BICYCLE_ACCIDENT,MOTORCYCLE_ACCIDENT,TRUCK_ACCIDENT,NOT_PRIVATE_PROPERTY,ALCOHOL_INVOLVED,STWD_VEHTYPE_AT_FAULT,CHP_VEHTYPE_AT_FAULT,COUNT_SEVERE_INJ,COUNT_VISIBLE_INJ,COUNT_COMPLAINT_PAIN,COUNT_PED_KILLED,COUNT_PED_INJURED,COUNT_BICYCLIST_KILLED,COUNT_BICYCLIST_INJURED,COUNT_MC_KILLED,COUNT_MC_INJURED,PRIMARY_RAMP,SECONDARY_RAMP,LATITUDE,LONGITUDE,COUNTY,CITY,POINT_X,POINT_Y
7128202,2015,2015-12-07,3300,2015-09-20,2100,N4187,002D,7,5,6,3345,0,0,0,NA,0,020,VAN BUREN BL,RUTILE ST,182,S,N,A,-,N,NA,NA,NA,NA,NA,NA,NA,NA,NA,Y,3,0,1,2,A,-,03,22350,NA,N,C,C,A,A,H,-,C,A,0,NA,NA,NA,NA,Y,NA,A,08,0,1,0,0,0,0,0,0,0,-,-,NA,NA,RIVERSIDE,JURUPA VALLEY,-117.49724173,34.00342018
7132125,2015,2015-12-15,3311,2015-11-30,1351,15648,NA,1,5,4,3311,0,0,0,NA,0,002,RAQUET CLUB RD,STARR RD,0,NA,Y,A,-,N,NA,NA,NA,NA,NA,NA,NA,NA,NA,Y,2,0,2,2,A,-,09,21801,A,N,A,C,A,A,H,-,A,D,0,NA,NA,NA,NA,Y,NA,D,22,1,1,0,0,0,0,0,0,0,-,-,NA,NA,RIVERSIDE,PALM SPRINGS,-116.54163001,33.85212001
7132331,2015,2016-01-21,3300,2015-11-21,2035,N2646,603B4,6,5,6,3394,0,0,0,NA,0,034,INDIAN ST,NANDINA AV,0,NA,Y,A,-,N,NA,NA,NA,NA,NA,NA,NA,NA,NA,N,4,0,1,2,A,-,12,21453,A,N,D,C,A,A,H,-,C,A,0,NA,NA,NA,Y,Y,NA,A,01,0,0,1,0,0,0,0,0,0,-,-,33.86276,-117.23493,RIVERSIDE,MORENO VALLEY,-117.23479001,33.86651003
7133241,2015,2015-12-14,3306,2015-08-07,0437,113,3306,5,5,3,3306,0,0,0,NA,0,NA,LITTLE MORONGO RD,MISSION LAKES BL,0,S,N,A,-,N,NA,NA,NA,NA,NA,NA,NA,NA,NA,Y,2,0,1,2,A,-,-,NA,NA,N,G,B,E,A,H,-,D,D,0,Y,NA,NA,NA,Y,NA,A,01,1,0,0,0,1,0,0,0,0,-,-,NA,NA,RIVERSIDE,DESERT HOT SPRINGS,-116.52750007,33.97605003
7133250,2015,2015-12-14,3300,2015-10-24,0805,4071,603D5,6,5,6,3394,0,0,0,NA,0,MV38,LASSELLE ST,CREMELLO WAY,0,NA,Y,A,-,N,NA,NA,NA,NA,NA,NA,NA,NA,NA,N,4,0,1,2,A,-,12,21453,A,N,D,C,A,A,H,-,A,A,0,NA,NA,NA,NA,Y,NA,A,01,0,0,1,0,0,0,0,0,0,-,-,33.86935,-117.21079,RIVERSIDE,MORENO VALLEY,-117.21086011,33.86944007
7135503,2015,2015-12-10,3300,2015-10-18,1830,N2647,901B,7,5,4,3310,0,0,0,NA,0,050,HAMNER AV,5TH ST,25,S,N,A,-,N,NA,NA,NA,NA,NA,NA,NA,NA,NA,N,4,0,1,2,A,-,21,22106,NA,N,C,C,A,A,H,-,C,A,0,NA,NA,NA,NA,Y,NA,-,NA,0,0,1,0,0,0,0,0,0,-,-,NA,NA,RIVERSIDE,NORCO,-117.55780045,33.93107205
7135653,2015,2016-01-29,3300,2015-10-16,0721,2744,001D,5,5,6,3345,0,0,0,NA,0,014,LA RUE,MISSION BL,6,N,N,A,B,N,NA,NA,NA,NA,NA,NA,NA,NA,NA,N,4,0,1,2,A,-,09,21453,B,N,G,B,B,A,H,-,A,A,0,Y,NA,NA,NA,Y,NA,-,NA,0,0,1,0,1,0,0,0,0,-,-,NA,NA,RIVERSIDE,JURUPA VALLEY,-117.41583042,34.00135437
7143729,2015,2016-01-05,3308,2015-11-07,0612,6955,506,6,5,5,3308,0,0,0,NA,0,NORTH,OAKLAND AV,PALM AV,0,NA,Y,A,-,N,NA,NA,NA,NA,NA,NA,NA,NA,NA,Y,3,0,1,2,A,-,12,22450,A,N,D,C,A,A,H,-,B,A,0,NA,NA,NA,NA,Y,NA,A,08,0,1,0,0,0,0,0,0,0,-,-,NA,NA,RIVERSIDE,HEMET,-116.98045004,33.75471004
7155446,2015,2016-01-14,3313,2015-11-29,1324,1741,C,7,5,7,3313,0,0,0,NA,0,B325,MONROE ST,CAMELIA DR,160,S,N,A,-,N,NA,NA,NA,NA,NA,NA,NA,NA,NA,Y,3,0,1,3,A,-,08,22107,NA,F,C,E,A,A,H,-,A,D,0,NA,NA,NA,NA,Y,NA,A,01,0,1,0,0,0,0,0,0,0,-,-,33.93873,-117.43976,RIVERSIDE,RIVERSIDE,-117.4395779,33.9384054
7155467,2015,2016-08-12,3311,2015-12-26,1715,15763,DESER,6,5,4,3311,0,0,0,NA,0,004,RT 111,E VISTA CHINO,336,N,N,A,-,N,NA,NA,NA,NA,NA,NA,NA,NA,NA,Y,4,0,1,3,A,-,03,22350,NA,N,C,C,A,A,H,-,C,A,0,NA,NA,NA,NA,Y,NA,A,01,0,0,1,0,0,0,0,0,0,-,-,NA,NA,RIVERSIDE,PALM SPRINGS,-116.546767,33.845763
7156847,2015,2016-01-21,3300,2015-12-18,1520,5241,84C2,5,5,3,3305,0,0,0,NA,0,Y84,DILLON RD,RT 86,0,NA,Y,A,-,N,NA,NA,NA,NA,NA,NA,NA,NA,NA,N,4,0,1,2,A,-,09,21453,B,N,D,C,A,A,H,-,A,D,0,NA,NA,NA,Y,Y,Y,F,25,0,0,1,0,0,0,0,0,0,-,-,NA,NA,RIVERSIDE,COACHELLA,-116.18144014,33.70775004
7157187,2016,2016-02-08,3300,2016-01-07,1601,N6000,502B,4,5,5,3341,0,0,0,NA,0,052,MURRIETA RD,MURRIETA RD 27701,0,NA,Y,A,-,N,NA,NA,NA,NA,NA,NA,NA,NA,NA,N,4,0,1,2,A,-,09,21804,A,N,G,-,D,A,H,-,A,D,0,Y,NA,NA,NA,Y,NA,A,01,0,0,1,0,1,0,0,0,0,-,-,NA,NA,RIVERSIDE,MENIFEE,NA,NA
7159053,2016,2016-02-08,3313,2016-01-13,1613,1779,C,3,5,7,3313,0,0,0,NA,0,T49,INDIANA AV,MADISON ST,121,W,N,A,-,N,NA,NA,NA,NA,NA,NA,NA,NA,NA,N,3,0,1,2,A,-,09,21804,A,N,C,C,A,A,H,-,A,D,0,NA,NA,Y,NA,Y,NA,A,01,0,1,0,0,0,0,0,0,1,-,-,33.93539,-117.40444,RIVERSIDE,RIVERSIDE,-117.40469705,33.93501132
7165662,2016,2016-01-25,3300,2016-01-13,1820,3613,500B,3,5,5,3341,0,0,0,NA,0,050,GOETZ DR,VISTA WY,182,S,N,A,-,N,NA,NA,NA,NA,NA,NA,NA,NA,NA,Y,4,0,1,2,A,-,03,22350,NA,N,C,C,A,A,H,-,D,D,0,NA,NA,NA,NA,Y,NA,A,01,0,0,1,0,0,0,0,0,0,-,-,NA,NA,RIVERSIDE,MENIFEE,-117.24014371,33.68910891
7169806,2015,2016-02-01,3313,2015-12-28,1841,1537,C,1,5,7,3313,0,0,0,NA,0,T40,INDIANA AV,BROCKTON AV,0,NA,Y,B,-,N,NA,NA,NA,NA,NA,NA,NA,NA,NA,Y,4,0,1,3,A,-,09,21800,D,N,D,C,A,B,H,-,D,B,0,NA,NA,NA,NA,Y,NA,A,01,0,0,1,0,0,0,0,0,0,-,-,33.94197,-117.39352,RIVERSIDE,RIVERSIDE,-117.39352003,33.9418801
7170607,2016,2016-01-29,3300,2016-01-19,0835,N2988,604C6,2,5,6,3394,0,0,0,NA,0,044,IRIS AV,OLIVER ST,0,NA,Y,A,-,N,NA,NA,NA,NA,NA,NA,NA,NA,NA,Y,4,0,3,2,A,-,09,21453,C,N,D,C,A,A,H,-,A,A,0,NA,NA,NA,NA,Y,NA,A,01,0,0,3,0,0,0,0,0,0,-,-,33.89524,-117.18291,RIVERSIDE,MORENO VALLEY,-117.18293,33.89526007
7170772,2015,2016-08-12,3300,2015-10-02,2125,4309,916C,5,5,4,3312,0,0,0,NA,0,034,A ST,4TH ST,0,NA,Y,A,-,N,NA,NA,NA,NA,NA,NA,NA,NA,NA,Y,3,0,3,2,A,-,09,21801,A,N,A,C,A,A,H,-,C,A,0,NA,NA,NA,NA,Y,NA,A,01,0,1,2,0,0,0,0,0,0,-,-,NA,NA,RIVERSIDE,PERRIS,-117.23475999,33.7823501
7171137,2015,2016-02-04,3309,2015-12-09,1445,180,3309,3,5,4,3309,0,0,0,NA,0,005,CLINTON ST,FRED WARING DR,0,NA,Y,A,-,N,NA,NA,NA,NA,NA,NA,NA,NA,NA,N,4,0,2,4,A,-,09,21453,C,N,D,C,A,A,H,-,A,A,0,NA,NA,NA,NA,Y,NA,A,01,0,0,2,0,0,0,0,0,0,-,-,NA,NA,RIVERSIDE,INDIO,-116.24276003,33.7294101
7177251,2016,2016-02-19,3313,2016-01-19,1728,1537,C,2,5,7,3313,0,0,0,NA,0,T40,INDIANA AV,ARAPAHOE ST,187,W,N,C,-,N,NA,NA,NA,NA,NA,NA,NA,NA,NA,Y,4,0,1,2,A,-,03,22350,NA,M,C,C,A,A,H,-,C,D,0,NA,NA,NA,NA,Y,NA,A,01,0,0,1,0,0,0,0,0,0,-,-,33.92116,-117.4289,RIVERSIDE,RIVERSIDE,-117.42932831,33.92102196
7177922,2016,2016-02-09,3313,2016-01-06,0847,1816,W,3,5,7,3313,0,0,0,NA,0,B415,INDIANA AV,CAPRIOLE RD,200,E,N,C,-,N,NA,NA,NA,NA,NA,NA,NA,NA,NA,Y,3,0,1,1,A,-,08,22107,NA,N,E,I,A,B,H,-,A,A,0,NA,NA,NA,NA,Y,NA,A,01,0,1,0,0,0,0,0,0,0,-,-,33.88885,-117.49057,RIVERSIDE,RIVERSIDE,-117.48983822,33.88894081
7183388,2015,2016-02-16,3309,2015-09-08,2258,424,3309,2,5,4,3309,0,0,0,NA,0,005,FRED WARING DR,CLINTON ST,9,W,N,A,-,N,NA,NA,NA,NA,NA,NA,NA,NA,NA,N,4,0,2,3,A,-,10,21950,A,N,G,B,B,A,H,-,C,A,0,Y,NA,NA,NA,Y,NA,A,01,0,0,2,0,2,0,0,0,0,-,-,NA,NA,RIVERSIDE,INDIO,-116.24278947,33.72941
7183477,2015,2016-02-16,3300,2015-10-30,0730,N3672,916D,5,5,4,3312,0,0,0,NA,0,035,ELLIS AV,CASE RD,152,E,N,A,-,N,NA,NA,NA,NA,NA,NA,NA,NA,NA,N,4,0,1,1,A,-,03,22350,NA,N,E,I,A,A,H,-,A,A,0,NA,NA,NA,NA,Y,NA,A,01,0,0,1,0,0,0,0,0,0,-,-,NA,NA,RIVERSIDE,PERRIS,-117.21894165,33.77206
7187402,2016,2016-03-09,3311,2016-02-22,1620,15911,3311,1,5,4,3311,0,0,0,NA,0,006,EAST RAMON RD,PASEO DOROTEA,0,NA,Y,A,-,N,NA,NA,NA,NA,NA,NA,NA,NA,NA,Y,3,0,1,2,A,-,09,21801,A,N,D,C,A,A,H,-,A,A,0,NA,NA,NA,NA,Y,NA,A,01,0,1,0,0,0,0,0,0,0,-,-,NA,NA,RIVERSIDE,PALM SPRINGS,-116.50181002,33.81586004
7187423,2016,2016-03-10,3311,2016-02-07,0934,15911,3311,7,5,4,3311,0,0,0,NA,0,004,SOUTH EL CIELO RD,EAST TAHQUITZ CANYON WY,0,NA,Y,A,-,N,NA,NA,NA,NA,NA,NA,NA,NA,NA,Y,3,0,3,2,A,-,12,21453,A,N,D,A,A,A,H,-,A,A,0,NA,NA,NA,NA,Y,NA,A,01,0,1,2,0,0,0,0,0,0,-,-,NA,NA,RIVERSIDE,PALM SPRINGS,-116.51065012,33.82316009
7188084,2015,2016-02-22,3300,2015-12-18,1445,N3626,901B,5,5,4,3310,0,0,0,NA,0,050,HAMNER AV,5TH ST,254,N,N,A,-,N,NA,NA,NA,NA,NA,NA,NA,NA,NA,N,4,0,3,2,A,-,03,22350,NA,N,C,C,A,A,H,-,A,A,0,NA,NA,NA,NA,Y,NA,A,01,0,0,3,0,0,0,0,0,0,-,-,33.93118,-117.55769,RIVERSIDE,NORCO,-117.55768492,33.93183053
7190712,2016,2017-01-12,3311,2016-06-25,2312,15302,NA,6,5,4,3311,0,0,0,NA,0,004,SUNRISE WY,PASEO EL MIRADOR,121,S,N,A,-,N,NA,NA,NA,NA,NA,NA,NA,NA,NA,Y,1,1,0,2,A,-,03,22350,NA,N,C,C,A,A,H,-,C,D,0,NA,NA,Y,NA,Y,NA,C,02,0,0,0,0,0,0,0,1,0,-,-,33.83988,-116.52824,RIVERSIDE,PALM SPRINGS,-116.52819,33.83937883
7190838,2015,2016-02-26,3309,2015-12-23,1447,174,3309,3,5,4,3309,0,0,0,NA,0,002,GOLF CENTER PKWY,AVE 43,0,NA,Y,A,-,N,NA,NA,NA,NA,NA,NA,NA,NA,NA,Y,4,0,1,2,A,-,12,21453,A,N,D,C,A,A,H,-,A,A,0,NA,NA,NA,NA,Y,NA,D,22,0,0,1,0,0,0,0,0,0,-,-,NA,NA,RIVERSIDE,INDIO,-116.19947006,33.73669008
7194445,2016,2016-03-07,3300,2016-01-09,1942,4807,002T,6,5,6,3345,0,0,0,NA,0,024,LIMONITE AV,CAMINO REAL,0,NA,Y,A,-,N,NA,NA,NA,NA,NA,NA,NA,NA,NA,Y,4,0,1,2,A,-,12,21453,A,N,A,C,A,A,H,-,C,A,0,NA,NA,NA,NA,Y,NA,A,01,0,0,1,0,0,0,0,0,0,-,-,33.97848,-117.45167,RIVERSIDE,JURUPA VALLEY,-117.45174003,33.97864007
7197724,2016,2016-03-10,3315,2016-02-26,1906,11119,3C,5,5,6,3315,0,0,0,NA,0,NA,RIMPAU AV,ASPEN ST,0,NA,Y,A,-,N,NA,NA,NA,NA,NA,NA,NA,NA,NA,N,4,0,1,2,A,-,11,21954,A,N,G,B,-,A,H,-,C,D,0,Y,NA,NA,NA,Y,NA,N,60,0,0,1,0,1,0,0,0,0,-,-,NA,NA,RIVERSIDE,CORONA,-117.54721002,33.86712005
7197810,2016,2016-03-17,3300,2016-02-24,0712,4323,910A,3,5,5,3335,0,0,0,NA,0,062,NICOLAS RD,RORIPAUGH RD,0,NA,Y,A,-,N,NA,NA,NA,NA,NA,NA,NA,NA,NA,N,4,0,1,2,A,-,09,21801,A,N,D,C,A,A,H,-,A,D,0,NA,NA,NA,NA,Y,NA,D,22,0,0,1,0,0,0,0,0,0,-,-,NA,NA,RIVERSIDE,TEMECULA,-117.14082009,33.53835011
7198725,2016,2016-03-09,3300,2016-02-02,1459,3544,905D,2,5,4,3307,0,0,0,NA,0,L91,DIAMOND DR,CASINO DR,0,NA,Y,A,-,N,NA,NA,NA,NA,NA,NA,NA,NA,NA,N,4,0,1,2,A,-,03,22350,NA,N,C,-,A,-,H,-,A,-,0,NA,NA,NA,NA,Y,Y,A,01,0,0,1,0,0,0,0,0,0,-,-,NA,NA,RIVERSIDE,LAKE ELSINORE,-117.2997601,33.66061003
7199224,2015,2016-03-09,3315,2015-11-03,1111,1641,7A,2,5,6,3315,0,0,0,NA,0,NA,SMITH AV,6TH ST,15,N,N,A,-,N,NA,NA,NA,NA,NA,NA,NA,NA,NA,N,4,0,1,2,A,-,08,22107,NA,N,A,C,A,A,H,-,A,A,0,NA,NA,NA,NA,Y,NA,A,01,0,0,1,0,0,0,0,0,0,-,-,NA,NA,RIVERSIDE,CORONA,-117.59440417,33.87843082
7199660,2016,2018-09-27,3300,2016-02-08,0011,3717,001G,1,5,6,3345,0,0,0,NA,0,014,PACIFIC AV,HUMBLE ST,75,N,N,A,G,N,NA,NA,NA,NA,NA,NA,NA,NA,NA,N,1,1,0,2,A,-,10,21952,NA,F,G,B,D,A,H,-,D,D,0,Y,NA,NA,NA,Y,NA,N,60,0,0,0,1,0,0,0,0,0,-,-,NA,NA,RIVERSIDE,JURUPA VALLEY,-117.41989107,34.0072047
7199704,2016,2018-09-27,3309,2016-03-26,2057,659,RIVER,6,5,4,3309,0,0,0,NA,0,NA,PALM DR,CAHUILLA AV,126,N,N,A,-,N,NA,NA,NA,NA,NA,NA,NA,NA,NA,N,1,1,1,2,A,-,00,21955,A,N,G,-,D,A,H,-,D,D,0,Y,NA,Y,NA,Y,Y,N,60,0,1,0,1,0,0,0,0,1,-,-,NA,NA,RIVERSIDE,INDIO,-116.50132383,33.95902482
7200851,2016,2016-03-10,3300,2016-02-10,2051,4773,905D,3,5,4,3307,0,0,0,NA,0,091,MISSION TRAIL RD,ELBERTA RD,528,E,N,A,-,N,NA,NA,NA,NA,NA,NA,NA,NA,NA,N,4,0,1,2,A,-,11,21954,A,N,G,B,D,A,H,-,C,D,0,Y,NA,NA,NA,Y,Y,N,60,0,0,1,0,1,0,0,0,0,-,-,NA,NA,RIVERSIDE,LAKE ELSINORE,-117.294268,33.647419
7201863,2016,2016-03-11,3315,2016-01-07,1014,11119,5A,4,5,6,3315,0,0,0,NA,0,004,WEST 6TH ST,W 6TH ST 1560,0,NA,N,A,-,N,NA,NA,NA,NA,NA,NA,NA,NA,NA,N,2,0,1,2,B,-,22,NA,NA,N,G,B,F,A,H,-,A,D,0,Y,NA,NA,NA,Y,NA,J,48,1,0,0,0,1,0,0,0,0,-,-,NA,NA,RIVERSIDE,CORONA,NA,NA
7202486,2015,2016-05-06,3300,2015-12-13,1445,4960,916A,7,5,4,3312,0,0,0,NA,0,031,NORTH PERRIS BL,MARKHAM ST,0,NA,Y,A,-,N,NA,NA,NA,NA,NA,NA,NA,NA,NA,Y,4,0,1,3,A,-,03,22350,NA,N,C,C,A,A,H,-,A,A,0,NA,NA,NA,NA,Y,NA,D,NA,0,0,1,0,0,0,0,0,0,-,-,NA,NA,RIVERSIDE,PERRIS,-117.22606012,33.85180008
7204203,2016,2016-03-16,3300,2016-01-28,1720,3988,002Q,4,5,6,3345,0,0,0,NA,0,024,VAN BUREN BL,LIMONITE AV,112,S,N,A,-,N,NA,NA,NA,NA,NA,NA,NA,NA,NA,N,4,0,1,2,A,-,07,21658,A,N,B,C,A,A,H,-,C,D,0,NA,NA,Y,NA,Y,NA,C,02,0,0,1,0,0,0,0,0,1,-,-,NA,NA,RIVERSIDE,JURUPA VALLEY,-117.47600674,33.97544541
7205360,2016,2016-03-30,3315,2016-02-29,1141,002504,13B,1,5,6,3315,0,0,0,NA,0,003,SANTANA WY,FULLERTON AV,44,W,N,A,-,N,NA,NA,NA,NA,NA,NA,NA,NA,NA,N,4,0,1,2,A,-,09,21800,A,N,D,C,A,A,H,-,A,A,0,NA,NA,NA,NA,Y,NA,J,48,0,0,1,0,0,0,0,0,0,-,-,NA,NA,RIVERSIDE,CORONA,-117.55249282,33.84524353
7206047,2016,2016-03-22,3300,2016-01-26,1430,4303,910,2,5,5,3335,0,0,0,NA,0,088,PECHANGA PKWY,TEMECULA PKWY,0,NA,Y,A,-,N,NA,NA,NA,NA,NA,NA,NA,NA,NA,N,3,0,1,2,A,-,05,21650,1,N,H,G,A,A,H,-,A,A,0,NA,Y,NA,NA,Y,NA,L,04,0,1,0,0,0,0,1,0,0,-,-,33.47564,-117.12914,RIVERSIDE,TEMECULA,-117.12916,33.475688
7208818,2016,2016-03-21,3315,2016-02-18,1259,11227,6B,4,5,6,3315,0,0,0,NA,0,NA,E 3RD ST,S MAIN ST,147,E,N,A,-,N,NA,NA,NA,NA,NA,NA,NA,NA,NA,N,4,0,1,3,A,-,10,21952,NA,N,G,B,F,A,H,-,A,A,0,Y,NA,NA,NA,Y,NA,-,NA,0,0,1,0,1,0,0,0,0,-,-,NA,NA,RIVERSIDE,CORONA,-117.56535162,33.87840448
7209355,2016,2016-03-16,3313,2016-01-30,1700,1702,CENTR,6,5,7,3313,0,0,0,NA,0,C322,ARLINGTON AV,VAN BUREN BL,0,NA,Y,A,-,N,NA,NA,NA,NA,NA,NA,NA,NA,NA,N,3,0,1,2,A,-,05,21650,1,N,H,G,A,A,H,-,B,D,0,NA,Y,NA,NA,Y,NA,L,04,0,1,0,0,0,0,1,0,0,-,-,33.94585,-117.45417,RIVERSIDE,RIVERSIDE,-117.45403,33.94588007
7209422,2016,2016-03-16,3313,2016-03-02,1507,1073,C,3,5,7,3313,0,0,0,NA,0,M31,ARLINGTON AV,RIVERSIDE AV E,52,W,N,A,-,N,NA,NA,91,NA,NA,NA,NA,NA,NA,Y,4,0,1,2,A,-,03,22350,NA,N,C,C,A,A,H,-,A,A,0,NA,NA,NA,NA,Y,NA,A,01,0,0,1,0,0,0,0,0,0,-,-,33.94636,-117.38791,RIVERSIDE,RIVERSIDE,-117.38813816,33.9466698
8000016,2016,2016-03-28,3300,2016-03-07,0800,5110,22,1,5,3,3317,0,0,0,NA,0,0D3,BOB HOPE DR,FRANK SINATRA DR,34,S,N,B,-,N,NA,NA,NA,NA,NA,NA,NA,NA,NA,Y,4,0,1,2,A,-,08,22100,A,N,F,C,A,A,H,-,A,A,0,NA,NA,NA,NA,Y,NA,A,07,0,0,1,0,0,0,0,0,0,-,-,NA,NA,RIVERSIDE,RANCHO MIRAGE,-116.40784292,33.77233111
8001235,2016,2016-04-01,3300,2016-02-23,1642,4979,604B4,2,5,6,3394,0,0,0,NA,0,MV42,ALESSANDRO BL,NASON ST,380,W,N,A,-,N,NA,NA,NA,NA,NA,NA,NA,NA,NA,Y,4,0,1,1,A,-,06,21755,NA,N,E,J,A,A,H,-,A,A,0,NA,NA,NA,NA,Y,NA,A,07,0,0,1,0,0,0,0,0,0,-,-,33.91734,-117.19153,RIVERSIDE,MORENO VALLEY,-117.19280856,33.91735
8001243,2016,2016-04-01,3300,2016-02-25,1635,5014,603A3,4,5,6,3394,0,0,0,NA,0,032,PERRIS BL,CACTUS AV,0,NA,Y,A,-,N,NA,NA,60,NA,NA,NA,NA,NA,NA,Y,4,0,1,1,A,-,03,22350,NA,N,F,A,A,A,H,-,A,A,0,NA,NA,Y,NA,Y,NA,C,02,0,0,1,0,0,0,0,0,1,-,-,33.93993,-117.22645,RIVERSIDE,MORENO VALLEY,-117.22646912,33.9398202
8001979,2016,2016-04-05,3313,2016-02-11,1811,1499,W,4,5,7,3313,0,0,0,NA,0,T42,ARLINGTON AV,TYLER ST,256,S,N,A,-,N,NA,NA,NA,NA,NA,NA,NA,NA,NA,N,4,0,1,2,A,-,08,21460,5,N,B,C,A,A,H,-,C,D,0,NA,NA,NA,NA,Y,NA,A,01,0,0,1,0,0,0,0,0,0,-,-,33.94644,-117.47751,RIVERSIDE,RIVERSIDE,-117.47762,33.94657
8002960,2016,2016-04-01,3300,2016-03-18,2059,4391,601E1,5,5,6,3394,0,0,0,NA,0,016,IRONWOOD AV,HEACOCK ST,251,W,N,A,-,N,NA,NA,NA,NA,NA,NA,NA,NA,NA,Y,3,0,1,2,A,-,09,21804,A,N,D,C,A,A,H,-,C,A,0,NA,NA,Y,NA,Y,NA,A,01,0,1,0,0,0,0,0,0,1,-,-,33.94662,-117.24388,RIVERSIDE,MORENO VALLEY,-117.24471504,33.94663
8004726,2016,2016-03-25,3311,2016-02-13,1948,15897,NA,6,5,4,3311,0,0,0,NA,0,003,SOUTH PALM CANYON DR,E ARENAS RD,64,N,N,A,-,N,NA,NA,NA,NA,NA,NA,NA,NA,NA,N,2,0,1,2,A,-,07,21658,A,N,E,G,A,A,G,-,C,A,0,NA,Y,NA,NA,Y,Y,A,07,1,0,0,0,0,0,1,0,0,-,-,NA,NA,RIVERSIDE,PALM SPRINGS,-116.5468,33.82140517
8005015,2016,2016-03-28,3300,2016-02-28,1213,5293,3300,7,5,3,3317,0,0,0,NA,0,022,FRANK SINATRA DR,MORNINGSIDE DR,0,NA,Y,A,-,N,NA,NA,NA,NA,NA,NA,NA,NA,NA,Y,3,0,2,2,A,-,09,21801,A,F,A,C,A,A,H,-,A,A,0,NA,NA,NA,NA,Y,NA,A,01,0,2,0,0,0,0,0,0,0,-,-,NA,NA,RIVERSIDE,RANCHO MIRAGE,-116.42565006,33.77241003
8007248,2016,2016-04-05,3313,2016-02-11,1733,1073,C,4,5,7,3313,0,0,0,NA,0,M31,VICTORIA AV,JANE ST,25,E,N,A,-,N,NA,NA,NA,NA,NA,NA,NA,NA,NA,N,3,0,1,1,A,-,08,22107,NA,N,E,I,A,A,H,-,B,A,0,NA,NA,NA,NA,Y,NA,A,01,0,1,0,0,0,0,0,0,0,-,-,NA,NA,RIVERSIDE,RIVERSIDE,-117.3818726,33.93432919
8009611,2016,2016-04-07,3300,2016-03-19,1020,4952,87G5,6,5,2,3316,0,0,0,NA,0,MO897,MILES AV,WARREN TRL,1367,E,N,-,-,N,NA,NA,NA,NA,NA,NA,NA,NA,NA,Y,4,0,1,2,A,-,09,21801,A,N,D,C,A,A,H,-,A,D,0,NA,NA,NA,NA,Y,NA,A,01,0,0,1,0,0,0,0,0,0,-,-,33.72255,-116.31258,RIVERSIDE,INDIAN WELLS,-116.308192,33.721738
8010767,2016,2016-04-08,3313,2016-02-16,1152,1686,W,2,5,7,3313,0,0,0,NA,0,T58,TYLER ST,INDIANA AV,99,S,N,A,-,N,NA,NA,NA,NA,NA,NA,NA,NA,NA,Y,3,0,1,3,A,-,03,22350,NA,N,C,C,A,A,H,-,A,A,0,NA,NA,NA,NA,Y,NA,A,01,0,1,0,0,0,0,0,0,0,-,-,NA,NA,RIVERSIDE,RIVERSIDE,-117.45605884,33.9054293
8012949,2016,2016-04-14,3308,2016-02-17,2359,10512,514,3,5,5,3308,0,0,0,NA,0,NORTH,DEVONSHIRE AV,CAWSTON AV,0,NA,Y,A,-,N,NA,NA,NA,NA,NA,NA,NA,NA,NA,Y,4,0,1,2,A,-,12,21453,A,N,D,C,A,A,H,-,C,A,0,NA,NA,NA,NA,Y,NA,D,22,0,0,1,0,0,0,0,0,0,-,-,NA,NA,RIVERSIDE,HEMET,-117.01535012,33.75089005
8014819,2016,2016-04-06,3313,2016-03-08,1704,1537,W,2,5,7,3313,0,0,0,NA,0,T40,INDIANA AV,TYLER ST,30,W,N,A,-,N,NA,NA,NA,NA,NA,NA,NA,NA,NA,N,4,0,1,2,A,-,01,23152,E,N,C,C,A,A,H,-,A,A,0,NA,NA,NA,NA,Y,NA,A,01,0,0,1,0,0,0,0,0,0,-,-,33.90591,-117.45615,RIVERSIDE,RIVERSIDE,-117.45623,33.90566
8015766,2016,2017-02-11,3313,2016-02-24,1409,1779,N,3,5,7,3313,0,0,0,NA,0,T49,LA CADENA DR,COLUMBIA AV E,0,NA,Y,A,-,Y,RIV,8,215,-,-,43.886,R,4,N,N,4,0,1,2,A,-,09,21453,C,N,H,G,A,A,H,-,A,A,0,NA,Y,NA,NA,Y,NA,L,04,0,0,1,0,0,0,1,0,0,-,-,34.00135,-117.35051,RIVERSIDE,RIVERSIDE,-117.35201692,34.0011313
8015856,2016,2016-04-08,3300,2016-01-14,0330,3879,601G1,4,5,6,3394,0,0,0,NA,0,MV18,MARK RD,RAYMOND RD,250,W,N,A,-,N,NA,NA,NA,NA,NA,NA,NA,NA,NA,N,4,0,1,1,A,-,08,22107,NA,N,A,I,A,A,H,-,C,A,0,NA,NA,NA,NA,Y,NA,A,01,0,0,1,0,0,0,0,0,0,-,-,33.95778,-117.15937,RIVERSIDE,MORENO VALLEY,-117.16039174,33.95790321
8019507,2016,2016-04-19,3300,2016-04-08,0934,4323,910U,5,5,5,3335,0,0,0,NA,0,070,REDHAWK PKWY,CAMINO BROZAS,0,NA,Y,C,-,N,NA,NA,NA,NA,NA,NA,NA,NA,NA,Y,4,0,2,2,A,-,09,21802,A,N,D,C,A,B,H,-,A,A,0,NA,NA,NA,NA,Y,NA,D,22,0,0,2,0,0,0,0,0,0,-,-,NA,NA,RIVERSIDE,TEMECULA,-117.09354003,33.46427011