CASE_ID,ACCIDENT_YEAR,PROC_DATE,JURIS,COLLISION_DATE,COLLISION_TIME,OFFICER_ID,REPORTING_DISTRICT,DAY_OF_WEEK,CHP_SHIFT,POPULATION,CNTY_CITY_LOC,SPECIAL_COND,BEAT_TYPE,CHP_BEAT_TYPE,CITY_DIVISION_LAPD,CHP_BEAT_CLASS,BEAT_NUMBER,PRIMARY_RD,SECONDARY_RD,DISTANCE,DIRECTION,INTERSECTION,WEATHER_1,WEATHER_2,STATE_HWY_IND,CALTRANS_COUNTY,CALTRANS_DISTRICT,STATE_ROUTE,ROUTE_SUFFIX,POSTMILE_PREFIX,POSTMILE,LOCATION_TYPE,RAMP_INTERSECTION,SIDE_OF_HWY,TOW_AWAY,COLLISION_SEVERITY,NUMBER_KILLED,NUMBER_INJURED,PARTY_COUNT,PRIMARY_COLL_FACTOR,PCF_CODE_OF_VIOL,PCF_VIOL_CATEGORY,PCF_VIOLATION,PCF_VIOL_SUBSECTION,HIT_AND_RUN,TYPE_OF_COLLISION,MVIW,PED_ACTION,ROAD_SURFACE,ROAD_COND_1,ROAD_COND_2,LIGHTING,CONTROL_DEVICE,CHP_ROAD_TYPE,PEDESTRIAN_ACCIDENT,BICYCLE_ACCIDENT,MOTORCYCLE_ACCIDENT,TRUCK_ACCIDENT,NOT_PRIVATE_PROPERTY,ALCOHOL_INVOLVED,STWD_VEHTYPE_AT_FAULT,CHP_VEHTYPE_AT_FAULT,COUNT_SEVERE_INJ,COUNT_VISIBLE_INJ,COUNT_COMPLAINT_PAIN,COUNT_PED_KILLED,COUNT_PED_INJURED,COUNT_BICYCLIST_KILLED,COUNT_BICYCLIST_INJURED,COUNT_MC_KILLED,COUNT_MC_INJURED,PRIMARY_RAMP,SECONDARY_RAMP,LATITUDE,LONGITUDE,COUNTY,CITY,POINT_X,POINT_Y
82000504,2023,2023-02-23,3300,2023-01-31,1816,6119,WI 80,2,5,3,3343,0,0,0,NA,0,086,CLINTON KEITH RD,SALIDA DEL SOL,8,W,N,A,-,N,NA,NA,NA,NA,NA,NA,NA,NA,NA,Y,4,0,1,3,A,-,05,21460,A,N,A,C,A,A,H,-,D,D,0,NA,NA,NA,NA,Y,NA,A,01,0,0,1,0,0,0,0,0,0,-,-,33.59852981567383,-117.23277282714844,RIVERSIDE,WILDOMAR,-117.23250579833984,33.59772872924805
82000506,2023,2023-02-23,3300,2023-02-12,610,5864,WI 80,7,5,3,3343,0,0,0,NA,0,089,WILDOMAR TRL,COMO ST,190,E,N,A,-,N,NA,NA,NA,NA,NA,NA,NA,NA,NA,Y,2,0,1,1,A,-,03,22350,NA,N,E,I,A,A,H,-,B,D,0,NA,NA,NA,NA,Y,NA,A,01,1,0,0,0,0,0,0,0,0,-,-,33.607269287109375,-117.26995086669922,RIVERSIDE,WILDOMAR,-117.26987457275392,33.607093811035156
82001985,2022,2023-02-24,3349,2022-11-17,2135,551,ME302,4,5,5,3341,0,0,0,NA,0,003,NEWPORT RD,HAUN RD,0,NA,Y,A,-,N,NA,NA,NA,NA,NA,NA,NA,NA,NA,Y,4,0,1,2,A,-,09,21453,C,N,D,C,A,A,H,-,C,A,0,NA,NA,NA,NA,Y,NA,A,01,0,0,1,0,0,0,0,0,0,-,-,NA,NA,RIVERSIDE,MENIFEE,-117.17567443847656,33.6849479675293
82003011,2022,2023-02-27,3315,2022-06-25,1928,001874,1A,6,5,6,3315,0,0,0,NA,0,001,CORYDON ST,RINCON ST,0,NA,Y,A,-,N,NA,NA,NA,NA,NA,NA,NA,NA,NA,N,3,0,3,1,A,-,03,22350,NA,N,E,I,A,A,H,-,A,D,0,NA,NA,NA,NA,Y,NA,A,01,0,2,1,0,0,0,0,0,0,-,-,NA,NA,RIVERSIDE,CORONA,-117.60013580322266,33.90437698364258
82003366,2023,2023-02-27,3300,2023-02-20,1628,4867,603 C,1,5,6,3394,0,0,0,NA,0,MV36,IRIS AVE,BLUECHIP CIR,0,NA,Y,A,-,N,NA,NA,NA,NA,NA,NA,NA,NA,NA,Y,4,0,1,3,A,-,09,21802,A,N,D,C,A,A,H,-,A,A,0,NA,NA,NA,NA,Y,NA,A,01,0,0,1,0,0,0,0,0,0,-,-,33.88835144042969,-117.21861267089844,RIVERSIDE,MORENO VALLEY,-117.21814727783205,33.88832092285156
82005969,2022,2023-03-02,3342,2022-04-27,1417,1089,647,3,5,4,3342,0,0,0,NA,0,006,MURRIETA HOT SPRINGS RD,VIA PRINCESA (E),0,NA,Y,A,-,N,NA,NA,NA,NA,NA,NA,NA,NA,NA,Y,4,0,1,2,A,-,12,21453,A,N,D,C,A,A,H,-,A,A,0,NA,NA,NA,NA,Y,NA,A,01,0,0,1,0,0,0,0,0,0,-,-,33.55622100830078,-117.15354919433594,RIVERSIDE,MURRIETA,-117.16032409667967,33.5568962097168
82005991,2022,2023-03-01,3342,2022-05-03,0717,481,167,2,5,4,3342,0,0,0,NA,0,001,WASHINGTON AVE,VINEYARD PKY,0,NA,Y,B,-,N,NA,NA,NA,NA,NA,NA,NA,NA,NA,Y,4,0,2,2,A,-,12,21453,A,N,A,C,A,A,H,-,A,A,0,NA,NA,NA,NA,Y,NA,A,01,0,0,2,0,0,0,0,0,0,-,-,33.56182098388672,-117.22305297851563,RIVERSIDE,MURRIETA,-117.22296142578124,33.561729431152344
82006015,2022,2023-03-01,3342,2022-05-12,1620,1148,655,4,5,4,3342,0,0,0,NA,0,006,MURRIETA HOT SPRINGS RD,WINCHESTER RD,42,W,N,A,-,Y,RIV,NA,79,NA,R,4.779,H,NA,L,N,4,0,1,2,A,-,03,22350,NA,N,C,C,A,A,H,-,B,A,0,NA,NA,NA,NA,Y,NA,A,01,0,0,1,0,0,0,0,0,0,-,-,33.552669525146484,-117.1405029296875,RIVERSIDE,MURRIETA,-117.14048004150392,33.55266571044922
82006061,2022,2023-03-01,3342,2022-06-06,2214,1195,673,1,5,4,3342,0,0,0,NA,0,006,TORREY PINES RD,MARGARITA RD,36,E,N,A,-,N,NA,NA,NA,NA,NA,NA,NA,NA,NA,Y,4,0,1,2,A,-,09,21801,A,N,A,C,A,A,H,-,C,A,0,NA,NA,NA,NA,Y,NA,A,01,0,0,1,0,0,0,0,0,0,-,-,33.54935073852539,-117.15734100341795,RIVERSIDE,MURRIETA,-117.1572494506836,33.54935073852539
82006095,2022,2023-03-01,3342,2022-06-25,1034,898,633,6,5,4,3342,0,0,0,NA,0,006,WINCHESTER RD,ROBERT TRENT JONES PKY,0,NA,Y,A,-,Y,RIV,NA,79,NA,R,5.396,H,NA,L,Y,4,0,2,3,A,-,04,21703,NA,N,C,C,A,A,H,-,A,D,0,NA,NA,NA,NA,Y,NA,A,01,0,0,2,0,0,0,0,0,0,-,-,33.56079864501953,-117.138671875,RIVERSIDE,MURRIETA,-117.13874816894533,33.56081771850586
82006112,2022,2023-03-01,3342,2022-07-02,2105,1239,551,6,5,4,3342,0,0,0,NA,0,005,ROCKCREST DR,HIGHBURY DR,20,E,N,A,-,N,NA,NA,NA,NA,NA,NA,NA,NA,NA,Y,3,0,1,1,A,-,01,23152,A,N,E,I,A,A,H,-,C,D,0,NA,NA,NA,NA,Y,Y,A,07,0,1,0,0,0,0,0,0,0,-,-,33.55772018432617,-117.17006683349608,RIVERSIDE,MURRIETA,-117.17033386230467,33.557823181152344
82006274,2022,2023-03-01,3342,2022-09-29,1816,1148,547,4,5,4,3342,0,0,0,NA,0,005,MURRIETA HOT SPRINGS RD,ALTA MURRIETA DR,446,W,N,A,-,N,NA,NA,NA,NA,NA,NA,NA,NA,NA,Y,4,0,1,3,A,-,03,22350,NA,N,C,C,A,A,H,-,A,A,0,NA,NA,NA,NA,Y,NA,A,01,0,0,1,0,0,0,0,0,0,-,-,33.556400299072266,-117.17738342285156,RIVERSIDE,MURRIETA,-117.17894744873048,33.556358337402344
82006480,2022,2023-03-02,3342,2022-12-25,1429,1089,193,7,5,4,3342,0,0,0,NA,0,001,JEFFERSON AVE,JUNIPER ST,0,NA,Y,A,-,N,NA,NA,NA,NA,NA,NA,NA,NA,NA,N,3,0,1,2,A,-,12,21453,A,N,D,G,A,A,H,-,A,A,0,NA,Y,NA,NA,Y,NA,L,04,0,1,0,0,0,0,1,0,0,-,-,33.558719635009766,-117.20761108398438,RIVERSIDE,MURRIETA,-117.20768737792967,33.558624267578125
82007414,2023,2023-03-02,3300,2023-02-28,1920,4867,602 D,2,5,6,3394,0,0,0,NA,0,MV26,PERRIS BLVD,FIR AVE,36,N,N,B,C,N,NA,NA,NA,NA,NA,NA,NA,NA,NA,N,4,0,1,2,A,-,03,22350,NA,N,C,C,A,B,H,-,C,A,0,NA,NA,NA,NA,Y,NA,A,01,0,0,1,0,0,0,0,0,0,-,-,33.935279846191406,-117.22617340087892,RIVERSIDE,MORENO VALLEY,-117.22630310058594,33.93552017211914
82007546,2023,2023-03-02,3342,2023-02-09,1718,1148,305,4,5,4,3342,0,0,0,NA,0,003,ANTELOPE RD,MAPLETON AVE,0,NA,Y,A,-,N,NA,NA,NA,NA,NA,NA,NA,NA,NA,Y,3,0,1,2,A,-,09,21802,A,N,D,C,A,A,H,-,A,A,0,NA,NA,NA,NA,Y,NA,A,01,0,1,0,0,0,0,0,0,0,-,-,33.63203811645508,-117.1706085205078,RIVERSIDE,MURRIETA,-117.1706085205078,33.63206481933594
82008603,2023,2023-03-03,3342,2023-02-23,1606,1098,373,4,5,4,3342,0,0,0,NA,0,003,LOS ALAMOS RD,BILOXI PL,30,E,N,A,-,N,NA,NA,NA,NA,NA,NA,NA,NA,NA,N,4,0,2,3,A,-,03,22350,NA,N,C,C,A,A,H,-,A,D,0,NA,NA,NA,NA,Y,NA,A,01,0,0,2,0,0,0,0,0,0,-,-,33.59083938598633,-117.15792846679688,RIVERSIDE,MURRIETA,NA,NA
82014394,2022,2023-03-10,3308,2022-01-15,1850,10801,525,6,5,5,3308,0,0,0,NA,0,SOUTH,FLORIDA AVE,RAYMOND ST,170,W,N,B,-,Y,RIV,NA,74,NA,NA,39.36,H,NA,L,Y,4,0,1,3,A,-,03,22350,NA,N,C,C,A,A,H,-,C,D,0,NA,NA,NA,NA,Y,NA,A,01,0,0,1,0,0,0,0,0,0,-,-,33.74753952026367,-116.99134826660156,RIVERSIDE,HEMET,-116.99134826660156,33.74750518798828
82015258,2023,2023-03-13,3300,2023-03-03,1247,4300,NA,5,5,4,3314,0,0,0,NA,0,NA,SAN JACINTO AVE,MENLO AVE,50,S,N,A,-,N,NA,NA,NA,NA,NA,NA,NA,NA,NA,N,4,0,1,2,A,-,03,22350,NA,N,C,C,A,A,H,-,A,A,0,NA,NA,NA,NA,Y,NA,A,01,0,0,1,0,0,0,0,0,0,-,-,33.758480072021484,-116.95874786376952,RIVERSIDE,SAN JACINTO,-116.95870208740234,33.758480072021484
82015342,2023,2023-03-13,3313,2023-02-09,1728,1830,2,4,5,7,3313,0,0,0,NA,0,T41,VICTORIA AVE,CRIDGE ST,0,NA,Y,A,-,N,NA,NA,NA,NA,NA,NA,NA,NA,NA,Y,2,0,1,2,A,-,10,21950,A,N,G,B,B,A,H,-,C,D,0,Y,NA,NA,NA,Y,NA,D,22,1,0,0,0,1,0,0,0,0,-,-,33.96562957763672,-117.3685302734375,RIVERSIDE,RIVERSIDE,-117.36851501464844,33.96552276611328
82016758,2023,2023-03-14,3300,2023-02-09,1230,N7042,916B,4,5,4,3312,0,0,0,NA,0,032,NUEVO RD,PERRIS BL,435,E,N,A,-,N,NA,NA,NA,NA,NA,NA,NA,NA,NA,Y,4,0,2,2,A,-,09,21804,A,N,D,C,A,A,H,-,A,A,0,NA,NA,NA,NA,Y,Y,D,22,0,0,2,0,0,0,0,0,0,-,-,33.8011589050293,-117.22621917724608,RIVERSIDE,PERRIS,-117.22612762451172,33.801090240478516
82016983,2023,2023-03-14,3300,2023-02-21,900,6326,83A1,2,5,3,3305,0,0,0,NA,0,Y83,DILLON RD,VISTA DE SUR,1005,S,N,A,-,N,NA,NA,NA,NA,NA,NA,NA,NA,NA,Y,4,0,1,2,A,-,09,21801,A,N,D,C,A,A,H,-,A,D,0,NA,NA,NA,Y,Y,NA,F,27,0,0,1,0,0,0,0,0,0,-,-,NA,NA,RIVERSIDE,COACHELLA,-116.17638397216795,33.7120246887207
82018042,2023,2023-03-15,3300,2023-03-13,1520,4323,910B,1,5,5,3335,0,0,0,NA,0,063,WINCHESTER RD,NICOLAS RD,0,NA,Y,A,-,N,NA,NA,NA,NA,NA,NA,NA,NA,NA,Y,4,0,1,2,A,-,09,21453,C,N,D,C,A,A,H,-,A,A,0,NA,NA,Y,NA,Y,NA,I,11,0,0,1,0,0,0,0,0,1,-,-,33.53921127319336,-117.14438629150392,RIVERSIDE,TEMECULA,-117.14473724365234,33.539310455322266
82020305,2023,2023-03-17,3311,2023-02-20,1538,16428,NA,1,5,4,3311,0,0,0,NA,0,006,PALM CANYON DRIVE E,CHEROKEE WAY,0,W,N,A,-,N,NA,NA,NA,NA,NA,NA,NA,NA,NA,Y,4,0,1,2,A,-,03,22350,NA,N,C,C,A,A,H,-,A,D,0,NA,NA,NA,NA,Y,NA,A,01,0,0,1,0,0,0,0,0,0,-,-,33.79508972167969,-116.50155639648438,RIVERSIDE,PALM SPRINGS,-116.50156402587892,33.79473114013672
82020640,2023,2023-03-17,3300,2023-03-14,936,3995,LA44,2,5,3,3392,0,0,0,NA,0,LA44,JEFFERSON ST,AVE 52,0,NA,Y,B,-,N,NA,NA,NA,NA,NA,NA,NA,NA,NA,N,4,0,1,2,A,-,03,22350,NA,N,C,C,A,A,H,-,A,D,0,NA,NA,NA,NA,Y,NA,A,01,0,0,1,0,0,0,0,0,0,-,-,33.67097091674805,-116.26863861083984,RIVERSIDE,LA QUINTA,-116.26889801025392,33.670814514160156
82024639,2023,2023-03-22,3311,2023-03-03,722,16393,NA,5,5,4,3311,0,0,0,NA,0,002,AVENIDA CABALLEROS,SR 111 (VISTA CHINO),0,NA,Y,A,-,Y,RIV,NA,111,NA,T,53.38,H,NA,L,Y,3,0,2,3,A,-,12,21453,A,N,D,C,A,A,H,-,A,A,0,NA,NA,NA,NA,Y,NA,A,01,0,1,1,0,0,0,0,0,0,-,-,33.844818115234375,-116.53694915771484,RIVERSIDE,PALM SPRINGS,-116.53694915771484,33.84480285644531
82026599,2022,2023-03-23,3313,2022-12-08,0805,1026,4,4,5,7,3313,0,0,0,NA,0,T52,VAN BUREN BLVD,RUDICILL ST,45,N,N,A,-,N,NA,NA,NA,NA,NA,NA,NA,NA,NA,N,4,0,1,2,A,-,03,22350,NA,N,C,C,A,A,H,-,A,A,0,NA,NA,NA,NA,Y,NA,A,07,0,0,1,0,0,0,0,0,0,-,-,33.91252136230469,-117.44042205810548,RIVERSIDE,RIVERSIDE,-117.44035339355467,33.91256332397461
8202987,2016,2017-01-13,3300,2016-12-09,0835,N1673,36K1,5,5,4,3318,0,0,0,NA,0,T36,PORTOLA AV,VIA VENEZIA,233,S,N,B,-,N,NA,NA,NA,NA,NA,NA,NA,NA,NA,Y,4,0,1,2,B,-,22,NA,NA,N,C,C,A,A,H,-,A,A,0,NA,NA,NA,NA,Y,NA,A,01,0,0,1,0,0,0,0,0,0,-,-,NA,NA,RIVERSIDE,PALM DESERT,-116.37375,33.74351243
82029980,2023,2023-03-28,3300,2023-03-24,1308,4713,910K,5,5,5,3335,0,0,0,NA,0,064,YNEZ RD,TIERRA VISTA RD,205,S,N,A,-,N,NA,NA,NA,NA,NA,NA,NA,NA,NA,N,4,0,3,3,A,-,03,22350,NA,N,C,C,A,A,H,-,A,A,0,NA,NA,NA,NA,Y,NA,A,07,0,0,3,0,0,0,0,0,0,-,-,33.50114059448242,-117.14656829833984,RIVERSIDE,TEMECULA,-117.14593505859376,33.50084686279297
82034813,2023,2023-04-03,3308,2023-02-21,1924,10909,547,2,5,5,3308,0,0,0,NA,0,SOUTH,BUENA VISTA ST,STETSON AVE,0,NA,Y,A,-,N,NA,NA,NA,NA,NA,NA,NA,NA,NA,Y,4,0,1,2,A,-,09,21801,A,M,D,C,A,A,H,-,C,A,0,NA,NA,NA,NA,Y,NA,-,99,0,0,1,0,0,0,0,0,0,-,-,33.72938919067383,-116.9672622680664,RIVERSIDE,HEMET,-116.96720123291016,33.72941589355469
82034870,2023,2023-04-05,3342,2023-03-29,1556,1241,209,3,5,4,3342,0,0,0,NA,0,002,CALIFORNIA OAKS RD,BLADEN AVE,0,NA,Y,A,-,N,NA,NA,NA,NA,NA,NA,NA,NA,NA,Y,4,0,2,3,A,-,08,22107,NA,M,A,C,A,A,H,-,A,A,0,NA,NA,NA,NA,Y,NA,A,01,0,0,2,0,0,0,0,0,0,-,-,33.593929290771484,-117.19741058349608,RIVERSIDE,MURRIETA,-117.19737243652344,33.59406661987305
82034911,2023,2023-04-03,3315,2023-03-23,1303,003134,8B,4,5,6,3315,0,0,0,NA,0,004,PALISADES DR,GREEN RIVER RD,3788,E,N,A,-,N,NA,NA,NA,NA,NA,NA,NA,NA,NA,Y,3,0,2,2,A,-,08,21460,5,N,D,C,A,A,H,-,A,A,0,NA,NA,NA,NA,Y,NA,A,01,0,1,1,0,0,0,0,0,0,-,-,33.88093185424805,-117.64116668701172,RIVERSIDE,CORONA,-117.62935638427734,33.882225036621094
8203506,2016,2017-01-06,3315,2016-12-20,0354,001642,8E,2,5,6,3315,0,0,0,NA,0,002,FULLERTON AV,MAGNOLIA AV,26,N,N,A,-,N,NA,NA,NA,NA,NA,NA,NA,NA,NA,Y,3,0,5,1,A,-,08,22107,NA,N,E,I,A,A,H,-,C,A,0,NA,NA,NA,NA,Y,NA,A,01,0,2,3,0,0,0,0,0,0,-,-,33.86128,-117.55031,RIVERSIDE,CORONA,-117.55038288,33.86138576
82036065,2023,2023-04-04,3300,2023-03-30,1813,5632,916A,4,5,4,3312,0,0,0,NA,0,031,FRONTAGE RD E,PLACENTIA AV,0,NA,Y,B,C,N,NA,NA,NA,NA,NA,NA,NA,NA,NA,Y,4,0,2,2,A,-,09,21801,A,N,A,C,A,B,H,-,A,A,0,NA,NA,NA,NA,Y,NA,A,08,0,0,2,0,0,0,0,0,0,-,-,33.82320022583008,-117.23931121826172,RIVERSIDE,PERRIS,-117.2391357421875,33.82307052612305
82037127,2023,2023-04-05,3300,2023-03-29,1301,6265,604 D,3,5,6,3394,0,0,0,NA,0,MV46,EUCALYPTUS AVE,REDLANDS BLVD (N),200,W,N,A,-,N,NA,NA,NA,NA,NA,NA,NA,NA,NA,Y,3,0,2,2,A,-,09,21801,A,N,A,C,A,A,H,-,A,D,0,NA,NA,NA,NA,Y,NA,A,07,0,1,1,0,0,0,0,0,0,-,-,33.93532943725586,-117.15683746337892,RIVERSIDE,MORENO VALLEY,-117.15739440917967,33.93559646606445
82039228,2023,2023-04-07,3349,2023-01-11,2023,597,NA,3,5,5,3341,0,0,0,NA,0,001,SH-74,BRIGGS RD,0,NA,Y,A,-,Y,NA,NA,NA,NA,NA,NA,NA,NA,NA,Y,4,0,1,2,A,-,03,22350,NA,M,C,C,A,A,H,-,C,A,0,NA,NA,NA,NA,Y,NA,A,01,0,0,1,0,0,0,0,0,0,-,-,NA,NA,RIVERSIDE,MENIFEE,NA,NA
82048306,2023,2023-04-19,3349,2023-04-03,1055,551,ME800,1,5,5,3341,0,0,0,NA,0,003,ANTELOPE RD,LA PIEDRA RD,75,S,N,B,-,N,NA,NA,NA,NA,NA,NA,NA,NA,NA,Y,3,0,3,3,A,-,03,22350,NA,N,C,C,A,A,H,-,A,A,0,NA,NA,NA,NA,Y,NA,A,07,0,1,2,0,0,0,0,0,0,-,-,33.67707824707031,-117.17034149169922,RIVERSIDE,MENIFEE,-117.17034149169922,33.67676544189453
82051288,2023,2023-04-24,3313,2023-04-05,825,1389,5,3,5,7,3313,0,0,0,NA,0,T53,VAN BUREN BLVD,CANYON RIDGE RD,0,NA,Y,A,-,N,NA,NA,NA,NA,NA,NA,NA,NA,NA,N,4,0,2,2,A,-,03,22350,NA,N,C,C,A,A,H,-,A,A,0,NA,NA,NA,NA,Y,NA,-,-,0,0,2,0,0,0,0,0,0,-,-,33.887699127197266,-117.41252136230467,RIVERSIDE,RIVERSIDE,-117.41243743896484,33.88786315917969
82052391,2023,2023-04-25,3313,2023-04-07,1232,2129,5,5,5,7,3313,0,0,0,NA,0,T71,MYERS ST,CLEVELAND AVE,0,NA,Y,A,-,N,NA,NA,NA,NA,NA,NA,NA,NA,NA,N,3,0,1,2,A,-,12,22450,A,N,D,C,A,A,H,-,A,D,0,NA,NA,NA,NA,Y,NA,I,11,0,1,0,0,0,0,0,0,0,-,-,33.899471282958984,-117.4348373413086,RIVERSIDE,RIVERSIDE,-117.43486785888672,33.899417877197266
82057723,2023,2023-05-01,3315,2023-04-29,929,003931,16G,6,5,6,3315,0,0,0,NA,0,003,EAGLE GLEN PY,BEDFORD CANYON RD,0,NA,Y,A,-,N,NA,NA,NA,NA,NA,NA,NA,NA,NA,Y,4,0,1,2,A,-,09,21453,B,N,D,C,A,A,H,-,A,A,0,NA,NA,NA,NA,Y,NA,A,07,0,0,1,0,0,0,0,0,0,-,-,NA,NA,RIVERSIDE,CORONA,-117.52342224121094,33.82068634033203
82062770,2023,2023-05-08,3311,2023-04-12,1639,16155,NA,3,5,4,3311,0,0,0,NA,0,001,INDIAN CANYON DRIVE N,PALM SPRINGS STATION ROAD,36,S,N,B,G,N,NA,NA,NA,NA,NA,NA,NA,NA,NA,Y,4,0,1,2,A,-,09,21801,A,N,D,C,A,A,B,-,A,D,0,NA,NA,NA,NA,Y,NA,D,22,0,0,1,0,0,0,0,0,0,-,-,33.892799377441406,-116.54522705078124,RIVERSIDE,PALM SPRINGS,-117.3464584350586,33.67852020263672
82062789,2023,2023-05-08,3300,2023-02-23,2108,5785,NA,4,5,4,3314,0,0,0,NA,0,NA,RAMONA BLVD,RANCH VIEW LN,275,W,N,A,-,N,NA,NA,NA,NA,NA,NA,NA,NA,NA,N,3,0,2,2,A,-,09,21801,A,N,D,C,A,A,H,-,C,D,0,NA,NA,NA,NA,Y,NA,A,08,0,1,1,0,0,0,0,0,0,-,-,33.81304168701172,-116.99372863769533,RIVERSIDE,SAN JACINTO,-116.99468231201172,33.813350677490234
82062864,2023,2023-05-08,3313,2023-04-18,817,1389,5,2,5,7,3313,0,0,0,NA,0,T53,VAN BUREN BLVD,JURUPA AVE,300,N,N,A,-,N,NA,NA,NA,NA,NA,NA,NA,NA,NA,N,4,0,1,2,A,-,03,22350,NA,N,C,C,A,A,H,-,A,D,0,NA,NA,NA,NA,Y,NA,A,01,0,0,1,0,0,0,0,0,0,-,-,NA,NA,RIVERSIDE,RIVERSIDE,-117.46240997314452,33.95925521850586
82063264,2023,2023-12-11,3313,2023-04-20,1733,1830,5,4,5,7,3313,0,0,0,NA,0,T41,JURUPA AVE,DOOLITTLE AVE,0,NA,Y,A,-,N,NA,NA,NA,NA,NA,NA,NA,NA,NA,Y,4,0,1,2,A,-,09,21801,A,N,D,C,A,A,H,-,A,D,0,NA,NA,NA,NA,Y,NA,A,01,0,0,1,0,0,0,0,0,0,-,-,33.95817184448242,-117.4614715576172,RIVERSIDE,RIVERSIDE,NA,NA
82069457,2023,2023-05-16,3300,2023-05-09,1112,4400,20F6,2,5,3,3317,0,0,0,NA,0,NA,COUNTRY CLUB DR,MONTEREY AVE,53,W,N,A,-,N,NA,NA,NA,NA,NA,NA,NA,NA,NA,Y,4,0,1,2,C,-,18,NA,NA,N,C,C,A,A,H,-,A,A,0,NA,NA,NA,NA,Y,NA,-,-,0,0,1,0,0,0,0,0,0,-,-,33.757808685302734,-116.39124298095705,RIVERSIDE,RANCHO MIRAGE,-116.39144134521484,33.7578010559082
82069592,2023,2023-05-17,3313,2023-04-27,1929,1881,5,4,5,7,3313,0,0,0,NA,0,3R58,TYLER ST,INDIANA AVE (N),452,N,N,A,-,N,NA,NA,NA,NA,NA,NA,NA,NA,NA,N,3,0,1,3,A,-,03,22350,NA,F,A,C,A,A,H,-,B,A,0,NA,NA,NA,NA,Y,NA,A,01,0,1,0,0,0,0,0,0,0,-,-,33.90591049194336,-117.45614624023438,RIVERSIDE,RIVERSIDE,-117.45646667480467,33.90647888183594
82070622,2023,2023-05-17,3313,2023-04-29,1408,1830,4,6,5,7,3313,0,0,0,NA,0,T41,MAGNOLIA AVE,FARNHAM PL,0,NA,Y,A,-,N,NA,NA,NA,NA,NA,NA,NA,NA,NA,Y,4,0,2,2,A,-,09,21800,A,N,D,C,A,A,H,-,A,D,0,NA,NA,NA,NA,Y,NA,D,22,0,0,2,0,0,0,0,0,0,-,-,33.92118835449219,-117.44522094726563,RIVERSIDE,RIVERSIDE,-117.44515228271484,33.921234130859375
82072859,2023,2023-05-19,3315,2023-05-18,753,001452,1E,4,5,6,3315,0,0,0,NA,0,001,PARKRIDGE AV,LULLABY LN,100,W,N,A,-,N,NA,NA,NA,NA,NA,NA,NA,NA,NA,N,3,0,2,3,A,-,03,22350,NA,N,C,C,A,A,H,-,A,D,0,NA,NA,NA,NA,Y,NA,A,01,0,1,1,0,0,0,0,0,0,-,-,NA,NA,RIVERSIDE,CORONA,-117.57257843017578,33.903099060058594
82073471,2023,2023-05-22,3313,2023-04-09,2339,2013,1,7,5,7,3313,0,0,0,NA,0,1R17,ARLINGTON AVE,MAGNOLIA AVE,0,NA,Y,A,-,N,NA,NA,NA,NA,NA,NA,NA,NA,NA,N,3,0,1,2,A,-,03,22350,NA,F,G,B,B,A,H,-,C,A,0,Y,NA,NA,NA,Y,Y,A,01,0,1,0,0,1,0,0,0,0,-,-,33.946380615234375,-117.40103912353516,RIVERSIDE,RIVERSIDE,-117.4011001586914,33.94622802734375
82075821,2023,2023-05-24,3300,2023-05-17,914,N6519,601 A,3,5,6,3394,0,0,0,NA,0,MV12,PIGEON PASS RD,POPPY WAY,14,N,N,A,-,N,NA,NA,NA,NA,NA,NA,NA,NA,NA,Y,4,0,1,3,A,-,09,21801,A,N,A,C,A,A,H,-,A,D,0,NA,NA,NA,NA,Y,NA,A,01,0,0,1,0,0,0,0,0,0,-,-,33.96820831298828,-117.26139831542967,RIVERSIDE,MORENO VALLEY,-117.26152801513672,33.96943664550781
82076843,2023,2023-05-25,3300,2023-04-27,1734,N6910,002S,4,5,6,3345,0,0,0,NA,0,024,BAIN ST,60TH ST,0,NA,Y,A,-,N,NA,NA,NA,NA,NA,NA,NA,NA,NA,N,3,0,2,3,A,-,12,22450,A,F,D,C,A,A,H,-,A,A,0,NA,NA,NA,NA,Y,NA,A,01,0,1,1,0,0,0,0,0,0,-,-,33.97903823852539,-117.50592041015624,RIVERSIDE,JURUPA VALLEY,-117.50584411621094,33.979129791259766
82087961,2023,2023-06-07,3349,2023-05-05,230,519,NA,5,5,5,3341,0,0,0,NA,0,NA,HAUN RD,CRAIG AVE,0,NA,Y,A,-,N,NA,NA,NA,NA,NA,NA,NA,NA,NA,Y,3,0,1,2,A,-,01,23152,A,N,A,I,A,A,H,-,C,D,0,NA,NA,NA,Y,Y,Y,-,-,0,1,0,0,0,0,0,0,0,-,-,NA,NA,RIVERSIDE,MENIFEE,-117.17565155029295,33.661312103271484
82089769,2023,2023-06-09,3300,2023-06-05,1336,N1673,36M4,1,5,4,3318,0,0,0,NA,0,T36,FRED WARING DR,COOK ST,207,E,N,A,-,N,NA,NA,NA,NA,NA,NA,NA,NA,NA,Y,4,0,3,2,A,-,03,22350,NA,N,C,C,A,A,H,-,A,A,0,NA,NA,NA,NA,Y,NA,A,07,0,0,3,0,0,0,0,0,0,-,-,33.7287712097168,-116.35648345947266,RIVERSIDE,PALM DESERT,-116.35561370849608,33.728858947753906