CASE_ID,ACCIDENT_YEAR,PROC_DATE,JURIS,COLLISION_DATE,COLLISION_TIME,OFFICER_ID,REPORTING_DISTRICT,DAY_OF_WEEK,CHP_SHIFT,POPULATION,CNTY_CITY_LOC,SPECIAL_COND,BEAT_TYPE,CHP_BEAT_TYPE,CITY_DIVISION_LAPD,CHP_BEAT_CLASS,BEAT_NUMBER,PRIMARY_RD,SECONDARY_RD,DISTANCE,DIRECTION,INTERSECTION,WEATHER_1,WEATHER_2,STATE_HWY_IND,CALTRANS_COUNTY,CALTRANS_DISTRICT,STATE_ROUTE,ROUTE_SUFFIX,POSTMILE_PREFIX,POSTMILE,LOCATION_TYPE,RAMP_INTERSECTION,SIDE_OF_HWY,TOW_AWAY,COLLISION_SEVERITY,NUMBER_KILLED,NUMBER_INJURED,PARTY_COUNT,PRIMARY_COLL_FACTOR,PCF_CODE_OF_VIOL,PCF_VIOL_CATEGORY,PCF_VIOLATION,PCF_VIOL_SUBSECTION,HIT_AND_RUN,TYPE_OF_COLLISION,MVIW,PED_ACTION,ROAD_SURFACE,ROAD_COND_1,ROAD_COND_2,LIGHTING,CONTROL_DEVICE,CHP_ROAD_TYPE,PEDESTRIAN_ACCIDENT,BICYCLE_ACCIDENT,MOTORCYCLE_ACCIDENT,TRUCK_ACCIDENT,NOT_PRIVATE_PROPERTY,ALCOHOL_INVOLVED,STWD_VEHTYPE_AT_FAULT,CHP_VEHTYPE_AT_FAULT,COUNT_SEVERE_INJ,COUNT_VISIBLE_INJ,COUNT_COMPLAINT_PAIN,COUNT_PED_KILLED,COUNT_PED_INJURED,COUNT_BICYCLIST_KILLED,COUNT_BICYCLIST_INJURED,COUNT_MC_KILLED,COUNT_MC_INJURED,PRIMARY_RAMP,SECONDARY_RAMP,LATITUDE,LONGITUDE,COUNTY,CITY,POINT_X,POINT_Y
83280905,2024,2024-08-02,3315,2024-07-26,1641,005188,NA,5,5,6,3315,0,0,0,NA,0,002,SIXTH ST,RIMPAU AV,0,NA,Y,A,-,N,NA,NA,NA,NA,NA,NA,NA,NA,NA,N,4,0,2,2,A,-,09,21801,A,N,A,C,A,A,H,-,A,A,0,NA,NA,NA,NA,Y,NA,A,01,0,0,2,0,0,0,0,0,0,-,-,33.8745002746582,-117.55259704589844,RIVERSIDE,CORONA,-117.55263519287108,33.87456130981445
8328486,2017,2017-03-28,3311,2017-01-12,1753,15950,NA,4,5,4,3311,0,0,0,NA,0,NA,NORTH INDIAN CANYON DR,GARNET AV,0,NA,Y,A,-,N,NA,NA,NA,NA,NA,NA,NA,NA,NA,N,4,0,2,2,A,-,03,22350,NA,F,C,C,A,A,H,-,C,A,0,NA,NA,NA,NA,Y,NA,D,22,0,0,2,0,0,0,0,0,0,-,-,NA,NA,RIVERSIDE,PALM SPRINGS,-116.5454001,33.90233004
8328648,2017,2017-03-24,3311,2017-03-01,0641,15920,3311,3,5,4,3311,0,0,0,NA,0,005,RAMON RD,BELARDO RD,148,W,N,A,-,N,NA,NA,NA,NA,NA,NA,NA,NA,NA,N,4,0,1,3,A,-,08,22107,NA,N,G,B,E,A,H,-,A,D,0,Y,NA,NA,NA,Y,NA,A,01,0,0,1,0,1,0,0,0,0,-,-,33.81586,-116.54786,RIVERSIDE,PALM SPRINGS,-116.54837526,33.81583547
8328655,2017,2017-03-27,3300,2017-03-09,2019,5154,603C5,4,5,6,3394,0,0,0,NA,0,MV36,FRONTERRA WY,GENTIAN AV,0,NA,Y,A,-,N,NA,NA,NA,NA,NA,NA,NA,NA,NA,N,4,0,1,2,A,-,03,22350,NA,N,C,C,A,A,H,-,D,D,0,NA,NA,NA,NA,Y,NA,A,01,0,0,1,0,0,0,0,0,0,-,-,NA,NA,RIVERSIDE,MORENO VALLEY,-117.21516,33.89551
8334100,2017,2017-03-28,3313,2017-03-09,1819,0399,2,4,5,7,3313,0,0,0,NA,0,M18,LINDEN ST,CANYON CREST DR,210,E,N,A,-,N,NA,NA,NA,NA,NA,NA,NA,NA,NA,N,4,0,1,3,A,-,03,22350,NA,N,C,C,A,A,H,-,C,A,0,NA,NA,NA,NA,Y,NA,A,07,0,0,1,0,0,0,0,0,0,-,-,33.9794,-117.33122,RIVERSIDE,RIVERSIDE,-117.33044939,33.97931
8334111,2017,2017-04-04,3309,2017-02-06,1513,395,3309,1,5,4,3309,0,0,0,NA,0,003,AVE 48,MONROE ST,339,E,N,A,-,N,NA,NA,NA,NA,NA,NA,NA,NA,NA,Y,4,0,1,2,A,-,03,22350,NA,N,C,C,A,A,H,-,A,D,0,NA,NA,Y,NA,Y,NA,A,07,0,0,1,0,0,0,0,0,1,-,-,NA,NA,RIVERSIDE,INDIO,-116.23275062,33.7000973
8338775,2017,2018-01-26,3300,2017-03-22,1040,N2171,24C6,3,5,3,3317,0,0,0,NA,0,25372,MONTEREY AV,GERALD FORD,265,N,N,A,-,N,NA,NA,NA,NA,NA,NA,NA,NA,NA,Y,4,0,1,3,A,-,03,22350,NA,N,C,C,A,A,H,-,A,A,0,NA,NA,NA,NA,Y,NA,A,07,0,0,1,0,0,0,0,0,0,-,-,NA,NA,RIVERSIDE,RANCHO MIRAGE,-116.38822,33.78799508
8340209,2017,2017-04-07,3313,2017-03-17,1818,1788,5,5,5,7,3313,0,0,0,NA,0,3R52,VAN BUREN BL,CALIFORNIA AV,50,S,N,A,-,N,NA,NA,NA,NA,NA,NA,NA,NA,NA,Y,4,0,1,3,A,-,03,22350,NA,N,C,C,A,A,H,-,A,A,0,NA,NA,NA,NA,Y,NA,A,01,0,0,1,0,0,0,0,0,0,-,-,33.92666,-117.45171,RIVERSIDE,RIVERSIDE,-117.45164977,33.92646142
8343746,2017,2017-04-24,3311,2017-03-22,1627,15842,NA,3,5,4,3311,0,0,0,NA,0,004,FARRELL DR,VIA ESCUELA,0,NA,Y,A,-,N,NA,NA,NA,NA,NA,NA,NA,NA,NA,Y,3,0,1,2,A,-,12,21453,A,N,D,C,A,A,H,-,B,A,0,NA,NA,NA,Y,Y,NA,A,01,0,1,0,0,0,0,0,0,0,-,-,33.84863,-116.51952,RIVERSIDE,PALM SPRINGS,-116.51939005,33.84851002
8343807,2017,2017-04-14,3300,2017-03-27,1050,4413,910H,1,5,5,3335,0,0,0,NA,0,064,RANCHO CALIFORNIA RD,COSMIC DR,0,NA,Y,A,-,N,NA,NA,NA,NA,NA,NA,NA,NA,NA,N,4,0,1,2,A,-,11,21950,B,N,G,B,B,A,H,-,A,A,0,Y,NA,NA,NA,Y,NA,N,60,0,0,1,0,1,0,0,0,0,-,-,33.50849,-117.1327,RIVERSIDE,TEMECULA,-117.13279011,33.50861001
8343881,2017,2017-04-13,3311,2017-03-28,1034,15896,NA,2,5,4,3311,0,0,0,NA,0,006,MESQUITE AV,MOUNTAIN VIEW DR,30,E,N,A,-,N,NA,NA,NA,NA,NA,NA,NA,NA,NA,N,4,0,1,2,A,-,03,22350,NA,N,C,C,A,A,H,-,A,A,0,NA,NA,NA,NA,Y,NA,A,01,0,0,1,0,0,0,0,0,0,-,-,33.81093,-116.50721,RIVERSIDE,PALM SPRINGS,-116.50721083,33.81039128
8344072,2017,2018-03-24,3300,2017-04-12,0451,4767,916D,3,5,4,3312,0,0,0,NA,0,032,REDLANDS AV,RT 215,12,E,N,A,-,Y,RIV,8,74,-,-,27.51,I,5,E,Y,4,0,1,2,A,-,05,21651,A,N,A,C,A,A,H,-,C,A,0,NA,NA,NA,NA,Y,NA,D,22,0,0,1,0,0,0,0,0,0,-,WF,NA,NA,RIVERSIDE,PERRIS,-117.21635016,33.78366282
8345786,2017,2017-04-24,3313,2017-04-04,1121,1021,4,2,5,7,3313,0,0,0,NA,0,M21,MAGNOLIA AV,JACKSON ST,46,E,N,A,-,N,NA,NA,NA,NA,NA,NA,NA,NA,NA,Y,4,0,3,3,A,-,03,22350,NA,N,C,C,A,A,H,-,A,A,0,NA,NA,NA,NA,Y,NA,A,01,0,0,3,0,0,0,0,0,0,-,-,33.92452,-117.43921,RIVERSIDE,RIVERSIDE,-117.43905491,33.9246808
8347755,2017,2017-04-25,3313,2017-04-07,1514,1772,4,5,5,7,3313,0,0,0,NA,0,T45,MAGNOLIA AV,ADAMS ST,182,W,N,A,-,N,NA,NA,NA,NA,NA,NA,NA,NA,NA,Y,4,0,1,3,A,-,03,22350,NA,N,C,C,A,A,H,-,A,A,0,NA,NA,NA,NA,Y,NA,A,01,0,0,1,0,0,0,0,0,0,-,-,33.93282,-117.42425,RIVERSIDE,RIVERSIDE,-117.42483505,33.93276998
8349134,2017,2017-04-20,3311,2017-03-27,1438,15302,NA,1,5,4,3311,0,0,0,NA,0,006,KIRK DOUGLAS WY,RAMON RD,450,N,N,A,-,N,NA,NA,NA,NA,NA,NA,NA,NA,NA,N,3,0,1,1,A,-,03,22350,NA,N,E,I,A,A,H,-,A,A,0,NA,NA,Y,NA,Y,NA,C,02,0,1,0,0,0,0,0,0,1,-,-,33.81589,-116.49736,RIVERSIDE,PALM SPRINGS,-116.49824326,33.81678698
8349138,2017,2017-04-20,3311,2017-03-31,1233,15842,NA,5,5,4,3311,0,0,0,NA,0,002,SAN RAFAEL DR,AVENIDA CABALLEROS,0,NA,Y,A,-,N,NA,NA,NA,NA,NA,NA,NA,NA,NA,Y,3,0,4,2,A,-,09,21802,A,N,D,C,A,A,H,-,A,D,0,NA,NA,NA,NA,Y,NA,A,01,0,2,2,0,0,0,0,0,0,-,-,33.85942,-116.53689,RIVERSIDE,PALM SPRINGS,-116.53681005,33.85952002
83491419,2024,2024-08-05,3313,2024-07-18,2000,2180,NA,4,5,7,3313,0,0,0,NA,0,3R50,LA SIERRA AVE,COLLETT AVE,30,S,N,A,-,N,NA,NA,NA,NA,NA,NA,NA,NA,NA,N,3,0,1,2,A,-,03,22350,NA,N,A,C,A,A,H,-,B,A,0,NA,NA,Y,NA,Y,NA,C,02,0,1,0,0,0,0,0,0,1,-,-,33.91162109375,-117.48312377929688,RIVERSIDE,RIVERSIDE,-117.48307037353516,33.91172409057617
8350765,2017,2017-04-26,3300,2017-04-05,0849,N2171,2087,3,5,3,3317,0,0,0,NA,0,25372,INDIAN TRL,ESTELLITA,12,S,N,A,-,N,NA,NA,NA,NA,NA,NA,NA,NA,NA,NA,4,0,1,2,A,-,09,21802,A,N,D,C,A,A,H,-,A,A,0,NA,NA,NA,NA,Y,NA,A,07,0,0,1,0,0,0,0,0,0,-,-,NA,NA,RIVERSIDE,RANCHO MIRAGE,-116.419719,33.741652
8350788,2017,2017-04-28,3300,2017-03-08,1520,N3864,604C1,3,5,6,3394,0,0,0,NA,0,044,MARGARET AV,CAROLINA AV,0,NA,Y,A,-,N,NA,NA,NA,NA,NA,NA,NA,NA,NA,N,4,0,2,2,A,-,08,22107,NA,N,A,C,A,A,H,-,A,D,0,NA,NA,NA,NA,Y,NA,A,01,0,0,2,0,0,0,0,0,0,-,-,33.89958,-117.20988,RIVERSIDE,MORENO VALLEY,-117.20955011,33.89956006
8351972,2016,2017-04-26,3300,2016-12-12,2333,4345,22J1,1,5,3,3317,0,0,0,NA,0,1S24,MONTEREY AV,SHADOW RIDGE RD,4752,N,N,A,-,N,NA,NA,NA,NA,NA,NA,NA,NA,NA,Y,3,0,1,1,A,-,01,23152,A,N,E,I,A,A,H,-,C,D,0,NA,NA,NA,NA,Y,Y,A,01,0,1,0,0,0,0,0,0,0,-,-,33.78267,-116.38816,RIVERSIDE,RANCHO MIRAGE,-116.38823197,33.79581253
8352328,2017,2017-05-06,3302,2017-03-30,1412,764,3302,4,5,3,3302,0,0,0,NA,0,002,STARLIGHT AV,MOONSTONE,0,NA,Y,A,-,N,NA,NA,NA,NA,NA,NA,NA,NA,NA,Y,4,0,1,1,A,-,08,22107,NA,N,A,I,A,A,H,-,A,D,0,NA,NA,NA,NA,Y,Y,A,01,0,0,1,0,0,0,0,0,0,-,-,NA,NA,RIVERSIDE,BEAUMONT,-116.9553915,33.951699
8352653,2017,2017-06-27,3300,2017-03-24,1310,3146,916A,5,5,4,3312,0,0,0,NA,0,031,PERRIS BL,PERRY ST,321,S,N,A,-,N,NA,NA,NA,NA,NA,NA,NA,NA,NA,Y,4,0,1,2,A,-,01,23152,A,N,G,B,F,A,H,-,A,D,0,Y,NA,NA,NA,Y,Y,D,22,0,0,1,0,1,0,0,0,0,-,-,33.84821,-117.22596,RIVERSIDE,PERRIS,-117.22606223,33.8473207
8355945,2017,2017-05-01,3300,2017-02-18,1500,4805,NA,6,5,4,3344,0,0,0,NA,0,NA,LIMONITE AV,HAMNER AV,0,NA,Y,A,-,N,NA,NA,NA,NA,NA,NA,NA,NA,NA,N,4,0,1,2,A,-,21,22106,NA,N,C,C,A,A,H,-,A,A,0,NA,NA,NA,NA,Y,NA,A,01,0,0,1,0,0,0,0,0,0,-,-,NA,NA,RIVERSIDE,EASTVALE,-117.55844001,33.97541004
8358805,2016,2017-05-05,3309,2016-12-12,1440,418,3309,1,5,4,3309,0,0,0,NA,0,003,MONROE ST,POLE #9521D,11,N,N,A,-,N,NA,NA,NA,NA,NA,NA,NA,NA,NA,Y,2,0,1,1,A,-,03,22350,NA,N,F,J,A,A,H,-,A,D,0,NA,NA,Y,NA,Y,NA,C,02,1,0,0,0,0,0,0,0,1,-,-,NA,NA,RIVERSIDE,INDIO,NA,NA
8359652,2017,2017-05-09,3313,2017-04-24,0800,0102,1,1,5,7,3313,0,0,0,NA,0,M38,3RD ST,MARKET ST,0,NA,Y,B,-,N,NA,NA,NA,NA,NA,NA,NA,NA,NA,Y,4,0,1,2,A,-,09,21801,A,N,A,C,A,A,H,-,A,A,0,NA,NA,NA,NA,Y,NA,A,01,0,0,1,0,0,0,0,0,0,-,-,33.98734,-117.37252,RIVERSIDE,RIVERSIDE,-117.37248004,33.98734
8366455,2017,2017-06-17,3309,2017-04-20,1134,118,3309,4,5,4,3309,0,0,0,NA,0,003,JACKSON ST,RT 111,24,E,N,A,-,N,NA,NA,NA,NA,NA,NA,NA,NA,NA,N,4,0,1,2,A,-,12,21453,A,N,D,C,A,A,H,-,A,A,0,NA,NA,NA,NA,Y,NA,A,01,0,0,1,0,0,0,0,0,0,-,-,NA,NA,RIVERSIDE,INDIO,-116.216166,33.714962
83686242,2024,2024-08-06,3300,2024-08-01,1135,N4544,NA,4,5,6,3345,0,0,0,NA,0,024,LIMONITE AV,CLAY ST,0,NA,Y,B,-,N,NA,NA,NA,NA,NA,NA,NA,NA,NA,Y,4,0,1,2,A,-,12,21453,A,N,D,C,A,A,H,-,A,A,0,NA,NA,NA,NA,Y,NA,D,22,0,0,1,0,0,0,0,0,0,-,-,33.97576904296875,-117.46195220947266,RIVERSIDE,JURUPA VALLEY,-117.4625244140625,33.977359771728516
8373544,2017,2017-06-09,3309,2017-04-21,1747,180,3309,5,5,4,3309,0,0,0,NA,0,002,JACKSON ST,KENNER AV,60,N,N,A,-,N,NA,NA,NA,NA,NA,NA,NA,NA,NA,N,4,0,1,2,A,-,03,22350,NA,N,C,C,A,A,H,-,A,D,0,NA,NA,NA,NA,Y,NA,D,22,0,0,1,0,0,0,0,0,0,-,-,NA,NA,RIVERSIDE,INDIO,-116.21640794,33.73324401
8374205,2017,2017-05-31,3300,2017-04-11,0719,3717,011K,2,5,4,3344,0,0,0,NA,0,061,68TH ST,HAMNER AV,163,W,N,A,-,N,NA,NA,NA,NA,NA,NA,NA,NA,NA,Y,3,0,2,3,A,-,03,22350,NA,N,C,C,A,A,H,-,A,A,0,NA,NA,NA,NA,Y,NA,-,NA,0,1,1,0,0,0,0,0,0,-,-,NA,NA,RIVERSIDE,EASTVALE,-117.55888609,33.96448
8374213,2017,2017-05-31,3300,2017-04-08,0425,4865,012C,6,5,4,3344,0,0,0,NA,0,065,HARRISON,CITRUS,25,N,N,C,-,N,NA,NA,NA,NA,NA,NA,NA,NA,NA,Y,3,0,1,1,A,-,03,22350,NA,N,E,I,A,B,H,-,C,A,0,NA,NA,NA,NA,Y,NA,A,01,0,1,0,0,0,0,0,0,0,-,-,NA,NA,RIVERSIDE,EASTVALE,-117.58443093,33.95183851
8374281,2017,2017-05-31,3313,2017-05-09,1813,1762,5,2,5,7,3313,0,0,0,NA,0,M24,ARLINGTON AV,CHADBOURNE AV,0,NA,Y,A,-,N,NA,NA,NA,NA,NA,NA,NA,NA,NA,N,4,0,1,2,D,-,00,NA,NA,N,H,G,A,A,H,-,A,A,0,NA,Y,NA,NA,Y,NA,-,-,0,0,1,0,0,0,1,0,0,-,-,33.94626,-117.48332,RIVERSIDE,RIVERSIDE,-117.48344003,33.94633008
8377182,2017,2017-06-08,3300,2017-05-22,1614,N3558,916A,1,5,4,3312,0,0,0,NA,0,393,MARKHAM ST,WEBSTER AV,0,NA,Y,A,-,N,NA,NA,NA,NA,NA,NA,NA,NA,NA,Y,4,0,3,3,A,-,09,21802,A,N,D,C,A,A,H,-,A,A,0,NA,NA,NA,NA,Y,NA,A,01,0,0,3,0,0,0,0,0,0,-,-,33.85203,-117.2437,RIVERSIDE,PERRIS,-117.2438501,33.85187006
8378004,2017,2018-03-20,3300,2017-05-18,1718,5132,41B5,4,5,3,3392,0,0,0,NA,0,041,RT 111,DUNE PALMS RD,0,NA,Y,A,-,N,NA,NA,NA,NA,NA,NA,NA,NA,NA,N,4,0,1,2,A,-,12,21453,A,N,D,C,A,A,H,-,A,A,0,NA,NA,NA,NA,Y,NA,A,01,0,0,1,0,0,0,0,0,0,-,-,NA,NA,RIVERSIDE,LA QUINTA,-116.27747,33.70744005
8379470,2017,2017-08-08,3300,2017-05-10,1544,N3558,916B,3,5,4,3312,0,0,0,NA,0,NA,PERRIS BL,BOWEN RD,614,N,N,A,-,N,NA,NA,NA,NA,NA,NA,NA,NA,NA,Y,4,0,2,2,A,-,01,23152,A,N,C,C,A,A,H,-,A,D,0,NA,NA,NA,NA,Y,NA,A,01,0,0,2,0,0,0,0,0,0,-,-,33.79749,-117.22618,RIVERSIDE,PERRIS,-117.2261224,33.79910174
8380737,2017,2017-06-06,3300,2017-05-22,1400,N1673,38F4,1,5,4,3318,0,0,0,NA,0,T38,COUNTRY CLUB DR,PORTOLA AV,154,W,N,A,-,N,NA,NA,NA,NA,NA,NA,NA,NA,NA,Y,3,0,2,2,A,-,03,22350,NA,N,C,C,A,A,H,-,A,A,0,NA,NA,NA,NA,Y,NA,A,07,0,1,1,0,0,0,0,0,0,-,-,NA,NA,RIVERSIDE,PALM DESERT,-116.37423448,33.75802613
8382018,2017,2018-03-20,3300,2017-05-08,1026,3924,30K1,1,5,4,3318,0,0,0,NA,0,030,RT 111,CABRILLO AV,177,W,N,A,-,N,NA,NA,NA,NA,NA,NA,NA,NA,NA,N,4,0,1,4,A,-,07,21658,A,N,B,C,A,A,H,-,A,A,0,NA,NA,NA,NA,Y,NA,A,01,0,0,1,0,0,0,0,0,0,-,-,33.72135,-116.37082,RIVERSIDE,PALM DESERT,-116.37139942,33.72136774
8384202,2017,2017-06-26,3300,2017-05-25,2111,4406,603B1,4,5,6,3394,0,0,0,NA,0,036,PERRIS BL,JOHN F KENNEDY DR,0,NA,Y,A,-,N,NA,NA,NA,NA,NA,NA,NA,NA,NA,N,4,0,4,2,A,-,12,21453,A,N,D,C,A,A,H,-,C,A,0,NA,NA,NA,NA,Y,NA,A,01,0,0,4,0,0,0,0,0,0,-,-,33.93268,-117.22652,RIVERSIDE,MORENO VALLEY,-117.22630012,33.9027701
8388868,2017,2017-06-14,3309,2017-05-19,1446,322,3309,5,5,4,3309,0,0,0,NA,0,004,CLINTON ST,AVE 46,177,S,N,A,-,N,NA,NA,NA,NA,NA,NA,NA,NA,NA,N,4,0,1,2,A,-,21,22106,NA,N,C,C,A,A,H,-,A,D,0,NA,NA,NA,NA,Y,NA,A,01,0,0,1,0,0,0,0,0,0,-,-,NA,NA,RIVERSIDE,INDIO,-116.24265735,33.71419576
8390629,2017,2017-06-21,3313,2017-06-12,1352,0399,2,1,5,7,3313,0,0,0,NA,0,M18,UNIVERSITY AV,VICTORIA AV,0,NA,Y,A,-,N,NA,NA,NA,NA,NA,NA,NA,NA,NA,N,3,0,1,2,A,-,05,21650,1,N,H,G,A,A,H,-,A,A,0,NA,Y,NA,NA,Y,NA,L,04,0,1,0,0,0,0,1,0,0,-,-,33.97643,-117.36254,RIVERSIDE,RIVERSIDE,-117.36270002,33.97639005
8391504,2017,2017-06-20,3300,2017-06-04,1200,N5259,34C6,7,5,3,3317,0,0,0,NA,0,S24,GERALD FORD DR,MONTEREY AV,12,W,N,A,-,N,NA,NA,NA,NA,NA,NA,NA,NA,NA,N,4,0,1,2,A,-,03,22350,NA,N,C,C,A,A,H,-,C,A,0,NA,NA,NA,NA,Y,NA,A,08,0,0,1,0,0,0,0,0,0,-,-,33.78711,-116.38814,RIVERSIDE,RANCHO MIRAGE,-116.38824933,33.78727
8394623,2017,2017-07-12,3300,2017-05-23,2140,3536,603B1,2,5,6,3394,0,0,0,NA,0,MV34,INDIAN ST,VANDENBERG DR,0,NA,Y,A,-,N,NA,NA,NA,NA,NA,NA,NA,NA,NA,N,3,0,1,2,A,-,10,21950,A,F,G,B,B,A,H,-,C,D,0,Y,NA,NA,NA,Y,NA,-,99,0,1,0,0,1,0,0,0,0,-,-,33.90049,-117.23497,RIVERSIDE,MORENO VALLEY,-117.23496005,33.90054004
8394954,2017,2017-06-27,3313,2017-06-09,0919,1575,C,5,5,7,3313,0,0,0,NA,0,M12,JACKSON ST,VAN BUREN BL,200,E,N,A,-,N,NA,NA,NA,NA,NA,NA,NA,NA,NA,N,4,0,1,2,A,-,09,21804,A,N,D,C,A,A,H,-,A,A,0,NA,NA,NA,NA,Y,NA,A,01,0,0,1,0,0,0,0,0,0,-,-,33.9429,-117.4538,RIVERSIDE,RIVERSIDE,-117.45324361,33.94268017
8396308,2017,2017-07-13,3315,2017-06-27,0408,001642,5D,2,5,6,3315,0,0,0,NA,0,004,FOOTHILL PKWY,BOROER AVE,248,W,N,A,-,N,NA,NA,NA,NA,NA,NA,NA,NA,NA,Y,4,0,1,1,A,-,01,23152,A,N,E,I,A,A,H,-,C,D,0,NA,NA,NA,NA,Y,Y,-,NA,0,0,1,0,0,0,0,0,0,-,-,NA,NA,RIVERSIDE,CORONA,-117.608299,33.849486
8396670,2017,2017-06-26,3311,2017-05-20,0144,16000,NA,6,5,4,3311,0,0,0,NA,0,006,KIRK DOUGLAS WY,AIRPORT CENTER DR,344,N,N,A,-,N,NA,NA,NA,NA,NA,NA,NA,NA,NA,Y,2,0,1,1,A,-,01,23152,A,N,E,I,A,A,H,-,C,D,0,NA,NA,NA,NA,Y,Y,A,01,1,0,0,0,0,0,0,0,0,-,-,33.8177,-116.49889,RIVERSIDE,PALM SPRINGS,-116.501289,33.81776168
8400129,2017,2017-08-15,3302,2017-06-27,1100,764,NA,2,5,3,3302,0,0,0,NA,0,003,BEAUMONT AV,12TH ST,0,NA,Y,A,-,N,NA,NA,NA,NA,NA,NA,NA,NA,NA,Y,4,0,1,3,A,-,09,21802,A,N,D,C,A,A,H,-,A,C,0,NA,NA,NA,NA,Y,NA,A,01,0,0,1,0,0,0,0,0,0,-,-,33.94017,-116.97727,RIVERSIDE,BEAUMONT,-116.97720008,33.94016012
8401476,2017,2017-07-12,3300,2017-05-27,0916,3770,602C4,6,5,6,3394,0,0,0,NA,0,MV24,GRAHAM ST,COTTONWOOD AV,0,NA,Y,A,-,N,NA,NA,NA,NA,NA,NA,NA,NA,NA,N,4,0,1,2,A,-,03,22350,NA,F,C,C,A,A,H,-,A,A,0,NA,NA,NA,NA,Y,NA,A,01,0,0,1,0,0,0,0,0,0,-,-,33.92449,-117.25238,RIVERSIDE,MORENO VALLEY,-117.25245008,33.92454008
84019784,2024,2024-08-12,3300,2024-07-02,1824,6201,NA,2,5,6,3394,0,0,0,NA,0,MV12,OLD LAKE DR,VIA MONTEGO,0,W,Y,A,-,N,NA,NA,NA,NA,NA,NA,NA,NA,NA,N,3,0,3,2,A,-,01,23152,A,N,A,C,A,A,H,-,A,D,0,NA,NA,NA,NA,Y,Y,A,01,0,3,0,0,0,0,0,0,0,-,-,33.96913146972656,-117.2541732788086,RIVERSIDE,MORENO VALLEY,-117.2543487548828,33.969112396240234
84019817,2024,2024-08-12,3308,2024-07-03,1653,10874,NA,3,5,5,3308,0,0,0,NA,0,NA,RAYMOND ST,FLORIDA AVE,69,S,N,A,-,N,NA,NA,NA,NA,NA,NA,NA,NA,NA,N,4,0,1,2,A,-,11,21950,B,N,G,B,D,A,H,-,A,D,0,Y,NA,NA,NA,Y,NA,N,60,0,0,1,0,1,0,0,0,0,-,-,33.74753952026367,-116.99134826660156,RIVERSIDE,HEMET,-116.99129486083984,33.7473030090332
8402076,2017,2017-07-17,3313,2017-06-21,1733,1523,5,3,5,7,3313,0,0,0,NA,0,M22,WOHLSETTER ST,GRAMERCY PL,30,S,N,A,-,N,NA,NA,NA,NA,NA,NA,NA,NA,NA,N,4,0,1,2,A,-,21,22106,NA,N,C,C,A,A,H,-,A,A,0,NA,NA,NA,NA,Y,NA,A,01,0,0,1,0,0,0,0,0,0,-,-,33.93764,-117.46151,RIVERSIDE,RIVERSIDE,-117.46163072,33.9373678
8404479,2017,2017-09-23,3313,2017-06-02,1057,1097,1,5,5,7,3313,0,0,0,NA,0,M39,OLIVEWOOD AV,CRIDGE ST,201,S,N,A,-,N,NA,NA,NA,NA,NA,NA,NA,NA,NA,Y,1,1,0,1,A,-,08,22107,NA,N,E,I,A,A,H,-,A,A,0,NA,NA,NA,NA,Y,NA,A,01,0,0,0,0,0,0,0,0,0,-,-,33.96938,-117.3769,RIVERSIDE,RIVERSIDE,-117.37738767,33.96892759
8404691,2017,2019-04-09,3300,2017-11-17,1723,3988,002D,5,5,6,3345,0,0,0,NA,0,020,GALENA ST,AVON ST,10,E,N,A,-,N,NA,NA,NA,NA,NA,NA,NA,NA,NA,Y,1,1,0,2,A,-,10,21950,A,N,G,B,D,A,H,-,D,A,0,Y,NA,NA,NA,Y,NA,N,60,0,0,0,1,0,0,0,0,0,-,-,34.00459,-117.47971,RIVERSIDE,JURUPA VALLEY,-117.4797771,34.00448045
8407228,2017,2017-07-18,3300,2017-06-09,1635,N3864,NA,5,5,6,3394,0,0,0,NA,0,NA,HEACOCK ST,WEBSTER AV,0,NA,Y,A,-,N,NA,NA,NA,NA,NA,NA,NA,NA,NA,N,4,0,2,2,A,-,05,21460,A,N,D,C,A,A,H,-,A,D,0,NA,NA,NA,NA,Y,NA,A,01,0,0,2,0,0,0,0,0,0,-,-,33.93727,-117.24374,RIVERSIDE,MORENO VALLEY,-117.24379009,33.93719003
8408801,2017,2017-08-14,3313,2017-04-11,1510,1829,1,2,5,7,3313,0,0,0,NA,0,2R19,BROCKTON AV,ARLINGTON AV,0,NA,Y,A,-,N,NA,NA,NA,NA,NA,NA,NA,NA,NA,N,4,0,1,2,A,-,03,22350,NA,N,C,C,A,A,H,-,A,D,0,NA,NA,NA,NA,Y,NA,A,01,0,0,1,0,0,0,0,0,0,-,-,33.94637,-117.39675,RIVERSIDE,RIVERSIDE,-117.39676011,33.94625007
8408989,2017,2017-08-17,3300,2017-07-07,1934,4141,20A5,5,5,3,3317,0,0,0,NA,0,020,RT 111,EVENING STAR DR,198,S,N,A,-,N,NA,NA,NA,NA,NA,NA,NA,NA,NA,Y,4,0,1,1,C,-,18,NA,NA,N,E,I,A,A,H,-,B,D,0,NA,NA,NA,NA,Y,Y,-,-,0,0,1,0,0,0,0,0,0,-,-,33.75159,-116.42856,RIVERSIDE,RANCHO MIRAGE,-116.42830974,33.75130859
8410796,2017,2017-07-25,3300,2017-06-03,1340,4900,001C,6,5,6,3345,0,0,0,NA,0,010,RUBIDOUX BL,28TH ST,276,N,N,A,-,N,NA,NA,NA,NA,NA,NA,NA,NA,NA,N,4,0,2,2,A,-,08,22107,NA,F,D,C,A,A,H,-,A,D,0,NA,NA,Y,NA,Y,NA,A,01,0,0,2,0,0,0,0,0,2,-,-,NA,NA,RIVERSIDE,JURUPA VALLEY,-117.39597988,34.00947163
8410875,2017,2017-07-25,3300,2017-06-06,1420,4050,012G,2,5,4,3344,0,0,0,NA,0,064,ARCHIBALD AV,SOLEIL DR,40,S,N,A,-,N,NA,NA,NA,NA,NA,NA,NA,NA,NA,Y,4,0,3,2,A,-,03,22350,NA,N,C,C,A,A,H,-,A,A,0,NA,NA,NA,NA,Y,NA,A,01,0,0,3,0,0,0,0,0,0,-,-,NA,NA,RIVERSIDE,EASTVALE,-117.59318946,33.95893038