CASE_ID,ACCIDENT_YEAR,PROC_DATE,JURIS,COLLISION_DATE,COLLISION_TIME,OFFICER_ID,REPORTING_DISTRICT,DAY_OF_WEEK,CHP_SHIFT,POPULATION,CNTY_CITY_LOC,SPECIAL_COND,BEAT_TYPE,CHP_BEAT_TYPE,CITY_DIVISION_LAPD,CHP_BEAT_CLASS,BEAT_NUMBER,PRIMARY_RD,SECONDARY_RD,DISTANCE,DIRECTION,INTERSECTION,WEATHER_1,WEATHER_2,STATE_HWY_IND,CALTRANS_COUNTY,CALTRANS_DISTRICT,STATE_ROUTE,ROUTE_SUFFIX,POSTMILE_PREFIX,POSTMILE,LOCATION_TYPE,RAMP_INTERSECTION,SIDE_OF_HWY,TOW_AWAY,COLLISION_SEVERITY,NUMBER_KILLED,NUMBER_INJURED,PARTY_COUNT,PRIMARY_COLL_FACTOR,PCF_CODE_OF_VIOL,PCF_VIOL_CATEGORY,PCF_VIOLATION,PCF_VIOL_SUBSECTION,HIT_AND_RUN,TYPE_OF_COLLISION,MVIW,PED_ACTION,ROAD_SURFACE,ROAD_COND_1,ROAD_COND_2,LIGHTING,CONTROL_DEVICE,CHP_ROAD_TYPE,PEDESTRIAN_ACCIDENT,BICYCLE_ACCIDENT,MOTORCYCLE_ACCIDENT,TRUCK_ACCIDENT,NOT_PRIVATE_PROPERTY,ALCOHOL_INVOLVED,STWD_VEHTYPE_AT_FAULT,CHP_VEHTYPE_AT_FAULT,COUNT_SEVERE_INJ,COUNT_VISIBLE_INJ,COUNT_COMPLAINT_PAIN,COUNT_PED_KILLED,COUNT_PED_INJURED,COUNT_BICYCLIST_KILLED,COUNT_BICYCLIST_INJURED,COUNT_MC_KILLED,COUNT_MC_INJURED,PRIMARY_RAMP,SECONDARY_RAMP,LATITUDE,LONGITUDE,COUNTY,CITY,POINT_X,POINT_Y
9075191,2020,2020-06-24,3300,2020-03-11,1446,N6000,507C,3,5,5,3341,0,0,0,NA,0,1446,DOMENIGONI PKWY,LINDENBERGER RD,0,NA,Y,A,-,N,NA,NA,NA,NA,NA,NA,NA,NA,NA,N,3,0,2,2,A,-,03,22350,NA,N,C,C,A,A,H,-,A,A,0,NA,NA,NA,NA,Y,NA,A,01,0,1,1,0,0,0,0,0,0,-,-,33.68622970581055,-117.14624786376952,RIVERSIDE,MENIFEE,-117.14251708984376,33.69028854370117
90756260,2018,2018-06-26,9655,2018-06-19,0840,017263,NA,2,1,9,3300,0,3,5,NA,2,003,GILMAN SPRINGS RD,JACK RABBIT TRL,0,NA,Y,A,-,N,NA,NA,NA,NA,NA,NA,NA,NA,NA,N,4,0,2,2,A,-,03,22350,NA,N,C,C,A,A,C,-,A,D,0,NA,NA,NA,NA,Y,NA,D,23,0,0,2,0,0,0,0,0,0,-,-,33.88951110839844,-117.07061004638672,RIVERSIDE,UNINCORPORATED,-117.07083129882813,33.889530181884766
90756906,2018,2018-06-27,9840,2018-06-19,1407,015444,NA,2,2,6,3315,0,3,5,NA,2,003,PALISADES DRIVE,SERFAS CLUB DR,0,NA,Y,A,-,N,NA,NA,NA,NA,NA,NA,NA,NA,NA,Y,3,0,1,1,A,-,08,22101,D,N,E,I,A,A,H,-,A,D,0,NA,NA,NA,NA,Y,NA,A,01,0,1,0,0,0,0,0,0,0,-,-,33.873538970947266,-117.61599731445313,RIVERSIDE,CORONA,-117.61609649658205,33.87535858154297
9075749,2020,2020-05-21,3315,2020-02-27,0959,002504,NA,4,5,6,3315,0,0,0,NA,0,001,RIVER RD,MAIN ST,35,W,N,A,-,N,NA,NA,NA,NA,NA,NA,NA,NA,NA,NA,4,0,2,2,A,-,04,21703,NA,N,C,C,A,A,H,-,A,A,0,NA,NA,NA,NA,Y,NA,-,NA,0,0,2,0,0,0,0,0,0,-,-,NA,NA,RIVERSIDE,CORONA,-117.56459808349608,33.88810348510742
90759509,2018,2018-06-29,9840,2018-06-21,1045,018221,NA,4,1,6,3315,0,1,1,NA,2,034,I-15 S/B,CAJALCO RD.,20,N,N,A,-,Y,NA,NA,15,NA,NA,NA,NA,NA,S,Y,3,0,1,2,A,-,03,22350,NA,N,C,C,A,A,D,-,A,D,0,NA,NA,NA,NA,Y,NA,A,08,0,1,0,0,0,0,0,0,0,-,-,33.82109069824219,-117.51851654052734,RIVERSIDE,CORONA,-117.51853942871094,33.821067810058594
90762080,2018,2018-07-03,9840,2018-06-30,0042,019492,NA,6,3,6,3315,0,1,3,NA,2,031,SR-91 E/B,LINCOLN AVE.,400,W,N,A,-,Y,NA,NA,91,NA,NA,NA,NA,NA,E,Y,3,0,1,2,A,-,07,21658,A,N,C,C,A,A,H,-,C,D,0,NA,NA,NA,NA,Y,NA,D,22,0,1,0,0,0,0,0,0,0,-,-,33.88216018676758,-117.58989715576172,RIVERSIDE,CORONA,-117.58990478515624,33.882232666015625
9076301,2019,2020-05-13,3306,2019-11-10,1531,140,INDIO,7,5,3,3306,0,0,0,NA,0,NA,HERMANO WY,ARENA BLANCA RD,662,S,N,A,-,N,NA,NA,NA,NA,NA,NA,NA,NA,NA,N,3,0,1,2,A,-,09,21804,NA,N,G,J,A,A,H,-,A,D,0,NA,NA,NA,NA,Y,NA,M,94,0,1,0,0,0,0,0,0,0,-,-,NA,NA,RIVERSIDE,DESERT HOT SPRINGS,-116.47815704345705,33.95069885253906
90765513,2018,2018-07-09,9655,2018-07-01,1110,015892,NA,7,1,9,3300,0,1,3,NA,1,118,STATE ROUTE 74,STATE ROUTE 371,0,NA,Y,A,-,Y,NA,NA,74,NA,NA,NA,NA,NA,NA,Y,4,0,1,2,A,-,09,21801,A,N,D,C,A,A,H,-,A,D,0,NA,NA,NA,NA,Y,NA,A,01,0,0,1,0,0,0,0,0,0,-,-,33.569358825683594,-116.59130096435548,RIVERSIDE,UNINCORPORATED,-116.59125518798828,33.56942367553711
90765522,2018,2018-07-09,9655,2018-06-29,2121,019234,NA,5,2,9,3300,0,3,5,NA,2,003,GIBBEL RD,POLLY BUTTE RD,60,E,N,A,-,N,NA,NA,NA,NA,NA,NA,NA,NA,NA,N,4,0,2,1,A,-,01,23152,A,N,E,I,A,A,H,-,D,D,0,NA,NA,Y,NA,Y,Y,C,06,0,0,2,0,0,0,0,0,2,-,-,33.697391510009766,-116.94061279296876,RIVERSIDE,UNINCORPORATED,-116.94190979003906,33.69541549682617
90767248,2018,2018-07-11,9655,2018-07-06,2110,018677,NA,5,2,9,3300,0,1,1,NA,2,206,I-10 W/B,MAIN ST,5280,E,N,A,-,Y,NA,NA,10,NA,NA,NA,NA,NA,W,Y,4,0,1,2,A,-,08,22107,NA,N,C,C,A,A,H,-,D,D,0,NA,NA,NA,NA,Y,NA,A,01,0,0,1,0,0,0,0,0,0,-,-,33.92094039916992,-116.75733947753906,RIVERSIDE,UNINCORPORATED,-116.75733947753906,33.92094802856445
90767309,2018,2018-07-11,9840,2018-06-26,0850,015789,NA,2,1,4,3310,0,1,1,NA,2,011,I-15 S/B,SIXTH ST,1056,N,N,A,-,Y,NA,NA,15,NA,NA,NA,NA,NA,S,Y,4,0,1,3,A,-,03,22350,NA,N,C,C,A,A,H,-,A,D,0,NA,NA,NA,NA,Y,NA,A,01,0,0,1,0,0,0,0,0,0,-,-,33.94218826293945,-117.55571746826172,RIVERSIDE,NORCO,-117.55574035644533,33.94219207763672
90767607,2018,2018-07-12,9840,2018-07-08,1556,019893,NA,7,2,6,3315,0,1,3,NA,2,030,SR-91 W/B,GREEN RIVER ROAD,1520,E,N,A,-,Y,NA,NA,91,NA,NA,NA,NA,NA,W,Y,4,0,1,2,A,-,08,22107,NA,N,B,C,A,A,H,-,A,D,0,NA,NA,NA,NA,Y,NA,A,01,0,0,1,0,0,0,0,0,0,-,-,33.88079833984375,-117.65248107910156,RIVERSIDE,CORONA,-117.65248107910156,33.88080978393555
90768246,2018,2018-07-12,9630,2018-07-05,1215,018451,NA,4,1,9,3300,0,2,S,NA,2,404,BOB HOPE DR.,I-10 W/B TO BOB HOPE DR.,0,NA,Y,A,-,N,NA,NA,NA,NA,NA,NA,NA,NA,NA,Y,3,0,1,2,A,-,12,21453,A,N,D,C,A,A,H,-,A,D,0,NA,NA,NA,NA,Y,NA,A,07,0,1,0,0,0,0,0,0,0,-,-,33.820960998535156,-116.40814208984376,RIVERSIDE,UNINCORPORATED,-116.408172,33.820925
90768625,2018,2018-07-13,9630,2018-07-10,1438,020445,NA,2,2,9,3300,0,1,1,NA,2,020,I-10 E/B TO MONTEREY AVENUE,MONTERY AVENUE,30,W,N,A,-,Y,NA,NA,10,NA,NA,NA,R,NA,E,N,4,0,1,2,A,-,03,22350,NA,N,C,C,A,A,H,-,A,A,0,NA,NA,NA,NA,Y,NA,A,01,0,0,1,0,0,0,0,0,0,-,-,33.80596160888672,-116.38844299316406,RIVERSIDE,UNINCORPORATED,-116.38844299316406,33.80596160888672
90769081,2018,2018-07-16,9660,2018-07-10,1446,021189,NA,2,2,9,3300,0,3,5,NA,2,003,BLACK ROCK ROAD,MESA DRIVE,4224,W,N,A,-,N,NA,NA,NA,NA,NA,NA,NA,NA,NA,Y,3,0,1,1,A,-,08,22107,NA,F,E,I,A,A,H,-,A,D,0,NA,NA,NA,NA,Y,Y,A,01,0,1,0,0,0,0,0,0,0,-,-,33.31003952026367,-114.73980712890624,RIVERSIDE,UNINCORPORATED,-114.75530242919922,33.609466552734375
90772307,2018,2018-07-19,9840,2018-07-10,2245,019527,NA,2,3,9,3300,0,1,3,NA,2,025,RECHE VISTA DR,RECHE CANYON RD,4220,S,N,A,-,Y,NA,NA,NA,NA,NA,NA,NA,NA,NA,Y,4,0,1,3,A,-,05,21460,A,N,A,C,A,A,H,-,D,D,0,NA,NA,NA,NA,Y,NA,A,01,0,0,1,0,0,0,0,0,0,-,-,33.98799133300781,-117.23245239257813,RIVERSIDE,UNINCORPORATED,-117.23231506347656,33.988094329833984
90772821,2018,2018-07-19,9840,2018-07-11,1703,017504,NA,3,2,9,3300,0,3,5,NA,2,002,RECHE CANYON RD,WOODSON ST.,2112,N,N,B,-,N,NA,NA,NA,NA,NA,NA,NA,NA,NA,N,4,0,1,2,A,-,03,22350,NA,N,C,C,A,A,H,-,A,D,0,NA,NA,NA,NA,Y,NA,D,22,0,0,1,0,0,0,0,0,0,-,-,34.005409240722656,-117.24803924560548,RIVERSIDE,UNINCORPORATED,-117.24842834472656,34.005496978759766
9078042,2020,2020-10-09,3308,2020-03-05,0628,10597,513,4,5,5,3308,0,0,0,NA,0,SOUTH,FLORIDA AV,WARREN RD,0,NA,Y,A,-,Y,RIV,8,74,-,-,36.928,I,5,E,Y,4,0,1,2,A,-,12,21453,A,N,D,C,A,A,H,-,A,A,0,NA,NA,NA,NA,Y,NA,A,07,0,0,1,0,0,0,0,0,0,-,-,33.74216842651367,-117.02937316894533,RIVERSIDE,HEMET,-117.03281402587892,33.743831634521484
90782039,2018,2018-08-01,9840,2018-07-27,1618,021194,NA,5,2,7,3313,0,1,3,NA,2,021,SR-91 W/B,ARLINGTON AVE,200,W,N,A,-,Y,NA,NA,91,NA,NA,NA,NA,NA,W,N,4,0,1,2,A,-,03,22350,NA,N,C,C,A,A,H,-,A,D,0,NA,NA,NA,NA,Y,NA,A,01,0,0,1,0,0,0,0,0,0,-,-,33.946048736572266,-117.3891830444336,RIVERSIDE,RIVERSIDE,-117.3892059326172,33.94609069824219
9078569,2019,2020-09-11,3308,2019-11-07,1956,10620,507,4,5,5,3308,0,0,0,NA,0,NORTH,SAN JACINTO ST,OAKLAND AV,75,N,N,A,-,Y,RIV,8,79,-,-,26.14,H,-,S,N,3,0,1,2,A,-,11,21954,A,F,G,B,D,A,H,-,C,D,0,Y,NA,NA,NA,Y,NA,N,60,0,1,0,0,1,0,0,0,0,-,-,33.7547492980957,-116.95877075195313,RIVERSIDE,HEMET,-116.95870208740234,33.754722595214844
90785859,2018,2018-08-07,9655,2018-07-18,1555,021008,NA,3,2,9,3300,0,3,5,NA,2,003,STATE STREET,SOBOBA ROAD,460,S,N,A,-,N,NA,NA,NA,NA,NA,NA,NA,NA,NA,Y,3,0,2,3,A,-,05,21460,A,N,B,C,A,A,H,-,A,D,0,NA,NA,NA,Y,Y,NA,D,22,0,1,1,0,0,0,0,0,0,-,-,33.82115173339844,-116.9741668701172,RIVERSIDE,UNINCORPORATED,-116.97445678710938,33.82201385498047
90786927,2018,2018-08-08,9630,2018-07-31,2032,019843,NA,2,2,4,3309,0,1,1,NA,2,021,I-10 E/B,JEFFERSON ST,4224,W,N,A,-,Y,NA,NA,10,NA,NA,NA,NA,NA,E,Y,3,0,1,1,A,-,08,22107,NA,N,E,I,A,A,H,-,D,A,0,NA,NA,NA,NA,Y,NA,A,08,0,1,0,0,0,0,0,0,0,-,-,33.753318786621094,-116.28177642822266,RIVERSIDE,INDIO,-116.28176879882813,33.753353118896484
90787109,2018,2018-08-08,9630,2018-08-01,1520,016635,NA,3,2,9,3300,0,3,5,NA,2,001,CAMINO AVENTURA,AVENIDA MONTEFLORA,0,NA,Y,A,-,N,NA,NA,NA,NA,NA,NA,NA,NA,NA,Y,2,0,1,2,A,-,08,22103,NA,N,D,C,A,A,H,-,A,A,0,NA,NA,NA,NA,Y,NA,A,01,1,0,0,0,0,0,0,0,0,-,-,33.55556869506836,-116.29322814941406,RIVERSIDE,UNINCORPORATED,-116.49236297607422,33.932159423828125
90791548,2018,2018-08-15,9655,2018-08-06,1501,020695,NA,1,2,9,3300,0,1,3,NA,2,212,SR-60 E/B,JACK RABBIT TRL,9662,W,N,A,-,Y,NA,NA,60,NA,NA,NA,NA,NA,E,Y,3,0,2,2,A,-,17,22109,NA,F,H,I,A,A,H,-,A,D,0,NA,NA,NA,NA,Y,NA,-,99,0,2,0,0,0,0,0,0,0,-,-,33.94702911376953,-117.06076049804688,RIVERSIDE,UNINCORPORATED,-117.06075286865234,33.947059631347656
90791629,2018,2018-08-16,9840,2018-08-10,1500,015802,NA,5,2,4,3344,0,1,1,NA,2,011,I-15 S/B,LIMONITE AVE,2222,S,N,A,-,Y,NA,NA,15,NA,NA,NA,NA,NA,S,Y,3,0,1,3,A,-,01,23152,A,N,B,C,A,A,H,-,A,D,0,NA,NA,Y,Y,Y,Y,C,02,0,1,0,0,0,0,0,0,1,-,-,33.968589782714844,-117.5491180419922,RIVERSIDE,EASTVALE,-117.5490493774414,33.968589782714844
90791644,2018,2018-08-16,9840,2018-08-04,2227,021218,NA,6,3,9,3300,0,3,5,NA,2,002,CENTER ST.,HIGHLAND AVE,8,W,N,A,-,N,NA,NA,NA,NA,NA,NA,NA,NA,NA,N,4,0,1,2,A,-,10,21950,A,N,G,B,B,A,H,-,D,D,0,Y,NA,NA,NA,Y,Y,A,01,0,0,1,0,1,0,0,0,0,-,-,34.01572036743164,-117.33563232421876,RIVERSIDE,UNINCORPORATED,-117.33563995361328,34.01573181152344
90792831,2018,2018-08-17,9840,2018-08-14,0615,014868,NA,2,1,6,3345,0,1,3,NA,2,010,SR-60 W/B,VALLEY WAY,2112,E,N,A,-,Y,NA,NA,60,NA,NA,NA,NA,NA,W,Y,4,0,2,3,A,-,03,22350,NA,N,C,C,A,A,H,-,A,D,0,NA,NA,NA,NA,Y,NA,A,01,0,0,2,0,0,0,0,0,0,-,-,34.00917053222656,-117.42491149902344,RIVERSIDE,JURUPA VALLEY,-117.4249267578125,34.00912857055664
90795149,2018,2018-08-21,9840,2018-08-11,2210,019890,NA,6,3,4,3310,0,1,1,NA,2,011,I-15 N/B TO SIXTH ST,SIXTH ST,60,S,N,A,-,Y,NA,NA,15,NA,NA,NA,R,NA,N,Y,4,0,1,2,A,-,01,23152,A,N,C,C,A,A,H,-,D,D,0,NA,NA,NA,NA,Y,Y,A,07,0,0,1,0,0,0,0,0,0,-,-,33.93769073486328,-117.55516815185548,RIVERSIDE,NORCO,-117.55516815185548,33.93769073486328
90795686,2018,2018-08-22,9840,2018-08-17,1210,019361,NA,5,1,7,3313,0,1,3,NA,2,025,SR-60 W/B,DAY STREET,528,W,N,A,-,Y,NA,NA,60,NA,NA,NA,NA,NA,W,N,4,0,1,2,A,-,03,22350,NA,N,C,C,A,A,H,-,A,D,0,NA,NA,NA,NA,Y,NA,D,22,0,0,1,0,0,0,0,0,0,-,-,33.94334030151367,-117.28289031982422,RIVERSIDE,RIVERSIDE,-117.28288269042967,33.943389892578125
90796185,2018,2018-08-22,9685,2018-08-11,1200,016936,NA,6,1,4,3342,0,1,1,NA,2,034,I-215 S/B,LINNEL LN,300,N,N,A,-,Y,NA,NA,215,NA,NA,NA,NA,NA,S,N,3,0,2,2,A,-,03,22350,NA,N,C,C,A,A,H,-,A,D,0,NA,NA,NA,NA,Y,NA,A,08,0,2,0,0,0,0,0,0,0,-,-,33.60602951049805,-117.17153930664063,RIVERSIDE,MURRIETA,-117.17160034179688,33.60603332519531
90797396,2018,2018-08-24,9840,2018-08-17,1922,021198,NA,5,2,7,3313,0,2,4,NA,2,042,VAN BUREN BLVD,MOCKINGBIRD CANYON RD,60,W,N,A,-,N,NA,NA,NA,NA,NA,NA,NA,NA,NA,N,4,0,1,2,A,-,03,22350,NA,N,C,C,A,A,H,-,A,A,0,NA,NA,NA,NA,Y,NA,A,07,0,0,1,0,0,0,0,0,0,-,-,33.8842887878418,-117.40534973144533,RIVERSIDE,RIVERSIDE,-117.40517425537108,33.88417434692383
90798313,2018,2018-08-27,9840,2018-08-15,1520,019893,NA,3,2,9,3300,0,3,5,NA,2,003,CHINABERRY STREET,TESOTA LOOP STREET,13,E,N,A,-,N,NA,NA,NA,NA,NA,NA,NA,NA,NA,N,3,0,1,2,A,-,05,21650,NA,F,D,G,A,A,H,-,A,A,0,NA,Y,NA,NA,Y,NA,L,04,0,1,0,0,0,0,1,0,0,-,-,33.75320816040039,-117.46099090576172,RIVERSIDE,UNINCORPORATED,-117.46099090576172,33.75320816040039
90799198,2018,2018-08-27,9840,2018-08-20,1035,019219,NA,1,1,7,3313,0,1,3,NA,2,010,SR-60 E/B,ORANGE STREET,528,E,N,A,-,Y,NA,NA,60,NA,NA,NA,NA,NA,E,Y,4,0,1,3,A,-,03,22350,NA,N,C,C,A,A,H,-,A,D,0,NA,NA,NA,NA,Y,NA,A,01,0,0,1,0,0,0,0,0,0,-,-,33.995208740234375,-117.36147308349608,RIVERSIDE,RIVERSIDE,-117.36153411865234,33.99506759643555
90808417,2018,2018-09-10,9630,2018-08-31,2155,021908,NA,5,2,9,3300,0,1,1,NA,2,302,I-10 W/B,RED CLOUD RD,10560,W,N,A,-,Y,NA,NA,10,NA,NA,NA,NA,NA,W,Y,3,0,1,1,A,-,08,22107,NA,N,F,A,A,A,H,-,D,D,0,NA,NA,NA,NA,Y,NA,D,22,0,1,0,0,0,0,0,0,0,-,-,33.67301940917969,-115.5869598388672,RIVERSIDE,UNINCORPORATED,-115.58699035644533,33.67337417602539
90809137,2018,2018-09-10,9840,2018-08-27,0635,017802,NA,1,1,6,3394,0,1,3,NA,2,025,SR-60 W/B,FREDERICK ST.,850,W,N,A,-,Y,NA,NA,60,NA,NA,NA,NA,NA,W,Y,3,0,1,3,A,-,07,21658,A,N,B,C,A,A,H,-,A,D,0,NA,NA,Y,NA,Y,NA,A,01,0,1,0,0,0,0,0,0,1,-,-,33.940940856933594,-117.26605987548828,RIVERSIDE,MORENO VALLEY,-117.26605987548828,33.94086456298828
9081081,2020,2020-07-14,3300,2020-03-06,1845,3343,002M,5,5,6,3345,0,0,0,NA,0,022,BELLEGRAVE AV,WINEVILLE AV,360,W,N,A,-,N,NA,NA,NA,NA,NA,NA,NA,NA,NA,NA,4,0,1,2,A,-,21,22106,NA,N,B,C,A,A,H,-,D,D,0,NA,NA,NA,NA,Y,NA,A,01,0,0,1,0,0,0,0,0,0,-,-,NA,NA,RIVERSIDE,JURUPA VALLEY,-117.5425262451172,33.99347686767578
90811151,2018,2018-10-08,9685,2018-08-31,1630,013376,NA,5,2,5,3335,0,1,1,NA,2,030,I-15 SOUTHBOUND,RANCHO CALIFORNIA ROAD,1818,N,N,A,-,Y,NA,NA,NA,NA,NA,NA,NA,NA,NA,Y,2,0,2,2,A,-,01,23152,A,F,C,C,A,A,H,-,A,D,0,NA,NA,NA,NA,Y,Y,D,22,1,0,1,0,0,0,0,0,0,-,-,33.301971435546875,-117.09139251708984,RIVERSIDE,TEMECULA,-117.15370178222656,33.505340576171875
90814455,2018,2018-09-17,9840,2018-08-30,1723,021096,NA,4,2,7,3313,0,1,1,NA,2,024,I-215 S/B,EASTRIDGE AVE,1056,S,N,A,-,Y,NA,NA,215,NA,NA,NA,NA,NA,S,Y,4,0,1,4,A,-,03,22350,NA,N,C,C,A,A,H,-,A,D,0,NA,NA,NA,NA,Y,NA,E,22,0,0,1,0,0,0,0,0,0,-,-,33.93450164794922,-117.28970336914063,RIVERSIDE,RIVERSIDE,-117.2900161743164,33.934383392333984
90815995,2018,2018-09-18,9685,2018-09-14,1923,015957,NA,5,2,5,3335,0,1,1,NA,2,030,I-15 N/B,WINCHESTER RD,2600,S,N,A,-,Y,NA,NA,15,NA,NA,NA,NA,NA,N,Y,4,0,1,3,A,-,03,22350,NA,N,B,C,A,A,H,-,C,D,0,NA,NA,Y,NA,Y,NA,C,02,0,0,1,0,0,0,0,0,1,-,-,33.511959075927734,-117.15625762939452,RIVERSIDE,TEMECULA,-117.15626525878906,33.511959075927734
90816319,2018,2018-10-11,9685,2018-08-15,1530,016381,NA,3,2,5,3341,0,1,1,NA,2,020,I-215 NORTHBOUND,NEWPORT RD,400,S,N,A,-,Y,NA,NA,215,NA,NA,NA,NA,NA,N,Y,3,0,1,2,A,-,03,22350,NA,N,C,C,A,A,H,-,A,D,0,NA,NA,NA,NA,Y,NA,A,01,0,1,0,0,0,0,0,0,0,-,-,33.68119812011719,-117.17060089111328,RIVERSIDE,MENIFEE,-117.17075347900392,33.68119812011719
90816457,2018,2018-09-19,9685,2018-09-18,0712,016838,NA,2,1,9,3300,0,3,5,NA,2,003,LEON ROAD,BRUSSELS STREET,0,NA,Y,A,-,N,NA,NA,NA,NA,NA,NA,NA,NA,NA,Y,4,0,1,2,A,-,09,21801,A,N,D,C,A,A,H,-,A,D,0,NA,NA,NA,NA,Y,NA,A,01,0,0,1,0,0,0,0,0,0,-,-,33.59394073486328,-117.11756134033205,RIVERSIDE,UNINCORPORATED,-117.117431640625,33.59407043457031
90818928,2018,2018-10-31,9630,2018-06-30,0622,021928,NA,6,1,9,3300,0,1,1,NA,2,302,INTERSTATE-10 EASTBOUND,EAGLE MOUNTAIN RD,6864,W,N,A,-,Y,NA,NA,10,NA,NA,NA,NA,NA,E,Y,1,1,0,3,A,-,08,22107,NA,N,B,E,E,A,H,-,B,D,0,Y,NA,NA,Y,Y,NA,G,26,0,0,0,1,0,0,0,0,0,-,-,33.69704055786133,-115.47608947753906,RIVERSIDE,UNINCORPORATED,-115.47610473632813,33.69711685180664
90818939,2018,2018-09-21,9630,2018-09-12,0450,021652,NA,3,3,9,3300,0,1,1,NA,2,010,I-10 W/B,NORTH INDIAN CANYON DR,1056,W,N,A,-,Y,NA,NA,NA,NA,NA,NA,NA,NA,NA,Y,3,0,2,1,A,-,08,22107,NA,N,F,A,A,A,H,-,D,D,0,NA,NA,NA,NA,Y,NA,A,01,0,2,0,0,0,0,0,0,0,-,-,33.90530014038086,-116.55599975585938,RIVERSIDE,UNINCORPORATED,-116.54893493652344,33.90496826171875
9082395,2020,2020-06-19,3308,2020-03-03,1247,10765,526,2,5,5,3308,0,0,0,NA,0,SOUTH,STATE ST,ACACIA AV,232,S,N,A,-,N,NA,NA,NA,NA,NA,NA,NA,NA,NA,Y,4,0,1,2,A,-,08,22107,NA,N,C,E,A,A,H,-,A,D,0,NA,NA,NA,NA,Y,NA,A,08,0,0,1,0,0,0,0,0,0,-,-,37.438961029052734,-116.97157287597656,RIVERSIDE,HEMET,-116.9716339111328,33.743263244628906
90825294,2018,2018-10-01,9685,2018-09-17,2228,017399,NA,1,3,5,3335,0,1,1,NA,2,030,I-15 S/B FROM WINCHESTER ROAD,OVERLAND DRIVE,2112,N,N,A,-,Y,NA,NA,15,NA,NA,NA,R,NA,S,Y,3,0,2,4,A,-,03,22350,NA,N,B,C,E,A,H,-,D,D,0,Y,NA,NA,NA,Y,Y,A,01,0,2,0,0,2,0,0,0,0,-,-,33.52225112915039,-117.16314697265624,RIVERSIDE,TEMECULA,-117.16314697265624,33.52225112915039
90834498,2018,2018-10-12,9840,2018-10-01,1830,021047,NA,1,2,6,3315,0,1,1,NA,2,032,I-15 N/B,PARKRIDGE AVE. U/C,200,S,N,A,-,Y,NA,NA,15,NA,NA,NA,NA,NA,N,Y,4,0,1,3,A,-,03,22350,NA,N,C,C,A,A,H,-,D,D,0,NA,NA,NA,NA,Y,NA,A,01,0,0,1,0,0,0,0,0,0,-,-,33.88475036621094,-117.54882049560548,RIVERSIDE,CORONA,-117.54890441894533,33.884674072265625
90841798,2018,2018-10-22,9685,2018-10-12,0805,017285,NA,5,1,4,3342,0,1,1,NA,2,034,I-215 N/B,MURRIETA HOT SPRINGS ROAD,300,N,N,A,-,Y,NA,NA,215,NA,NA,NA,NA,NA,N,Y,4,0,2,2,A,-,03,22350,NA,N,C,C,A,A,H,-,A,D,0,NA,NA,NA,Y,Y,NA,D,22,0,0,2,0,0,0,0,0,0,-,-,33.55881118774414,-117.1807098388672,RIVERSIDE,MURRIETA,-117.18075561523438,33.558807373046875
90848588,2018,2018-10-30,9840,2018-10-20,1220,017893,NA,6,1,9,3300,0,1,1,NA,2,034,I-15 N/B,DOS LAGOS DR,4186,S,N,A,-,Y,NA,NA,15,NA,NA,NA,NA,NA,N,Y,3,0,1,3,A,-,03,22350,NA,N,C,C,A,A,H,-,A,D,0,NA,NA,NA,NA,Y,NA,D,22,0,1,0,0,0,0,0,0,0,-,-,33.796600341796875,-117.5011978149414,RIVERSIDE,UNINCORPORATED,-117.50107574462892,33.79668045043945
90849678,2018,2018-10-31,9840,2018-10-23,1513,018611,NA,2,2,6,3315,0,1,3,NA,2,031,SR-91 E/B,MAIN STREET,1360,W,N,A,-,Y,NA,NA,91,NA,NA,NA,NA,NA,E,Y,3,0,3,2,A,-,03,22350,NA,N,C,C,A,A,H,-,A,D,0,NA,NA,NA,NA,Y,NA,A,01,0,1,2,0,0,0,0,0,0,-,-,33.88032913208008,-117.57038116455078,RIVERSIDE,CORONA,-117.57036590576172,33.8804817199707
90851979,2018,2018-11-02,9840,2018-10-27,1234,018248,NA,6,1,7,3313,0,1,3,NA,2,021,SR-91 E/B TO SPRUCE ST,SPRUCE ST,15,W,N,A,-,Y,NA,NA,91,NA,NA,NA,R,NA,E,N,4,0,1,2,A,-,21,22106,NA,N,C,C,A,A,H,-,A,A,0,NA,NA,NA,NA,Y,NA,A,08,0,0,1,0,0,0,0,0,0,-,-,33.99045181274414,-117.35854339599608,RIVERSIDE,RIVERSIDE,-117.35854339599608,33.99045181274414
90856642,2018,2018-12-20,9685,2018-11-07,0657,015295,NA,3,1,4,3342,0,1,1,NA,2,034,I-215 SOUTHBOUND TO I-15 SOUTHBOUND,WARM SPRINGS CREEK BRIDGE,2112,N,N,A,-,Y,NA,NA,215,NA,NA,NA,R,NA,S,Y,3,0,1,2,A,-,03,22350,NA,N,B,C,A,A,H,-,A,D,0,NA,NA,Y,NA,Y,NA,C,02,0,1,0,0,0,0,0,0,1,-,-,33.54140853881836,-117.17610931396484,RIVERSIDE,MURRIETA,-117.17610931396484,33.54140853881836