CASE_ID,ACCIDENT_YEAR,PROC_DATE,JURIS,COLLISION_DATE,COLLISION_TIME,OFFICER_ID,REPORTING_DISTRICT,DAY_OF_WEEK,CHP_SHIFT,POPULATION,CNTY_CITY_LOC,SPECIAL_COND,BEAT_TYPE,CHP_BEAT_TYPE,CITY_DIVISION_LAPD,CHP_BEAT_CLASS,BEAT_NUMBER,PRIMARY_RD,SECONDARY_RD,DISTANCE,DIRECTION,INTERSECTION,WEATHER_1,WEATHER_2,STATE_HWY_IND,CALTRANS_COUNTY,CALTRANS_DISTRICT,STATE_ROUTE,ROUTE_SUFFIX,POSTMILE_PREFIX,POSTMILE,LOCATION_TYPE,RAMP_INTERSECTION,SIDE_OF_HWY,TOW_AWAY,COLLISION_SEVERITY,NUMBER_KILLED,NUMBER_INJURED,PARTY_COUNT,PRIMARY_COLL_FACTOR,PCF_CODE_OF_VIOL,PCF_VIOL_CATEGORY,PCF_VIOLATION,PCF_VIOL_SUBSECTION,HIT_AND_RUN,TYPE_OF_COLLISION,MVIW,PED_ACTION,ROAD_SURFACE,ROAD_COND_1,ROAD_COND_2,LIGHTING,CONTROL_DEVICE,CHP_ROAD_TYPE,PEDESTRIAN_ACCIDENT,BICYCLE_ACCIDENT,MOTORCYCLE_ACCIDENT,TRUCK_ACCIDENT,NOT_PRIVATE_PROPERTY,ALCOHOL_INVOLVED,STWD_VEHTYPE_AT_FAULT,CHP_VEHTYPE_AT_FAULT,COUNT_SEVERE_INJ,COUNT_VISIBLE_INJ,COUNT_COMPLAINT_PAIN,COUNT_PED_KILLED,COUNT_PED_INJURED,COUNT_BICYCLIST_KILLED,COUNT_BICYCLIST_INJURED,COUNT_MC_KILLED,COUNT_MC_INJURED,PRIMARY_RAMP,SECONDARY_RAMP,LATITUDE,LONGITUDE,COUNTY,CITY,POINT_X,POINT_Y
90857441,2018,2018-11-09,9655,2018-11-03,0714,014743,NA,6,1,9,3300,0,1,3,NA,2,213,SR-79 N/B,GILMAN SPRINGS ROAD,8448,N,N,A,-,Y,NA,NA,79,NA,NA,NA,NA,NA,N,Y,3,0,2,1,A,-,08,22107,NA,N,E,I,A,A,H,-,B,D,0,NA,NA,NA,NA,Y,NA,A,01,0,2,0,0,0,0,0,0,0,-,-,33.86756134033203,-117.00595092773438,RIVERSIDE,UNINCORPORATED,-117.00598907470705,33.86765670776367
90860013,2018,2018-11-14,9840,2018-11-02,0600,013500,NA,5,1,4,3344,0,1,3,NA,2,010,SR-60 E/B,HAMNER AVE.,300,E,N,A,-,Y,NA,NA,60,NA,NA,NA,NA,NA,E,Y,4,0,1,2,A,-,03,22350,NA,N,C,C,A,A,H,-,D,D,0,NA,NA,NA,NA,Y,NA,D,22,0,0,1,0,0,0,0,0,0,-,-,34.02370071411133,-117.55726623535156,RIVERSIDE,EASTVALE,-117.55729675292967,34.02360916137695
90860125,2018,2018-11-14,9840,2018-11-03,1444,019527,NA,6,2,7,3313,0,1,3,NA,2,021,SR-91 W/B,CENTRAL AVE,1100,E,N,A,-,Y,NA,NA,91,NA,NA,NA,NA,NA,W,Y,3,0,1,2,C,-,18,NA,NA,N,B,C,A,A,H,-,A,D,0,NA,NA,NA,NA,Y,NA,-,-,0,1,0,0,0,0,0,0,0,-,-,33.95539093017578,-117.38172912597656,RIVERSIDE,RIVERSIDE,-117.38174438476563,33.95541000366211
90860398,2018,2018-11-15,9630,2018-11-06,2500,021652,NA,2,4,9,3300,0,2,S,NA,2,404,VARNER RD,BOB HOPE DR,8976,W,N,A,-,N,NA,NA,NA,NA,NA,NA,NA,NA,NA,Y,2,0,1,1,A,-,08,22107,NA,N,F,A,A,A,H,-,D,D,0,NA,NA,NA,NA,Y,NA,A,01,1,0,0,0,0,0,0,0,0,-,-,33.83539962768555,-116.42250061035156,RIVERSIDE,UNINCORPORATED,-116.42813110351563,33.83928298950195
90864758,2018,2018-11-21,9840,2018-11-20,0840,013500,NA,2,1,6,3345,0,1,1,NA,2,011,I-15 N/B,LIMONITE AVE.,1500,S,N,A,-,Y,NA,NA,NA,NA,NA,NA,NA,NA,NA,Y,4,0,2,3,A,-,03,22350,NA,N,C,C,A,A,D,-,A,D,0,NA,NA,NA,NA,Y,NA,D,22,0,0,2,0,0,0,0,0,0,-,-,33.971370697021484,-117.51873779296876,RIVERSIDE,JURUPA VALLEY,-117.54869079589844,33.97113037109375
90865448,2018,2018-11-22,9630,2018-11-15,1349,021570,NA,4,1,9,3300,0,2,S,NA,2,501,54TH AVE,CALHOUN ST,0,NA,Y,A,-,N,NA,NA,NA,NA,NA,NA,NA,NA,NA,Y,3,0,1,2,A,-,12,22450,A,N,D,C,A,A,H,-,A,A,0,NA,NA,NA,NA,Y,NA,A,01,0,1,0,0,0,0,0,0,0,-,-,33.65650177001953,-116.20790100097656,RIVERSIDE,UNINCORPORATED,-116.20794677734376,33.65657043457031
90866191,2018,2018-11-26,9840,2018-11-24,1822,020220,NA,6,2,9,3300,0,2,4,NA,2,045,CAJALCO EXPY,SEATON AVE,0,NA,Y,A,-,N,NA,NA,NA,NA,NA,NA,NA,NA,NA,Y,4,0,1,2,A,-,09,21801,A,N,A,C,A,A,H,-,C,A,0,NA,NA,NA,NA,Y,NA,A,01,0,0,1,0,0,0,0,0,0,-,-,33.837379455566406,-117.26158142089844,RIVERSIDE,UNINCORPORATED,-117.26158905029295,33.837371826171875
90866402,2018,2018-11-26,9655,2018-11-18,1615,021017,NA,7,2,9,3300,0,1,1,NA,2,204,I-10 W/B,MORONGO TRAIL,3168,W,N,A,-,Y,NA,NA,10,NA,NA,NA,NA,NA,W,Y,3,0,1,1,A,-,03,22350,NA,N,F,I,A,A,H,-,A,D,0,NA,NA,Y,NA,Y,NA,C,02,0,1,0,0,0,0,0,0,1,-,-,33.92776870727539,-116.81622314453124,RIVERSIDE,UNINCORPORATED,-116.81609344482422,33.92793273925781
90868221,2018,2018-11-27,9630,2018-11-25,1442,021604,NA,7,2,3,3306,0,1,1,NA,2,010,I-10 W/B,N. INDIAN CANYON ROAD,7392,E,N,A,-,Y,NA,NA,NA,NA,NA,NA,NA,NA,NA,Y,3,0,1,2,A,-,07,21658,A,N,B,C,A,A,H,-,A,D,0,NA,NA,Y,NA,Y,NA,A,01,0,1,0,0,0,0,0,0,1,-,-,33.89590835571289,-115.52311706542967,RIVERSIDE,DESERT HOT SPRINGS,-116.52362823486328,33.8963623046875
90873458,2018,2018-12-03,9685,2018-11-19,1408,015050,NA,1,2,9,3300,0,1,3,NA,1,012,SR-74,MEADOWBROOK AVE.,20,E,N,A,-,Y,NA,NA,74,NA,NA,NA,NA,NA,NA,Y,4,0,1,2,A,-,03,22350,NA,N,C,C,A,A,H,-,A,A,0,NA,NA,NA,NA,Y,NA,A,08,0,0,1,0,0,0,0,0,0,-,-,33.725101470947266,-117.29271697998048,RIVERSIDE,UNINCORPORATED,-117.29278564453124,33.725128173828125
9087610,2020,2020-10-09,3308,2020-03-01,1608,10702,517,7,5,5,3308,0,0,0,NA,0,SOUTH,SANTA FE ST,FLORIDA AV,64,S,N,B,-,Y,RIV,8,74,-,-,41.089,I,6,E,Y,4,0,1,3,A,-,03,22350,NA,N,C,C,A,A,H,-,A,A,0,NA,NA,NA,NA,Y,NA,A,01,0,0,1,0,0,0,0,0,0,-,-,33.74755859375,-116.96305084228516,RIVERSIDE,HEMET,-116.96297454833984,33.74754333496094
9087614,2020,2020-10-13,3308,2020-03-31,1917,10620,516,2,5,5,3308,0,0,0,NA,0,SOUTH,STATE ST,FLORIDA AV,0,NA,Y,A,-,Y,RIV,8,74,-,-,40.588,I,5,E,Y,4,0,1,2,A,-,09,21801,A,N,A,C,A,A,H,-,A,A,0,NA,NA,NA,NA,Y,NA,A,01,0,0,1,0,0,0,0,0,0,-,-,33.74760055541992,-116.9717025756836,RIVERSIDE,HEMET,-116.97169494628906,33.747493743896484
9087647,2020,2020-09-18,3308,2020-01-17,1829,10686,528,5,5,5,3308,0,0,0,NA,0,SOUTH,FLORIDA AV,YALE ST,0,NA,Y,A,-,Y,RIV,8,74,-,-,41.84,I,5,W,Y,4,0,1,2,A,-,09,21453,C,F,B,C,A,A,H,-,C,A,0,NA,NA,NA,NA,Y,NA,A,01,0,0,1,0,0,0,0,0,0,-,-,33.747581481933594,-116.9498291015625,RIVERSIDE,HEMET,-116.94991302490234,33.747650146484375
90878054,2018,2018-12-07,9840,2018-11-30,1648,019719,NA,5,2,7,3313,0,1,3,NA,2,010,SR-60 W/B,MAIN ST,496,W,N,A,-,Y,NA,NA,60,NA,NA,NA,NA,NA,W,Y,4,0,1,2,A,-,03,22350,NA,N,C,C,A,A,H,-,A,D,0,NA,NA,NA,NA,Y,NA,A,01,0,0,1,0,0,0,0,0,0,-,-,33.997108459472656,-117.36611938476563,RIVERSIDE,RIVERSIDE,-117.36611175537108,33.997127532958984
90880614,2018,2018-12-11,9685,2018-11-22,1508,016381,NA,4,2,9,3300,0,1,3,NA,1,031,WINCHESTER RD,THOMPSON RD,80,S,N,A,-,N,NA,NA,79,NA,NA,NA,NA,NA,NA,Y,4,0,2,2,A,-,03,22350,NA,N,C,C,A,A,H,-,A,A,0,NA,NA,NA,NA,Y,NA,A,01,0,0,2,0,0,0,0,0,0,-,-,33.597599029541016,-117.1186981201172,RIVERSIDE,UNINCORPORATED,-117.11879730224608,33.59768295288086
90883176,2018,2018-12-14,9655,2018-12-07,1800,018677,NA,5,2,9,3300,0,3,5,NA,2,002,MORONGO TRAIL,SEMINOLE DR,200,N,N,A,-,N,NA,NA,NA,NA,NA,NA,NA,NA,NA,Y,4,0,1,2,A,-,09,21804,A,N,D,C,A,A,H,-,C,D,0,NA,NA,NA,NA,Y,NA,A,08,0,0,1,0,0,0,0,0,0,-,-,33.922760009765625,-116.805419921875,RIVERSIDE,UNINCORPORATED,NA,NA
90884431,2018,2018-12-17,9630,2018-12-08,2220,020645,NA,6,3,4,3325,0,1,1,NA,2,020,I-10 E/B,DATE PALM DR,3168,E,N,A,-,Y,NA,NA,10,NA,NA,NA,NA,NA,E,Y,4,0,1,1,A,-,01,23152,A,N,D,I,A,A,H,-,D,D,0,NA,NA,NA,NA,Y,Y,A,01,0,0,1,0,0,0,0,0,0,-,-,33.84428024291992,-116.4503173828125,RIVERSIDE,CATHEDRAL CITY,-116.45025634765624,33.844390869140625
90884720,2018,2018-12-17,9840,2018-12-08,1207,017802,NA,6,1,6,3394,0,1,3,NA,2,025,SR-60 E/B,THEODORE ST.,1500,W,N,A,-,Y,NA,NA,60,NA,NA,NA,NA,NA,E,Y,4,0,1,2,A,-,07,21658,A,N,B,C,A,A,H,-,A,D,0,NA,NA,Y,NA,Y,NA,A,01,0,0,1,0,0,0,0,0,1,-,-,33.9392204284668,-117.14582061767578,RIVERSIDE,MORENO VALLEY,-117.14582061767578,33.9391975402832
9088480,2020,2020-05-09,3308,2020-01-12,0943,10686,516,7,5,5,3308,0,0,0,NA,0,NORTH,GILBERT ST,DEVONSHIRE AV,0,NA,Y,A,-,N,NA,NA,NA,NA,NA,NA,NA,NA,NA,Y,4,0,1,2,A,-,09,21802,A,N,D,C,A,A,H,-,A,A,0,NA,NA,NA,NA,Y,NA,D,22,0,0,1,0,0,0,0,0,0,-,-,33.751129150390625,-116.97608947753906,RIVERSIDE,HEMET,-116.97604370117188,33.751129150390625
90887431,2018,2018-12-20,9840,2018-12-07,1827,020455,NA,5,2,6,3315,0,1,1,NA,2,034,I-15 S/B,MAGNOLIA AVE,3100,S,N,A,-,Y,NA,NA,15,NA,NA,NA,NA,NA,S,N,3,0,1,3,A,-,07,21658,A,F,B,C,A,A,H,-,C,D,0,NA,NA,Y,NA,Y,NA,A,01,0,1,0,0,0,0,0,0,1,-,-,33.85844039916992,-117.53630065917967,RIVERSIDE,CORONA,-117.53627014160156,33.85845184326172
9088782,2020,2020-06-18,3308,2020-03-14,1805,10686,517,6,5,5,3308,0,0,0,NA,0,SOUTH,SAN JACINTO ST,MORTON PL,101,N,N,B,-,N,NA,NA,NA,NA,NA,NA,NA,NA,NA,Y,4,0,1,2,A,-,08,22107,NA,N,D,C,A,A,H,-,A,D,0,NA,NA,NA,NA,Y,NA,A,01,0,0,1,0,0,0,0,0,0,-,-,33.746620178222656,-116.95854949951172,RIVERSIDE,HEMET,-116.95864105224608,33.74697494506836
90889259,2018,2018-12-24,9840,2018-12-11,0422,020102,NA,2,3,9,3300,0,2,4,NA,2,045,CAJALCO RD,GUSTIN LN,1685,E,N,A,-,N,NA,NA,NA,NA,NA,NA,NA,NA,NA,Y,3,0,2,3,A,-,05,21460,A,N,A,C,A,A,H,-,D,D,0,NA,NA,NA,NA,Y,NA,A,01,0,2,0,0,0,0,0,0,0,-,-,33.836181640625,-117.34715270996094,RIVERSIDE,UNINCORPORATED,-117.34378814697266,33.83620071411133
90890872,2018,2018-12-27,9840,2018-12-16,1453,020945,NA,7,2,9,3300,0,3,5,NA,2,003,PINECONE ST. (11000 BLOCK),SOAPBERRY ST.,30,S,N,A,-,N,NA,NA,NA,NA,NA,NA,NA,NA,NA,N,2,0,1,1,A,-,08,22107,NA,N,F,A,A,A,H,-,A,D,0,NA,NA,NA,NA,Y,NA,M,94,1,0,0,0,0,0,0,0,0,-,-,33.756019592285156,-117.46280670166016,RIVERSIDE,UNINCORPORATED,-117.46280670166016,33.75600814819336
90894995,2018,2018-12-31,9685,2018-12-11,1500,015360,NA,2,2,9,3300,0,3,5,NA,2,003,SKY CANYON DR.,WINCHESTER RD.,800,E,N,A,-,N,NA,NA,NA,NA,NA,NA,NA,NA,NA,Y,2,0,1,1,A,-,08,22107,NA,N,E,I,A,A,A,-,A,D,0,NA,NA,NA,NA,Y,NA,A,07,1,0,0,0,0,0,0,0,0,-,-,33.56752014160156,-117.1335678100586,RIVERSIDE,UNINCORPORATED,-117.134162,33.567905
90897317,2019,2019-01-03,9840,2019-01-02,2325,016358,NA,3,3,9,3300,0,3,5,NA,2,004,WASHINGTON ST,NANDINA AVE,0,NA,Y,A,-,N,NA,NA,NA,NA,NA,NA,NA,NA,NA,Y,4,0,2,2,A,-,01,23152,A,N,A,C,A,A,H,-,C,A,0,NA,NA,NA,NA,Y,Y,A,01,0,0,2,0,0,0,0,0,0,-,-,33.865509033203125,-117.36614227294922,RIVERSIDE,UNINCORPORATED,-117.36627197265624,33.865291595458984
90899341,2018,2019-01-07,9840,2018-12-28,1020,015705,NA,5,1,7,3313,0,1,3,NA,2,021,SR-91 W/B,JEFFERSON ST,300,E,N,A,-,Y,NA,NA,91,NA,NA,NA,NA,NA,W,Y,2,0,1,1,A,-,08,22107,NA,N,F,A,A,A,H,-,A,D,0,NA,NA,Y,NA,Y,NA,C,02,1,0,0,0,0,0,0,0,1,-,-,33.93244934082031,-117.41111755371094,RIVERSIDE,RIVERSIDE,-117.41112518310548,33.932456970214844
90902101,2019,2019-01-10,9840,2019-01-02,1606,018611,NA,3,2,6,3315,0,1,1,NA,2,034,I-15 S/B,ONTARIO AVENUE,2920,N,N,A,-,Y,NA,NA,15,NA,NA,NA,NA,NA,S,Y,4,0,1,2,A,-,03,22350,NA,N,C,C,A,A,H,-,A,D,0,NA,NA,NA,NA,Y,NA,A,01,0,0,1,0,0,0,0,0,0,-,-,33.852149963378906,-117.53507995605467,RIVERSIDE,CORONA,-117.53510284423828,33.85214614868164
90910244,2019,2019-01-23,9685,2019-01-17,1335,016838,NA,4,1,4,3307,0,1,1,NA,2,010,I-15 NORTHBOUND,RAILROAD CANYON ROAD,550,N,N,B,C,Y,NA,NA,15,NA,NA,NA,NA,NA,N,Y,4,0,2,2,A,-,03,22350,NA,N,C,C,A,B,H,-,A,D,0,NA,NA,NA,NA,Y,NA,A,01,0,0,2,0,0,0,0,0,0,-,-,33.66421890258789,-117.30045318603516,RIVERSIDE,LAKE ELSINORE,-117.30048370361328,33.6641731262207
9091174,2020,2020-07-06,3325,2020-02-06,2500,544,NA,4,5,4,3325,0,0,0,NA,0,NA,LANDAU BL,30TH AV,0,NA,N,A,-,N,NA,NA,NA,NA,NA,NA,NA,NA,NA,Y,3,0,1,3,A,-,01,23152,NA,N,C,E,A,A,H,-,C,D,0,NA,NA,NA,Y,Y,Y,F,26,0,1,0,0,0,0,0,0,0,-,-,NA,NA,RIVERSIDE,CATHEDRAL CITY,-116.47560119628906,33.83045196533203
9091200,2020,2020-07-27,3313,2020-04-04,2000,1886,2,6,5,7,3313,0,0,0,NA,0,3R22,SEDGEWICK AV,PROSPECT AV,35,N,N,A,-,N,NA,NA,NA,NA,NA,NA,NA,NA,NA,NA,3,0,1,1,A,-,08,22107,NA,N,E,I,A,B,H,-,C,D,0,NA,NA,NA,NA,Y,NA,D,22,0,1,0,0,0,0,0,0,0,-,-,33.96725845336914,-117.36157989501952,RIVERSIDE,RIVERSIDE,-117.36158752441406,33.96734619140625
90916730,2019,2019-01-31,9840,2019-01-24,1548,020945,NA,4,2,9,3300,0,3,5,NA,2,003,ONTARIO AVE.,STATE STREET,0,NA,Y,A,-,N,NA,NA,NA,NA,NA,NA,NA,NA,NA,N,4,0,1,2,A,-,09,21802,A,N,D,C,A,A,H,-,A,D,0,NA,NA,NA,NA,Y,NA,D,22,0,0,1,0,0,0,0,0,0,-,-,33.841758728027344,-117.53227996826172,RIVERSIDE,UNINCORPORATED,-117.5322723388672,33.841739654541016
90926078,2018,2019-02-13,9840,2018-08-31,1927,021096,NA,5,2,6,3394,0,1,3,NA,2,025,SR-60 W/B,REDLANDS BLVD,12,E,N,A,-,Y,NA,NA,60,NA,NA,NA,NA,NA,W,Y,1,5,1,1,A,-,01,23152,A,N,E,I,A,A,H,-,B,D,0,NA,NA,NA,NA,Y,Y,A,01,0,1,0,0,0,0,0,0,0,-,-,33.939361572265625,-117.15666198730467,RIVERSIDE,MORENO VALLEY,-117.15666198730467,33.93940734863281
90928567,2019,2019-02-19,9840,2019-02-14,1800,014571,NA,4,2,9,3300,0,2,4,NA,2,045,CAJALCO RD.,ALEXANDER ST.,450,E,N,B,-,N,NA,NA,NA,NA,NA,NA,NA,NA,NA,Y,4,0,2,5,A,-,03,22350,NA,F,C,C,A,B,H,-,D,A,0,NA,NA,NA,NA,Y,NA,A,07,0,0,2,0,0,0,0,0,0,-,-,33.83700180053711,-117.30390167236328,RIVERSIDE,UNINCORPORATED,-117.30361938476563,33.83705520629883
90931880,2019,2019-02-22,9840,2019-02-19,0745,014916,NA,2,1,9,3300,0,1,1,NA,2,041,I-215 N/B,RAMONA EXPRESSWAY,1584,S,N,A,-,Y,NA,NA,215,NA,NA,NA,NA,NA,N,Y,4,0,1,3,A,-,03,22350,NA,N,C,C,A,A,H,-,A,D,0,NA,NA,NA,NA,Y,NA,A,01,0,0,1,0,0,0,0,0,0,-,-,33.839210510253906,-117.24935913085938,RIVERSIDE,UNINCORPORATED,-117.24932861328124,33.8392219543457
90935439,2019,2019-02-27,9840,2019-02-16,1030,017441,NA,6,1,4,3312,0,1,1,NA,2,041,I-215 N/B,NNUEVO RD.,1740,S,N,A,-,Y,NA,NA,215,NA,NA,NA,NA,NA,N,Y,4,0,3,2,A,-,03,22350,NA,N,C,C,A,A,H,-,A,D,0,NA,NA,NA,NA,Y,NA,A,01,0,0,3,0,0,0,0,0,0,-,-,33.79764938354492,-117.23150634765624,RIVERSIDE,PERRIS,-117.2314453125,33.797672271728516
9093799,2020,2020-08-03,3300,2020-04-17,1437,4546,910E,5,5,5,3335,0,0,0,NA,0,061,JEFFERSON AV,WINCHESTER RD,0,NA,Y,A,-,Y,NA,NA,NA,NA,NA,NA,NA,NA,NA,NA,4,0,1,2,A,-,09,21804,A,N,C,C,A,A,H,-,A,A,0,NA,NA,Y,NA,Y,NA,C,02,0,0,1,0,0,0,0,0,1,-,-,33.52096176147461,-117.6499481201172,RIVERSIDE,TEMECULA,-117.16507720947266,33.52090072631836
90940094,2019,2019-03-05,9840,2019-02-23,1745,021037,NA,6,2,6,3315,0,1,3,NA,2,031,SR-91 WESTBOUND,LINCOLN AVE,1800,E,N,A,-,Y,NA,NA,91,NA,NA,NA,NA,NA,W,N,3,0,1,1,C,-,18,NA,NA,N,H,A,A,A,H,-,D,D,0,NA,NA,Y,NA,Y,NA,-,-,0,1,0,0,0,0,0,0,1,-,-,33.88153839111328,-117.57608795166016,RIVERSIDE,CORONA,-117.5761260986328,33.88125228881836
90943790,2019,2019-03-11,9685,2019-03-02,1455,013376,NA,6,2,4,3342,0,1,1,NA,2,030,I-15 FROM W/B MURRIETA HOT SPRINGS ROAD,MURRIETA HOT SPRINGS ROAD,100,N,N,B,C,Y,NA,NA,15,NA,NA,NA,R,NA,NA,Y,4,0,1,1,A,-,08,22107,NA,N,E,I,A,B,H,-,A,D,0,NA,NA,NA,NA,Y,NA,D,22,0,0,1,0,0,0,0,0,0,-,-,33.55691909790039,-117.1952667236328,RIVERSIDE,MURRIETA,-117.1952667236328,33.55691909790039
90945149,2019,2019-03-13,9840,2019-03-07,1600,019242,NA,4,2,6,3315,0,1,3,NA,2,031,SR-91 E/B,MCKINLEY ST,200,E,N,A,-,Y,NA,NA,91,NA,NA,NA,NA,NA,E,Y,4,0,1,2,A,-,03,22350,NA,N,C,C,A,A,H,-,A,D,0,NA,NA,NA,NA,Y,NA,A,01,0,0,1,0,0,0,0,0,0,-,-,33.8911018371582,-117.50740051269533,RIVERSIDE,CORONA,-117.50741577148438,33.89113998413086
90945607,2019,2019-03-13,9655,2019-03-12,1405,018677,NA,2,2,9,3300,0,1,3,NA,2,217,SR-111,SNOW CREEK,0,NA,Y,A,-,Y,NA,NA,111,NA,NA,NA,NA,NA,NA,Y,3,0,6,2,A,-,09,21802,A,N,D,C,A,A,H,-,A,A,0,NA,NA,NA,NA,Y,NA,A,01,0,5,1,0,0,0,0,0,0,-,-,33.913909912109375,-116.66768646240234,RIVERSIDE,UNINCORPORATED,-116.66765594482422,33.91405487060547
90946809,2019,2019-03-15,9840,2019-03-06,0905,014868,NA,3,1,6,3315,0,1,1,NA,2,034,I-15 N/B,HIDDE VALLEY PARKWAY,1056,S,N,B,C,Y,NA,NA,15,NA,NA,NA,NA,NA,N,Y,4,0,1,1,A,-,08,22107,NA,N,E,I,A,B,D,-,A,D,0,NA,NA,NA,NA,Y,NA,A,01,0,0,1,0,0,0,0,0,0,-,-,33.89453887939453,-117.55747985839844,RIVERSIDE,CORONA,-117.5575714111328,33.89446258544922
90947504,2019,2019-03-18,9840,2019-03-06,0145,019844,NA,3,3,7,3313,0,1,1,NA,2,022,I-215 S/B TO SR-60 W/B,COLUMBIA AVE,2250,S,N,C,-,Y,NA,NA,215,NA,NA,NA,R,NA,S,Y,3,0,1,1,A,-,01,23152,A,N,E,I,A,B,H,-,C,D,0,NA,NA,NA,NA,Y,Y,A,01,0,1,0,0,0,0,0,0,0,-,-,33.99597930908203,-117.35585021972656,RIVERSIDE,RIVERSIDE,-117.35585021972656,33.99597930908203
90949290,2019,2019-03-19,9685,2019-03-09,1424,016096,NA,6,2,4,3307,0,1,1,NA,2,010,I-15  N/B FWY,MAIN ST.,900,S,N,B,-,Y,NA,NA,15,NA,NA,NA,NA,NA,N,Y,3,0,1,3,A,-,03,22350,NA,N,B,C,A,A,H,-,A,D,0,NA,NA,NA,NA,Y,NA,A,01,0,1,0,0,0,0,0,0,0,-,-,33.675628662109375,-117.32058715820313,RIVERSIDE,LAKE ELSINORE,-117.32063293457033,33.67555236816406
90949337,2019,2019-03-19,9685,2019-03-09,1532,017285,NA,6,2,5,3335,0,1,1,NA,2,030,I-15 N/B,WINCHESTER ROAD,250,S,N,A,-,Y,NA,NA,15,NA,NA,NA,NA,NA,N,Y,4,0,1,2,A,-,07,21658,A,N,C,C,A,A,H,-,A,D,0,NA,NA,NA,NA,Y,NA,A,01,0,0,1,0,0,0,0,0,0,-,-,33.522918701171875,-117.16287231445313,RIVERSIDE,TEMECULA,-117.16297149658205,33.522850036621094
90951800,2019,2019-03-22,9685,2019-03-13,0830,016838,NA,3,1,5,3341,0,1,1,NA,2,020,I-215 S/B,SCOTT ROAD,1800,N,N,A,-,Y,NA,NA,215,NA,NA,NA,NA,NA,S,N,4,0,2,2,A,-,03,22350,NA,N,C,C,A,A,H,-,A,D,0,NA,NA,NA,NA,Y,NA,A,01,0,0,2,0,0,0,0,0,0,-,-,33.644508361816406,-117.17134857177734,RIVERSIDE,MENIFEE,-117.17131805419922,33.64451217651367
90952125,2019,2019-03-25,9630,2019-03-15,2320,021652,NA,5,3,4,3309,0,1,1,NA,2,021,I-10 E/B TO GOLFCENTER PARKWAY,GOLF CENTER PKY,200,W,N,A,-,Y,NA,NA,10,NA,NA,NA,R,NA,E,N,4,0,1,2,A,-,03,22350,NA,M,C,C,A,A,H,-,C,A,0,NA,NA,NA,NA,Y,NA,A,01,0,0,1,0,0,0,0,0,0,-,-,33.726131439208984,-116.20291137695313,RIVERSIDE,INDIO,-116.20291137695313,33.726131439208984
90952139,2019,2019-03-25,9840,2019-03-14,1638,019719,NA,4,2,7,3313,0,1,3,NA,2,010,SR-60 E/B,MARKET ST,782,W,N,A,-,Y,NA,NA,60,NA,NA,NA,NA,NA,E,N,4,0,1,3,A,-,03,22350,NA,N,C,C,A,A,H,-,A,D,0,NA,NA,NA,NA,Y,NA,A,01,0,0,1,0,0,0,0,0,0,-,-,34.001739501953125,-117.3775634765625,RIVERSIDE,RIVERSIDE,-117.37757873535156,34.00170135498047
90952466,2019,2019-04-25,9840,2019-03-03,1310,018949,NA,7,1,6,3394,0,1,3,NA,2,025,SR-60 W/B,HEACOCK ST,2000,E,N,A,-,Y,NA,NA,60,NA,NA,NA,NA,NA,W,Y,4,0,1,2,A,-,03,22350,NA,N,C,C,A,A,H,-,A,D,0,NA,NA,NA,NA,Y,NA,A,01,0,0,1,0,0,0,0,0,0,-,-,33.941261291503906,-117.23713684082033,RIVERSIDE,MORENO VALLEY,-117.23713684082033,33.94123077392578
90955342,2019,2019-03-28,9840,2019-03-19,0925,015789,NA,2,1,9,3300,0,2,4,NA,2,042,VAN BUREN BLVD.,PORTER AVE,528,E,N,A,-,N,NA,NA,NA,NA,NA,NA,NA,NA,NA,N,4,0,1,3,A,-,03,22350,NA,N,C,C,A,A,H,-,A,D,0,NA,NA,NA,Y,Y,NA,F,26,0,0,1,0,0,0,0,0,0,-,-,33.882469177246094,-117.35665130615234,RIVERSIDE,UNINCORPORATED,-117.355712890625,33.88264465332031
90957572,2019,2019-03-29,9685,2019-03-20,1948,017285,NA,3,2,9,3300,0,1,3,NA,1,031,SR-79 (WINCHESTER ROAD),TECHNOLOGY DRIVE,150,S,N,A,-,Y,NA,NA,79,NA,NA,NA,NA,NA,NA,N,4,0,1,3,A,-,03,22350,NA,N,C,C,A,B,H,-,D,D,0,NA,NA,NA,NA,Y,NA,A,01,0,0,1,0,0,0,0,0,0,-,-,33.559608459472656,-117.13907623291016,RIVERSIDE,UNINCORPORATED,-117.1391143798828,33.559627532958984