CASE_ID,ACCIDENT_YEAR,PROC_DATE,JURIS,COLLISION_DATE,COLLISION_TIME,OFFICER_ID,REPORTING_DISTRICT,DAY_OF_WEEK,CHP_SHIFT,POPULATION,CNTY_CITY_LOC,SPECIAL_COND,BEAT_TYPE,CHP_BEAT_TYPE,CITY_DIVISION_LAPD,CHP_BEAT_CLASS,BEAT_NUMBER,PRIMARY_RD,SECONDARY_RD,DISTANCE,DIRECTION,INTERSECTION,WEATHER_1,WEATHER_2,STATE_HWY_IND,CALTRANS_COUNTY,CALTRANS_DISTRICT,STATE_ROUTE,ROUTE_SUFFIX,POSTMILE_PREFIX,POSTMILE,LOCATION_TYPE,RAMP_INTERSECTION,SIDE_OF_HWY,TOW_AWAY,COLLISION_SEVERITY,NUMBER_KILLED,NUMBER_INJURED,PARTY_COUNT,PRIMARY_COLL_FACTOR,PCF_CODE_OF_VIOL,PCF_VIOL_CATEGORY,PCF_VIOLATION,PCF_VIOL_SUBSECTION,HIT_AND_RUN,TYPE_OF_COLLISION,MVIW,PED_ACTION,ROAD_SURFACE,ROAD_COND_1,ROAD_COND_2,LIGHTING,CONTROL_DEVICE,CHP_ROAD_TYPE,PEDESTRIAN_ACCIDENT,BICYCLE_ACCIDENT,MOTORCYCLE_ACCIDENT,TRUCK_ACCIDENT,NOT_PRIVATE_PROPERTY,ALCOHOL_INVOLVED,STWD_VEHTYPE_AT_FAULT,CHP_VEHTYPE_AT_FAULT,COUNT_SEVERE_INJ,COUNT_VISIBLE_INJ,COUNT_COMPLAINT_PAIN,COUNT_PED_KILLED,COUNT_PED_INJURED,COUNT_BICYCLIST_KILLED,COUNT_BICYCLIST_INJURED,COUNT_MC_KILLED,COUNT_MC_INJURED,PRIMARY_RAMP,SECONDARY_RAMP,LATITUDE,LONGITUDE,COUNTY,CITY,POINT_X,POINT_Y
92111071,2023,2025-04-08,9840,2023-06-24,1200,014335,NA,6,1,6,3315,0,1,3,NA,2,030,SR-91 WESTBOUND,SR-71,1500,E,N,A,-,Y,RIV,NA,91,NA,R,2.434,H,NA,L,Y,4,0,2,5,A,-,03,22350,NA,N,C,C,A,A,H,-,A,D,0,NA,NA,NA,NA,Y,NA,A,01,0,0,2,0,0,0,0,0,0,-,-,33.884918212890625,-117.63481903076172,RIVERSIDE,CORONA,-117.6348114013672,33.88487243652344
9211293,2020,2021-02-05,3308,2020-12-12,1144,10620,516,6,5,5,3308,0,0,0,NA,0,NORTH,LATHAM AV,GILBERT ST,0,NA,Y,A,-,N,NA,NA,NA,NA,NA,NA,NA,NA,NA,Y,4,0,1,2,A,-,09,21802,A,N,D,C,A,A,H,-,A,A,0,NA,NA,NA,NA,Y,NA,A,01,0,0,1,0,0,0,0,0,0,-,-,33.749298095703125,-116.9761199951172,RIVERSIDE,HEMET,-116.97604370117188,33.74932861328125
92113420,2023,2023-07-10,9655,2023-06-27,215,022361,NA,2,3,3,3302,0,1,1,NA,2,202,I-10 W/B,PENNSYLVANIA AVE.,2482,E,N,A,-,Y,RIV,NA,10,NA,NA,8.684,H,NA,L,Y,4,0,2,2,A,-,03,22350,NA,N,C,C,A,A,H,-,D,D,0,NA,NA,NA,Y,Y,NA,G,25,0,0,2,0,0,0,0,0,0,-,-,33.927330017089844,-116.95784759521484,RIVERSIDE,BEAUMONT,-116.95784759521484,33.927284240722656
92116294,2023,2023-07-13,9655,2023-07-02,930,019871,NA,7,1,9,3300,0,1,1,NA,2,204,I-10 W/B,22ND ST,550,E,N,A,-,Y,RIV,NA,10,NA,R,12.078,H,NA,L,N,4,0,2,2,A,-,03,22350,NA,N,C,C,A,A,H,-,A,D,0,NA,NA,NA,NA,Y,NA,A,01,0,0,2,0,0,0,0,0,0,-,-,33.92448043823242,-116.89898681640624,RIVERSIDE,UNINCORPORATED,-116.89899444580078,33.92443084716797
92117776,2023,2023-07-17,9655,2023-07-12,2330,015892,NA,3,3,9,3300,0,1,3,NA,1,118,STATE ROUTE 74,CARRIZO ROAD,528,W,N,A,-,Y,RIV,NA,74,NA,NA,83.848,H,NA,R,N,4,0,3,2,A,-,05,21460,A,N,B,C,A,A,H,-,D,D,0,NA,NA,NA,NA,Y,NA,-,-,0,0,3,0,0,0,0,0,0,-,-,33.60639190673828,-116.42025756835938,RIVERSIDE,UNINCORPORATED,-116.4202117919922,33.60641098022461
92120668,2023,2023-07-19,9840,2023-07-07,654,023228,NA,5,1,6,3315,0,1,3,NA,2,031,SR 91 W/B TO MCKINLEY STREET,MCKINLEY ST,203,E,N,A,-,Y,NA,NA,NA,NA,NA,NA,NA,NA,NA,N,4,0,1,1,A,-,08,22107,NA,N,F,A,A,A,H,-,A,D,0,NA,NA,Y,NA,Y,NA,C,02,0,0,1,0,0,0,0,0,1,-,-,33.88697052001953,-117.51744079589844,RIVERSIDE,CORONA,-117.51744079589844,33.88697052001953
92120743,2023,2023-07-19,9630,2023-07-10,1820,023092,NA,1,2,9,3300,0,3,5,NA,2,402,DILLON RD,FORD AVE,0,NA,Y,A,-,N,NA,NA,NA,NA,NA,NA,NA,NA,NA,Y,3,0,1,2,A,-,01,23152,A,N,D,C,A,A,H,-,A,D,0,NA,NA,NA,NA,Y,Y,D,22,0,1,0,0,0,0,0,0,0,-,-,33.92100143432617,-116.40628051757813,RIVERSIDE,UNINCORPORATED,-116.4062271118164,33.92094421386719
92136147,2023,2023-08-04,9840,2023-07-26,1532,020659,NA,3,2,7,3313,0,1,1,NA,2,023,I-215 N/B,CENTRAL AVE,2300,S,N,A,-,Y,RIV,NA,215,NA,NA,39.156,H,NA,R,Y,3,0,1,2,A,-,03,22350,NA,N,B,C,A,A,H,-,A,D,0,NA,NA,Y,NA,Y,NA,C,02,0,1,0,0,0,0,0,0,1,-,-,33.955318450927734,-117.30548858642578,RIVERSIDE,RIVERSIDE,-117.30550384521484,33.95531463623047
92140020,2023,2023-08-09,9840,2023-07-31,2240,021943,NA,1,3,4,3344,0,1,1,NA,2,011,INTERSTATE 15 SOUTHBOUND,MISSION BOULEVARD,585,S,N,B,-,Y,RIV,NA,15,NA,NA,51.847,H,NA,L,Y,4,0,1,1,C,-,18,NA,NA,N,E,J,A,A,H,-,D,D,0,NA,NA,NA,NA,Y,NA,-,-,0,0,1,0,0,0,0,0,0,-,-,34.0272216796875,-117.55045318603516,RIVERSIDE,EASTVALE,-117.55044555664063,34.0272216796875
92146706,2023,2023-08-17,9840,2023-01-27,442,021261,NA,5,3,9,3300,0,3,5,NA,2,003,TEMESCAL CANYON ROAD,LEROY ROAD,355,N,N,A,-,N,NA,NA,NA,NA,NA,NA,NA,NA,NA,Y,1,1,1,2,A,-,01,23152,A,N,A,C,A,A,H,-,C,D,0,NA,NA,NA,NA,Y,Y,A,01,1,0,0,0,0,0,0,0,0,-,-,33.800960540771484,-117.5034637451172,RIVERSIDE,UNINCORPORATED,-117.5034408569336,33.800933837890625
92147262,2023,2023-08-18,9840,2023-08-08,1200,017715,NA,2,1,7,3313,0,3,5,NA,2,004,ALESSANDRO BLVD,MERIDIAN PKWY,0,NA,Y,A,-,N,NA,NA,NA,NA,NA,NA,NA,NA,NA,N,3,0,1,2,A,-,08,22107,NA,M,B,C,A,A,H,-,A,A,0,NA,NA,NA,NA,Y,NA,-,99,0,1,0,0,0,0,0,0,0,-,-,33.91653823852539,-117.29180145263672,RIVERSIDE,RIVERSIDE,-117.29205322265624,33.9166259765625
92147489,2023,2023-08-18,9840,2023-07-26,46,019893,NA,3,3,6,3315,0,1,3,NA,2,031,SR-91 W/B,MAIN ST,1284,E,N,A,-,Y,RIV,NA,91,NA,NA,6.616,H,NA,L,Y,4,0,1,2,A,-,01,23152,A,N,C,C,A,A,H,-,C,D,0,NA,NA,NA,Y,Y,Y,A,01,0,0,1,0,0,0,0,0,0,-,-,33.87984848022461,-117.56134033203124,RIVERSIDE,CORONA,-117.56136322021484,33.87969207763672
92149575,2023,2023-08-22,9840,2023-08-08,511,022448,NA,2,3,6,3315,0,1,3,NA,2,031,SR-91 W/B,MCKINLEY ST.,892,E,N,A,-,Y,RIV,NA,91,NA,NA,9.364,H,NA,L,Y,4,0,2,4,A,-,03,22350,NA,N,C,C,A,A,H,-,C,D,0,NA,NA,NA,NA,Y,NA,D,22,0,0,2,0,0,0,0,0,0,-,-,33.88764953613281,-117.51525115966795,RIVERSIDE,CORONA,-117.51524353027344,33.88764190673828
92155690,2023,2023-08-28,9685,2023-08-13,2210,019183,NA,7,3,4,3342,0,1,1,NA,2,030,I-15 N/B,NUTMEG ST.,528,S,N,A,-,Y,RIV,NA,15,NA,NA,11.766,H,NA,R,Y,4,0,1,2,A,-,01,23152,A,N,B,C,A,A,H,-,D,D,0,NA,NA,NA,NA,Y,Y,A,01,0,0,1,0,0,0,0,0,0,-,-,33.576969146728516,-117.22183990478516,RIVERSIDE,MURRIETA,-117.22179412841795,33.5770149230957
92156146,2023,2023-08-28,9840,2023-05-03,1220,015444,NA,3,1,9,3300,0,2,4,NA,2,045,CAJALCO RD,SEATON AVENUE,0,NA,Y,B,-,N,NA,NA,NA,NA,NA,NA,NA,NA,NA,Y,1,1,3,2,A,-,08,22101,D,N,D,C,A,A,H,-,A,A,0,NA,NA,NA,NA,Y,NA,A,01,0,0,3,0,0,0,0,0,0,-,-,33.837440490722656,-117.26158142089844,RIVERSIDE,UNINCORPORATED,-117.26158905029295,33.837371826171875
92159634,2023,2023-08-31,9840,2023-08-20,1753,020220,NA,7,2,7,3313,0,1,3,NA,2,021,SR-91 E/B TO I-215 S/B,SPRUCE STREET,980,N,N,B,C,Y,RIV,NA,215,NA,R,43.067,H,NA,L,Y,4,0,1,1,A,-,08,22107,NA,N,E,I,A,B,H,-,A,D,0,NA,NA,NA,NA,Y,NA,A,01,0,0,1,0,0,0,0,0,0,-,-,33.99174118041992,-117.35450744628906,RIVERSIDE,RIVERSIDE,-117.35460662841795,33.99164581298828
92160001,2023,2023-08-31,9840,2023-08-09,825,017802,NA,3,1,6,3394,0,1,3,NA,2,025,SR-60 E/B,PERRIS BLVD.,1450,W,N,A,-,Y,RIV,NA,60,NA,NA,16.082,H,NA,R,N,3,0,1,2,A,-,08,22107,NA,M,E,I,A,A,H,-,A,D,0,NA,NA,NA,NA,Y,NA,-,99,0,1,0,0,0,0,0,0,0,-,-,33.94050979614258,-117.23121643066406,RIVERSIDE,MORENO VALLEY,-117.2311782836914,33.9406623840332
92160047,2023,2023-08-31,9840,2023-08-03,1000,023291,NA,4,1,7,3313,0,1,3,NA,2,025,I-215 N/B,EASTRIDGE AVE,500,N,N,A,-,Y,RIV,NA,215,NA,R,37.515,H,NA,R,Y,4,0,1,2,A,-,03,22350,NA,N,C,C,A,A,H,-,A,D,0,NA,NA,NA,Y,Y,NA,A,07,0,0,1,0,0,0,0,0,0,-,-,33.93247985839844,-117.28913879394533,RIVERSIDE,RIVERSIDE,-117.28909301757813,33.932491302490234
9216378,2020,2021-02-22,3325,2020-12-14,0732,2715,NA,1,5,4,3325,0,0,0,NA,0,003,PALM AV,VARNER RD,0,NA,Y,A,-,N,NA,NA,NA,NA,NA,NA,NA,NA,NA,Y,4,0,1,2,A,-,06,21755,A,N,D,C,A,A,H,-,A,A,0,NA,NA,NA,NA,Y,NA,-,NA,0,0,1,0,0,0,0,0,0,-,-,NA,NA,RIVERSIDE,CATHEDRAL CITY,-116.50160980224608,33.89133834838867
92163966,2023,2023-09-07,9840,2023-08-14,949,018248,NA,1,1,6,3315,0,1,3,NA,2,030,SR-91 W/B,SR-71 N/B,2218,E,N,A,-,Y,RIV,NA,91,NA,R,2.496,H,NA,L,N,4,0,1,2,A,-,03,22350,NA,N,C,C,A,A,H,-,A,D,0,NA,NA,NA,NA,Y,NA,D,22,0,0,1,0,0,0,0,0,0,-,-,33.884979248046875,-117.63371276855467,RIVERSIDE,CORONA,-117.63370513916016,33.884925842285156
92168511,2023,2023-09-12,9840,2023-09-02,441,021096,NA,6,3,7,3313,0,1,1,NA,2,023,I-215 N/B,CENTRAL AVE.,2395,N,N,B,-,Y,RIV,NA,215,NA,NA,39.966,H,NA,R,N,3,0,3,2,A,-,01,23152,A,N,C,C,A,A,H,-,D,D,0,NA,NA,NA,NA,Y,Y,A,01,0,1,2,0,0,0,0,0,0,-,-,33.960880279541016,-117.31688690185548,RIVERSIDE,RIVERSIDE,-117.31689453125,33.96086883544922
92168561,2023,2023-09-12,9840,2023-09-03,29,021096,NA,7,3,6,3394,0,1,3,NA,2,025,SR-60 E/B,NASON ST.,696,E,N,B,-,Y,RIV,NA,60,NA,NA,18.504,H,NA,R,Y,3,0,1,2,A,-,01,23152,A,N,B,C,A,A,H,-,D,D,0,NA,NA,NA,NA,Y,Y,A,01,0,1,0,0,0,0,0,0,0,-,-,33.93915939331055,-117.18914031982422,RIVERSIDE,MORENO VALLEY,-117.18914031982422,33.93915557861328
92170082,2023,2023-09-14,9685,2023-09-07,1830,016113,NA,4,2,9,3300,0,1,3,NA,1,031,WINCHESTER ROAD (NORTHBOUND),BRIGGS ROAD,0,NA,Y,A,-,Y,RIV,NA,79,NA,M,7.507,H,NA,R,Y,3,0,1,2,A,-,06,21755,A,N,B,C,A,A,D,-,A,A,0,NA,NA,Y,NA,Y,NA,C,02,0,1,0,0,0,0,0,0,1,-,-,33.59046173095703,-117.12654113769533,RIVERSIDE,UNINCORPORATED,-117.12652587890624,33.590450286865234
92171021,2023,2023-09-15,9685,2023-09-09,305,015906,NA,6,3,3,3343,0,1,1,NA,2,010,I-15 SOUTHBOUND,LEMON STREET UNDERCROSSING,88,N,N,A,-,Y,RIV,NA,15,NA,NA,16.929,H,NA,L,Y,3,0,2,2,A,-,01,23152,A,N,C,C,A,A,H,-,D,D,0,NA,NA,NA,NA,Y,Y,A,01,0,2,0,0,0,0,0,0,0,-,-,33.63447952270508,-117.27877807617188,RIVERSIDE,WILDOMAR,-117.27874755859376,33.63449478149414
92174055,2023,2023-09-19,9840,2023-09-08,1630,021047,NA,5,2,9,3300,0,3,5,NA,2,004,Y AVE,13TH ST,470,N,N,A,-,N,NA,NA,NA,NA,NA,NA,NA,NA,NA,N,4,0,2,2,A,-,03,22350,NA,N,C,2,A,D,H,-,A,D,0,NA,NA,NA,NA,Y,NA,A,01,0,0,2,0,0,0,0,0,0,-,-,33.80717086791992,-117.14218139648438,RIVERSIDE,UNINCORPORATED,-117.14223480224608,33.807044982910156
92175838,2023,2023-09-21,9840,2023-09-06,1234,018221,NA,3,1,6,3315,0,1,3,NA,2,031,SR 91 E/B TO MCKINLEY ST. OFF,MCKINLEY ST.,686,W,N,A,-,Y,RIV,NA,91,NA,NA,9.051,H,NA,R,Y,3,0,1,2,A,-,08,22107,NA,F,C,C,A,A,D,-,A,D,0,NA,NA,NA,NA,Y,NA,D,22,0,1,0,0,0,0,0,0,0,-,-,33.88508987426758,-117.51973724365234,RIVERSIDE,CORONA,-117.51987457275392,33.88530349731445
92177263,2023,2023-09-22,9630,2023-09-12,940,019807,NA,2,1,9,3300,0,3,5,NA,2,001,DILLON RD,AVENIDA DESCANSO,0,NA,Y,B,-,N,NA,NA,NA,NA,NA,NA,NA,NA,NA,Y,4,0,3,2,A,-,09,21801,A,N,A,C,A,A,H,-,A,D,0,NA,NA,NA,NA,Y,NA,A,01,0,0,3,0,0,0,0,0,0,-,-,33.925018310546875,-116.49752807617188,RIVERSIDE,UNINCORPORATED,-116.49748992919922,33.92496871948242
92179916,2023,2023-09-26,9655,2023-09-16,232,021977,NA,6,3,2,3336,0,1,1,NA,2,202,INTERSTATE 10 WESTBOUND,SANDALWOOD DRIVE,1000,E,N,E,-,Y,RIV,NA,10,NA,R,1.266,H,NA,L,Y,4,0,1,2,A,-,01,23152,A,N,B,C,A,A,H,-,C,D,0,NA,NA,NA,Y,Y,Y,D,22,0,0,1,0,0,0,0,0,0,-,-,33.9877815246582,-117.05464935302734,RIVERSIDE,CALIMESA,-117.0546875,33.987762451171875
92182262,2023,2023-09-28,9840,2023-09-15,1300,016358,NA,5,1,7,3313,0,1,1,NA,2,040,I-215 N/B,ALESSANDRO BLVD.,350,N,N,A,-,Y,NA,NA,NA,NA,NA,NA,NA,NA,NA,Y,4,0,1,2,A,-,03,22350,NA,N,C,C,A,A,H,-,A,D,0,NA,NA,NA,Y,Y,NA,A,01,0,0,1,0,0,0,0,0,0,-,-,NA,NA,RIVERSIDE,RIVERSIDE,-117.28780364990234,33.91777420043945
92182746,2023,2023-09-28,9840,2023-09-10,213,021872,NA,7,3,9,3300,0,3,5,NA,2,003,MARILYN DR,EL CERRITO RD,490,S,N,A,-,N,NA,NA,NA,NA,NA,NA,NA,NA,NA,Y,3,0,1,1,A,-,01,23152,A,N,E,I,A,A,H,-,D,D,0,NA,NA,NA,NA,Y,Y,A,01,0,1,0,0,0,0,0,0,0,-,-,33.834110260009766,-117.52287292480467,RIVERSIDE,UNINCORPORATED,-117.52291870117188,33.83427047729492
92186165,2023,2023-10-02,9840,2023-08-30,1935,017441,NA,3,2,9,3300,0,2,4,NA,2,045,EL SOBRANTE RD,MOCKINGBIRD CANYON RD,3775,W,N,A,-,N,NA,NA,NA,NA,NA,NA,NA,NA,NA,N,4,0,1,1,A,-,08,22107,NA,N,F,A,A,A,H,-,D,D,0,NA,NA,NA,NA,Y,NA,A,01,0,0,1,0,0,0,0,0,0,-,-,33.83829879760742,-117.36726379394533,RIVERSIDE,UNINCORPORATED,-117.38673400878906,33.849735260009766
9218893,2020,2021-03-08,3342,2020-05-23,2041,1089,277,6,5,4,3342,0,0,0,NA,0,002,CALIFORNIA OAKS RD,MONROE AV,0,NA,Y,A,-,N,NA,NA,NA,NA,NA,NA,NA,NA,NA,N,3,0,2,2,A,-,12,21453,A,N,D,C,A,A,H,-,C,A,0,NA,NA,NA,NA,Y,NA,D,22,0,1,1,0,0,0,0,0,0,-,-,33.56882095336914,-117.20543670654295,RIVERSIDE,MURRIETA,-117.2055892944336,33.5689811706543
92196522,2023,2023-10-11,9655,2023-10-08,1420,021934,NA,7,2,9,3300,0,1,3,NA,2,315,SR-79,GARBANI RD.,10,S,N,A,-,Y,RIV,NA,79,NA,R,13.266,H,NA,R,Y,3,0,2,3,A,-,03,22350,NA,N,C,2,A,A,H,-,A,A,0,NA,NA,NA,NA,Y,NA,A,01,0,2,0,0,0,0,0,0,0,-,-,33.656620025634766,-117.08453369140624,RIVERSIDE,UNINCORPORATED,-117.08448791503906,33.656620025634766
92200292,2023,2025-03-18,9655,2023-08-16,225,020664,NA,3,3,9,3300,0,1,3,NA,1,312,STATE-ROUTE 74,AMANDA AVENUE,245,W,N,B,-,Y,RIV,NA,74,NA,NA,34.128,H,NA,R,N,1,1,0,2,A,-,11,21954,A,N,G,B,E,A,H,-,D,D,0,Y,NA,NA,Y,Y,NA,N,60,0,0,0,1,0,0,0,0,0,-,-,33.738948822021484,-117.07997894287108,RIVERSIDE,UNINCORPORATED,-117.07994079589844,33.73898696899414
92203698,2023,2023-10-19,9840,2023-10-10,600,014916,NA,2,1,9,3300,0,1,1,NA,2,040,I-215 S/B,CACTUS AVE,200,S,N,A,-,Y,RIV,NA,215,NA,R,35.722,H,NA,L,N,4,0,1,3,A,-,03,22350,NA,N,C,C,A,A,H,-,B,D,0,NA,NA,NA,NA,Y,NA,A,01,0,0,1,0,0,0,0,0,0,-,-,33.90861129760742,-117.28054809570313,RIVERSIDE,UNINCORPORATED,-117.28063201904295,33.9085578918457
92203705,2023,2023-10-19,9840,2023-10-17,1525,017459,NA,2,2,6,3315,0,1,3,NA,2,030,SR-91 E/B,MAPLE STREET,500,E,N,A,-,Y,RIV,NA,91,NA,NA,4.276,H,NA,R,Y,4,0,1,2,A,-,03,22350,NA,N,C,C,A,A,H,-,A,D,0,NA,NA,NA,NA,Y,NA,A,01,0,0,1,0,0,0,0,0,0,-,-,33.880340576171875,-117.60150146484376,RIVERSIDE,CORONA,-117.6015167236328,33.880428314208984
92205999,2023,2023-10-23,9840,2023-10-13,1842,021080,NA,5,2,6,3315,0,1,1,NA,2,034,I-15 S/B TO ONTARIO AVE.,ONTARIO AVE,125,N,N,A,-,Y,NA,NA,NA,NA,NA,NA,NA,NA,NA,N,4,0,2,2,A,-,03,22350,NA,N,C,C,A,A,H,-,A,D,0,NA,NA,NA,NA,Y,NA,D,22,0,0,2,0,0,0,0,0,0,-,-,33.84490966796875,-117.53555297851563,RIVERSIDE,CORONA,-117.53555297851563,33.84490966796875
92207062,2023,2023-10-24,9840,2023-10-16,635,016358,NA,1,1,7,3313,0,1,1,NA,2,023,I-215 N/B TO SR-91 W/B,E. LA CADENA DR.,295,N,N,A,-,Y,RIV,NA,215,NA,R,43.156,H,NA,R,Y,4,0,1,2,A,-,01,23152,A,N,C,C,A,A,H,-,A,D,0,NA,NA,NA,NA,Y,Y,A,01,0,0,1,0,0,0,0,0,0,-,-,33.992698669433594,-117.35511779785156,RIVERSIDE,RIVERSIDE,-117.35505676269533,33.992759704589844
92207438,2023,2023-10-24,9840,2023-10-18,635,018221,NA,3,1,9,3300,0,1,1,NA,2,037,I-15 N/B,TEMESCAL CANYON RD.,1690,S,N,A,-,Y,RIV,NA,15,NA,NA,32.936,H,NA,R,N,3,0,1,3,A,-,03,22350,NA,N,C,C,A,A,H,-,B,D,0,NA,NA,NA,NA,Y,NA,D,22,0,1,0,0,0,0,0,0,0,-,-,33.77273941040039,-117.48455047607422,RIVERSIDE,UNINCORPORATED,-117.48458862304688,33.7727165222168
92209480,2023,2023-10-26,9840,2023-10-20,1255,016358,NA,5,1,7,3313,0,1,1,NA,2,040,I-215 N/B,ALESSANDRO BLVD.,528,S,N,A,-,Y,RIV,NA,215,NA,R,36.16,H,NA,R,Y,4,0,1,2,A,-,03,22350,NA,N,C,C,A,A,H,-,A,D,0,NA,NA,NA,NA,Y,NA,A,01,0,0,1,0,0,0,0,0,0,-,-,33.9134407043457,-117.28524780273438,RIVERSIDE,RIVERSIDE,-117.28518676757813,33.91347885131836
9221671,2020,2021-03-05,3342,2020-06-21,1210,1117,525,7,5,4,3342,0,0,0,NA,0,005,RT 215,LOS ALAMOS RD,0,NA,Y,-,-,Y,RIV,8,215,-,R,10.834,R,4,S,N,3,0,1,2,-,-,-,NA,NA,N,D,C,A,A,H,-,A,A,0,NA,NA,NA,NA,Y,NA,-,-,0,1,0,0,0,0,0,0,0,-,-,NA,NA,RIVERSIDE,MURRIETA,-117.18100738525392,33.57555389404297
9222204,2021,2021-03-22,3308,2021-02-02,1313,10610,518,2,5,5,3308,0,0,0,NA,0,NORTH,FLORIDA AV,YALE ST,0,NA,Y,A,-,Y,RIV,8,74,-,-,41.84,I,5,W,Y,2,0,2,2,A,-,09,21453,C,N,D,C,A,A,H,-,A,A,0,NA,NA,Y,NA,Y,NA,A,01,1,0,1,0,0,0,0,0,1,-,-,33.7475700378418,-116.9498291015625,RIVERSIDE,HEMET,-116.94991302490234,33.747650146484375
92228877,2023,2023-11-06,9655,2023-10-31,1120,019630,NA,2,1,9,3300,0,1,3,NA,1,314,STATE ROUTE 74,CORNELL STREET,0,NA,Y,A,-,Y,RIV,NA,74,NA,NA,42.339,H,NA,R,Y,4,0,1,2,A,-,09,21802,A,N,D,C,A,A,H,-,A,A,0,NA,NA,NA,NA,Y,NA,A,07,0,0,1,0,0,0,0,0,0,-,-,33.74763870239258,-116.94129943847656,RIVERSIDE,UNINCORPORATED,-116.94129943847656,33.74766159057617
92231228,2023,2023-11-08,9840,2023-10-31,1917,020258,NA,2,2,7,3313,0,1,3,NA,2,021,SR-91 W/B,ARLINGTON AVE,1584,E,N,A,-,Y,RIV,NA,91,NA,NA,18.157,H,NA,L,N,4,0,2,2,D,-,00,NA,NA,N,B,C,A,A,H,-,B,D,0,NA,NA,NA,Y,Y,NA,-,-,0,0,2,0,0,0,0,0,0,-,-,33.95016098022461,-117.38590240478516,RIVERSIDE,RIVERSIDE,-117.38574981689452,33.95012664794922
92231391,2023,2023-11-08,9840,2023-10-15,1900,021080,NA,7,2,6,3315,0,1,3,NA,2,030,SR-91 E/B TO MCKINLEY ST,MCKINLEY ST,80,W,N,A,-,Y,NA,NA,NA,NA,NA,NA,NA,NA,NA,N,4,0,1,2,A,-,21,22106,NA,N,C,C,A,A,D,-,A,D,0,NA,NA,NA,NA,Y,NA,A,07,0,0,1,0,0,0,0,0,0,-,-,33.88526153564453,-117.51750183105467,RIVERSIDE,CORONA,-117.51750183105467,33.88526153564453
9223173,2020,2021-02-23,3313,2020-12-28,0818,1016,4,1,5,7,3313,0,0,0,NA,0,M28,STREETER AV,CENTRAL AV,0,NA,Y,B,C,N,NA,NA,NA,NA,NA,NA,NA,NA,NA,Y,3,0,3,2,A,-,12,21453,A,N,D,C,A,-,H,-,A,A,0,NA,NA,NA,NA,Y,NA,A,01,0,1,2,0,0,0,0,0,0,-,-,33.95307922363281,-117.41871643066406,RIVERSIDE,RIVERSIDE,-117.41864013671876,33.953369140625
92232561,2023,2023-11-09,9840,2023-11-03,1840,021261,NA,5,2,9,3300,0,3,5,NA,2,002,W LA CADENA DR,KLUK LN,250,N,N,A,-,N,NA,NA,NA,NA,NA,NA,NA,NA,NA,Y,3,0,2,3,A,-,01,23152,A,N,C,C,A,A,H,-,C,D,0,NA,NA,NA,NA,Y,Y,A,01,0,1,1,0,0,0,0,0,0,-,-,34.01805114746094,-117.34107208251952,RIVERSIDE,UNINCORPORATED,-117.34087371826172,34.01828384399414
92233150,2023,2023-11-13,9685,2023-10-28,20,015800,NA,6,3,9,3300,0,3,5,NA,2,003,RANCHO CALIFORNIA ROAD,CALLE CONTENTO,0,NA,Y,A,-,N,NA,NA,NA,NA,NA,NA,NA,NA,NA,Y,4,0,2,2,A,-,12,22450,A,N,D,C,A,A,H,-,D,A,0,NA,NA,NA,NA,Y,NA,D,22,0,0,2,0,0,0,0,0,0,-,-,33.52764892578125,-117.06825256347656,RIVERSIDE,UNINCORPORATED,-117.06821441650392,33.527618408203125
92233260,2023,2023-11-13,9685,2023-10-31,2010,016185,NA,2,2,9,3300,0,1,3,NA,1,012,SR-74 W/B,ELLIS AVENUE,728,W,N,A,-,Y,NA,NA,NA,NA,NA,NA,NA,NA,NA,Y,3,0,1,1,A,-,01,23152,A,N,F,A,A,A,H,-,D,D,0,NA,NA,NA,NA,Y,Y,-,-,0,1,0,0,0,0,0,0,0,-,-,33.77056121826172,-117.25328063964844,RIVERSIDE,UNINCORPORATED,-117.25320434570313,33.77043151855469
92234030,2023,2023-11-13,9685,2023-10-23,1455,016096,NA,1,2,3,3343,1,3,5,NA,2,001,21861 GRAND AVE. DAVID A BROWN MIDDLE SCHOOL,WILLOW BAY,40,N,N,A,-,N,NA,NA,NA,NA,NA,NA,NA,NA,NA,N,4,0,1,2,B,-,22,NA,NA,N,B,C,A,A,H,-,A,D,0,NA,NA,NA,NA,Y,NA,H,13,0,0,1,0,0,0,0,0,0,-,-,33.59463882446289,-117.27366638183594,RIVERSIDE,WILDOMAR,-117.273283,33.594891