CASE_ID,ACCIDENT_YEAR,PROC_DATE,JURIS,COLLISION_DATE,COLLISION_TIME,OFFICER_ID,REPORTING_DISTRICT,DAY_OF_WEEK,CHP_SHIFT,POPULATION,CNTY_CITY_LOC,SPECIAL_COND,BEAT_TYPE,CHP_BEAT_TYPE,CITY_DIVISION_LAPD,CHP_BEAT_CLASS,BEAT_NUMBER,PRIMARY_RD,SECONDARY_RD,DISTANCE,DIRECTION,INTERSECTION,WEATHER_1,WEATHER_2,STATE_HWY_IND,CALTRANS_COUNTY,CALTRANS_DISTRICT,STATE_ROUTE,ROUTE_SUFFIX,POSTMILE_PREFIX,POSTMILE,LOCATION_TYPE,RAMP_INTERSECTION,SIDE_OF_HWY,TOW_AWAY,COLLISION_SEVERITY,NUMBER_KILLED,NUMBER_INJURED,PARTY_COUNT,PRIMARY_COLL_FACTOR,PCF_CODE_OF_VIOL,PCF_VIOL_CATEGORY,PCF_VIOLATION,PCF_VIOL_SUBSECTION,HIT_AND_RUN,TYPE_OF_COLLISION,MVIW,PED_ACTION,ROAD_SURFACE,ROAD_COND_1,ROAD_COND_2,LIGHTING,CONTROL_DEVICE,CHP_ROAD_TYPE,PEDESTRIAN_ACCIDENT,BICYCLE_ACCIDENT,MOTORCYCLE_ACCIDENT,TRUCK_ACCIDENT,NOT_PRIVATE_PROPERTY,ALCOHOL_INVOLVED,STWD_VEHTYPE_AT_FAULT,CHP_VEHTYPE_AT_FAULT,COUNT_SEVERE_INJ,COUNT_VISIBLE_INJ,COUNT_COMPLAINT_PAIN,COUNT_PED_KILLED,COUNT_PED_INJURED,COUNT_BICYCLIST_KILLED,COUNT_BICYCLIST_INJURED,COUNT_MC_KILLED,COUNT_MC_INJURED,PRIMARY_RAMP,SECONDARY_RAMP,LATITUDE,LONGITUDE,COUNTY,CITY,POINT_X,POINT_Y
9313401,2021,2021-09-01,3313,2021-06-21,2120,1939,5,1,5,7,3313,0,0,0,NA,0,NA,MAGNOLIA AV,BUCHANAN ST,15,E,N,A,-,N,NA,NA,NA,NA,NA,NA,NA,NA,NA,NA,4,0,2,3,A,-,03,22350,NA,N,C,C,A,A,H,-,C,A,0,NA,NA,NA,NA,Y,NA,A,01,0,0,2,0,0,0,0,0,0,-,-,NA,NA,RIVERSIDE,RIVERSIDE,-117.4984893798828,33.890846252441406
9323151,2021,2021-09-24,3302,2021-07-05,1838,1088,NA,1,5,3,3302,0,0,0,NA,0,003,EDGAR AV,7TH ST,0,NA,Y,A,-,N,NA,NA,NA,NA,NA,NA,NA,NA,NA,Y,3,0,1,2,A,-,12,22450,A,N,D,C,A,A,H,-,A,A,0,NA,NA,NA,NA,Y,NA,A,01,0,1,0,0,0,0,0,0,0,-,-,33.93095016479492,-116.97998809814452,RIVERSIDE,BEAUMONT,-116.97992706298828,33.930908203125
9324802,2021,2021-09-29,3313,2021-08-10,1710,1575,2,2,5,7,3313,0,0,0,NA,0,M12,CENTRAL AV,EL CERRITO DR,20,W,N,A,-,N,NA,NA,NA,NA,NA,NA,NA,NA,NA,NA,4,0,1,2,A,-,03,22350,NA,M,C,C,A,A,H,-,A,A,0,NA,NA,NA,NA,Y,NA,-,99,0,0,1,0,0,0,0,0,0,-,-,33.95288848876953,-117.33293914794922,RIVERSIDE,RIVERSIDE,-117.3330535888672,33.954647064208984
9338281,2021,2021-09-29,3313,2021-07-27,1657,0282,4,2,5,7,3313,0,0,0,NA,0,T48,PHOENIX AV,CENTRAL AV,0,NA,Y,A,-,N,NA,NA,NA,NA,NA,NA,NA,NA,NA,Y,3,0,3,2,A,-,09,21801,A,N,D,C,A,A,H,-,A,A,0,NA,NA,NA,NA,Y,NA,A,01,0,2,1,0,0,0,0,0,0,-,-,33.95307922363281,-117.42530059814452,RIVERSIDE,RIVERSIDE,-117.42523193359376,33.95329284667969
9345582,2021,2021-10-28,3313,2021-09-02,2216,1882,5,4,5,7,3313,0,0,0,NA,0,1R59,ARLINGTON AV,RUTLAND AV,0,NA,Y,A,-,N,NA,NA,NA,NA,NA,NA,NA,NA,NA,N,3,0,2,2,A,-,12,21453,A,N,D,C,A,A,H,-,C,A,0,NA,NA,NA,NA,Y,NA,-,-,0,1,1,0,0,0,0,0,0,-,-,33.946510314941406,-117.46861267089844,RIVERSIDE,RIVERSIDE,-117.46873474121094,33.94650650024414
9349707,2021,2021-11-23,3300,2021-10-05,1502,5162,NA,2,5,4,3344,0,0,0,NA,0,NA,ARCHIBALD AV,CHANDLER ST,0,NA,Y,A,-,N,NA,NA,NA,NA,NA,NA,NA,NA,NA,N,4,0,1,2,A,-,11,21456,A,N,D,G,A,-,H,-,A,A,0,NA,Y,NA,NA,Y,NA,L,04,0,0,1,0,0,0,1,0,0,-,-,33.94623947143555,-117.59307098388672,RIVERSIDE,EASTVALE,-117.59314727783205,33.94617462158203
9355887,2021,2021-11-15,3313,2021-10-04,1550,1523,2,1,5,7,3313,0,0,0,NA,0,M22,BLAINE ST,RT 215,24,E,N,A,-,Y,RIV,8,215,-,-,42.31,R,4,N,N,4,0,2,3,A,-,03,22350,NA,N,C,C,A,A,H,-,A,A,0,NA,NA,NA,NA,Y,NA,D,22,0,0,2,0,0,0,0,0,0,-,NO,NA,NA,RIVERSIDE,RIVERSIDE,-117.34438323974608,33.984703063964844
9356139,2021,2021-11-08,3313,2021-08-21,0820,1997,1,6,5,7,3313,0,0,0,NA,0,2R15,MARKET ST,FIRST ST,0,NA,Y,B,-,N,NA,NA,NA,NA,NA,NA,NA,NA,NA,Y,3,0,2,2,A,-,12,21453,A,N,B,C,A,-,H,-,A,A,0,NA,NA,NA,NA,Y,NA,A,01,0,1,1,0,0,0,0,0,0,-,-,33.98923110961914,-117.37120819091795,RIVERSIDE,RIVERSIDE,-117.37120056152344,33.98928451538086
9361556,2021,2021-11-19,3313,2021-10-21,2139,1444,4,4,5,7,3313,0,0,0,NA,0,3R44,MAGNOLIA AV,DONALD AV,0,NA,Y,A,-,N,NA,NA,NA,NA,NA,NA,NA,NA,NA,N,4,0,1,2,D,-,00,NA,NA,N,D,C,A,A,H,-,C,A,0,NA,NA,NA,NA,Y,NA,-,-,0,0,1,0,0,0,0,0,0,-,-,33.9234504699707,-117.4411392211914,RIVERSIDE,RIVERSIDE,-117.44109344482422,33.923519134521484
9365020,2021,2021-12-29,3313,2021-11-05,0610,1222,3,5,5,7,3313,0,0,0,NA,0,M36,VAN BUREN BL,WOOD RD,41,E,N,A,-,N,NA,NA,NA,NA,NA,NA,NA,NA,NA,NA,4,0,1,2,A,-,03,22350,NA,M,C,C,A,-,H,-,C,A,0,NA,NA,NA,NA,Y,NA,A,01,0,0,1,0,0,0,0,0,0,-,-,33.885528564453125,-117.33235168457033,RIVERSIDE,RIVERSIDE,-117.33123779296876,33.88715744018555
9372291,2021,2021-11-29,3313,2021-09-28,1607,1499,2,2,5,7,3313,0,0,0,NA,0,M34,WOOD RD,LURIN AV,7,N,N,A,-,N,NA,NA,NA,NA,NA,NA,NA,NA,NA,Y,4,0,1,2,A,-,09,21802,A,N,D,C,A,A,H,-,A,A,0,NA,NA,NA,NA,Y,NA,A,01,0,0,1,0,0,0,0,0,0,-,-,33.87630844116211,-117.33139038085938,RIVERSIDE,RIVERSIDE,-117.33135986328124,33.87601089477539
9372292,2021,2021-11-29,3313,2021-09-28,1017,1686,5,2,5,7,3313,0,0,0,NA,0,T58,INDIANA AV,TYLER ST,221,W,N,A,-,N,NA,NA,NA,NA,NA,NA,NA,NA,NA,Y,4,0,2,2,A,-,03,22350,NA,N,C,C,A,A,H,-,A,D,0,NA,NA,NA,NA,Y,NA,A,01,0,0,2,0,0,0,0,0,0,-,-,33.90488052368164,-117.45532989501952,RIVERSIDE,RIVERSIDE,-117.45623016357422,33.90565872192383
9372465,2021,2021-11-30,3325,2021-09-11,0228,1702,DESER,6,5,4,3325,0,0,0,NA,0,003,DATE PALM DR,VISTA CHINO RD,0,NA,Y,A,-,N,NA,NA,NA,NA,NA,NA,NA,NA,NA,Y,2,0,1,1,A,-,03,22350,A,N,A,I,A,A,H,-,C,A,0,NA,NA,NA,NA,Y,Y,-,NA,1,0,0,0,0,0,0,0,0,-,-,NA,NA,RIVERSIDE,CATHEDRAL CITY,-116.45850372314452,33.84489440917969
9373590,2021,2021-12-16,3313,2021-11-22,1816,475,5,1,5,7,3313,0,0,0,NA,0,M19,INDIANA AV,TYLER ST,0,NA,Y,A,-,N,NA,NA,NA,NA,NA,NA,NA,NA,NA,Y,3,0,1,1,A,-,01,23152,A,M,E,I,A,A,H,-,C,A,0,NA,NA,NA,NA,Y,Y,D,22,0,1,0,0,0,0,0,0,0,-,-,33.9051399230957,-117.45699310302734,RIVERSIDE,RIVERSIDE,-117.45623016357422,33.905662536621094
9374165,2021,2022-01-04,3313,2021-11-17,1243,1686,4,3,5,7,3313,0,0,0,NA,0,T58,MADISON ST,ORCHARD ST,16,N,N,A,-,N,NA,NA,NA,NA,NA,NA,NA,NA,NA,Y,3,0,1,1,A,-,03,22350,NA,N,E,I,A,A,H,-,A,D,0,NA,NA,NA,NA,Y,NA,A,01,0,1,0,0,0,0,0,0,0,-,-,33.93851089477539,-117.4069366455078,RIVERSIDE,RIVERSIDE,-117.40689849853516,33.93830490112305
93763184,2024,2024-08-06,9840,2024-06-08,300,023114,NA,6,3,7,3313,0,1,1,NA,2,041,RT 215,CAJALCO EXPY,2000,N,N,B,-,Y,RIV,NA,215,NA,R,31.56,H,NA,R,Y,3,0,2,5,A,-,03,22350,NA,N,C,C,E,A,H,-,D,D,0,Y,NA,NA,NA,Y,Y,A,01,0,2,0,0,2,0,0,0,0,-,-,33.8520393371582,-117.25531005859376,RIVERSIDE,RIVERSIDE,-117.25507354736328,33.85211181640625
93767460,2024,2024-08-07,9840,2024-08-05,1830,017459,NA,1,2,6,3315,0,1,3,NA,2,031,SR-91 E/B,BUENA VISTA AVE,1050,E,N,A,-,Y,RIV,NA,91,NA,NA,5.818,H,NA,R,N,3,0,1,4,A,-,08,22107,NA,N,B,C,A,A,H,-,A,D,0,NA,NA,NA,Y,Y,NA,G,25,0,1,0,0,0,0,0,0,0,-,-,33.88079071044922,-117.57508087158205,RIVERSIDE,CORONA,-117.57505035400392,33.880977630615234
93768707,2024,2024-08-07,9840,2024-08-06,800,020220,NA,2,1,7,3313,0,1,1,NA,2,023,I-215 N/B,BLAINE STREET,1150,N,N,A,-,Y,RIV,NA,215,NA,NA,42.387,H,NA,R,N,4,0,1,2,D,-,00,NA,NA,N,C,C,A,A,H,-,A,A,0,NA,NA,NA,NA,Y,NA,-,-,0,0,1,0,0,0,0,0,0,-,-,33.98558044433594,-117.34516143798828,RIVERSIDE,RIVERSIDE,-117.34523010253906,33.985530853271484
9381125,2021,2022-01-26,3309,2021-11-04,1915,149,3309,4,5,4,3309,0,0,0,NA,0,003,AVENUE 48,MONROE ST,176,E,N,A,-,N,NA,NA,NA,NA,NA,NA,NA,NA,NA,Y,4,0,5,6,A,-,03,22350,A,N,C,C,A,A,H,-,D,D,0,NA,NA,NA,NA,Y,NA,A,01,0,0,5,0,0,0,0,0,0,-,-,NA,NA,RIVERSIDE,INDIO,-116.23328399658205,33.70008850097656
9382688,2021,2022-01-10,3313,2021-12-05,1717,2030,5,7,5,7,3313,0,0,0,NA,0,3R58,ARLINGTON AV,TYLER ST,0,NA,Y,A,-,N,NA,NA,NA,NA,NA,NA,NA,NA,NA,Y,4,0,2,3,A,-,09,21801,A,N,B,C,A,A,H,-,C,A,0,NA,NA,NA,NA,Y,NA,D,22,0,0,2,0,0,0,0,0,0,-,-,33.39461898803711,-117.47772216796876,RIVERSIDE,RIVERSIDE,-117.47762298583984,33.94656753540039
9386097,2021,2022-01-04,3309,2021-11-29,0829,443,3309,1,5,4,3309,0,0,0,NA,0,004,CLINTON ST,MILES AV,43,S,N,A,-,N,NA,NA,NA,NA,NA,NA,NA,NA,NA,N,4,0,2,3,A,-,03,22350,NA,N,C,C,A,A,H,-,A,A,0,NA,NA,NA,NA,Y,NA,A,01,0,0,2,0,0,0,0,0,0,-,-,NA,NA,RIVERSIDE,INDIO,-116.2426986694336,33.7219123840332
9389017,2021,2022-02-08,3313,2021-12-23,2030,1704,2,4,5,7,3313,0,0,0,NA,0,1R25,BLAINE ST,RT 215,0,NA,Y,C,-,Y,RIV,8,215,-,-,42.066,R,4,S,N,4,0,1,2,A,-,03,22350,NA,M,C,C,A,B,H,-,C,A,0,NA,NA,NA,NA,Y,NA,A,08,0,0,1,0,0,0,0,0,0,-,SO,33.98141098022461,-117.34176635742188,RIVERSIDE,RIVERSIDE,-117.34185791015624,33.98187255859375
9390763,2021,2022-01-21,3313,2021-11-17,1210,1026,4,3,5,7,3313,0,0,0,NA,0,T52,JACKSON,ANDREW ST,260,N,N,A,-,N,NA,NA,NA,NA,NA,NA,NA,NA,NA,Y,3,0,1,3,A,-,08,22107,NA,N,B,E,A,A,H,-,A,D,0,NA,NA,NA,NA,Y,NA,A,01,0,1,0,0,0,0,0,0,0,-,-,33.92089080810547,-117.43630981445313,RIVERSIDE,RIVERSIDE,-117.43668365478516,33.921539306640625
9403867,2022,2022-03-15,3313,2022-01-25,1645,2047,2,2,5,7,3313,0,0,0,NA,0,T70,14TH ST,PARK AV,101,W,N,A,-,N,NA,NA,NA,NA,NA,NA,NA,NA,NA,N,4,0,1,2,A,-,03,22350,NA,N,C,C,A,A,H,-,A,D,0,NA,NA,NA,NA,Y,NA,A,01,0,0,1,0,0,0,0,0,0,-,-,33.971649169921875,-117.36843872070313,RIVERSIDE,RIVERSIDE,-117.36879730224608,33.97172546386719
9410746,2021,2022-02-18,3313,2021-11-19,1940,1997,4,5,5,7,3313,0,0,0,NA,0,3R48,VAN BURN BL,CENTRAL AV,0,NA,Y,A,-,N,NA,NA,NA,NA,NA,NA,NA,NA,NA,Y,4,0,2,1,A,-,08,22107,NA,N,E,I,A,A,H,-,C,A,0,NA,NA,NA,NA,Y,NA,A,01,0,0,2,0,0,0,0,0,0,-,-,33.95492935180664,-117.45700073242188,RIVERSIDE,RIVERSIDE,-117.45703887939452,33.95545959472656
9411488,2022,2022-02-23,3313,2022-01-09,0806,1959,1,7,5,7,3313,0,0,0,NA,0,2R17,JURUPA AV,GRAND AV,0,NA,Y,A,-,N,NA,NA,NA,NA,NA,NA,NA,NA,NA,N,4,0,2,3,A,-,08,22107,NA,N,A,C,A,A,H,-,A,A,0,NA,NA,NA,NA,Y,NA,D,22,0,0,2,0,0,0,0,0,0,-,-,33.96208953857422,-117.41615295410156,RIVERSIDE,RIVERSIDE,-117.41607666015624,33.96188735961914
9412934,2021,2022-03-07,3313,2021-12-07,1443,1073,3,2,5,7,3313,0,0,0,NA,0,M31,ALESSANDRO BL,NORTHROP DR,515,W,N,A,-,N,NA,NA,NA,NA,NA,NA,NA,NA,NA,N,4,0,1,2,A,-,03,22350,NA,N,C,C,A,A,H,-,A,A,0,NA,NA,NA,NA,Y,NA,A,01,0,0,1,0,0,0,0,0,0,-,-,33.91651153564453,-117.32067108154295,RIVERSIDE,RIVERSIDE,-117.32241058349608,33.91632080078125
9414982,2022,2022-03-02,3313,2022-02-04,0727,1073,1,5,5,7,3313,0,0,0,NA,0,M31,MAGNOLIA AV,PALM AV,0,NA,Y,A,-,N,NA,NA,NA,NA,NA,NA,NA,NA,NA,N,4,0,2,3,A,-,12,21453,A,N,D,C,A,A,H,-,A,A,0,NA,NA,NA,NA,Y,NA,A,01,0,0,2,0,0,0,0,0,0,-,-,33.94755935668945,-117.40025329589844,RIVERSIDE,RIVERSIDE,-117.40035247802734,33.94738006591797
9415668,2021,2022-03-10,3313,2021-12-11,2147,1860,1,6,5,7,3313,0,0,0,NA,0,3R10,MISSION INN AV,LIME ST,0,NA,Y,A,-,N,NA,NA,NA,NA,NA,NA,NA,NA,NA,N,4,0,1,2,A,-,03,22350,NA,M,C,C,A,A,H,-,C,A,0,NA,NA,NA,NA,Y,Y,A,01,0,0,1,0,0,0,0,0,0,-,-,33.97998046875,-117.36994171142578,RIVERSIDE,RIVERSIDE,-117.37035369873048,33.981292724609375
9415735,2022,2022-03-18,3309,2022-02-13,1727,443,3309,7,5,4,3309,0,0,0,NA,0,002,MONROE ST,OLEANDER AV,42,N,N,A,-,N,NA,NA,NA,NA,NA,NA,NA,NA,NA,N,4,0,1,2,A,-,03,22350,NA,M,C,C,A,A,H,-,A,A,0,NA,NA,NA,NA,Y,NA,A,01,0,0,1,0,0,0,0,0,0,-,-,NA,NA,RIVERSIDE,INDIO,-116.23374176025392,33.734275817871094
9416303,2022,2022-03-16,3309,2022-02-14,1650,443,3309,1,5,4,3309,0,0,0,NA,0,001,INDIO BL,REQUA AV,0,NA,Y,A,-,N,NA,NA,NA,NA,NA,NA,NA,NA,NA,N,4,0,1,2,A,-,09,21802,A,N,D,C,A,A,H,-,A,A,0,NA,NA,NA,NA,Y,NA,A,01,0,0,1,0,0,0,0,0,0,-,-,NA,NA,RIVERSIDE,INDIO,-116.21173095703124,33.71754455566406
9416622,2021,2022-03-14,3313,2021-12-28,1442,1523,1,2,5,7,3313,0,0,0,NA,0,M22,JURUPA AV,PALM AV,759,W,N,C,-,N,NA,NA,NA,NA,NA,NA,NA,NA,NA,N,4,0,1,2,A,-,03,22350,NA,N,B,C,A,B,H,-,A,A,0,NA,NA,NA,NA,Y,NA,A,01,0,0,1,0,0,0,0,0,0,-,-,33.96110916137695,-117.40119934082033,RIVERSIDE,RIVERSIDE,-117.40357208251952,33.96117401123047
9419223,2022,2022-04-21,3301,2022-03-01,2239,U504,10,2,5,4,3301,0,0,0,NA,0,001,E LOMBARDY LN,ALESSANDRO ST,0,NA,Y,A,-,N,NA,NA,NA,NA,NA,NA,NA,NA,NA,N,3,0,1,2,A,-,09,21803,A,N,G,B,E,A,H,-,C,D,0,Y,NA,NA,NA,Y,NA,A,01,0,1,0,0,1,0,0,0,0,-,-,33.94342041015625,-116.87452697753906,RIVERSIDE,BANNING,-116.87449645996094,33.94340896606445
9425496,2022,2022-05-10,3325,2022-04-03,1154,2609,NA,7,5,4,3325,0,0,0,NA,0,001,CATHEDRAL CANYON DR,CALLE TRUJILLO,0,NA,Y,A,-,N,NA,NA,NA,NA,NA,NA,NA,NA,NA,Y,4,0,2,2,A,-,03,22350,NA,N,C,C,A,A,H,-,A,D,0,NA,NA,NA,NA,Y,NA,D,22,0,0,2,0,0,0,0,0,0,-,-,NA,NA,RIVERSIDE,CATHEDRAL CITY,-116.4668426513672,33.79616165161133
9426223,2022,2022-03-29,3313,2022-03-18,0147,1579,1,5,5,7,3313,0,0,0,NA,0,FT2,UNIVERSITY AV,ORANGE ST,105,E,N,A,-,N,NA,NA,NA,NA,NA,NA,NA,NA,NA,Y,3,0,1,3,A,-,03,22350,NA,F,B,C,A,A,H,-,C,D,0,NA,NA,NA,NA,Y,Y,A,01,0,1,0,0,0,0,0,0,0,-,-,33.98133850097656,-117.37342834472656,RIVERSIDE,RIVERSIDE,-117.37297821044922,33.981204986572266
9426589,2021,2022-04-01,3313,2021-12-09,1634,2022,4,4,5,7,3313,0,0,0,NA,0,3R48,ARLINGTON AV,VIA SAN LUIS,0,NA,Y,A,-,N,NA,NA,NA,NA,NA,NA,NA,NA,NA,N,4,0,2,2,A,-,12,21453,A,N,D,C,A,A,H,-,A,A,0,NA,NA,NA,NA,Y,NA,-,-,0,0,2,0,0,0,0,0,0,-,-,33.945159912109375,-117.42532348632813,RIVERSIDE,RIVERSIDE,-117.42514801025392,33.94601821899414
9428761,2022,2022-04-21,3313,2022-03-26,0216,2020,1,6,5,7,3313,0,0,0,NA,0,1R17,ORANGE ST,COLUMBIA AV,31,N,N,A,-,N,NA,NA,NA,NA,NA,NA,NA,NA,NA,N,4,0,1,2,A,-,08,22107,NA,F,A,C,A,A,H,-,C,A,0,NA,NA,NA,NA,Y,NA,A,01,0,0,1,0,0,0,0,0,0,-,-,34.00259017944336,-117.35726928710938,RIVERSIDE,RIVERSIDE,-117.35791778564452,34.00414276123047
9428983,2022,2022-04-04,3313,2022-03-17,1823,1537,3,4,5,7,3313,0,0,0,NA,0,M16,WOOD RD,VAN BUREN BL,120,N,N,A,-,N,NA,NA,NA,NA,NA,NA,NA,NA,NA,NA,4,0,1,2,A,-,09,21801,B,N,D,C,A,A,H,-,B,D,0,NA,NA,Y,NA,Y,NA,C,02,0,0,1,0,0,0,0,0,1,-,-,33.88713836669922,-117.33126068115234,RIVERSIDE,RIVERSIDE,-117.33135223388672,33.88747787475586
9429525,2022,2022-04-08,3313,2022-03-19,1704,1489,5,6,5,7,3313,0,0,0,NA,0,T44,LA SIERRA AV,SPAULDING RD,150,N,N,B,-,N,NA,NA,NA,NA,NA,NA,NA,NA,NA,N,4,0,1,1,A,-,08,22107,NA,N,E,I,A,A,H,-,A,D,0,NA,NA,NA,NA,Y,NA,A,01,0,0,1,0,0,0,0,0,0,-,-,33.90898132324219,-117.48061370849608,RIVERSIDE,RIVERSIDE,-117.48112487792967,33.909339904785156
9431236,2022,2022-04-11,3313,2022-02-14,1032,1523,4,1,5,7,3313,0,0,0,NA,0,M22,MAGNOLIA AV,JACKSON ST,0,NA,Y,A,-,N,NA,NA,NA,NA,NA,NA,NA,NA,NA,N,4,0,2,2,A,-,12,21453,A,N,D,C,A,A,H,-,A,A,0,NA,NA,NA,NA,Y,NA,A,07,0,0,2,0,0,0,0,0,0,-,-,33.92451858520508,-117.439208984375,RIVERSIDE,RIVERSIDE,-117.43917846679688,33.92461013793945
94356045,2024,2024-10-24,9685,2024-08-03,1746,015906,NA,6,2,9,3300,0,3,5,NA,2,003,RANCHO CALIFORNIA ROAD,GLENOAKS ROAD,0,NA,Y,A,-,N,NA,NA,NA,NA,NA,NA,NA,NA,NA,N,3,0,1,2,A,-,01,23152,A,N,G,B,E,A,C,-,A,A,0,Y,NA,NA,NA,Y,Y,D,22,0,1,0,0,1,0,0,0,0,-,-,33.553409576416016,-117.03723907470705,RIVERSIDE,UNINCORPORATED,-117.03721618652344,33.55340576171875
94356180,2024,2024-08-15,9685,2024-08-07,1303,015906,NA,3,1,5,3335,0,1,1,NA,2,030,I-15 NORTHBOUND,WINCHESTER ROAD,1320,N,N,A,-,Y,RIV,NA,15,NA,NA,6.894,H,NA,R,N,4,0,2,2,A,-,08,22107,NA,N,B,C,A,A,D,-,A,D,0,NA,NA,NA,NA,Y,NA,A,01,0,0,2,0,0,0,0,0,0,-,-,33.52613067626953,-117.16509246826172,RIVERSIDE,TEMECULA,-117.16514587402344,33.52610397338867
94359588,2024,2024-08-19,9655,2024-08-08,1405,019630,NA,4,2,9,3300,0,1,3,NA,1,312,STATE ROUTE 74 E/B,CALIFORNIA AVENUE,2376,E,N,A,-,Y,RIV,NA,74,NA,NA,36.363,H,NA,R,Y,4,0,2,4,A,-,03,22350,NA,N,C,C,A,A,G,-,A,D,0,NA,NA,NA,NA,Y,NA,A,07,0,0,2,0,0,0,0,0,0,-,-,33.74382019042969,-117.04261779785156,RIVERSIDE,UNINCORPORATED,-117.04261779785156,33.74384689331055
94359985,2024,2024-08-19,9840,2024-08-11,1351,021862,NA,7,1,7,3313,0,1,3,NA,2,010,SR-60 E/B,ORANGE ST,1700,E,N,A,-,Y,RIV,NA,60,NA,NA,12.16,H,NA,R,Y,3,0,1,2,A,-,03,22350,NA,N,C,C,A,A,H,-,A,D,0,NA,NA,NA,NA,Y,NA,A,07,0,1,0,0,0,0,0,0,0,-,-,33.993629455566406,-117.35816192626952,RIVERSIDE,RIVERSIDE,-117.35816955566406,33.993614196777344
94360781,2024,2024-08-19,9655,2024-08-16,1954,019462,NA,5,2,9,3300,0,1,3,NA,1,115,SR-243,FOREST SERVICE ROAD 3E08,1000,S,N,A,-,Y,RIV,NA,243,NA,NA,0.538,H,NA,R,Y,3,0,2,2,A,-,05,21460,A,N,B,C,A,A,H,-,D,D,0,NA,NA,NA,NA,Y,NA,A,01,0,1,1,0,0,0,0,0,0,-,-,33.70804977416992,-116.72257232666016,RIVERSIDE,UNINCORPORATED,-116.72257232666016,33.70804214477539
94364550,2024,2024-08-21,9840,2024-08-20,1630,017481,NA,2,2,6,3315,0,1,1,NA,2,034,I-15 S/B TO ONTARIO AVENUE,ONTARIO AVENUE,760,N,N,A,-,Y,RIV,NA,15,NA,NA,38.887,H,NA,L,Y,3,0,1,5,A,-,03,22350,NA,N,C,C,A,A,H,-,A,D,0,NA,NA,NA,NA,Y,NA,D,22,0,1,0,0,0,0,0,0,0,-,-,33.84661102294922,-117.5351104736328,RIVERSIDE,CORONA,-117.53485870361328,33.846580505371094
9436745,2022,2022-05-16,3313,2022-04-14,1018,1686,2,4,5,7,3313,0,0,0,NA,0,T58,THIRD ST,VINE ST,335,E,N,A,-,N,NA,NA,NA,NA,NA,NA,NA,NA,NA,N,4,0,1,2,A,-,03,22350,NA,N,C,C,A,A,H,-,A,A,0,NA,NA,NA,NA,Y,NA,A,07,0,0,1,0,0,0,0,0,0,-,-,33.9840202331543,-117.36553955078124,RIVERSIDE,RIVERSIDE,-117.36448669433594,33.98365020751953
94369648,2024,2024-08-26,9685,2024-08-16,1730,020989,NA,5,2,4,3342,0,1,1,NA,2,034,I-215 N/B,LOS ALAMOS RD,1584,S,N,A,-,Y,RIV,NA,215,NA,R,10.342,H,NA,R,Y,3,0,1,2,A,-,03,22350,NA,N,B,C,A,A,H,-,A,D,0,NA,NA,Y,NA,Y,NA,C,02,0,1,0,0,0,0,0,0,1,-,-,33.56842041015625,-117.18081665039063,RIVERSIDE,MURRIETA,-117.18074035644533,33.56842041015625
94371211,2024,2024-08-27,9685,2024-08-22,1550,016096,NA,4,2,9,3300,0,1,3,NA,2,011,SR-74,RIVERSIDE/ ORANGE COUNTY LINE,3696,E,N,A,-,Y,RIV,NA,74,NA,NA,0.383,H,NA,R,Y,3,0,3,2,A,-,05,21460,A,N,A,C,A,A,H,-,A,A,0,NA,NA,NA,NA,Y,NA,A,01,0,3,0,0,0,0,0,0,0,-,-,33.60337829589844,-117.4515380859375,RIVERSIDE,UNINCORPORATED,-117.4515380859375,33.60334396362305
94378478,2024,2024-09-02,9840,2024-08-26,430,022489,NA,1,3,7,3313,0,1,1,NA,2,023,I-215 S/B,BLAINE ST.,1056,S,N,A,-,Y,RIV,NA,215,NA,NA,42.013,H,NA,L,Y,2,0,1,1,A,-,08,22107,NA,N,E,I,A,A,H,-,C,D,0,NA,NA,NA,NA,Y,NA,A,01,1,0,0,0,0,0,0,0,0,-,-,33.981178283691406,-117.34140014648438,RIVERSIDE,RIVERSIDE,-117.3412628173828,33.981285095214844
94379773,2024,2024-09-03,9685,2024-08-29,1535,018321,NA,4,2,9,3300,0,3,5,NA,2,003,POURROY RD,HIGH VISTA DRIVE,35,S,N,A,-,N,NA,NA,NA,NA,NA,NA,NA,NA,NA,N,4,0,3,2,A,-,03,22350,NA,N,C,C,A,A,H,-,A,D,0,NA,NA,NA,NA,Y,NA,A,07,0,0,3,0,0,0,0,0,0,-,-,33.579158782958984,-117.10124206542967,RIVERSIDE,UNINCORPORATED,-117.10124969482422,33.57927322387695
94382792,2024,2024-09-05,9840,2024-09-04,1301,023816,NA,3,1,9,3300,0,3,5,NA,2,002,CENTER STREET,HIGHLAND AVENUE,0,NA,Y,A,-,N,NA,NA,NA,NA,NA,NA,NA,NA,NA,Y,4,0,1,2,A,-,09,21801,A,N,D,C,A,A,H,-,A,D,0,NA,NA,NA,NA,Y,NA,A,01,0,0,1,0,0,0,0,0,0,-,-,34.01570129394531,-117.33560943603516,RIVERSIDE,UNINCORPORATED,-117.33560943603516,34.0157356262207