CASE_ID,ACCIDENT_YEAR,PROC_DATE,JURIS,COLLISION_DATE,COLLISION_TIME,OFFICER_ID,REPORTING_DISTRICT,DAY_OF_WEEK,CHP_SHIFT,POPULATION,CNTY_CITY_LOC,SPECIAL_COND,BEAT_TYPE,CHP_BEAT_TYPE,CITY_DIVISION_LAPD,CHP_BEAT_CLASS,BEAT_NUMBER,PRIMARY_RD,SECONDARY_RD,DISTANCE,DIRECTION,INTERSECTION,WEATHER_1,WEATHER_2,STATE_HWY_IND,CALTRANS_COUNTY,CALTRANS_DISTRICT,STATE_ROUTE,ROUTE_SUFFIX,POSTMILE_PREFIX,POSTMILE,LOCATION_TYPE,RAMP_INTERSECTION,SIDE_OF_HWY,TOW_AWAY,COLLISION_SEVERITY,NUMBER_KILLED,NUMBER_INJURED,PARTY_COUNT,PRIMARY_COLL_FACTOR,PCF_CODE_OF_VIOL,PCF_VIOL_CATEGORY,PCF_VIOLATION,PCF_VIOL_SUBSECTION,HIT_AND_RUN,TYPE_OF_COLLISION,MVIW,PED_ACTION,ROAD_SURFACE,ROAD_COND_1,ROAD_COND_2,LIGHTING,CONTROL_DEVICE,CHP_ROAD_TYPE,PEDESTRIAN_ACCIDENT,BICYCLE_ACCIDENT,MOTORCYCLE_ACCIDENT,TRUCK_ACCIDENT,NOT_PRIVATE_PROPERTY,ALCOHOL_INVOLVED,STWD_VEHTYPE_AT_FAULT,CHP_VEHTYPE_AT_FAULT,COUNT_SEVERE_INJ,COUNT_VISIBLE_INJ,COUNT_COMPLAINT_PAIN,COUNT_PED_KILLED,COUNT_PED_INJURED,COUNT_BICYCLIST_KILLED,COUNT_BICYCLIST_INJURED,COUNT_MC_KILLED,COUNT_MC_INJURED,PRIMARY_RAMP,SECONDARY_RAMP,LATITUDE,LONGITUDE,COUNTY,CITY,POINT_X,POINT_Y
94905437,2025,2025-10-28,9630,2025-10-21,59,023394,NA,2,3,9,3300,0,1,1,NA,2,301,I-10 E/B,FRONTAGE RD,8976,E,N,A,-,Y,RIV,NA,10,NA,R,76.585,H,NA,R,Y,4,0,1,1,A,-,08,22107,NA,N,E,J,A,A,H,-,D,D,0,NA,NA,NA,Y,Y,NA,G,25,0,0,1,0,0,0,0,0,0,-,-,33.665260314941406,-115.88807678222656,RIVERSIDE,UNINCORPORATED,-115.88808441162108,33.665225982666016
94906411,2025,2025-10-29,9840,2025-10-19,835,023659,NA,7,1,6,3315,0,1,3,NA,2,030,I-15 SB,SR-91,440,S,N,A,-,Y,NA,NA,NA,NA,NA,NA,NA,NA,NA,N,4,0,2,2,A,-,08,22107,NA,N,D,C,A,A,H,-,A,D,0,NA,NA,NA,NA,Y,NA,A,01,0,0,2,0,0,0,0,0,0,-,-,33.8802604675293,-117.54782104492188,RIVERSIDE,CORONA,-117.54706573486328,33.88090133666992
94909107,2025,2025-10-30,9630,2025-10-12,1,024032,NA,7,3,9,3300,0,1,1,NA,2,021,I-10 E/B,COOK ST,5808,E,N,A,-,Y,RIV,NA,10,NA,NA,48.009,H,NA,R,Y,2,0,1,1,A,-,01,23152,A,N,F,A,A,A,H,-,D,D,0,NA,NA,NA,NA,Y,Y,D,22,1,0,0,0,0,0,0,0,0,-,-,33.776458740234375,-116.33892059326172,RIVERSIDE,UNINCORPORATED,-116.33888244628906,33.77650833129883
94909263,2025,2025-10-30,9630,2025-10-28,1400,018451,NA,2,2,9,3300,0,1,1,NA,2,301,I-10 W/B,CACTUS CITY REST AREA,9504,W,N,A,-,Y,RIV,NA,10,NA,R,70.283,H,NA,L,Y,4,0,2,1,A,-,08,22107,NA,N,E,I,A,A,H,-,A,D,0,NA,NA,NA,NA,Y,NA,A,01,0,0,2,0,0,0,0,0,0,-,-,33.679561614990234,-115.99546813964844,RIVERSIDE,UNINCORPORATED,-115.99546051025392,33.67965316772461
94913781,2025,2025-11-06,9630,2025-10-17,2235,024177,NA,5,3,9,3300,0,3,5,NA,2,001,N. INDIAN CANYON DRIVE,18TH AVENUE,414,N,N,A,-,N,NA,NA,NA,NA,NA,NA,NA,NA,NA,Y,2,0,1,1,A,-,01,23152,A,N,E,I,A,A,H,-,C,D,0,NA,NA,NA,NA,Y,Y,A,01,1,0,0,0,0,0,0,0,0,-,-,33.9186897277832,-116.54522705078124,RIVERSIDE,UNINCORPORATED,-116.54531860351563,33.918601989746094
94916884,2025,2025-11-10,9655,2025-10-29,1630,018444,NA,3,2,9,3300,0,3,5,NA,2,003,FAIRVIEW AVENUE,WHITTIER AVENUE,440,S,N,A,-,N,NA,NA,NA,NA,NA,NA,NA,NA,NA,Y,3,0,1,2,A,-,09,21804,A,N,D,2,A,A,H,-,A,D,0,NA,NA,NA,NA,Y,NA,A,01,0,1,0,0,0,0,0,0,0,-,-,33.735599517822266,-116.89331817626952,RIVERSIDE,UNINCORPORATED,-116.89327239990234,33.7357292175293
94919378,2025,2025-11-11,9685,2025-10-28,815,015295,NA,2,1,9,3300,0,3,5,NA,2,003,RANCHO CALIFORNIA ROAD,CALLE CONTENTO,0,NA,Y,A,-,N,NA,NA,NA,NA,NA,NA,NA,NA,NA,Y,3,0,1,2,A,-,09,21802,A,N,D,C,A,A,H,-,A,A,0,NA,NA,NA,NA,Y,NA,A,07,0,1,0,0,0,0,0,0,0,-,-,33.527610778808594,-117.06825256347656,RIVERSIDE,UNINCORPORATED,-117.06821441650392,33.527618408203125
94923285,2025,2025-11-12,9840,2025-11-02,1835,023250,NA,7,2,6,3394,0,1,3,NA,2,025,SR-60 W/B,DAY STRETT,528,W,N,A,-,Y,RIV,NA,60,NA,NA,13.244,H,NA,L,N,4,0,1,2,A,-,08,22107,NA,N,C,C,A,A,H,-,C,D,0,NA,NA,Y,NA,Y,NA,C,02,0,0,1,0,0,0,0,0,1,-,-,33.94289016723633,-117.28019714355467,RIVERSIDE,MORENO VALLEY,-117.28018951416016,33.942935943603516
94923464,2025,2025-11-12,9840,2025-10-31,1246,019527,NA,5,1,6,3345,0,1,1,NA,2,011,I-15 N/B,CANTU GALLEANO RANCH RD,460,S,N,A,-,Y,RIV,NA,15,NA,NA,50.03,H,NA,R,N,2,0,1,2,A,-,07,21658,A,N,C,C,A,A,H,-,A,D,0,NA,NA,Y,NA,Y,NA,C,02,1,0,0,0,0,0,0,0,1,-,-,34.00086975097656,-117.55011749267578,RIVERSIDE,JURUPA VALLEY,-117.55018615722656,34.00086975097656
94926516,2025,2025-11-12,9840,2025-11-06,1035,023689,NA,4,1,6,3315,0,1,3,NA,2,030,SR-91 WB,AUTO CENTER DRIVE,800,W,N,A,-,Y,RIV,NA,91,NA,R,3.566,H,NA,L,Y,4,0,1,4,A,-,03,22350,NA,N,C,C,A,A,H,-,A,D,0,NA,NA,NA,NA,Y,Y,D,22,0,0,1,0,0,0,0,0,0,-,-,33.881160736083984,-117.61566925048828,RIVERSIDE,CORONA,-117.61566925048828,33.881168365478516
94927853,2025,2026-01-23,9840,2025-11-02,1607,023168,NA,7,2,4,3307,0,1,1,NA,2,037,I-15 S/B,NICHOLS RD,307,S,N,A,-,Y,NA,NA,NA,NA,NA,NA,NA,NA,NA,Y,2,0,8,3,A,-,01,23152,A,N,A,C,A,A,H,-,A,D,0,NA,NA,NA,NA,Y,Y,D,22,5,0,3,0,0,0,0,0,0,-,-,33.70634841918945,-117.37551879882813,RIVERSIDE,LAKE ELSINORE,-117.3561782836914,33.705078125
94931023,2025,2025-11-14,9840,2025-11-13,1658,019893,NA,4,2,7,3313,0,1,3,NA,2,020,SR-91 E/B TO LA SIERRA AVE,LA SIERRA AVE,75,W,N,A,-,Y,NA,NA,NA,NA,NA,NA,NA,NA,NA,N,4,0,1,2,A,-,03,22350,NA,N,C,C,A,A,H,-,A,D,0,NA,NA,NA,NA,Y,NA,D,22,0,0,1,0,0,0,0,0,0,-,-,33.89937973022461,-117.47331237792967,RIVERSIDE,RIVERSIDE,-117.47602081298828,33.89875030517578
94931321,2025,2025-11-14,9630,2025-11-07,2350,024032,NA,5,3,9,3300,0,3,5,NA,2,501,HARRISON ST,AIRPORT BLVD,20,N,N,A,-,N,NA,NA,NA,NA,NA,NA,NA,NA,NA,Y,4,0,1,3,A,-,03,22350,NA,N,C,C,A,A,H,-,C,A,0,NA,NA,NA,NA,Y,NA,D,22,0,0,1,0,0,0,0,0,0,-,-,33.64228820800781,-116.18123626708984,RIVERSIDE,UNINCORPORATED,-116.18118286132813,33.642093658447266
94943109,2025,2026-02-10,9840,2025-11-15,739,024872,NA,6,1,6,3345,0,1,3,NA,2,010,SR-60 W/B,PEDLEY RD,23,W,N,B,-,Y,RIV,NA,60,NA,R,4.541,H,NA,L,Y,4,0,1,2,A,-,08,22107,NA,N,B,C,A,B,H,-,A,D,0,NA,NA,NA,NA,Y,NA,-,-,0,0,1,0,0,0,0,0,0,-,-,34.01924133300781,-117.48056793212892,RIVERSIDE,JURUPA VALLEY,-117.48056030273438,34.019317626953125
94944826,2025,2025-11-24,9840,2025-10-19,822,022357,NA,7,1,7,3313,0,1,1,NA,2,040,I-215 S/B,VAN BUREN BLVD,4225,S,N,A,-,Y,RIV,NA,215,NA,R,33.346,H,NA,L,N,2,0,1,2,A,-,03,22350,NA,N,C,C,A,A,H,-,A,D,0,NA,NA,NA,NA,Y,NA,A,01,1,0,0,0,0,0,0,0,0,-,-,33.87649154663086,-117.26583862304688,RIVERSIDE,RIVERSIDE,-117.2658462524414,33.876487731933594
94945968,2025,2025-11-24,9630,2025-10-10,1825,024018,NA,5,2,9,3300,0,3,5,NA,2,502,GRAPEFRUIT BOULEVARD,54TH AVENUE,1056,S,N,A,-,N,NA,NA,NA,NA,NA,NA,NA,NA,NA,N,1,1,0,2,A,-,08,22107,NA,F,G,B,E,A,H,-,B,D,0,Y,NA,NA,NA,Y,NA,-,99,0,0,0,1,0,0,0,0,0,-,-,33.654090881347656,-116.15133666992188,RIVERSIDE,UNINCORPORATED,-116.15157318115234,33.654335021972656
94947752,2025,2025-11-25,9840,2025-11-03,10,024362,NA,1,3,7,3313,0,1,1,NA,2,023,FAIR ISLE DRIVE,I-215,110,E,N,A,-,Y,NA,NA,NA,NA,NA,NA,NA,NA,NA,N,4,0,1,2,A,-,08,22107,NA,N,B,C,A,A,H,-,C,A,0,NA,NA,NA,NA,Y,NA,A,01,0,0,1,0,0,0,0,0,0,-,-,33.9486198425293,-117.3010711669922,RIVERSIDE,RIVERSIDE,NA,NA
94949419,2025,2025-11-26,9840,2025-11-12,516,024775,NA,3,3,6,3315,0,1,3,NA,2,030,SR-91 W/B,GREEN RIVER RD,4382,W,N,E,-,Y,RIV,NA,91,NA,R,0.168,H,NA,L,N,4,0,2,2,A,-,03,22350,NA,N,C,C,A,A,H,-,A,D,0,NA,NA,NA,Y,Y,NA,F,25,0,0,2,0,0,0,0,0,0,-,-,33.870819091796875,-117.66925048828124,RIVERSIDE,CORONA,-117.66918182373048,33.870670318603516
9495041,2022,2022-10-03,3302,2022-08-23,1646,1186,NA,2,5,3,3302,0,0,0,NA,0,NA,HIGHLAND SPRINGS AV,6TH ST,320,S,N,A,-,N,NA,NA,NA,NA,NA,NA,NA,NA,NA,N,4,0,1,3,A,-,08,22107,NA,N,A,C,A,A,H,-,A,D,0,NA,NA,NA,NA,Y,NA,A,01,0,0,1,0,0,0,0,0,0,-,-,33.92873001098633,-116.9471435546875,RIVERSIDE,BEAUMONT,-116.94690704345705,33.92843246459961
94952203,2025,2025-12-01,9630,2025-11-20,820,022858,NA,4,1,9,3300,0,3,5,NA,2,404,RAMON RD,DATE GARDEN DR,0,NA,Y,A,-,N,NA,NA,NA,NA,NA,NA,NA,NA,NA,Y,4,0,1,2,A,-,09,21801,A,N,D,C,A,A,H,-,A,D,0,NA,NA,NA,NA,Y,NA,A,08,0,0,1,0,0,0,0,0,0,-,-,33.816410064697266,-116.40009307861328,RIVERSIDE,UNINCORPORATED,-116.40011596679688,33.81630325317383
94954637,2025,2025-12-02,9630,2025-11-18,1705,019310,NA,2,2,9,3300,0,3,5,NA,2,001,N. INDIAN CANYON DR,THOMAS AVE,0,NA,Y,B,-,N,NA,NA,NA,NA,NA,NA,NA,NA,NA,Y,2,0,2,2,A,-,03,22350,NA,N,A,C,A,A,H,-,B,A,0,NA,NA,NA,NA,Y,NA,A,01,1,0,1,0,0,0,0,0,0,-,-,33.95045852661133,-116.5451431274414,RIVERSIDE,UNINCORPORATED,-116.54515838623048,33.95048522949219
94955759,2025,2025-12-03,9630,2025-11-25,1710,017467,NA,2,2,9,3300,0,1,3,NA,2,111,SR-111,GRANT ST,1056,W,N,A,-,Y,RIV,NA,111,NA,NA,15.911,H,NA,R,Y,4,0,1,2,A,-,03,22350,NA,N,C,C,A,A,H,-,D,D,0,NA,NA,NA,NA,Y,NA,A,07,0,0,1,0,0,0,0,0,0,-,-,33.5473518371582,-116.0464096069336,RIVERSIDE,UNINCORPORATED,-116.04639434814452,33.54738235473633
94956678,2025,2025-12-03,9840,2025-11-26,1312,021831,NA,3,1,9,3300,0,2,4,NA,2,042,VAN BUREN BOULEVARD,ORANGE TERRACE PARKWAY,0,NA,Y,A,-,N,NA,NA,NA,NA,NA,NA,NA,NA,NA,Y,4,0,1,2,A,-,12,21453,A,N,D,C,A,A,H,-,A,A,0,NA,NA,NA,NA,Y,NA,A,01,0,0,1,0,0,0,0,0,0,-,-,33.88751983642578,-117.30213165283205,RIVERSIDE,UNINCORPORATED,-117.30213165283205,33.88749313354492
94959397,2025,2025-12-05,9655,2025-11-11,2035,023491,NA,2,2,9,3300,0,1,1,NA,2,204,I-10 W/B TO MORONGO TRAIL,SEMINOLE DR,80,S,N,A,-,Y,NA,NA,NA,NA,NA,NA,NA,NA,NA,Y,3,0,1,1,A,-,01,23152,A,N,E,I,A,A,H,-,C,D,0,NA,NA,NA,NA,Y,Y,A,01,0,1,0,0,0,0,0,0,0,-,-,33.9215087890625,-116.80567169189452,RIVERSIDE,UNINCORPORATED,-116.77044677734376,33.91923904418945
94961880,2025,2025-12-08,9685,2025-11-24,1705,019577,NA,1,2,5,3335,0,1,1,NA,2,030,I-15 N/B,TEMECULA PKWY,3642,S,N,A,-,Y,RIV,NA,15,NA,R,2.719,H,NA,R,Y,4,0,1,4,A,-,04,21703,NA,N,C,C,A,A,H,-,B,D,0,NA,NA,NA,NA,Y,NA,D,22,0,0,1,0,0,0,0,0,0,-,-,33.47066116333008,-117.136962890625,RIVERSIDE,TEMECULA,-117.13697052001952,33.47065734863281
94962595,2025,2025-12-08,9685,2025-11-28,1643,016113,NA,5,2,5,3341,0,1,1,NA,2,020,I-215 (NORTHBOUND),NEWPORT ROAD,3643,N,N,A,-,Y,RIV,NA,215,NA,R,19.216,H,NA,R,Y,3,0,1,2,A,-,03,22350,NA,N,C,C,A,A,H,-,B,D,0,NA,NA,Y,NA,Y,NA,C,02,0,1,0,0,0,0,0,0,1,-,-,33.6940803527832,-117.17674255371094,RIVERSIDE,MENIFEE,-117.17667388916016,33.69411087036133
94970006,2025,2025-12-12,9685,2025-12-04,810,023846,NA,4,1,5,3341,0,1,1,NA,2,020,I-215 S/B FROM MCCALL BOULEVARD,MCCALL BLVD,32,S,N,A,-,Y,NA,NA,NA,NA,NA,NA,NA,NA,NA,N,4,0,1,2,D,-,00,NA,NA,N,B,C,A,A,H,-,A,A,0,NA,NA,NA,NA,Y,NA,-,-,0,0,1,0,0,0,0,0,0,-,-,33.714988708496094,-117.19017791748048,RIVERSIDE,MENIFEE,-117.18858337402344,33.71187973022461
94974741,2025,2025-12-16,9840,2025-11-27,1825,023212,NA,4,2,7,3313,0,1,3,NA,2,020,SR-91 EB,LA SIERRA AVE,1214,E,N,A,-,Y,RIV,NA,91,NA,NA,12.231,H,NA,R,Y,3,0,2,4,A,-,08,22107,NA,N,C,2,A,A,H,-,C,D,0,NA,NA,NA,NA,Y,NA,A,01,0,1,1,0,0,0,0,0,0,-,-,33.901031494140625,-117.46933746337892,RIVERSIDE,RIVERSIDE,-117.46933746337892,33.9010124206543
94976584,2025,2025-12-17,9685,2025-12-08,1915,018383,NA,1,2,5,3335,0,1,1,NA,2,030,I-15 SOUTBOUND,TEMECULA PKWY,5280,S,N,A,-,Y,RIV,NA,15,NA,R,1.725,H,NA,L,Y,4,0,2,2,A,-,03,22350,NA,N,C,C,A,A,H,-,A,D,0,NA,NA,NA,NA,Y,NA,A,01,0,0,2,0,0,0,0,0,0,-,-,33.45623016357422,-117.13584899902344,RIVERSIDE,TEMECULA,-117.13595581054688,33.45622253417969
94978003,2025,2025-12-18,9840,2025-12-02,1755,023981,NA,2,2,6,3345,0,1,3,NA,2,010,SR-60 E/B,VALLEY WAY,2322,W,N,A,-,Y,RIV,NA,60,NA,R,6.81,H,NA,R,Y,2,0,1,3,A,-,07,21658,A,N,B,C,A,A,H,-,C,D,0,NA,NA,Y,NA,Y,NA,A,01,1,0,0,0,0,0,0,0,1,-,-,34.01316833496094,-117.4416275024414,RIVERSIDE,JURUPA VALLEY,-117.4416275024414,34.01316833496094
94985963,2025,2025-12-24,9655,2025-12-24,710,018320,NA,3,1,9,3300,0,1,3,NA,2,213,SR-79 N/B,LAMB CANYON RD,6758,S,N,B,-,Y,RIV,NA,79,NA,R,35.808,H,NA,R,Y,4,0,2,1,A,-,03,22350,NA,N,E,I,A,B,H,-,A,D,0,NA,NA,NA,NA,Y,NA,A,01,0,0,2,0,0,0,0,0,0,-,-,33.86838150024414,-117.0012435913086,RIVERSIDE,UNINCORPORATED,-117.00123596191406,33.86835479736328
9498629,2022,2022-10-20,3302,2022-09-20,0213,1256,2,2,5,3,3302,0,0,0,NA,0,002,BEAUMONT AV,6TH ST,0,NA,Y,A,-,N,NA,NA,NA,NA,NA,NA,NA,NA,NA,Y,3,0,4,2,A,-,03,22350,NA,N,D,C,A,A,H,-,C,A,0,NA,NA,NA,NA,Y,NA,A,01,0,3,1,0,0,0,0,0,0,-,-,33.928871154785156,-116.97743988037108,RIVERSIDE,BEAUMONT,-116.9771728515625,33.929378509521484
94987235,2025,2025-12-26,9685,2025-12-15,1525,016096,NA,1,2,4,3307,0,1,1,NA,2,010,I-15 S/B FWY,RAILROAD CANYON RD.,1500,N,N,A,-,Y,RIV,NA,15,NA,NA,19.481,H,NA,L,Y,4,0,2,3,A,-,03,22350,NA,N,C,C,A,A,H,-,A,A,0,NA,NA,NA,NA,Y,NA,A,01,0,0,2,0,0,0,0,0,0,-,-,33.66539001464844,-117.3026123046875,RIVERSIDE,LAKE ELSINORE,-117.30258941650392,33.6654052734375
94989453,2025,2025-12-29,9655,2025-12-24,1439,022839,NA,3,2,3,3302,0,1,1,NA,2,202,I-10 WESTBOUND,OAK VALLEY PARKWAY,74,W,N,B,C,Y,RIV,NA,10,NA,R,5.516,H,NA,L,N,3,0,1,1,A,-,03,22350,NA,N,E,I,A,B,H,-,A,D,0,NA,NA,NA,NA,Y,NA,A,07,0,1,0,0,0,0,0,0,0,-,-,33.94511032104492,-117.00318908691406,RIVERSIDE,BEAUMONT,-117.00308227539063,33.94517517089844
94997818,2025,2026-01-05,9685,2025-12-26,815,015906,NA,5,1,5,3335,0,1,1,NA,2,030,I-15 SOUTHBOUND,RANCHO CALIFORNIA ROAD OVERCROSSING,1742,N,N,B,-,Y,RIV,NA,15,NA,NA,5.317,H,NA,L,Y,4,0,3,2,A,-,08,22107,NA,N,D,2,A,A,D,-,A,D,0,NA,NA,NA,NA,Y,NA,A,01,0,0,3,0,0,0,0,0,0,-,-,33.50539016723633,-117.15377044677734,RIVERSIDE,TEMECULA,-117.15369415283205,33.50541305541992
94998499,2025,2026-01-05,9685,2025-12-13,1855,023963,NA,6,2,9,3300,0,3,5,NA,2,003,PALA RD,LOS ENCINEROS RD,310,N,N,A,-,N,NA,NA,NA,NA,NA,NA,NA,NA,NA,Y,3,0,1,1,A,-,01,23152,A,N,E,I,A,A,H,-,D,D,0,NA,NA,Y,NA,Y,Y,C,02,0,1,0,0,0,0,0,0,1,-,-,33.43973159790039,-117.0912628173828,RIVERSIDE,UNINCORPORATED,-117.09120941162108,33.439727783203125
95006850,2025,2026-01-09,9840,2025-12-30,1930,024010,NA,2,2,7,3313,0,1,1,NA,2,023,I215 SOUTHBOUND,CENTRAL AVENUE,1478,N,N,A,-,Y,RIV,NA,215,NA,NA,39.799,H,NA,L,N,4,0,1,2,A,-,03,22350,NA,N,C,C,A,A,H,-,D,D,0,NA,NA,NA,NA,Y,NA,A,01,0,0,1,0,0,0,0,0,0,-,-,33.96067810058594,-117.31411743164063,RIVERSIDE,RIVERSIDE,-117.31411743164063,33.960689544677734
95009755,2025,2026-01-12,9840,2025-12-18,1444,023114,NA,4,2,9,3300,0,3,5,NA,2,004,COWIE AVE,DERPAD,685,S,N,A,-,N,NA,NA,NA,NA,NA,NA,NA,NA,NA,N,4,0,1,2,A,-,08,22107,NA,N,E,C,A,A,H,-,A,A,0,NA,NA,NA,NA,Y,NA,D,22,0,0,1,0,0,0,0,0,0,-,-,33.77775955200195,-117.26995849609376,RIVERSIDE,UNINCORPORATED,-117.26985931396484,33.77736282348633
95011190,2025,2026-01-13,9840,2025-12-30,2328,023688,NA,2,3,6,3315,0,1,3,NA,2,031,SR-91 E/B,MCKINLEY ST,528,W,N,A,-,Y,RIV,NA,91,NA,NA,9.129,H,NA,R,Y,4,0,1,1,A,-,08,22107,NA,N,E,I,A,A,H,-,D,D,0,NA,NA,NA,NA,Y,NA,A,01,0,0,1,0,0,0,0,0,0,-,-,33.885738372802734,-117.51862335205078,RIVERSIDE,CORONA,-117.51868438720705,33.885841369628906
95020421,2025,2026-01-20,9840,2025-12-27,1542,023574,NA,6,2,9,3300,0,1,1,NA,2,040,I-215 S/B,EUCALYTPUS AVENUE,2640,N,N,A,-,Y,RIV,NA,215,NA,R,37.962,H,NA,L,Y,2,0,1,1,C,-,18,NA,NA,N,H,J,A,A,A,-,A,D,0,NA,NA,Y,NA,Y,NA,-,-,1,0,0,0,0,0,0,0,1,-,-,33.93880844116211,-117.29118347167967,RIVERSIDE,UNINCORPORATED,-117.2911376953125,33.93881607055664
95024383,2025,2026-01-22,9685,2025-11-07,1527,019860,NA,5,2,9,3300,0,1,3,NA,2,011,SR-74,TENAJA TRUCK TRAIL,0,NA,Y,A,-,Y,RIV,NA,74,NA,NA,3.104,H,NA,R,Y,1,1,0,2,A,-,03,22350,NA,N,D,C,A,A,H,-,A,D,0,NA,NA,Y,NA,Y,NA,C,02,0,0,0,0,0,0,0,1,0,-,-,33.6161994934082,-117.42575073242188,RIVERSIDE,UNINCORPORATED,-117.42576599121094,33.616214752197266
9506863,2022,2022-10-14,3313,2022-09-27,1554,0282,2,2,5,7,3313,0,0,0,NA,0,T48,IOWA AV,SPRUCE ST,0,NA,Y,A,-,N,NA,NA,NA,NA,NA,NA,NA,NA,NA,Y,3,0,2,2,A,-,12,21453,A,N,D,C,A,A,H,-,A,A,0,NA,NA,NA,NA,Y,NA,A,01,0,1,1,0,0,0,0,0,0,-,-,33.9898796081543,-117.33998870849608,RIVERSIDE,RIVERSIDE,-117.33984375,33.99022674560547
9533948,2022,2023-01-24,3309,2022-08-26,1259,2019,3309,5,5,4,3309,0,0,0,NA,0,005,FRED WARING DR,E JEFFERSON ST,0,NA,Y,A,-,N,NA,NA,NA,NA,NA,NA,NA,NA,NA,Y,4,0,1,2,A,-,12,21453,A,N,D,C,A,A,H,-,A,A,0,NA,NA,NA,NA,Y,NA,A,01,0,0,1,0,0,0,0,0,0,-,-,NA,NA,RIVERSIDE,INDIO,-116.26893615722656,33.72930908203125
9548366,2022,2023-03-09,3309,2022-11-07,0747,W2204,DESER,1,5,4,3309,0,0,0,NA,0,004,AV 48,HJORTH ST,0,NA,Y,A,-,N,NA,NA,NA,NA,NA,NA,NA,NA,NA,N,4,0,1,2,A,-,03,22350,NA,N,D,C,A,A,H,-,A,A,0,NA,NA,NA,NA,Y,NA,A,01,0,0,1,0,0,0,0,0,0,-,-,NA,NA,RIVERSIDE,INDIO,-116.24681091308594,33.69999694824219
9549644,2022,2023-03-30,3301,2022-11-23,1214,U517,35,3,5,4,3301,0,0,0,NA,0,003,OMAR PL,WILSON CIR,0,NA,Y,A,-,N,NA,NA,NA,NA,NA,NA,NA,NA,NA,Y,4,0,1,2,A,-,08,22108,NA,N,B,C,A,A,H,-,A,D,0,NA,NA,NA,NA,Y,NA,A,01,0,0,1,0,0,0,0,0,0,-,-,33.93252944946289,-116.9240493774414,RIVERSIDE,BANNING,-116.92405700683594,33.93253707885742
9559254,2023,2023-03-27,3309,2023-02-15,1255,332,3309,3,5,4,3309,0,0,0,NA,0,002,MAIN ST,AVE 44,0,NA,Y,A,-,N,NA,NA,NA,NA,NA,NA,NA,NA,NA,N,4,0,1,2,B,-,22,NA,NA,N,G,B,F,A,H,-,A,D,0,Y,NA,NA,NA,Y,NA,D,22,0,0,1,0,1,0,0,0,0,-,-,NA,NA,RIVERSIDE,INDIO,-116.22023010253906,33.729427337646484
9562627,2022,2023-04-06,3302,2022-11-11,1151,1089,3302,5,5,3,3302,0,0,0,NA,0,002,HIGHLAND SPRINGS AV,6TH ST,75,S,N,A,-,N,NA,NA,NA,NA,NA,NA,NA,NA,NA,Y,4,0,1,2,A,-,08,22107,NA,N,D,C,A,A,H,-,A,D,0,NA,NA,NA,NA,Y,NA,A,01,0,0,1,0,0,0,0,0,0,-,-,33.92937088012695,-116.94686889648438,RIVERSIDE,BEAUMONT,-116.94688415527344,33.92910385131836
9563336,2023,2023-05-01,3309,2023-03-16,1738,2211,3309,4,5,4,3309,0,0,0,NA,0,005,JEFFERSON ST,FRED WARING DR,0,NA,Y,A,C,N,NA,NA,NA,NA,NA,NA,NA,NA,NA,Y,4,0,2,3,A,-,09,21800,A,N,D,C,A,A,H,-,A,A,0,NA,NA,NA,NA,Y,NA,A,01,0,0,2,0,0,0,0,0,0,-,-,NA,NA,RIVERSIDE,INDIO,-116.26893615722656,33.72930908203125
9589836,2023,2023-08-02,3309,2023-06-15,2155,2301,3309,4,5,4,3309,0,0,0,NA,0,005,MONROE ST,AV 42,1244,S,N,A,-,N,NA,NA,NA,NA,NA,NA,NA,NA,NA,N,3,0,2,2,A,-,09,21801,A,N,D,C,A,A,H,-,C,A,0,NA,NA,NA,NA,Y,NA,A,01,0,1,1,0,0,0,0,0,0,-,-,NA,NA,RIVERSIDE,INDIO,-116.2339324951172,33.740509033203125
9590206,2023,2023-07-24,3309,2023-06-01,1755,2301,3309,4,5,4,3309,0,0,0,NA,0,004,MADISON ST,AVE 46,0,NA,Y,A,-,N,NA,NA,NA,NA,NA,NA,NA,NA,NA,N,4,0,1,2,A,-,09,21801,A,N,D,C,A,A,H,-,A,A,0,NA,NA,NA,NA,Y,NA,A,01,0,0,1,0,0,0,0,0,0,-,-,NA,NA,RIVERSIDE,INDIO,-116.25144958496094,33.714691162109375
9603392,2023,2023-08-10,3309,2023-06-13,1244,443,3309,2,5,4,3309,0,0,0,NA,0,001,OASIS ST,RT 111,9,N,N,A,-,N,NA,NA,NA,NA,NA,NA,NA,NA,NA,Y,3,0,1,2,A,-,10,21950,A,N,G,C,B,A,H,-,A,A,0,Y,NA,NA,NA,Y,NA,A,01,0,1,0,0,1,0,0,0,0,-,-,NA,NA,RIVERSIDE,INDIO,-116.22086334228516,33.7149658203125