CASE_ID,ACCIDENT_YEAR,PROC_DATE,JURIS,COLLISION_DATE,COLLISION_TIME,OFFICER_ID,REPORTING_DISTRICT,DAY_OF_WEEK,CHP_SHIFT,POPULATION,CNTY_CITY_LOC,SPECIAL_COND,BEAT_TYPE,CHP_BEAT_TYPE,CITY_DIVISION_LAPD,CHP_BEAT_CLASS,BEAT_NUMBER,PRIMARY_RD,SECONDARY_RD,DISTANCE,DIRECTION,INTERSECTION,WEATHER_1,WEATHER_2,STATE_HWY_IND,CALTRANS_COUNTY,CALTRANS_DISTRICT,STATE_ROUTE,ROUTE_SUFFIX,POSTMILE_PREFIX,POSTMILE,LOCATION_TYPE,RAMP_INTERSECTION,SIDE_OF_HWY,TOW_AWAY,COLLISION_SEVERITY,NUMBER_KILLED,NUMBER_INJURED,PARTY_COUNT,PRIMARY_COLL_FACTOR,PCF_CODE_OF_VIOL,PCF_VIOL_CATEGORY,PCF_VIOLATION,PCF_VIOL_SUBSECTION,HIT_AND_RUN,TYPE_OF_COLLISION,MVIW,PED_ACTION,ROAD_SURFACE,ROAD_COND_1,ROAD_COND_2,LIGHTING,CONTROL_DEVICE,CHP_ROAD_TYPE,PEDESTRIAN_ACCIDENT,BICYCLE_ACCIDENT,MOTORCYCLE_ACCIDENT,TRUCK_ACCIDENT,NOT_PRIVATE_PROPERTY,ALCOHOL_INVOLVED,STWD_VEHTYPE_AT_FAULT,CHP_VEHTYPE_AT_FAULT,COUNT_SEVERE_INJ,COUNT_VISIBLE_INJ,COUNT_COMPLAINT_PAIN,COUNT_PED_KILLED,COUNT_PED_INJURED,COUNT_BICYCLIST_KILLED,COUNT_BICYCLIST_INJURED,COUNT_MC_KILLED,COUNT_MC_INJURED,PRIMARY_RAMP,SECONDARY_RAMP,LATITUDE,LONGITUDE,COUNTY,CITY,POINT_X,POINT_Y
6558588,2014,2014-08-13,9840,2014-06-27,1717,016497,NA,5,2,9,3300,0,3,5,NA,2,003,CAJALCO RD,LA SIERRA AV,2640,W,N,A,-,N,NA,NA,NA,NA,NA,NA,NA,NA,NA,Y,3,0,3,2,A,-,03,22350,NA,N,A,C,A,A,H,-,A,D,0,NA,NA,NA,NA,Y,NA,A,01,0,2,1,0,0,0,0,0,0,-,-,33.82981,-117.46741,RIVERSIDE,UNINCORPORATED,-117.46838984,33.83053723
6558768,2014,2014-08-26,3313,2014-07-12,1316,1523,EAST,6,5,7,3313,0,0,0,NA,0,T44,UNIVERSITY AV,CRANFORD AV,180,W,N,A,-,N,NA,NA,NA,NA,NA,NA,NA,NA,NA,Y,3,0,2,1,A,-,08,22107,NA,N,E,I,A,A,H,-,A,A,0,NA,NA,NA,NA,Y,NA,A,01,0,2,0,0,0,0,0,0,0,-,-,NA,NA,RIVERSIDE,RIVERSIDE,-117.34479194,33.97573
6559604,2014,2014-07-31,3300,2014-04-26,1904,4300,NA,6,5,4,3314,0,0,0,NA,0,070,LYON AV,7TH ST,0,NA,Y,B,-,N,NA,NA,NA,NA,NA,NA,NA,NA,NA,N,2,0,1,2,A,-,09,21800,A,N,D,C,A,B,H,-,B,A,0,NA,NA,Y,NA,Y,NA,A,01,1,0,0,0,0,0,0,0,1,-,-,NA,NA,RIVERSIDE,SAN JACINTO,-116.98934005,33.78008004
6559744,2014,2014-08-14,3300,2014-05-13,1328,4323,910H,2,5,5,3335,0,0,0,NA,0,067,RANCHO CALIFORNIA RD,MORAGA RD,0,NA,Y,A,-,N,NA,NA,NA,NA,NA,NA,NA,NA,NA,Y,4,0,2,2,A,-,12,21453,A,N,D,C,A,A,H,-,A,A,0,NA,NA,NA,NA,Y,NA,A,01,0,0,2,0,0,0,0,0,0,-,-,NA,NA,RIVERSIDE,TEMECULA,-117.14010012,33.50752002
6559749,2014,2014-08-15,3300,2014-05-02,0900,2764,22G4,5,5,3,3317,0,0,0,NA,0,MO828,MORNINGSIDE DR,JOHNAR BL,0,NA,Y,A,-,N,NA,NA,NA,NA,NA,NA,NA,NA,NA,Y,3,0,1,2,A,-,09,21801,A,N,D,C,A,A,H,-,A,D,0,NA,NA,NA,NA,Y,NA,A,01,0,1,0,0,0,0,0,0,0,-,-,NA,NA,RIVERSIDE,RANCHO MIRAGE,-116.42571003,33.76576012
6559985,2014,2014-08-22,3300,2014-07-06,1229,4996,603A4,7,5,6,3394,0,0,0,NA,0,MV32,JOHNNY F KENNEDY DR,INDIAN ST,0,NA,Y,A,-,N,NA,NA,NA,NA,NA,NA,NA,NA,NA,Y,4,0,1,2,A,-,12,21453,A,N,D,C,A,A,H,-,A,A,0,NA,NA,NA,NA,Y,NA,A,01,0,0,1,0,0,0,0,0,0,-,-,NA,NA,RIVERSIDE,MORENO VALLEY,-117.23496006,33.90276001
6560486,2014,2016-04-16,3311,2014-06-01,0159,5898,3311,7,5,4,3311,0,0,0,NA,0,001,RT 111,GATEWAY DR,450,N,N,A,-,Y,RIV,8,111,-,-,55.262,I,5,N,Y,4,0,1,1,A,-,01,23152,A,N,E,I,A,A,H,-,C,D,0,NA,NA,NA,NA,Y,Y,A,01,0,0,1,0,0,0,0,0,0,-,-,NA,NA,RIVERSIDE,PALM SPRINGS,-116.56134247,33.86142745
6560507,2014,2014-08-13,3300,2014-06-04,1942,3775,604B3,3,5,6,3394,0,0,0,NA,0,MV42,COTTONWOOD AV,OLIVER ST,98,W,N,A,-,N,NA,NA,NA,NA,NA,NA,NA,NA,NA,N,3,0,1,1,A,-,03,22350,NA,N,E,I,A,A,H,-,B,D,0,NA,NA,Y,NA,Y,NA,C,02,0,1,0,0,0,0,0,0,1,-,-,NA,NA,RIVERSIDE,MORENO VALLEY,-117.18084681,33.92357205
6560525,2014,2014-08-13,3300,2014-06-14,2225,4413,910H,6,5,5,3335,0,0,0,NA,0,062,MARGARITA DR,MORAGA RD,50,W,N,A,-,N,NA,NA,NA,NA,NA,NA,NA,NA,NA,Y,4,0,1,2,A,-,03,22350,NA,N,C,C,A,A,H,-,C,A,0,NA,NA,NA,NA,Y,NA,A,01,0,0,1,0,0,0,0,0,0,-,-,NA,NA,RIVERSIDE,TEMECULA,-117.14095338,33.51147527
6560543,2014,2014-08-13,3300,2014-06-25,1310,N1673,36H5,3,5,4,3318,0,0,0,NA,0,T36,MONTEREY AV,AVENIDA DEL SOL,26,S,N,A,-,N,NA,NA,NA,NA,NA,NA,NA,NA,NA,N,4,0,3,3,A,-,03,22350,NA,N,C,C,A,A,H,-,A,A,0,NA,NA,NA,NA,Y,NA,A,01,0,0,3,0,0,0,0,0,0,-,-,NA,NA,RIVERSIDE,PALM DESERT,-116.39118182,33.74688887
6561462,2014,2016-05-09,9685,2014-07-12,0545,015757,NA,6,3,4,3342,0,1,1,NA,2,030,RT 15,MURRIETA HOT SPRINGS RD,1320,N,N,A,-,Y,RIV,8,15,-,-,9.89,H,-,S,Y,3,0,1,1,C,-,18,NA,NA,N,E,I,A,A,H,-,A,D,1,NA,NA,NA,NA,Y,NA,-,-,0,1,0,0,0,0,0,0,0,-,-,33.55829,-117.1981,RIVERSIDE,MURRIETA,-117.19807075,33.55846424
6564007,2014,2015-04-23,3300,2014-07-02,1542,4304,011F,3,5,4,3344,0,0,0,NA,0,063,LIMONITE AV,MULAN ST,6,N,N,A,-,N,NA,NA,NA,NA,NA,NA,NA,NA,NA,N,4,0,1,1,A,-,08,22107,NA,N,E,I,A,A,H,-,A,D,0,NA,NA,NA,NA,Y,NA,A,01,0,0,1,0,0,0,0,0,0,-,-,NA,NA,RIVERSIDE,EASTVALE,-117.5712,33.97531
6566361,2014,2014-08-25,3311,2014-07-11,0954,15789,3311,5,5,4,3311,0,0,0,NA,0,006,EAST RAMON RD,VELLA RD,0,NA,Y,A,-,N,NA,NA,NA,NA,NA,NA,NA,NA,NA,N,4,0,2,3,A,-,03,22350,NA,N,C,-,A,A,H,-,A,A,0,NA,NA,NA,NA,Y,NA,A,01,0,0,2,0,0,0,0,0,0,-,-,NA,NA,RIVERSIDE,PALM SPRINGS,-116.49737002,33.81584004
6567469,2014,2015-03-02,9840,2014-06-14,1400,13376,NA,6,2,4,3307,0,1,1,NA,2,037,RT 15,LAKE ST,1000,N,N,A,-,Y,RIV,8,15,-,-,26.9,H,-,S,N,4,0,2,2,A,-,03,22350,NA,M,C,C,A,A,H,-,A,D,1,NA,NA,NA,NA,Y,NA,A,01,0,0,2,0,0,0,0,0,0,-,-,33.43477,-117.23367,RIVERSIDE,LAKE ELSINORE,-117.39712321,33.7301139
6567471,2014,2015-04-07,3302,2014-06-28,1022,10000,NA,6,5,3,3302,0,0,0,NA,0,NA,RT 60,JACK RABBIT TRL,0,NA,Y,A,-,Y,RIV,8,60,-,-,27.979,I,5,E,Y,4,0,4,2,A,-,09,21802,A,N,D,C,A,A,H,-,A,A,0,NA,NA,NA,NA,Y,NA,A,07,0,0,4,0,0,0,0,0,0,-,-,33.93298,-117.03092,RIVERSIDE,BEAUMONT,-117.03340076,33.9339117
6567808,2014,2016-04-30,9840,2014-07-14,0210,019874,NA,1,3,7,3313,0,1,1,NA,2,023,RT 60,ORANGE ST,500,E,N,A,-,Y,RIV,8,60,-,-,11.91,H,-,E,Y,3,0,2,2,A,-,01,23152,A,N,B,C,A,A,H,-,C,D,1,NA,NA,NA,NA,Y,Y,A,01,0,1,1,0,0,0,0,0,0,-,-,33.99546,-117.36272,RIVERSIDE,RIVERSIDE,-117.362033,33.99527014
6568946,2014,2016-05-31,9660,2014-07-08,0045,20671,NA,2,3,3,3303,0,1,1,NA,2,031,RT 10,MESA DR,15840,W,N,A,-,Y,RIV,8,10,-,R,142.31,H,-,E,Y,2,0,2,1,A,-,08,22107,NA,N,E,I,A,A,H,-,D,D,1,NA,NA,NA,NA,Y,NA,A,01,1,0,1,0,0,0,0,0,0,-,-,33.6096,-114.77703,RIVERSIDE,BLYTHE,-114.77569635,33.6094766
6571825,2014,2014-08-06,3313,2014-06-24,1300,1026,N,2,5,7,3313,0,0,0,NA,0,T52,MARKET ST,12TH ST,134,N,N,A,-,N,NA,NA,NA,NA,NA,NA,NA,NA,NA,N,4,0,1,2,A,-,03,22350,NA,N,C,C,A,A,H,-,A,D,0,NA,NA,NA,NA,Y,NA,D,22,0,0,1,0,0,0,0,0,0,-,-,NA,NA,RIVERSIDE,RIVERSIDE,-117.37809618,33.97894103
6573005,2014,2014-08-12,3300,2014-03-20,1317,3210,809C,4,5,3,3343,0,0,0,NA,0,089,CLINTON KEITH RD,HIDDEN SPRINGS RD,0,NA,Y,A,-,N,NA,NA,NA,NA,NA,NA,NA,NA,NA,Y,4,0,2,3,A,-,10,21950,A,N,G,B,B,A,H,-,A,A,0,Y,NA,NA,NA,Y,NA,A,01,0,0,2,0,2,0,0,0,0,-,-,NA,NA,RIVERSIDE,WILDOMAR,-117.24704012,33.59429002
6575075,2014,2016-04-30,9840,2014-07-27,1310,14335,NA,7,1,6,3315,0,1,3,NA,2,311,RT 91,MCKINLEY ST,264,W,N,A,-,Y,RIV,8,91,-,-,9.13,H,-,W,Y,4,0,1,2,A,-,03,22350,NA,N,C,C,A,A,H,-,A,D,1,NA,NA,NA,NA,Y,NA,A,01,0,0,1,0,0,0,0,0,0,-,-,33.8845,-117.53006,RIVERSIDE,CORONA,-117.51879224,33.88598116
6576694,2014,2015-03-12,3311,2014-07-12,1341,15789,3311,6,5,4,3311,0,0,0,NA,0,004,NORTH SUNRISE WY,E VIA ESCUELA,0,NA,Y,A,-,N,NA,NA,NA,NA,NA,NA,NA,NA,NA,Y,4,0,2,2,A,-,12,21453,A,N,D,C,A,A,H,-,A,A,0,NA,NA,NA,NA,Y,NA,A,01,0,0,2,0,0,0,0,0,0,-,-,NA,NA,RIVERSIDE,PALM SPRINGS,-116.52817007,33.84848001
6576959,2014,2014-08-29,9655,2014-07-23,0757,017000,NA,3,1,9,3300,0,3,5,NA,2,003,SAGE RD,CACTUS VALLEY RD,1056,S,N,A,-,N,NA,NA,NA,NA,NA,NA,NA,NA,NA,Y,3,0,1,1,A,-,08,22107,NA,N,F,A,A,A,H,-,A,D,0,NA,NA,NA,Y,Y,NA,F,21,0,1,0,0,0,0,0,0,0,-,-,33.66845,-116.9492,RIVERSIDE,UNINCORPORATED,-116.96633905,33.66950203
6577041,2014,2016-04-30,9655,2014-07-26,1340,017501,NA,6,1,9,3300,0,1,1,NA,2,204,RT 10,MAIN ST,1584,W,N,A,-,Y,RIV,8,10,-,-,19.1,H,-,E,Y,3,0,1,1,A,-,08,22107,NA,N,F,A,A,A,H,-,A,D,1,NA,NA,Y,NA,Y,NA,C,02,0,1,0,0,0,0,0,0,1,-,-,33.91858,-116.78367,RIVERSIDE,UNINCORPORATED,-116.78323693,33.91864592
6577053,2014,2016-01-15,9655,2014-07-29,1700,015795,NA,2,2,9,3300,0,1,3,NA,2,315,RT 79,ASBURY ST,0,NA,Y,A,-,N,NA,NA,NA,NA,NA,NA,NA,NA,NA,Y,3,0,2,2,A,-,08,22100,A,N,C,C,A,A,H,-,A,D,0,NA,NA,NA,NA,Y,NA,A,01,0,1,1,0,0,0,0,0,0,-,-,33.71035,-117.00477,RIVERSIDE,UNINCORPORATED,-117.08496008,33.71027009
6577062,2014,2016-04-30,9655,2014-07-28,1300,015795,NA,1,1,9,3300,0,1,1,NA,2,202,RT 10,SINGLETON RD,1056,E,N,A,-,Y,RIV,8,10,-,R,2.12,H,-,W,N,4,0,1,2,A,-,07,21658,A,N,C,C,A,A,H,-,A,D,1,NA,NA,NA,NA,Y,NA,A,01,0,0,1,0,0,0,0,0,0,-,-,33.97932,-117.04753,RIVERSIDE,UNINCORPORATED,-117.04805298,33.97672951
6577750,2014,2016-05-31,9655,2014-07-19,0358,018163,NA,6,3,3,3302,0,1,1,NA,2,202,RT 10,HIGHLAND SPRINGS AV,322,W,N,A,-,Y,RIV,8,10,-,-,9.24,H,-,W,Y,3,0,1,1,A,-,01,23152,A,N,E,I,A,A,H,-,C,D,1,NA,NA,Y,NA,Y,Y,C,02,0,1,0,0,0,0,0,0,1,-,-,33.92727,-116.94911,RIVERSIDE,BEAUMONT,-116.94819066,33.92708257
6578380,2014,2016-04-30,9840,2014-08-05,0220,019813,NA,2,3,6,3315,0,1,3,NA,2,030,RT 91,RT 71,4752,E,N,A,-,Y,RIV,8,91,-,R,3,H,-,W,Y,3,0,1,2,A,-,01,23152,A,N,C,C,A,A,D,-,C,D,1,NA,NA,NA,Y,Y,Y,A,01,0,1,0,0,0,0,0,0,0,-,-,33.88416,-117.62843,RIVERSIDE,CORONA,-117.62510226,33.8830042
6579651,2014,2014-08-20,3300,2014-04-22,1945,N4544,602D3,2,5,6,3394,0,0,0,NA,0,026,ALESSANDRO BL,COVEY QUAIL LN,170,W,N,A,-,N,NA,NA,NA,NA,NA,NA,NA,NA,NA,N,2,0,1,2,A,-,11,21954,A,N,-,B,D,A,H,-,C,A,0,Y,NA,NA,NA,Y,NA,N,60,1,0,0,0,1,0,0,0,0,-,-,NA,NA,RIVERSIDE,MORENO VALLEY,-117.23167858,33.91735291
6581001,2014,2014-09-02,3313,2014-07-22,2104,1073,CENTR,2,5,7,3313,0,0,0,NA,0,T42,CALIFORNIA AV,JACKSON ST,12,E,N,A,-,N,NA,NA,NA,NA,NA,NA,NA,NA,NA,N,4,0,1,2,A,-,11,21950,B,N,G,B,B,A,H,-,C,A,0,Y,NA,NA,NA,Y,NA,N,60,0,0,1,0,1,0,0,0,0,-,-,NA,NA,RIVERSIDE,RIVERSIDE,-117.44422741,33.93081852
6582341,2014,2016-06-03,9685,2014-07-25,1645,012453,NA,5,2,3,3343,0,1,1,NA,2,010,RT 15,BUNDY CANYON RD,421,N,N,A,-,Y,RIV,8,15,-,-,16.41,H,-,N,Y,2,0,2,1,A,-,08,22107,NA,N,E,I,A,A,H,-,A,D,1,NA,NA,NA,NA,Y,NA,A,07,1,1,0,0,0,0,0,0,0,-,-,33.62802,-117.27367,RIVERSIDE,WILDOMAR,-117.2734726,33.62801152
6582421,2014,2016-04-30,9840,2014-07-30,1620,12208,NA,3,2,6,3315,0,1,3,NA,2,030,RT 91,SERFAS CLUB DR,1277,W,N,B,-,Y,RIV,8,91,-,R,3.47,H,-,W,Y,4,0,1,4,A,-,04,21703,NA,N,C,C,A,A,H,-,A,D,1,NA,NA,NA,NA,Y,NA,A,01,0,0,1,0,0,0,0,0,0,-,-,33.88151,-117.61731,RIVERSIDE,CORONA,-117.61723697,33.88137013
6583457,2014,2014-08-29,3300,2014-07-17,1843,4460,916B,4,5,4,3312,0,0,0,NA,0,032,PERRIS BL,PERRIS PLAZA,0,NA,Y,A,-,N,NA,NA,NA,NA,NA,NA,NA,NA,NA,N,4,0,1,2,A,-,03,22350,NA,N,C,C,A,A,H,-,A,A,0,NA,NA,NA,NA,Y,NA,A,01,0,0,1,0,0,0,0,0,0,-,-,NA,NA,RIVERSIDE,PERRIS,-117.22614011,33.85901011
6583512,2014,2014-08-19,3313,2014-07-29,2002,1096,WEST,2,5,7,3313,0,0,0,NA,0,T43,MAGNOLIA AV,HOLE AV,446,W,N,A,-,N,NA,NA,NA,NA,NA,NA,NA,NA,NA,Y,4,0,1,2,A,-,17,21461,A,N,D,C,A,A,H,-,C,A,0,NA,NA,NA,NA,Y,NA,A,01,0,0,1,0,0,0,0,0,0,-,-,NA,NA,RIVERSIDE,RIVERSIDE,-117.45900552,33.91337711
6585699,2014,2014-08-18,3300,2014-07-21,1356,3280,910I,1,5,5,3335,0,0,0,NA,0,063,LA SERENA WY,CALLE PINA COLADA,0,NA,Y,A,-,N,NA,NA,NA,NA,NA,NA,NA,NA,NA,N,4,0,2,2,A,-,09,21804,A,N,D,C,A,A,H,-,A,A,0,NA,NA,NA,NA,Y,NA,A,01,0,0,2,0,0,0,0,0,0,-,-,NA,NA,RIVERSIDE,TEMECULA,-117.12109004,33.52022008
6588913,2014,2016-05-06,9840,2014-08-14,1635,14916,NA,4,2,9,3300,0,1,1,NA,2,040,RT 215,VAN BUREN BL,2112,N,N,A,-,Y,RIV,8,215,-,R,34.57,H,-,N,Y,3,0,2,2,A,-,07,21658,A,N,B,C,A,A,H,-,A,D,1,NA,NA,NA,Y,Y,NA,F,25,0,1,1,0,0,0,0,0,0,-,-,33.88964,-117.27027,RIVERSIDE,UNINCORPORATED,-117.27282837,33.89312281
6589124,2014,2016-04-30,9840,2014-07-30,0820,17399,NA,3,1,6,3315,0,1,3,NA,2,030,RT 91,SERFAS CLUB DR,1400,W,N,A,-,Y,RIV,8,91,-,R,3.44,H,-,W,N,3,0,1,2,A,-,08,22107,NA,N,B,C,A,A,H,-,A,D,1,NA,NA,Y,NA,Y,NA,C,02,0,1,0,0,0,0,0,0,1,-,-,33.88165,-117.62037,RIVERSIDE,CORONA,-117.61774755,33.88143549
6589810,2014,2014-09-05,3308,2014-08-11,1401,8344,505,1,5,5,3308,0,0,0,NA,0,NORTH,KIRBY ST,LAS BRISAS,0,NA,Y,A,-,N,NA,NA,NA,NA,NA,NA,NA,NA,NA,Y,4,0,1,2,A,-,03,22350,NA,N,C,C,A,A,H,-,A,D,0,NA,NA,NA,NA,Y,NA,A,07,0,0,1,0,0,0,0,0,0,-,-,NA,NA,RIVERSIDE,HEMET,-116.99792003,33.75973001
6594628,2014,2014-09-05,3300,2014-07-04,2048,3753,602E3,5,5,6,3394,0,0,0,NA,0,MV28,DRACAEA AV,NINEBARK AV,135,W,N,A,-,N,NA,NA,NA,NA,NA,NA,NA,NA,NA,N,3,0,1,2,A,-,11,21954,A,N,G,B,D,A,H,-,E,D,0,Y,NA,NA,NA,Y,NA,N,60,0,1,0,0,1,0,0,0,0,-,-,NA,NA,RIVERSIDE,MORENO VALLEY,-117.21277363,33.92818
6595838,2014,2014-09-05,3313,2014-08-05,2143,1571,CTR,2,5,7,3313,0,0,0,NA,0,T45,MAGNOLIA AV,HARRISON ST,0,NA,Y,A,-,N,NA,NA,NA,NA,NA,NA,NA,NA,NA,N,4,0,2,2,A,-,12,21453,A,N,D,C,A,A,H,-,C,A,0,NA,NA,NA,NA,Y,NA,A,01,0,0,2,0,0,0,0,0,0,-,-,NA,NA,RIVERSIDE,RIVERSIDE,-117.45403008,33.9161901
6596750,2014,2016-04-16,3308,2014-06-18,1550,00001,NA,3,5,5,3308,0,0,0,NA,0,NA,RT 74,WARREN RD,678,E,N,A,-,Y,RIV,8,74,-,-,37.06,H,-,W,Y,4,0,1,3,A,-,03,22350,NA,N,C,C,A,A,H,-,A,A,0,NA,NA,NA,NA,Y,NA,A,01,0,0,1,0,0,0,0,0,0,-,-,33.74365,-117.03059,RIVERSIDE,HEMET,-117.030518,33.74391428
6596757,2014,2014-09-03,3311,2014-07-12,1306,15897,3311,6,5,4,3311,0,0,0,NA,0,006,DINAH SHORE DR,CROSSLEY RD,2640,E,N,A,-,N,NA,NA,NA,NA,NA,NA,NA,NA,NA,Y,3,0,1,1,A,-,07,21658,A,N,F,J,A,A,H,-,A,D,0,NA,NA,NA,NA,Y,NA,A,01,0,1,0,0,0,0,0,0,0,-,-,NA,NA,RIVERSIDE,PALM SPRINGS,-116.47697581,33.80601742
6598248,2014,2014-09-05,3313,2014-08-17,1309,1096,WEST,7,5,7,3313,0,0,0,NA,0,T43,VAN BUREN BL,AUDREY AV,118,N,N,A,-,N,NA,NA,NA,NA,NA,NA,NA,NA,NA,N,3,0,2,2,A,-,03,22350,NA,N,H,A,A,A,H,-,A,D,0,NA,NA,Y,NA,Y,NA,C,02,0,1,1,0,0,0,0,0,2,-,-,NA,NA,RIVERSIDE,RIVERSIDE,-117.4541,33.93700333
6598562,2014,2016-05-12,9840,2014-08-06,1845,020210,NA,3,2,6,3315,0,1,3,NA,2,031,RT 91,LINCOLN AV,200,E,N,A,-,Y,RIV,8,91,-,-,5.374,R,2,E,N,4,0,1,2,A,-,03,22350,NA,N,C,C,A,A,H,-,A,A,1,NA,NA,NA,NA,Y,NA,A,01,0,0,1,0,0,0,0,0,0,TO,-,33.88117,-117.58179,RIVERSIDE,CORONA,-117.58262768,33.88179156
6599987,2014,2014-09-23,9840,2014-08-09,2000,016497,NA,6,2,9,3300,0,3,5,NA,2,003,GRAND AV,OREGON ST,0,NA,Y,A,-,N,NA,NA,NA,NA,NA,NA,NA,NA,NA,Y,4,0,2,2,A,-,09,21802,A,N,D,C,A,A,H,-,C,D,0,NA,NA,NA,NA,Y,NA,A,07,0,0,2,0,0,0,0,0,0,-,-,33.6666,-117.3891,RIVERSIDE,UNINCORPORATED,-117.3892201,33.66660007
6599995,2014,2016-04-30,9840,2014-08-12,1629,12208,NA,2,2,7,3313,0,1,3,NA,2,021,RT 91,MADISON ST,218,W,N,A,-,Y,RIV,8,91,-,-,16.515,R,2,E,N,4,0,1,2,A,-,03,22350,NA,N,C,C,A,A,D,H,A,A,1,NA,NA,NA,NA,Y,NA,A,01,0,0,1,0,0,0,0,0,0,TO,-,33.93511,-117.40566,RIVERSIDE,RIVERSIDE,-117.40692402,33.93462164
6599999,2014,2016-05-03,9840,2014-08-11,1310,12585,NA,1,1,6,3315,0,1,1,NA,2,032,RT 15,PARKRIDGE AV,800,N,N,A,-,Y,RIV,8,15,-,-,42,H,-,S,Y,3,0,1,2,A,-,03,22350,NA,N,B,C,A,A,D,-,A,D,1,NA,NA,Y,NA,Y,NA,C,02,0,1,0,0,0,0,0,0,1,-,-,33.88259,-117.55208,RIVERSIDE,CORONA,-117.55234375,33.88798573
6600181,2014,2016-05-12,9840,2014-08-29,1210,17169,NA,5,1,6,3315,0,1,3,NA,2,030,RT 91,LINCOLN AV,1056,W,N,A,-,Y,RIV,8,91,-,-,5.18,H,-,W,Y,4,0,2,3,A,-,03,22350,NA,N,C,C,A,A,H,-,A,D,1,NA,NA,NA,NA,Y,NA,A,01,0,0,2,0,0,0,0,0,0,-,-,33.88242,-117.58542,RIVERSIDE,CORONA,-117.58598254,33.882336
6602225,2014,2014-09-10,3313,2014-08-10,1845,1738,NORTH,7,5,7,3313,0,0,0,NA,0,C110,MAGNOLIA AV,ARLINGTON AV,0,NA,Y,A,-,N,NA,NA,NA,NA,NA,NA,NA,NA,NA,N,4,0,2,2,A,-,12,21453,A,F,D,D,A,A,H,-,A,A,0,NA,NA,NA,NA,Y,NA,A,01,0,0,2,0,0,0,0,0,0,-,-,NA,NA,RIVERSIDE,RIVERSIDE,-117.4011,33.94623008
6603017,2014,2016-04-30,9630,2014-08-19,1310,020840,NA,2,1,4,3311,0,1,1,NA,2,010,RT 10,NORTH INDIAN CANYON DR,242,W,N,A,-,Y,RIV,8,10,-,-,33.09,H,-,E,Y,3,0,2,1,A,-,08,22107,NA,N,E,I,A,A,H,-,A,D,1,NA,NA,NA,NA,Y,NA,D,22,0,1,1,0,0,0,0,0,0,-,-,33.90454,-116.54588,RIVERSIDE,PALM SPRINGS,-116.54606844,33.90465364
6603484,2014,2016-05-03,9840,2014-08-18,0535,019844,NA,1,3,4,3310,0,1,1,NA,2,032,RT 15,HIDDEN VALLEY PKWY,2500,S,N,A,-,Y,RIV,8,15,-,-,42.41,H,-,S,Y,2,0,2,3,A,-,03,22350,NA,N,C,C,A,A,H,-,A,D,1,NA,NA,NA,NA,Y,NA,A,01,1,0,1,0,0,0,0,0,0,-,-,33.89195,-117.55603,RIVERSIDE,NORCO,-117.55652609,33.89264938
6606205,2014,2014-09-30,3300,2014-06-01,1241,3988,002T1,7,5,6,3345,0,0,0,NA,0,024,LIMONITE AV,CAMINO REAL,2580,E,N,A,-,N,NA,NA,NA,NA,NA,NA,NA,NA,NA,Y,1,1,4,2,A,-,08,22107,NA,N,D,J,A,A,H,-,A,D,0,NA,NA,NA,NA,Y,NA,D,22,0,1,3,0,0,0,0,0,0,-,-,NA,NA,RIVERSIDE,JURUPA VALLEY,-117.44349275,33.97994178
6606443,2014,2014-09-08,3300,2014-07-29,1141,N3202,011C,2,5,4,3344,0,0,0,NA,0,61C1,LIMONITE AV,EASTVALE GATEWAY,75,W,N,A,-,N,NA,NA,NA,NA,NA,NA,NA,NA,NA,N,4,0,1,2,A,-,21,22106,NA,N,C,C,A,A,H,-,A,A,0,NA,NA,NA,NA,Y,NA,A,01,0,0,1,0,0,0,0,0,0,-,-,NA,NA,RIVERSIDE,EASTVALE,-117.5543367,33.97527
6607782,2014,2014-09-09,9840,2014-08-26,2142,18849,NA,2,2,9,3300,0,2,4,NA,2,039,MAGNOLIA AV,BUCHANAN ST,1000,W,N,A,-,N,NA,NA,NA,NA,NA,NA,NA,NA,NA,N,4,0,3,2,A,-,03,22350,NA,N,C,C,A,A,D,-,C,A,0,NA,NA,NA,NA,Y,Y,A,01,0,0,3,0,0,0,0,0,0,-,-,33.8882,-117.50315,RIVERSIDE,UNINCORPORATED,-117.50129892,33.88936136
6607788,2014,2014-09-09,9840,2014-08-28,0550,17546,NA,4,3,7,3313,0,3,5,NA,2,002,RECHE CANYON RD,MERCADANTE LN,100,N,N,A,-,N,NA,NA,NA,NA,NA,NA,NA,NA,NA,Y,3,0,1,1,C,-,18,NA,NA,N,E,H,A,A,H,-,B,D,0,NA,NA,NA,NA,Y,NA,-,-,0,1,0,0,0,0,0,0,0,-,-,33.99459,-117.23166,RIVERSIDE,RIVERSIDE,-117.23149407,33.99452483
6608062,2014,2016-05-12,9840,2014-08-08,1225,017169,NA,5,1,6,3315,0,1,3,NA,2,030,RT 91,MAIN ST,5200,E,N,A,-,Y,RIV,8,15,-,-,41.302,R,2,S,Y,3,0,1,1,A,-,-,NA,NA,N,F,A,A,A,H,-,A,D,1,NA,NA,NA,NA,Y,Y,A,01,0,1,0,0,0,0,0,0,0,TO,-,33.88018,-117.54798,RIVERSIDE,CORONA,-117.54651889,33.87929125
6609913,2014,2016-05-10,9685,2014-08-26,0840,014349,NA,2,1,4,3342,0,1,1,NA,2,034,RT 215,LINNEL LN,1500,N,N,A,-,Y,RIV,8,215,-,R,31.3,H,-,S,N,4,0,2,2,A,-,03,22350,NA,N,C,C,A,A,H,-,A,D,0,NA,NA,NA,NA,Y,NA,A,08,0,0,2,0,0,0,0,0,0,-,-,NA,NA,RIVERSIDE,MURRIETA,-117.25378237,33.84857435
6611687,2014,2016-04-30,9840,2014-09-02,1325,13500,NA,2,1,7,3313,0,1,3,NA,2,021,RT 91,CENTRAL AV,2000,E,N,A,-,Y,RIV,8,91,-,-,18.82,H,-,E,Y,4,0,3,2,A,-,03,22350,NA,N,C,C,A,A,D,-,A,D,1,NA,NA,NA,NA,Y,NA,A,07,0,0,3,0,0,0,0,0,0,-,-,33.95531,-117.38153,RIVERSIDE,RIVERSIDE,-117.37883258,33.95766125
6611828,2014,2014-09-24,9840,2014-08-29,1655,017546,NA,5,2,9,3300,0,3,5,NA,2,004,HARVILL AV,A ST,0,NA,Y,A,-,N,NA,NA,NA,NA,NA,NA,NA,NA,NA,Y,3,0,3,2,A,-,12,22450,A,N,A,C,A,A,H,-,A,A,0,NA,NA,NA,NA,Y,NA,A,01,0,2,1,0,0,0,0,0,0,-,-,33.80568,-117.23833,RIVERSIDE,UNINCORPORATED,-117.23846014,33.80573005