CASE_ID,ACCIDENT_YEAR,PROC_DATE,JURIS,COLLISION_DATE,COLLISION_TIME,OFFICER_ID,REPORTING_DISTRICT,DAY_OF_WEEK,CHP_SHIFT,POPULATION,CNTY_CITY_LOC,SPECIAL_COND,BEAT_TYPE,CHP_BEAT_TYPE,CITY_DIVISION_LAPD,CHP_BEAT_CLASS,BEAT_NUMBER,PRIMARY_RD,SECONDARY_RD,DISTANCE,DIRECTION,INTERSECTION,WEATHER_1,WEATHER_2,STATE_HWY_IND,CALTRANS_COUNTY,CALTRANS_DISTRICT,STATE_ROUTE,ROUTE_SUFFIX,POSTMILE_PREFIX,POSTMILE,LOCATION_TYPE,RAMP_INTERSECTION,SIDE_OF_HWY,TOW_AWAY,COLLISION_SEVERITY,NUMBER_KILLED,NUMBER_INJURED,PARTY_COUNT,PRIMARY_COLL_FACTOR,PCF_CODE_OF_VIOL,PCF_VIOL_CATEGORY,PCF_VIOLATION,PCF_VIOL_SUBSECTION,HIT_AND_RUN,TYPE_OF_COLLISION,MVIW,PED_ACTION,ROAD_SURFACE,ROAD_COND_1,ROAD_COND_2,LIGHTING,CONTROL_DEVICE,CHP_ROAD_TYPE,PEDESTRIAN_ACCIDENT,BICYCLE_ACCIDENT,MOTORCYCLE_ACCIDENT,TRUCK_ACCIDENT,NOT_PRIVATE_PROPERTY,ALCOHOL_INVOLVED,STWD_VEHTYPE_AT_FAULT,CHP_VEHTYPE_AT_FAULT,COUNT_SEVERE_INJ,COUNT_VISIBLE_INJ,COUNT_COMPLAINT_PAIN,COUNT_PED_KILLED,COUNT_PED_INJURED,COUNT_BICYCLIST_KILLED,COUNT_BICYCLIST_INJURED,COUNT_MC_KILLED,COUNT_MC_INJURED,PRIMARY_RAMP,SECONDARY_RAMP,LATITUDE,LONGITUDE,COUNTY,CITY,POINT_X,POINT_Y
6611949,2014,2014-09-16,3313,2014-08-31,1425,581,WEST,7,5,7,3313,0,0,0,NA,0,B419,RIVERWALK PKWY,FLAT ROCK RD,0,NA,Y,A,-,N,NA,NA,NA,NA,NA,NA,NA,NA,NA,N,4,0,3,3,A,-,03,22350,NA,N,C,C,A,A,H,-,A,A,0,NA,NA,NA,NA,Y,NA,D,22,0,0,3,0,0,0,0,0,0,-,-,NA,NA,RIVERSIDE,RIVERSIDE,-117.49370011,33.90380003
6611965,2014,2016-06-07,3313,2014-09-03,2026,1222,NORTH,3,5,7,3313,0,0,0,NA,0,T41,CENTRAL AV,RIVERSIDE AV,763,S,N,A,-,N,NA,NA,NA,NA,NA,NA,NA,NA,NA,N,4,0,2,3,A,-,03,22350,NA,N,C,C,A,A,H,-,C,A,0,NA,NA,NA,NA,Y,NA,D,22,0,0,2,0,0,0,0,0,0,-,-,NA,NA,RIVERSIDE,RIVERSIDE,-117.38794,33.95358
6612634,2014,2014-09-15,3313,2014-08-30,1934,1222,CENTR,6,5,7,3313,0,0,0,NA,0,T41,CALIFORNIA AV,VAN BUREN BL,51,W,N,A,-,N,NA,NA,NA,NA,NA,NA,NA,NA,NA,N,4,0,5,3,A,-,03,22350,NA,N,C,C,A,A,H,-,B,A,0,NA,NA,NA,NA,Y,NA,A,01,0,0,5,0,0,0,0,0,0,-,-,NA,NA,RIVERSIDE,RIVERSIDE,-117.45188896,33.92649183
6612638,2014,2014-09-15,3313,2014-08-27,1012,1026,C,3,5,7,3313,0,0,0,NA,0,T52,CALIFORNIA AV,MACARTHUR RD,208,W,N,A,-,N,NA,NA,NA,NA,NA,NA,NA,NA,NA,N,4,0,1,2,A,-,08,22102,NA,N,D,C,A,A,H,-,A,D,0,NA,NA,NA,NA,Y,NA,A,08,0,0,1,0,0,0,0,0,0,-,-,NA,NA,RIVERSIDE,RIVERSIDE,-117.44944657,33.92787104
6612666,2014,2014-09-30,3313,2014-09-01,1157,0282,E,1,5,7,3313,0,0,0,NA,0,T48,COLE AV,BERGAMONT DR,0,NA,Y,A,-,N,NA,NA,NA,NA,NA,NA,NA,NA,NA,Y,4,0,1,2,A,-,09,21802,A,N,D,C,A,A,H,-,A,A,0,NA,NA,NA,NA,Y,NA,A,01,0,0,1,0,0,0,0,0,0,-,-,NA,NA,RIVERSIDE,RIVERSIDE,-117.32372013,33.88686003
6612701,2014,2016-05-12,3308,2014-09-03,1252,10470,517,3,5,5,3308,0,0,0,NA,0,SOUTH,FRANKLIN ST,FLORIDA AV,0,NA,Y,A,-,Y,RIV,8,74,-,-,34.012,I,5,E,N,4,0,1,2,A,-,05,21202,A,N,D,G,A,A,H,-,A,A,0,NA,Y,NA,NA,Y,NA,L,04,0,0,1,0,0,0,1,0,0,-,-,NA,NA,RIVERSIDE,HEMET,-117.08199591,33.7389153
6614893,2014,2014-09-12,3313,2014-08-29,0803,127,WEST,5,5,7,3313,0,0,0,NA,0,T53,VICTORIA AV,MCALLISTER ST,200,W,N,A,-,N,NA,NA,NA,NA,NA,NA,NA,NA,NA,Y,4,0,1,1,A,-,08,22107,NA,N,E,I,A,A,H,-,A,D,0,NA,NA,NA,NA,Y,NA,A,01,0,0,1,0,0,0,0,0,0,-,-,NA,NA,RIVERSIDE,RIVERSIDE,-117.44883433,33.89572096
6616187,2014,2014-11-19,3325,2014-01-16,1707,2609,3325,4,5,4,3325,0,0,0,NA,0,002,MCCALLUM WY,AZUR DR,578,W,N,A,-,N,NA,NA,NA,NA,NA,NA,NA,NA,NA,Y,3,0,1,2,A,-,08,22107,NA,N,B,E,A,A,H,-,D,D,0,NA,NA,NA,NA,Y,NA,D,22,0,1,0,0,0,0,0,0,0,-,-,NA,NA,RIVERSIDE,CATHEDRAL CITY,-116.44484509,33.82323536
6617025,2014,2015-04-28,3300,2014-07-03,1734,4669,002V,4,5,6,3345,0,0,0,NA,0,024,VAN BUREN BL,BELLEGRAVE RD,2640,N,N,A,-,N,NA,NA,NA,NA,NA,NA,NA,NA,NA,N,4,0,1,2,A,-,03,22350,NA,N,C,C,A,A,H,-,A,A,0,NA,NA,NA,NA,Y,NA,A,01,0,0,1,0,0,0,0,0,0,-,-,NA,NA,RIVERSIDE,JURUPA VALLEY,-117.51042211,34.00969913
6617512,2014,2014-09-16,3313,2014-08-19,2103,1073,WEST,2,5,7,3313,0,0,0,NA,0,T42,TYLER ST,INDIANA AV,72,N,N,A,-,N,NA,NA,NA,NA,NA,NA,NA,NA,NA,N,4,0,1,2,A,-,03,22350,NA,N,C,C,A,A,H,-,C,A,0,NA,NA,NA,NA,Y,NA,A,01,0,0,1,0,0,0,0,0,0,-,-,NA,NA,RIVERSIDE,RIVERSIDE,-117.45636889,33.90581972
6617516,2014,2014-09-16,3313,2014-08-22,1832,1222,WEST,5,5,7,3313,0,0,0,NA,0,T41,VAN BUREN BL,JURUPA AV,526,N,N,A,-,N,NA,NA,NA,NA,NA,NA,NA,NA,NA,N,3,0,1,2,A,-,03,22350,NA,N,B,C,A,A,H,-,A,A,0,NA,NA,Y,NA,Y,NA,C,02,0,1,0,0,0,0,0,0,1,-,-,NA,NA,RIVERSIDE,RIVERSIDE,-117.46297159,33.95965971
6617634,2014,2016-04-30,9840,2014-08-28,1615,12585,NA,4,2,7,3313,0,1,3,NA,2,010,RT 60,MAIN ST,100,W,N,A,-,Y,RIV,8,60,-,-,11.71,H,-,W,N,4,0,1,4,A,-,03,22350,NA,F,C,C,A,A,H,-,A,D,1,NA,NA,NA,NA,Y,NA,D,22,0,0,1,0,0,0,0,0,0,-,-,33.99718,-117.36655,RIVERSIDE,RIVERSIDE,-117.36508099,33.9967063
6619623,2014,2014-10-02,9685,2014-09-03,0850,012190,NA,3,1,9,3300,0,3,5,NA,2,003,THOMPSON RD,BREITNER RD,0,NA,Y,A,-,N,NA,NA,NA,NA,NA,NA,NA,NA,NA,Y,4,0,2,3,A,-,09,21801,A,N,D,C,A,A,H,-,-,D,0,NA,NA,Y,NA,Y,NA,A,01,0,0,2,0,0,0,0,0,1,-,-,NA,NA,RIVERSIDE,UNINCORPORATED,-117.11309002,33.59804008
6620384,2014,2014-10-06,3300,2014-07-09,1442,N3626,1A,3,5,6,3345,0,0,0,NA,0,010,AGUA MANSA RD,BROWN AV,0,NA,Y,A,-,N,NA,NA,NA,NA,NA,NA,NA,NA,NA,Y,4,0,2,2,A,-,12,21453,A,N,D,C,A,A,H,-,A,A,0,NA,NA,NA,Y,Y,NA,F,85,0,0,2,0,0,0,0,0,0,-,-,NA,NA,RIVERSIDE,JURUPA VALLEY,-117.37725008,34.02670003
6620770,2014,2014-09-20,3313,2014-08-10,1651,1799,CENTR,7,5,7,3313,0,0,0,NA,0,C330,MARY ST,COOLIDGE AV,17,S,N,A,-,N,NA,NA,NA,NA,NA,NA,NA,NA,NA,Y,4,0,1,1,A,-,08,22107,NA,N,E,I,A,A,H,-,A,D,0,NA,NA,NA,NA,Y,NA,A,01,0,0,1,0,0,0,0,0,0,-,-,NA,NA,RIVERSIDE,RIVERSIDE,-117.39183866,33.93980143
6621222,2014,2014-10-08,9630,2014-09-02,1550,012477,NA,2,2,9,3300,0,3,5,NA,2,005,53RD AV,CALHOUN ST,0,NA,Y,A,-,N,NA,NA,NA,NA,NA,NA,NA,NA,NA,Y,3,0,2,2,A,-,12,22450,A,N,D,C,A,A,H,-,A,A,0,NA,NA,NA,NA,Y,NA,A,07,0,1,1,0,0,0,0,0,0,-,-,33.6637,-116.2079,RIVERSIDE,UNINCORPORATED,-116.20785006,33.66376003
6621827,2014,2014-09-22,3300,2014-03-01,0426,3831,901B,6,5,4,3310,0,0,0,NA,0,050,RIVER DR,VALLEY VIEW AV,0,NA,Y,C,-,N,NA,NA,NA,NA,NA,NA,NA,NA,NA,Y,4,0,1,1,A,-,01,23152,A,N,E,I,A,B,H,-,D,A,0,NA,NA,NA,NA,Y,Y,-,NA,0,0,1,0,0,0,0,0,0,-,-,NA,NA,RIVERSIDE,NORCO,-117.54993007,33.94669001
6622978,2014,2014-10-02,9840,2014-09-06,1111,018248,NA,6,1,9,3300,0,3,5,NA,2,002,LA CADENA DR,CENTER ST,500,N,N,A,-,N,NA,NA,NA,NA,NA,NA,NA,NA,NA,Y,4,0,1,2,A,-,09,21801,A,N,D,C,A,A,H,-,A,D,0,NA,NA,NA,NA,Y,NA,A,01,0,0,1,0,0,0,0,0,0,-,-,34.01688,-117.34116,RIVERSIDE,UNINCORPORATED,-117.34199655,34.0167156
6623091,2014,2016-04-30,9840,2014-09-07,1135,014335,NA,7,1,6,3315,0,1,1,NA,2,034,RT 15,OLD TEMESCAL RD,94,S,N,B,-,Y,RIV,8,15,-,-,39.38,H,-,N,Y,3,0,1,1,A,-,08,22107,NA,N,E,I,A,A,H,-,A,D,1,NA,NA,NA,NA,Y,NA,A,01,0,1,0,0,0,0,0,0,0,-,-,NA,NA,RIVERSIDE,CORONA,-117.53509349,33.853666
6623139,2014,2014-09-23,3300,2014-08-18,0808,N4809,920C,1,5,4,3314,0,0,0,NA,0,070,STATE ST,7TH ST,25,N,N,A,-,N,NA,NA,NA,NA,NA,NA,NA,NA,NA,N,4,0,1,3,A,-,09,21453,B,N,C,C,A,A,H,-,A,A,0,NA,NA,NA,NA,Y,NA,A,01,0,0,1,0,0,0,0,0,0,-,-,NA,NA,RIVERSIDE,SAN JACINTO,-116.9719,33.78025846
6624577,2014,2014-10-01,3313,2014-09-09,0645,127,CENTE,2,5,7,3313,0,0,0,NA,0,T53,ADAMS ST,MAGNOLIA AV,50,N,N,A,-,N,NA,NA,NA,NA,NA,NA,NA,NA,NA,N,4,0,1,3,A,-,21,22106,NA,N,C,C,A,A,H,-,A,A,0,NA,NA,NA,NA,Y,NA,-,99,0,0,1,0,0,0,0,0,0,-,-,NA,NA,RIVERSIDE,RIVERSIDE,-117.42443411000001,33.93316232
6628543,2014,2016-04-19,9685,2014-04-19,0605,015757,NA,6,1,4,3312,0,1,1,NA,2,020,RT 215,RT 74,2640,N,N,A,-,Y,RIV,8,215,-,-,24.04,H,-,S,Y,4,0,1,2,A,-,07,21658,A,F,E,J,A,A,D,-,A,D,1,NA,NA,NA,NA,Y,NA,A,01,0,0,1,0,0,0,0,0,0,-,-,33.7638,-117.18946,RIVERSIDE,PERRIS,-117.18941434,33.76175726
6628783,2014,2014-11-14,3300,2014-09-08,1246,N3130,506C,1,5,5,3341,0,0,0,NA,0,056,NEWPORT,HAUN,0,NA,Y,B,-,N,NA,NA,NA,NA,NA,NA,NA,NA,NA,Y,4,0,1,3,A,-,12,21453,A,N,D,C,A,A,H,-,A,A,0,NA,NA,NA,NA,Y,NA,A,07,0,0,1,0,0,0,0,0,0,-,-,NA,NA,RIVERSIDE,MENIFEE,-117.17552008,33.68506001
6629041,2014,2016-06-04,9630,2014-08-29,0045,20555,NA,5,3,9,3300,0,1,3,NA,2,015,RT 62,NORTH INDIAN CANYON DR,5280,W,N,A,-,Y,RIV,8,62,-,R,5.45,H,-,E,Y,3,0,1,2,A,-,03,22350,NA,N,C,C,A,A,H,-,D,D,5,NA,NA,NA,NA,Y,NA,A,01,0,1,0,0,0,0,0,0,0,-,-,33.99849,-116.57835,RIVERSIDE,UNINCORPORATED,-116.58089669,33.99077422
6630333,2014,2014-10-07,3300,2014-08-23,0257,3775,603C5,6,5,6,3394,0,0,0,NA,0,MV36,IRIS AV,LA FORTUNA LN,297,E,N,A,-,N,NA,NA,NA,NA,NA,NA,NA,NA,NA,Y,4,0,2,1,A,-,01,23152,A,N,E,I,A,A,H,-,C,D,0,NA,NA,NA,NA,Y,Y,D,22,0,0,2,0,0,0,0,0,0,-,-,NA,NA,RIVERSIDE,MORENO VALLEY,-117.21441,33.88829309
6630994,2014,2014-11-06,3300,2014-09-04,1918,N4224,603C2,4,5,6,3394,0,0,0,NA,0,036,REDWING DR,WOODLARK LN,0,NA,Y,A,-,N,NA,NA,NA,NA,NA,NA,NA,NA,NA,Y,4,0,1,2,A,-,04,21703,NA,N,D,C,A,A,H,-,A,D,0,NA,NA,Y,NA,Y,NA,A,08,0,0,1,0,0,0,0,0,1,-,-,NA,NA,RIVERSIDE,MORENO VALLEY,-117.21375007,33.91279002
6632266,2014,2014-10-03,3308,2014-09-06,0112,10379,535,6,5,5,3308,0,0,0,NA,0,SOUTH,KIRBY ST,DEL CERRO WY,878,S,N,A,-,N,NA,NA,NA,NA,NA,NA,NA,NA,NA,Y,3,0,1,1,A,-,03,22350,NA,N,H,J,A,A,H,-,C,A,0,NA,NA,Y,NA,Y,NA,C,02,0,1,0,0,0,0,0,0,1,-,-,NA,NA,RIVERSIDE,HEMET,-116.99785687,33.73818366
6632505,2014,2014-10-20,3313,2014-09-05,1326,1488,N,5,5,7,3313,0,0,0,NA,0,M20,CENTRAL AV,RIVERSIDE DR,144,E,N,A,-,N,NA,NA,NA,NA,NA,NA,NA,NA,NA,N,3,0,3,4,A,-,03,22350,NA,N,C,C,A,A,H,-,A,A,0,NA,NA,NA,NA,Y,NA,A,01,0,1,2,0,0,0,0,0,0,-,-,NA,NA,RIVERSIDE,RIVERSIDE,-117.38746655,33.95358
6632509,2014,2014-10-29,3313,2014-09-08,1830,0399,WEST,1,5,7,3313,0,0,0,NA,0,M18,ARLINGTON AV,FAIRHAVEN DR,2640,W,N,A,-,N,NA,NA,NA,NA,NA,NA,NA,NA,NA,Y,4,0,1,2,A,-,05,21460,NA,N,A,C,A,A,H,-,B,D,0,NA,NA,NA,NA,Y,NA,A,01,0,0,1,0,0,0,0,0,0,-,-,NA,NA,RIVERSIDE,RIVERSIDE,-117.51548637,33.95481696
6633249,2014,2016-05-12,9840,2014-09-11,0319,015957,NA,4,3,7,3313,0,1,3,NA,2,021,RT 91,MADISON ST,1100,E,N,A,-,Y,RIV,8,91,-,-,16.88,H,-,W,Y,4,0,1,1,A,-,01,23152,A,N,E,I,A,A,H,-,D,D,1,NA,NA,NA,NA,Y,Y,A,01,0,0,1,0,0,0,0,0,0,-,-,33.93836,-117.40089,RIVERSIDE,RIVERSIDE,-117.40177105,33.9377194
6633922,2014,2014-10-13,3309,2014-09-08,0922,310,3309,1,5,4,3309,0,0,0,NA,0,003,CALHOUN ST,DOCTOR CARREON BL,32,S,N,C,-,N,NA,NA,NA,NA,NA,NA,NA,NA,NA,N,4,0,1,2,A,-,21,22106,NA,N,C,C,A,B,F,-,A,D,0,NA,NA,NA,NA,Y,NA,D,22,0,0,1,0,0,0,0,0,0,-,-,NA,NA,RIVERSIDE,INDIO,-116.2077486,33.70762247
6634075,2014,2014-11-03,9630,2014-09-11,1410,20350,NA,4,2,9,3300,0,2,4,NA,2,027,VARNER RD,38TH AV,4224,E,N,A,-,N,NA,NA,NA,NA,NA,NA,NA,NA,NA,Y,4,0,1,1,A,-,08,22107,NA,N,F,A,A,A,H,-,A,D,0,NA,NA,NA,NA,Y,NA,A,07,0,0,1,0,0,0,0,0,0,-,-,33.76618,-116.32018,RIVERSIDE,UNINCORPORATED,-116.31983187,33.76595912
6635949,2014,2014-10-09,3313,2014-09-21,1526,1096,WEST,7,5,7,3313,0,0,0,NA,0,T43,ARLINGTON AV,HAROLD AV,0,NA,Y,A,-,N,NA,NA,NA,NA,NA,NA,NA,NA,NA,Y,3,0,2,2,A,-,08,22107,NA,N,B,C,A,A,H,-,A,A,0,NA,NA,NA,NA,Y,NA,A,01,0,1,1,0,0,0,0,0,0,-,-,NA,NA,RIVERSIDE,RIVERSIDE,-117.45622003,33.94592011
6637257,2014,2014-10-09,3313,2014-09-18,0756,244,EAST,4,5,7,3313,0,0,0,NA,0,M15,IOWA AV,MASSACHUSETTS AV,0,NA,Y,A,-,N,NA,NA,NA,NA,NA,NA,NA,NA,NA,N,4,0,1,2,A,-,10,21950,A,N,D,G,A,A,-,-,A,A,0,NA,Y,NA,NA,Y,NA,A,01,0,0,1,0,0,0,1,0,0,-,-,NA,NA,RIVERSIDE,RIVERSIDE,-117.33989004,33.98663001
6637265,2014,2014-10-09,3313,2014-09-11,1430,1523,WEST,4,5,7,3313,0,0,0,NA,0,T44,PIERCE ST,TAYLOR ST,0,NA,Y,A,-,N,NA,NA,NA,NA,NA,NA,NA,NA,NA,Y,4,0,3,2,A,-,09,21801,A,N,A,C,A,A,H,-,A,A,0,NA,NA,NA,NA,Y,NA,A,08,0,0,3,0,0,0,0,0,0,-,-,NA,NA,RIVERSIDE,RIVERSIDE,-117.48909013,33.89263006
6638350,2014,2014-10-13,3313,2014-09-05,0621,127,CENTE,5,5,7,3313,0,0,0,NA,0,T53,VAN BUREN BL,CENTRAL AV,650,N,N,A,-,N,NA,NA,NA,NA,NA,NA,NA,NA,NA,N,4,0,1,2,A,-,03,22350,NA,N,C,C,A,A,H,-,A,A,0,NA,NA,NA,NA,Y,NA,A,01,0,0,1,0,0,0,0,0,0,-,-,NA,NA,RIVERSIDE,RIVERSIDE,-117.45866554,33.95661641
6639991,2014,2016-04-29,9655,2014-09-22,1615,012408,NA,1,2,9,3300,0,1,3,NA,2,315,RT 79,HOLLAND RD,0,NA,Y,A,-,Y,RIV,8,79,-,R,14.137,I,5,N,Y,4,0,2,2,A,-,12,21453,A,N,A,C,A,A,H,-,A,A,0,NA,NA,NA,NA,Y,NA,A,01,0,0,2,0,0,0,0,0,0,-,-,33.67084,-117.08444,RIVERSIDE,UNINCORPORATED,-117.08479574,33.67091827
6644900,2014,2014-10-10,3300,2014-09-17,1354,2477,916A,3,5,4,3312,0,0,0,NA,0,031,INDIAN ST,MORGAN ST,1073,N,N,A,-,N,NA,NA,NA,NA,NA,NA,NA,NA,NA,Y,3,0,2,2,A,-,08,22107,NA,N,C,C,A,A,H,-,A,A,0,NA,NA,NA,NA,Y,NA,A,01,0,1,1,0,0,0,0,0,0,-,-,NA,NA,RIVERSIDE,PERRIS,-117.23350214,33.8401889
6644959,2014,2014-10-10,3313,2014-09-15,0757,1026,E,1,5,7,3313,0,0,0,NA,0,T52,TRAUTWEIN RD,JOHNNY F KENNEDY DR,86,N,N,A,-,N,NA,NA,NA,NA,NA,NA,NA,NA,NA,N,4,0,1,2,A,-,03,22350,NA,N,C,C,A,A,H,-,A,A,0,NA,NA,NA,NA,Y,NA,A,01,0,0,1,0,0,0,0,0,0,-,-,NA,NA,RIVERSIDE,RIVERSIDE,-117.32641245,33.90215536
6645035,2014,2016-01-15,3313,2014-08-30,1408,1754,NA,6,5,7,3313,0,0,0,NA,0,A4B1,MAGNOLIA AV,POLK ST,0,NA,Y,A,-,N,NA,NA,NA,NA,NA,NA,NA,NA,NA,Y,4,0,1,2,A,-,12,21453,A,N,D,C,A,A,H,-,A,A,0,NA,NA,NA,NA,Y,NA,-,-,0,0,1,0,0,0,0,0,0,-,-,NA,NA,RIVERSIDE,RIVERSIDE,-117.46888009,33.90779001
6645902,2014,2016-04-15,3300,2014-09-11,0745,3481,920E,4,5,4,3314,0,0,0,NA,0,072,RAMONA BL,TIGER LN,277,E,N,A,-,N,NA,NA,NA,NA,NA,NA,NA,NA,NA,N,4,0,1,2,A,-,06,21755,NA,N,B,E,A,A,H,-,A,D,0,NA,Y,NA,NA,Y,NA,L,04,0,0,1,0,0,0,1,0,0,-,-,NA,NA,RIVERSIDE,SAN JACINTO,-116.96728987,33.79082012
6646262,2014,2016-04-30,9840,2014-09-23,2139,18849,NA,2,2,4,3307,0,1,1,NA,2,037,RT 15,NICHOLS RD,260,N,N,A,-,Y,RIV,8,15,-,-,23.91,H,-,N,Y,3,0,4,1,A,-,08,22107,NA,N,F,A,A,A,H,-,D,D,1,NA,NA,NA,NA,Y,NA,A,01,0,1,3,0,0,0,0,0,0,-,-,33.70949,-117.35941,RIVERSIDE,LAKE ELSINORE,-117.35825633,33.70793424
6651889,2014,2014-10-17,3300,2014-09-18,0835,4760,901C,4,5,4,3310,0,0,0,NA,0,050,MOUNTAIN AV,1ST ST,0,NA,Y,A,-,N,NA,NA,NA,NA,NA,NA,NA,NA,NA,Y,4,0,1,2,A,-,12,22450,A,N,B,C,A,A,H,-,A,A,0,NA,NA,NA,NA,Y,NA,-,NA,0,0,1,0,0,0,0,0,0,-,-,NA,NA,RIVERSIDE,NORCO,-117.56684013,33.90204007
6652251,2014,2014-12-12,3300,2014-10-02,1703,3681,916D,4,5,4,3312,0,0,0,NA,0,035,RT 74,BONNIE LN,0,NA,Y,A,-,Y,NA,NA,NA,NA,NA,NA,NA,NA,NA,Y,2,0,4,2,A,-,08,22107,NA,N,A,C,A,A,H,-,A,A,0,NA,NA,NA,NA,Y,NA,A,01,1,1,2,0,0,0,0,0,0,-,-,NA,NA,RIVERSIDE,PERRIS,NA,NA
6657401,2014,2014-12-10,9660,2014-10-01,2100,020715,NA,3,2,3,3303,0,1,2,NA,2,038,RT 95,RIVERSIDE AV,316,N,N,A,-,Y,NA,NA,95,NA,NA,NA,NA,NA,NA,Y,4,0,1,2,A,-,03,22350,NA,N,C,C,A,A,H,-,D,D,0,NA,NA,NA,NA,Y,NA,D,22,0,0,1,0,0,0,0,0,0,-,-,33.61904,-114.5709,RIVERSIDE,BLYTHE,-114.57094296,33.61903923
6658039,2014,2016-04-30,9840,2014-09-23,0535,11368,NA,2,3,6,3315,0,1,3,NA,2,030,RT 91,GREEN RIVER RD,528,W,N,A,-,Y,RIV,8,91,-,R,2.93,H,-,W,Y,4,0,1,4,A,-,03,22350,NA,N,C,C,A,A,H,-,D,D,1,NA,NA,NA,NA,Y,NA,A,01,0,0,1,0,0,0,0,0,0,-,-,33.87548,-117.66155,RIVERSIDE,CORONA,-117.62624258,33.8833822
6658704,2014,2015-02-19,3300,2014-10-14,0722,4252,500A,2,5,5,3341,0,0,0,NA,0,050,WAGON CREEK LN,BUTTERWOOD DR,0,NA,Y,A,-,N,NA,NA,NA,NA,NA,NA,NA,NA,NA,N,4,0,1,2,A,-,12,22450,A,N,D,G,A,A,H,-,A,A,0,NA,Y,NA,NA,Y,NA,L,04,0,0,1,0,0,0,1,0,0,-,-,NA,NA,RIVERSIDE,MENIFEE,-117.2212001,33.69332006
6658718,2014,2014-12-11,9840,2014-10-03,1505,14991,NA,5,2,6,3345,0,1,3,NA,2,010,RT 60,ETIWANDA AV,300,W,N,A,-,Y,NA,NA,60,NA,NA,NA,NA,NA,NA,Y,4,0,1,2,A,-,07,21658,A,N,B,C,A,A,H,-,A,D,0,NA,NA,NA,NA,Y,NA,D,22,0,0,1,0,0,0,0,0,0,-,-,34.01844,-117.52366,RIVERSIDE,JURUPA VALLEY,-117.52365899,34.01841439
6659811,2014,2016-05-09,9840,2014-09-30,1910,15957,NA,2,2,4,3344,0,1,1,NA,2,011,RT 15,68TH ST,700,S,N,A,-,Y,RIV,8,15,-,-,47.38,H,-,S,Y,3,0,1,1,A,-,01,23152,E,N,E,I,A,A,H,-,B,D,1,NA,NA,NA,NA,Y,NA,A,07,0,1,0,0,0,0,0,0,0,-,-,33.96134,-117.54899,RIVERSIDE,EASTVALE,-117.54902005,33.96242362
6659930,2014,2014-11-12,3300,2014-09-03,1545,4071,602D1,3,5,6,3394,0,0,0,NA,0,MV26,PERRIS BL,WEBSTER AV,139,N,N,A,-,N,NA,NA,NA,NA,NA,NA,NA,NA,NA,N,4,0,1,2,A,-,07,21658,A,N,B,C,A,A,H,-,A,D,0,NA,NA,NA,NA,Y,NA,A,01,0,0,1,0,0,0,0,0,0,-,-,NA,NA,RIVERSIDE,MORENO VALLEY,NA,NA
6663935,2014,2014-11-17,9840,2014-10-03,1745,019874,NA,5,2,4,3312,0,1,1,NA,2,041,RT 215,4TH ST,1584,N,N,A,-,Y,NA,NA,215,NA,NA,NA,NA,NA,NA,N,4,0,7,2,A,-,03,22350,NA,N,C,C,A,A,H,-,A,D,0,NA,NA,NA,NA,Y,NA,A,07,0,0,7,0,0,0,0,0,0,-,-,33.78703,-117.22114,RIVERSIDE,PERRIS,-117.22110134,33.78708846
6664403,2014,2014-10-20,3300,2014-08-09,1224,N4444,012F,6,5,4,3344,0,0,0,NA,0,064,CHANDLER ST,HALL AV,0,NA,Y,A,-,N,NA,NA,NA,NA,NA,NA,NA,NA,NA,Y,3,0,3,2,A,-,09,21801,A,N,D,C,A,A,H,-,A,A,0,NA,NA,NA,NA,Y,NA,-,NA,0,3,0,0,0,0,0,0,0,-,-,NA,NA,RIVERSIDE,EASTVALE,-117.6044701,33.94622007
6664475,2014,2014-10-20,3300,2014-08-07,1314,3988,001L,4,5,6,3345,0,0,0,NA,0,016,46TH ST,RIVERVIEW DR,2112,E,N,A,-,N,NA,NA,NA,NA,NA,NA,NA,NA,NA,N,4,0,1,2,A,-,08,22103,NA,N,D,C,A,A,H,-,A,D,0,NA,NA,NA,NA,Y,NA,A,01,0,0,1,0,0,0,0,0,0,-,-,NA,NA,RIVERSIDE,JURUPA VALLEY,-117.41741237,33.98663245
6664765,2014,2014-11-14,3300,2014-09-22,1748,3536,602C4,1,5,6,3394,0,0,0,NA,0,MV24,ALESSANDRO BL,GRAHAM ST,6,W,N,A,-,N,NA,NA,NA,NA,NA,NA,NA,NA,NA,N,4,0,1,2,A,-,09,21801,A,N,D,G,A,A,H,-,B,A,0,NA,Y,NA,NA,Y,NA,A,01,0,0,1,0,0,0,1,0,0,-,-,NA,NA,RIVERSIDE,MORENO VALLEY,-117.25244972,33.91732
6665019,2014,2014-10-30,3300,2014-08-31,1015,4741,507C,7,5,5,3341,0,0,0,NA,0,057,NEWPORT RD,MENIFEE RD,0,NA,Y,A,-,N,NA,NA,NA,NA,NA,NA,NA,NA,NA,N,3,0,1,2,A,-,03,22350,NA,N,-,-,A,A,B,-,A,A,0,NA,NA,Y,NA,Y,NA,C,02,0,1,0,0,0,0,0,0,1,-,-,NA,NA,RIVERSIDE,MENIFEE,-117.15381003,33.68511008
6665281,2014,2014-12-12,3313,2014-10-10,1237,1523,WEST,5,5,7,3313,0,0,0,NA,0,T44,VAN BUREN BL,CHALLEN AV,38,S,N,A,-,N,NA,NA,NA,NA,NA,NA,NA,NA,NA,Y,4,0,1,2,A,-,21,22106,NA,M,C,C,A,A,H,-,A,A,0,NA,NA,NA,NA,Y,NA,A,01,0,0,1,0,0,0,0,0,0,-,-,NA,NA,RIVERSIDE,RIVERSIDE,-117.45357953,33.92879403
6665981,2014,2014-12-19,9685,2014-10-15,0550,15757,NA,3,3,4,3342,0,1,1,NA,2,034,RT 215,MURRIETA HOT SPRINGS RD,792,S,N,A,-,Y,NA,NA,215,NA,NA,NA,NA,NA,NA,N,4,0,1,3,A,-,03,22350,NA,N,B,C,A,A,H,-,C,D,0,NA,NA,Y,NA,Y,NA,C,02,0,0,1,0,0,0,0,0,1,-,-,33.554,-117.18108,RIVERSIDE,MURRIETA,-117.18109086,33.55400153
6666059,2014,2014-12-18,3300,2014-10-01,0715,2477,916B,3,5,4,3312,0,0,0,NA,0,032,ORANGE AV,STONYBROOK WY,8,E,N,A,-,N,NA,NA,NA,NA,NA,NA,NA,NA,NA,N,3,0,1,2,A,-,10,21950,A,N,G,B,-,A,-,-,A,A,0,Y,NA,NA,NA,Y,NA,A,01,0,1,0,0,1,0,0,0,0,-,-,NA,NA,RIVERSIDE,PERRIS,-117.21585375,33.81557971
6666751,2014,2016-05-12,9630,2014-09-27,2000,020380,NA,6,2,9,3300,0,1,3,NA,1,177,RT 177,COXCOMB TUNNEL RD,16368,S,N,A,-,Y,RIV,8,177,-,-,12.24,H,-,N,Y,2,0,1,1,A,-,08,22107,NA,N,F,A,A,A,H,-,D,D,5,NA,NA,NA,NA,Y,NA,K,45,1,0,0,0,0,0,0,0,0,-,-,33.83778,-115.25615,RIVERSIDE,UNINCORPORATED,-115.25590491,33.83835002