CASE_ID,ACCIDENT_YEAR,PROC_DATE,JURIS,COLLISION_DATE,COLLISION_TIME,OFFICER_ID,REPORTING_DISTRICT,DAY_OF_WEEK,CHP_SHIFT,POPULATION,CNTY_CITY_LOC,SPECIAL_COND,BEAT_TYPE,CHP_BEAT_TYPE,CITY_DIVISION_LAPD,CHP_BEAT_CLASS,BEAT_NUMBER,PRIMARY_RD,SECONDARY_RD,DISTANCE,DIRECTION,INTERSECTION,WEATHER_1,WEATHER_2,STATE_HWY_IND,CALTRANS_COUNTY,CALTRANS_DISTRICT,STATE_ROUTE,ROUTE_SUFFIX,POSTMILE_PREFIX,POSTMILE,LOCATION_TYPE,RAMP_INTERSECTION,SIDE_OF_HWY,TOW_AWAY,COLLISION_SEVERITY,NUMBER_KILLED,NUMBER_INJURED,PARTY_COUNT,PRIMARY_COLL_FACTOR,PCF_CODE_OF_VIOL,PCF_VIOL_CATEGORY,PCF_VIOLATION,PCF_VIOL_SUBSECTION,HIT_AND_RUN,TYPE_OF_COLLISION,MVIW,PED_ACTION,ROAD_SURFACE,ROAD_COND_1,ROAD_COND_2,LIGHTING,CONTROL_DEVICE,CHP_ROAD_TYPE,PEDESTRIAN_ACCIDENT,BICYCLE_ACCIDENT,MOTORCYCLE_ACCIDENT,TRUCK_ACCIDENT,NOT_PRIVATE_PROPERTY,ALCOHOL_INVOLVED,STWD_VEHTYPE_AT_FAULT,CHP_VEHTYPE_AT_FAULT,COUNT_SEVERE_INJ,COUNT_VISIBLE_INJ,COUNT_COMPLAINT_PAIN,COUNT_PED_KILLED,COUNT_PED_INJURED,COUNT_BICYCLIST_KILLED,COUNT_BICYCLIST_INJURED,COUNT_MC_KILLED,COUNT_MC_INJURED,PRIMARY_RAMP,SECONDARY_RAMP,LATITUDE,LONGITUDE,COUNTY,CITY,POINT_X,POINT_Y
6724673,2014,2015-01-29,9840,2014-12-02,0915,12075,NA,2,1,9,3300,0,1,1,NA,2,040,RT 215,ALESSANDRO BL,1584,S,N,C,-,Y,NA,NA,215,NA,NA,NA,NA,NA,NA,Y,4,0,1,3,A,-,03,22350,NA,N,C,C,A,B,H,-,A,D,0,NA,NA,NA,NA,Y,NA,A,01,0,0,1,0,0,0,0,0,0,-,-,33.91314,-117.28455,RIVERSIDE,UNINCORPORATED,-117.28471442,33.9129739
6724813,2014,2015-01-20,9840,2014-11-14,1833,016497,NA,5,2,6,3315,0,1,3,NA,2,030,RT 91,GREEN RIVER RD,2112,W,N,B,-,Y,NA,NA,91,NA,NA,NA,NA,NA,NA,N,4,0,2,2,A,-,03,22350,NA,N,C,C,A,A,H,-,D,D,0,NA,NA,NA,NA,Y,NA,E,22,0,0,2,0,0,0,0,0,0,-,-,33.87326,-117.66368,RIVERSIDE,CORONA,-117.66375299,33.87334635
6724958,2014,2016-04-06,3313,2014-12-03,0632,581,NORTH,3,5,7,3313,0,0,0,NA,0,M25,OLIVEWOOD AV,CANE ST,0,NA,Y,C,-,N,NA,NA,NA,NA,NA,NA,NA,NA,NA,NA,4,0,1,1,A,-,08,22107,NA,N,E,I,A,B,H,-,B,D,0,NA,NA,NA,NA,Y,NA,A,01,0,0,1,0,0,0,0,0,0,-,-,NA,NA,RIVERSIDE,RIVERSIDE,NA,NA
6725006,2014,2015-01-21,9840,2014-11-02,0305,020124,NA,7,3,6,3315,0,1,3,NA,2,030,RT 91,RT 71,470,E,N,A,-,Y,NA,NA,91,NA,NA,NA,NA,NA,NA,Y,3,0,1,1,A,-,01,23152,A,N,E,I,A,A,D,-,C,D,0,NA,NA,NA,NA,Y,Y,A,01,0,1,0,0,0,0,0,0,0,-,-,33.88378,-117.63838,RIVERSIDE,CORONA,-117.63842222,33.88395365
6725030,2014,2015-01-21,9840,2014-11-21,0800,18911,NA,5,1,9,3300,0,2,4,NA,2,042,VAN BUREN BL,PORTER ST,45,W,N,A,-,N,NA,NA,NA,NA,NA,NA,NA,NA,NA,Y,4,0,2,3,A,-,03,22350,NA,N,C,C,A,A,H,-,A,D,0,NA,NA,NA,NA,Y,NA,A,01,0,0,2,0,0,0,0,0,0,-,-,NA,NA,RIVERSIDE,UNINCORPORATED,-117.35757782,33.88244956
6725145,2014,2015-01-22,9840,2014-11-28,1605,16342,NA,5,2,7,3313,0,1,3,NA,2,020,RT 91,JACKSON ST,1584,E,N,A,-,Y,NA,NA,91,NA,NA,NA,NA,NA,NA,N,4,0,2,2,A,-,03,22350,NA,N,C,C,A,A,H,-,A,D,0,NA,NA,NA,NA,Y,NA,A,01,0,0,2,0,0,0,0,0,0,-,-,33.92133,-117.43006,RIVERSIDE,RIVERSIDE,-117.43010845,33.92141698
6728411,2014,2015-01-16,3313,2014-11-20,2150,1738,W,4,5,7,3313,0,0,0,NA,0,C410,TYLER ST,RT 91,0,NA,Y,A,-,Y,NA,NA,NA,NA,NA,NA,NA,NA,NA,N,4,0,1,2,A,-,12,21453,A,N,D,C,A,A,H,-,C,A,0,NA,NA,NA,NA,Y,NA,A,07,0,0,1,0,0,0,0,0,0,-,EO,NA,NA,RIVERSIDE,RIVERSIDE,-117.45688001,33.90639002
6728532,2014,2015-01-15,3300,2014-11-27,2123,4014,T36G1,4,5,4,3318,0,0,0,NA,0,3T36,COUNTRY CLUB DR,MONTEREY AV,39,E,N,A,-,N,NA,NA,NA,NA,NA,NA,NA,NA,NA,Y,3,0,1,3,A,-,03,22350,NA,N,C,C,A,A,H,-,C,A,0,NA,NA,NA,NA,Y,NA,A,01,0,1,0,0,0,0,0,0,0,-,-,NA,NA,RIVERSIDE,PALM DESERT,-116.39114223,33.75794
6729902,2014,2015-01-14,3300,2014-11-10,1428,4996,602D1,1,5,6,3394,0,0,0,NA,0,MV26,SUNNYMEAD BL,INDIAN ST,615,E,N,A,-,N,NA,NA,NA,NA,NA,NA,NA,NA,NA,Y,4,0,2,2,A,-,09,21804,A,N,D,C,A,A,H,-,A,D,0,NA,NA,NA,NA,Y,NA,A,01,0,0,2,0,0,0,0,0,0,-,-,NA,NA,RIVERSIDE,MORENO VALLEY,-117.23304875,33.93907249
6730688,2014,2015-01-29,3300,2014-11-25,1910,3536,602D2,2,5,6,3394,0,0,0,NA,0,MV26,INDIAN ST,EUCALYPTUS AV,0,NA,Y,A,-,N,NA,NA,NA,NA,NA,NA,NA,NA,NA,Y,4,0,1,2,A,-,12,22450,A,N,D,C,A,A,H,-,C,A,0,NA,NA,NA,NA,Y,NA,-,-,0,0,1,0,0,0,0,0,0,-,-,NA,NA,RIVERSIDE,MORENO VALLEY,-117.23504007,33.93177002
6732734,2014,2015-01-20,3308,2014-11-03,1404,8344,515,1,5,5,3308,0,0,0,NA,0,NORTH,FLORIDA AV,GILMORE ST,155,W,N,A,-,Y,NA,NA,NA,NA,NA,NA,NA,NA,NA,N,4,0,1,2,A,-,03,22350,NA,N,C,C,A,A,H,-,A,D,0,NA,NA,NA,NA,Y,NA,A,07,0,0,1,0,0,0,0,0,0,-,-,NA,NA,RIVERSIDE,HEMET,-116.99396799,33.74741
6737868,2014,2015-01-29,3313,2014-12-02,0419,1537,WST,2,5,7,3313,0,0,0,NA,0,A421,VAN BUREN BL,ARLINGTON,1510,N,N,B,-,N,NA,NA,NA,NA,NA,NA,NA,NA,NA,Y,3,0,3,1,A,-,08,22107,NA,N,E,I,A,A,H,-,C,D,0,NA,NA,NA,NA,Y,NA,A,01,0,3,0,0,0,0,0,0,0,-,-,NA,NA,RIVERSIDE,RIVERSIDE,-117.45398,33.95001721
6738649,2014,2015-01-29,9655,2014-12-03,1853,017720,NA,3,2,9,3300,0,1,1,NA,2,204,RT 10,MORONGO TRL,1500,E,N,B,C,Y,NA,NA,10,NA,NA,NA,NA,NA,NA,Y,4,0,1,1,A,-,08,22107,NA,N,E,I,A,B,H,-,D,D,0,NA,NA,NA,NA,Y,NA,A,01,0,0,1,0,0,0,0,0,0,-,-,33.91879,-116.79952,RIVERSIDE,UNINCORPORATED,-116.79951163,33.91883309
6740295,2014,2015-01-26,9840,2014-11-25,0700,15789,NA,2,1,6,3315,0,1,1,NA,2,034,RT 15,EL CERRITO RD,1320,S,N,A,-,Y,NA,NA,15,NA,NA,NA,NA,NA,NA,Y,4,0,1,2,A,-,03,22350,NA,N,C,C,A,A,H,-,A,D,0,NA,NA,NA,NA,Y,NA,A,01,0,0,1,0,0,0,0,0,0,-,-,33.82865,-117.52702,RIVERSIDE,CORONA,-117.52709459,33.82857481
6742747,2014,2015-01-27,9630,2014-11-29,1710,20883,NA,6,2,9,3300,0,1,1,NA,2,021,RT 10,MONTEREY AV,2640,E,N,A,-,Y,NA,NA,10,NA,NA,NA,NA,NA,NA,Y,3,0,1,2,A,-,03,22350,NA,N,C,C,A,A,H,-,B,D,0,NA,NA,NA,NA,Y,NA,D,22,0,1,0,0,0,0,0,0,0,-,-,33.80114,-116.38006,RIVERSIDE,UNINCORPORATED,-116.38001302,33.80122052
6742767,2014,2015-02-13,9630,2014-12-05,1215,19228,NA,5,1,9,3300,0,1,1,NA,2,301,RT 10 W,FRONTAGE RD,10032,E,N,B,-,Y,NA,NA,NA,NA,NA,NA,NA,NA,NA,Y,3,0,2,2,A,-,07,21658,A,N,C,C,A,A,H,-,A,D,0,NA,NA,NA,Y,Y,NA,-,NA,0,2,0,0,0,0,0,0,0,-,-,33.65539,-115.88499,RIVERSIDE,UNINCORPORATED,-115.88540189,33.66538959
6743343,2014,2015-01-16,3313,2014-11-22,1731,1222,EAST,6,5,7,3313,0,0,0,NA,0,741,IOWA AV,BLAINE ST,666,N,N,A,-,N,NA,NA,NA,NA,NA,NA,NA,NA,NA,N,4,0,1,2,A,-,09,21804,B,N,B,G,A,A,H,-,C,D,0,NA,Y,NA,NA,Y,NA,L,04,0,0,1,0,0,0,1,0,0,-,-,NA,NA,RIVERSIDE,RIVERSIDE,-117.33989,33.98482461
6743984,2014,2015-01-16,3300,2014-11-17,1902,2079,920E,1,5,4,3314,0,0,0,NA,0,072,STATE ST,RAMONA EXPWY,0,NA,Y,A,-,N,NA,NA,NA,NA,NA,NA,NA,NA,NA,Y,4,0,2,2,A,-,12,21453,A,N,D,-,A,A,H,-,C,A,0,NA,NA,NA,NA,Y,NA,A,01,0,0,2,0,0,0,0,0,0,-,-,NA,NA,RIVERSIDE,SAN JACINTO,-116.97206009,33.80182006
6744148,2014,2015-01-29,3309,2014-12-03,1730,443,3309,3,5,4,3309,0,0,0,NA,0,001,FARGO ST,REQUA AV,2,S,N,B,-,N,NA,NA,NA,NA,NA,NA,NA,NA,NA,N,4,0,1,2,A,-,11,21950,B,N,H,G,A,A,H,-,B,A,0,NA,Y,NA,NA,Y,NA,L,04,0,0,1,0,0,0,1,0,0,-,-,NA,NA,RIVERSIDE,INDIO,-116.21689996,33.71744453
6745958,2014,2015-01-27,9840,2014-11-12,0605,013950,NA,3,1,4,3310,0,1,1,NA,2,034,RT 15,CORONA AV,885,N,N,B,-,Y,NA,NA,NA,NA,NA,NA,NA,NA,NA,Y,4,0,1,2,A,-,07,21658,A,N,B,C,A,A,H,-,A,D,0,NA,NA,NA,Y,Y,NA,-,-,0,0,1,0,0,0,0,0,0,-,-,NA,NA,RIVERSIDE,NORCO,-117.55848696,33.89510388
6749377,2014,2015-01-29,3300,2014-12-04,1218,4339,601E3,4,5,6,3394,0,0,0,NA,0,016,HEMLOCK AV,NITA DR,85,W,N,A,-,N,NA,NA,NA,NA,NA,NA,NA,NA,NA,Y,3,0,1,1,A,-,08,22107,NA,N,E,I,A,A,H,-,A,D,0,NA,NA,NA,NA,Y,NA,A,07,0,1,0,0,0,0,0,0,0,-,-,NA,NA,RIVERSIDE,MORENO VALLEY,-117.23640631,33.9420729
6750102,2014,2015-01-07,3313,2014-10-29,1834,1442,EAST,3,5,7,3313,0,0,0,NA,0,UNET,WATKINS DR,W BIG SPRING RD,0,NA,Y,A,-,N,NA,NA,NA,NA,NA,NA,NA,NA,NA,N,4,0,1,2,A,-,12,22450,NA,N,D,G,A,A,H,-,C,A,0,NA,Y,NA,NA,Y,NA,-,-,0,0,1,0,0,0,1,0,0,-,-,NA,NA,RIVERSIDE,RIVERSIDE,-117.31651004,33.97566012
6752028,2014,2015-02-10,9840,2014-12-24,0730,14916,NA,3,1,7,3313,0,1,1,NA,2,023,RT 215,MARTIN LUTHER KING BL,1584,S,N,A,-,Y,NA,NA,215,NA,NA,NA,NA,NA,NA,Y,4,0,1,4,A,-,03,22350,NA,N,C,C,A,A,H,-,A,D,0,NA,NA,NA,NA,Y,NA,A,01,0,0,1,0,0,0,0,0,0,-,-,33.96738,-117.32782,RIVERSIDE,RIVERSIDE,-117.32774175,33.96742004
6752129,2014,2015-02-04,9840,2014-12-09,0833,16285,NA,2,1,7,3313,0,1,1,NA,2,023,RT 215,BLAINE ST,299,NA,N,A,-,Y,NA,NA,NA,NA,NA,NA,NA,NA,NA,Y,4,0,2,4,A,-,03,22350,NA,N,C,C,A,A,H,-,A,D,0,NA,NA,NA,NA,Y,NA,A,01,0,0,2,0,0,0,0,0,0,-,-,NA,NA,RIVERSIDE,RIVERSIDE,NA,NA
6752468,2014,2015-02-04,3300,2014-12-05,1521,N5539,905E,5,5,4,3307,0,0,0,NA,0,091,MISSION TRAIL,MALAGA RD,160,E,N,A,-,N,NA,NA,NA,NA,NA,NA,NA,NA,NA,N,4,0,1,3,A,-,04,21703,NA,N,C,C,A,A,H,-,A,A,0,NA,NA,NA,NA,Y,NA,A,01,0,0,1,0,0,0,0,0,0,-,-,NA,NA,RIVERSIDE,LAKE ELSINORE,-117.29621474,33.6520569
6752487,2014,2015-02-05,9840,2014-12-22,1735,18512,NA,1,2,7,3313,0,1,1,NA,2,022,RT 215,COLUMBIA AV,100,N,N,A,-,Y,NA,NA,NA,NA,NA,NA,NA,NA,NA,N,4,0,1,2,A,-,07,21658,A,N,C,C,A,A,H,-,C,D,0,NA,NA,NA,NA,Y,NA,A,08,0,0,1,0,0,0,0,0,0,-,-,NA,NA,RIVERSIDE,RIVERSIDE,-117.35190243,34.0016005
6752515,2014,2015-03-23,9840,2014-12-18,1210,12075,NA,4,1,9,3300,0,2,4,NA,2,045,CAJALCO RD,BROWN ST,230,W,N,A,-,N,NA,NA,NA,NA,NA,NA,NA,NA,NA,Y,4,0,1,2,A,-,03,22350,NA,N,C,C,A,A,H,-,A,A,0,NA,NA,NA,NA,Y,NA,A,01,0,0,1,0,0,0,0,0,0,-,-,NA,NA,RIVERSIDE,UNINCORPORATED,-117.297135,33.83712007
6752803,2014,2015-02-09,9840,2014-12-29,1100,017546,NA,1,1,4,3312,0,1,1,NA,2,041,RT 215,PERRIS BL,500,S,N,A,-,Y,NA,NA,215,NA,NA,NA,NA,NA,NA,Y,4,0,3,3,A,-,03,22350,NA,N,C,C,A,A,D,-,A,D,0,NA,NA,NA,Y,Y,NA,G,25,0,0,3,0,0,0,0,0,0,-,-,33.78952,-117.22446,RIVERSIDE,PERRIS,-117.22448562,33.78948134
6753027,2014,2015-01-23,3300,2014-11-24,1507,4733,905B,1,5,4,3307,0,0,0,NA,0,090,RAILROAD CANYON RD,SUMMERHILL DR,12,E,N,A,-,N,NA,NA,NA,NA,NA,NA,NA,NA,NA,N,4,0,2,2,A,-,03,22350,NA,N,C,C,A,A,H,-,A,A,0,NA,NA,NA,NA,Y,NA,A,01,0,0,2,0,0,0,0,0,0,-,-,NA,NA,RIVERSIDE,LAKE ELSINORE,-117.29786215,33.66353321
6753956,2014,2015-02-12,3300,2014-12-22,2115,4629,901D,1,5,4,3310,0,0,0,NA,0,051,HAMNER AV,COMMERCE ST,415,S,N,A,-,N,NA,NA,NA,NA,NA,NA,NA,NA,NA,Y,3,0,2,3,A,-,03,22350,NA,N,B,C,A,A,H,-,C,D,0,NA,NA,NA,NA,Y,Y,A,01,0,1,1,0,0,0,0,0,0,-,-,NA,NA,RIVERSIDE,NORCO,-117.56174439,33.90559205
6754230,2014,2015-02-05,9655,2014-12-26,1320,17000,NA,5,1,9,3300,0,3,5,NA,2,003,DOMENIGONI PKWY,RICE RD,0,NA,Y,A,-,N,NA,NA,NA,NA,NA,NA,NA,NA,NA,N,3,0,2,2,A,-,-,NA,NA,N,B,G,A,A,H,-,A,D,0,NA,Y,NA,NA,Y,NA,A,01,0,1,1,0,0,0,1,0,0,-,-,33.69057,-117.10561,RIVERSIDE,UNINCORPORATED,-117.09303011,33.6942801
6754453,2014,2015-02-10,3313,2014-12-16,1314,1073,WEST,2,5,7,3313,0,0,0,NA,0,T42,TYLER ST,CALIFORNIA AV,32,N,N,B,-,N,NA,NA,NA,NA,NA,NA,NA,NA,NA,Y,4,0,1,2,C,-,18,NA,NA,N,C,C,A,A,H,-,A,A,0,NA,NA,NA,NA,Y,NA,-,-,0,0,1,0,0,0,0,0,0,-,-,NA,NA,RIVERSIDE,RIVERSIDE,-117.46848836,33.92056295
6754980,2014,2015-02-05,9685,2014-12-21,0740,15757,NA,7,1,4,3342,0,1,1,NA,2,030,RT 15,CALIFORNIA OAKS RD,80,S,N,E,-,Y,NA,NA,15,NA,NA,NA,NA,NA,NA,Y,4,0,1,1,A,-,03,22350,NA,N,E,I,A,A,H,-,A,A,0,NA,NA,NA,NA,Y,NA,A,01,0,0,1,0,0,0,0,0,0,FR,-,33.5648,-117.207,RIVERSIDE,MURRIETA,-117.20678616,33.56509235
6755356,2014,2015-02-06,3313,2014-12-12,0549,1601,CENTA,5,5,7,3313,0,0,0,NA,0,A327,ALESSANDRO BL,VISTA DR,440,W,N,B,C,N,NA,NA,NA,NA,NA,NA,NA,NA,NA,N,4,0,1,1,A,-,08,22107,NA,N,E,I,A,B,H,-,B,A,0,NA,NA,NA,NA,Y,NA,A,01,0,0,1,0,0,0,0,0,0,-,-,NA,NA,RIVERSIDE,RIVERSIDE,-117.34926475,33.93252951
6755560,2014,2015-02-03,3300,2014-12-02,1715,4363,S20D3,2,5,3,3317,0,0,0,NA,0,S20,BOB HOPE DR,AVENIDA LAS PALMAS,0,NA,Y,C,-,N,NA,NA,NA,NA,NA,NA,NA,NA,NA,Y,4,0,2,2,A,-,09,21801,A,N,D,C,A,B,H,-,C,A,0,NA,NA,NA,NA,Y,NA,A,01,0,0,2,0,0,0,0,0,0,-,-,NA,NA,RIVERSIDE,RANCHO MIRAGE,-116.40823011,33.74058006
6757120,2014,2015-01-28,3300,2014-11-25,0619,3297,602A1,2,5,6,3394,0,0,0,NA,0,022,ALESSANDRO BL,OLD 215,20,W,N,A,-,N,NA,NA,NA,NA,NA,NA,NA,NA,NA,N,4,0,1,2,A,-,12,21453,A,N,D,C,A,A,H,-,B,A,0,NA,NA,NA,Y,Y,NA,A,01,0,0,1,0,0,0,0,0,0,-,-,NA,NA,RIVERSIDE,MORENO VALLEY,-117.28313,33.91689
6757128,2014,2015-07-28,3313,2014-12-04,1827,1334,CNTRL,4,5,7,3313,0,0,0,NA,0,326,VAN BUREN BL,JURUPA AV,356,S,N,B,-,N,NA,NA,NA,NA,NA,NA,NA,NA,NA,N,4,0,1,2,A,-,03,22350,NA,N,C,C,A,A,H,-,C,D,0,NA,NA,NA,NA,Y,NA,A,01,0,0,1,0,0,0,0,0,0,-,-,NA,NA,RIVERSIDE,RIVERSIDE,-117.46075903,33.95809799
6757450,2014,2015-01-22,3300,2014-11-15,2215,3774,601E5,6,5,6,3394,0,0,0,NA,0,016,ELDER AV,TUSCOLA ST,0,NA,Y,A,-,N,NA,NA,NA,NA,NA,NA,NA,NA,NA,N,3,0,2,2,A,-,01,23152,A,N,C,C,A,A,H,-,C,A,0,NA,NA,NA,NA,Y,Y,A,01,0,1,1,0,0,0,0,0,0,-,-,NA,NA,RIVERSIDE,MORENO VALLEY,-117.2158301,33.93992008
6758108,2014,2016-02-25,3300,2014-11-27,1731,5275,30D2,4,5,4,3318,0,0,0,NA,0,T36,DESERT CROSSINGS,RT 111,13,W,N,A,-,N,NA,NA,NA,NA,NA,NA,NA,NA,NA,N,3,0,1,2,A,-,05,21650,1,N,D,G,A,A,H,-,C,A,0,NA,Y,NA,NA,Y,NA,L,04,0,1,0,0,0,0,1,0,0,-,-,NA,NA,RIVERSIDE,PALM DESERT,NA,NA
6758572,2014,2015-01-30,9840,2014-12-11,0102,19727,NA,4,3,7,3313,0,1,1,NA,2,022,RT 215,COLUMBIA AV,350,N,N,B,-,Y,NA,NA,215,NA,NA,NA,NA,NA,NA,Y,2,0,3,3,A,-,01,23152,A,N,C,C,A,A,D,-,C,D,0,NA,NA,NA,NA,Y,Y,A,08,1,0,2,0,0,0,0,0,0,-,-,34.00477,-117.34939,RIVERSIDE,RIVERSIDE,-117.34954235,34.00487074
6758643,2014,2015-02-02,3313,2014-12-08,2056,1073,EAST,1,5,7,3313,0,0,0,NA,0,T42,UNIVERSITY AV,EUCALYPTUS AV,15,E,N,A,-,N,NA,NA,NA,NA,NA,NA,NA,NA,NA,N,4,0,1,2,A,-,10,21950,A,M,G,B,B,A,H,-,C,A,0,Y,NA,NA,NA,Y,NA,D,22,0,0,1,0,1,0,0,0,0,-,-,NA,NA,RIVERSIDE,RIVERSIDE,-117.35959069,33.97562112
6758963,2014,2015-02-02,3313,2014-12-09,1656,1571,NTH,2,5,7,3313,0,0,0,NA,0,T45,MISSION INN AV,ORANGE ST,111,W,N,A,-,N,NA,NA,NA,NA,NA,NA,NA,NA,NA,N,4,0,1,2,A,-,08,22107,NA,N,D,G,A,A,H,-,C,D,0,NA,Y,NA,NA,Y,NA,A,01,0,0,1,0,0,0,1,0,0,-,-,NA,NA,RIVERSIDE,RIVERSIDE,-117.37291967,33.98252688
6763353,2014,2015-02-03,9630,2014-12-09,1620,12477,NA,2,2,9,3300,0,1,3,NA,2,195,RT 195,RT 86,1056,E,N,A,-,Y,NA,NA,195,NA,NA,NA,NA,NA,NA,N,4,0,1,2,A,-,21,22106,NA,N,C,C,A,A,H,-,B,A,0,NA,NA,Y,NA,Y,NA,A,01,0,0,1,0,0,0,0,0,0,-,-,33.5695,-116.0895,RIVERSIDE,UNINCORPORATED,-116.08950204,33.5693805
6765583,2014,2015-02-12,9685,2014-12-04,1720,013376,NA,4,2,5,3335,0,1,1,NA,2,030,RT 15,WINCHESTER RD,25,N,N,B,-,Y,NA,NA,15,NA,NA,NA,NA,NA,NA,Y,4,0,1,2,A,-,03,22350,NA,N,C,C,A,A,H,-,C,D,0,NA,NA,NA,NA,Y,NA,A,01,0,0,1,0,0,0,0,0,0,-,-,33.5232,-117.16307,RIVERSIDE,TEMECULA,-117.16316483,33.52313693
6767205,2014,2015-02-04,9655,2014-12-09,1720,012775,NA,2,2,9,3300,0,1,3,NA,2,212,RT 60,JACK RABBIT TRL,15312,W,N,A,-,Y,NA,NA,60,NA,NA,NA,NA,NA,NA,Y,3,0,1,2,A,-,07,21658,A,F,B,C,A,A,H,-,D,D,0,NA,NA,NA,NA,Y,NA,-,99,0,1,0,0,0,0,0,0,0,-,-,33.94375,-117.07726,RIVERSIDE,UNINCORPORATED,-117.07726695,33.94370503
6768747,2014,2016-02-25,3300,2014-12-13,1814,5197,22E3,6,5,3,3317,0,0,0,NA,0,022,STARLIGHT CIR,RT 111,0,NA,Y,A,-,N,NA,NA,NA,NA,NA,NA,NA,NA,NA,N,4,0,1,2,D,-,00,NA,NA,F,G,B,D,A,-,-,A,-,0,Y,NA,NA,NA,Y,NA,-,-,0,0,1,0,1,0,0,0,0,-,-,NA,NA,RIVERSIDE,RANCHO MIRAGE,-116.43789,33.75928
6768919,2015,2015-05-04,9840,2015-04-08,0715,14916,NA,3,1,9,3300,0,3,5,NA,2,004,WALNUT ST,SHERMAN AV,1056,E,N,A,-,N,NA,NA,NA,NA,NA,NA,NA,NA,NA,Y,2,0,1,2,A,-,11,21954,A,N,G,B,D,A,H,-,A,D,0,Y,NA,NA,NA,Y,NA,N,60,1,0,0,0,1,0,0,0,0,-,-,NA,NA,RIVERSIDE,UNINCORPORATED,-117.17912409,33.82669021
6769464,2015,2015-05-02,3313,2015-04-17,1742,1222,C,5,5,7,3313,0,0,0,NA,0,T41,MADISON ST,DIAMOND ST,86,S,N,A,-,N,NA,NA,NA,NA,NA,NA,NA,NA,NA,N,4,0,1,2,A,-,21,22106,NA,N,D,C,A,A,H,-,A,D,0,NA,NA,NA,NA,Y,NA,A,01,0,0,1,0,0,0,0,0,0,-,-,NA,NA,RIVERSIDE,RIVERSIDE,-117.40203982,33.93234584
6769505,2015,2016-06-14,3308,2015-04-16,1555,10559,546,4,5,5,3308,0,0,0,NA,0,SOUTH,STATE ST,STETSON AV,203,S,N,A,-,N,NA,NA,NA,NA,NA,NA,NA,NA,NA,N,4,0,1,2,A,-,03,22350,NA,N,C,C,A,A,H,-,A,A,0,NA,NA,NA,NA,Y,NA,A,01,0,0,1,0,0,0,0,0,0,-,-,NA,NA,RIVERSIDE,HEMET,-116.97154042,33.72881414
6770440,2014,2016-02-25,3300,2014-11-29,1726,N5554,30J1,6,5,4,3318,0,0,0,NA,0,306,HWY 111,PORTOLA AV,58,E,N,A,-,N,NA,NA,NA,NA,NA,NA,NA,NA,NA,N,4,0,1,2,A,-,03,22350,NA,N,C,C,A,A,H,-,C,A,0,NA,NA,NA,NA,Y,Y,A,01,0,0,1,0,0,0,0,0,0,-,-,NA,NA,RIVERSIDE,PALM DESERT,-116.37356007,33.72134
6771290,2014,2015-02-10,9685,2014-12-27,1145,13006,NA,6,1,9,3300,0,2,4,NA,2,016,GRAND AV,JAMIESON ST,100,N,N,A,-,N,NA,NA,NA,NA,NA,NA,NA,NA,NA,Y,3,0,2,2,A,-,09,21801,A,N,D,C,A,A,H,-,A,D,0,NA,NA,Y,NA,Y,NA,A,08,0,1,1,0,0,0,0,0,1,-,-,NA,NA,RIVERSIDE,UNINCORPORATED,-117.38280245,33.66262403
6771294,2014,2015-02-10,9685,2014-12-03,1745,013376,NA,3,2,9,3300,0,1,3,NA,1,026,RT 74,SULTANAS RD,0,NA,Y,B,C,Y,NA,NA,74,NA,NA,NA,NA,NA,NA,Y,3,0,2,2,A,-,09,21801,A,N,D,C,A,B,H,-,C,A,0,NA,NA,NA,NA,Y,NA,A,01,0,1,1,0,0,0,0,0,0,-,-,33.74371,-117.1278,RIVERSIDE,UNINCORPORATED,-117.12779948,33.74326
6771401,2015,2016-09-19,9840,2015-01-06,1720,14571,NA,2,2,7,3313,0,1,3,NA,2,020,RT 91,LA SIERRA AV,1584,W,N,A,-,Y,RIV,8,91,-,-,11.69,H,-,W,N,4,0,1,2,A,-,07,21658,A,N,B,C,A,A,H,-,D,D,1,NA,NA,NA,NA,Y,NA,A,01,0,0,1,0,0,0,0,0,0,-,-,33.89622,-117.49057,RIVERSIDE,RIVERSIDE,-117.47795929,33.89792509
6776242,2015,2016-09-27,9655,2015-01-02,1135,014421,NA,5,1,3,3302,0,1,1,NA,2,202,RT 10,OAK VALLEY PKWY,2640,E,N,A,-,Y,RIV,8,10,-,R,6.03,H,-,W,Y,4,0,1,1,A,-,08,22107,NA,N,F,A,A,A,H,-,A,D,1,NA,NA,NA,NA,Y,NA,A,01,0,0,1,0,0,0,0,0,0,-,-,33.93823,-116.99715,RIVERSIDE,BEAUMONT,-116.99777389,33.93893946
6776243,2015,2016-09-06,9655,2015-01-01,1405,014829,NA,4,2,9,3300,0,1,3,NA,1,316,RT 74,USFS RD 5S06,528,W,N,A,-,Y,RIV,8,74,-,-,50.05,H,-,W,Y,4,0,2,2,A,-,05,21460,A,N,A,C,A,A,H,-,A,D,0,NA,NA,NA,NA,Y,Y,A,01,0,0,2,0,0,0,0,0,0,-,-,33.73084,-116.81199,RIVERSIDE,UNINCORPORATED,-116.81289772,33.73355459
6777783,2014,2015-02-12,3300,2014-12-29,2243,4571,603C2,1,5,6,3394,0,0,0,NA,0,036,KITCHING ST,CACTUS AV,10,N,N,A,-,N,NA,NA,NA,NA,NA,NA,NA,NA,NA,Y,3,0,3,2,A,-,01,23152,A,N,D,C,A,A,H,-,C,A,0,NA,NA,NA,NA,Y,Y,A,07,0,3,0,0,0,0,0,0,0,-,-,NA,NA,RIVERSIDE,MORENO VALLEY,-117.21734081,33.91008738
6777787,2014,2015-02-12,3300,2014-12-04,2018,3774,601E5,4,5,6,3394,0,0,0,NA,0,016,HEMLOCK AV,PERRIS BL,115,W,N,A,-,N,NA,NA,NA,NA,NA,NA,NA,NA,NA,Y,4,0,1,2,A,-,03,22350,NA,F,C,C,A,A,H,-,C,D,0,NA,NA,NA,NA,Y,NA,A,01,0,0,1,0,0,0,0,0,0,-,-,NA,NA,RIVERSIDE,MORENO VALLEY,-117.22676798,33.94268
6779622,2014,2015-02-11,3313,2014-12-23,1139,1026,N,2,5,7,3313,0,0,0,NA,0,T52,W LA CADENA DR,INTERCHANGE,717,E,N,A,-,N,NA,NA,NA,NA,NA,NA,NA,NA,NA,Y,3,0,3,2,A,-,09,21802,A,N,D,D,A,A,H,-,A,D,0,NA,NA,NA,NA,Y,NA,A,01,0,1,2,0,0,0,0,0,0,-,-,NA,NA,RIVERSIDE,RIVERSIDE,-117.35039869,34.0041663