CASE_ID,ACCIDENT_YEAR,PROC_DATE,JURIS,COLLISION_DATE,COLLISION_TIME,OFFICER_ID,REPORTING_DISTRICT,DAY_OF_WEEK,CHP_SHIFT,POPULATION,CNTY_CITY_LOC,SPECIAL_COND,BEAT_TYPE,CHP_BEAT_TYPE,CITY_DIVISION_LAPD,CHP_BEAT_CLASS,BEAT_NUMBER,PRIMARY_RD,SECONDARY_RD,DISTANCE,DIRECTION,INTERSECTION,WEATHER_1,WEATHER_2,STATE_HWY_IND,CALTRANS_COUNTY,CALTRANS_DISTRICT,STATE_ROUTE,ROUTE_SUFFIX,POSTMILE_PREFIX,POSTMILE,LOCATION_TYPE,RAMP_INTERSECTION,SIDE_OF_HWY,TOW_AWAY,COLLISION_SEVERITY,NUMBER_KILLED,NUMBER_INJURED,PARTY_COUNT,PRIMARY_COLL_FACTOR,PCF_CODE_OF_VIOL,PCF_VIOL_CATEGORY,PCF_VIOLATION,PCF_VIOL_SUBSECTION,HIT_AND_RUN,TYPE_OF_COLLISION,MVIW,PED_ACTION,ROAD_SURFACE,ROAD_COND_1,ROAD_COND_2,LIGHTING,CONTROL_DEVICE,CHP_ROAD_TYPE,PEDESTRIAN_ACCIDENT,BICYCLE_ACCIDENT,MOTORCYCLE_ACCIDENT,TRUCK_ACCIDENT,NOT_PRIVATE_PROPERTY,ALCOHOL_INVOLVED,STWD_VEHTYPE_AT_FAULT,CHP_VEHTYPE_AT_FAULT,COUNT_SEVERE_INJ,COUNT_VISIBLE_INJ,COUNT_COMPLAINT_PAIN,COUNT_PED_KILLED,COUNT_PED_INJURED,COUNT_BICYCLIST_KILLED,COUNT_BICYCLIST_INJURED,COUNT_MC_KILLED,COUNT_MC_INJURED,PRIMARY_RAMP,SECONDARY_RAMP,LATITUDE,LONGITUDE,COUNTY,CITY,POINT_X,POINT_Y
6833263,2015,2016-10-24,9840,2015-02-14,1650,17546,NA,6,2,4,3312,0,1,1,NA,2,041,RT 215,PERRIS BL,100,S,N,A,-,Y,RIV,8,215,-,-,27.02,H,-,N,N,4,0,2,3,A,-,07,21658,A,N,B,C,A,A,H,-,A,D,1,NA,NA,NA,NA,Y,NA,D,22,0,0,2,0,0,0,0,0,0,-,-,33.78976,-117.22504,RIVERSIDE,PERRIS,-117.22586449,33.79039058
6833289,2015,2016-10-07,9840,2015-02-17,0600,14916,NA,2,1,7,3313,0,1,1,NA,2,024,RT 215,EUCALYPTUS AV,2112,S,N,E,-,Y,RIV,8,215,-,-,37.04,H,-,N,Y,4,0,2,3,A,-,03,22350,NA,N,C,C,A,A,H,-,B,D,1,NA,NA,NA,NA,Y,NA,A,07,0,0,2,0,0,0,0,0,0,-,-,33.92648,-117.28888,RIVERSIDE,RIVERSIDE,-117.28862564,33.92935012
6833304,2015,2016-09-28,9840,2015-02-06,2330,19844,NA,5,3,6,3315,0,1,3,NA,2,030,RT 91,MAPLE ST,650,E,N,A,-,Y,RIV,8,91,-,-,4.28,H,-,E,Y,4,0,1,3,A,-,01,23152,A,N,C,C,A,A,D,-,D,D,1,NA,NA,NA,NA,Y,Y,A,01,0,0,1,0,0,0,0,0,0,-,-,33.88079,-117.59917,RIVERSIDE,CORONA,-117.60147756,33.8804352
6833799,2015,2015-03-12,3308,2015-02-18,1159,10564,527,3,5,5,3308,0,0,0,NA,0,SOUTH,STATE ST,CENTRAL AV,0,NA,Y,A,-,N,NA,NA,NA,NA,NA,NA,NA,NA,NA,N,4,0,1,2,A,-,09,21800,A,N,D,C,A,A,H,-,A,A,0,NA,NA,NA,NA,Y,NA,A,01,0,0,1,0,0,0,0,0,0,-,-,NA,NA,RIVERSIDE,HEMET,-116.97163014,33.74208001
6835398,2015,2016-10-10,9660,2015-02-18,0036,20724,NA,3,3,9,3300,0,1,1,NA,2,030,RT 10,FORD DRY LAKE,30624,W,N,A,-,Y,RIV,8,10,-,R,124.14,H,-,E,Y,4,0,1,2,A,-,03,22350,NA,N,C,D,A,A,H,-,D,D,1,NA,NA,NA,NA,Y,NA,A,07,0,0,1,0,0,0,0,0,0,-,-,33.63636,-115.08435,RIVERSIDE,UNINCORPORATED,-115.08386415,33.63626489
6835427,2015,2016-09-27,9655,2015-02-19,2354,18587,NA,4,3,2,3336,0,1,1,NA,2,202,RT 10,CHERRY VALLEY BL,1200,W,N,A,-,Y,RIV,8,10,-,R,2.82,H,-,W,Y,4,0,2,2,A,-,01,23152,A,N,B,C,A,A,H,-,D,D,1,NA,NA,NA,NA,Y,Y,A,01,0,0,2,0,0,0,0,0,0,-,-,33.97359,-117.04271,RIVERSIDE,CALIMESA,-117.03852495,33.97057357
6836012,2015,2016-10-06,9685,2015-02-16,1300,014488,NA,1,1,9,3300,0,1,3,NA,1,045,RT 79,RAINBOW RD,2112,N,N,A,-,Y,RIV,8,79,-,-,4.73,H,-,N,Y,4,0,1,1,A,-,08,22107,NA,N,E,I,A,A,H,-,A,D,0,NA,NA,NA,NA,Y,NA,A,01,0,0,1,0,0,0,0,0,0,-,-,33.45017,-116.8955,RIVERSIDE,UNINCORPORATED,-116.89846145,33.45582575
6836096,2015,2016-09-06,9655,2015-02-23,0750,014829,NA,1,1,9,3300,0,1,3,NA,1,316,RT 74,FOREST SERVICE RD NF5S06,4224,E,N,B,-,Y,RIV,8,74,-,-,52.16,H,-,W,Y,3,0,1,1,A,-,03,22350,NA,N,E,I,A,B,H,-,A,D,0,NA,NA,NA,NA,Y,NA,A,07,0,1,0,0,0,0,0,0,0,-,-,33.74783,-116.88965,RIVERSIDE,UNINCORPORATED,-116.78666931,33.71512536
6836231,2015,2015-03-12,9655,2015-02-19,2155,018163,NA,4,2,9,3300,0,3,5,NA,2,003,DOMENIGONI PKWY,WARREN RD,2640,W,N,A,-,N,NA,NA,NA,NA,NA,NA,NA,NA,NA,Y,4,0,1,1,A,-,08,22107,NA,N,E,I,A,A,H,-,D,D,0,NA,NA,NA,NA,Y,NA,A,01,0,0,1,0,0,0,0,0,0,-,-,33.69917,-117.04021,RIVERSIDE,UNINCORPORATED,-117.04020867,33.69940721
6836385,2015,2015-08-15,9840,2015-02-13,0735,17546,NA,5,1,7,3313,0,3,5,NA,2,004,RAMONA AV,CENTRAL AV,275,N,N,A,-,N,NA,NA,NA,NA,NA,NA,NA,NA,NA,Y,4,0,1,1,A,-,08,22107,NA,N,E,I,A,A,H,-,A,D,0,NA,NA,NA,NA,Y,NA,A,01,0,0,1,0,0,0,0,0,0,-,-,33.79481,-117.14759,RIVERSIDE,RIVERSIDE,-117.14763362,33.79472324
6836488,2015,2015-03-12,9840,2015-02-02,1755,12585,NA,1,2,9,3300,0,2,4,NA,2,042,VAN BUREN BL,KING AV,300,E,N,A,-,N,NA,NA,NA,NA,NA,NA,NA,NA,NA,Y,2,0,1,2,A,-,09,21801,A,F,F,A,A,A,H,-,D,D,0,NA,NA,Y,NA,Y,NA,A,01,1,0,0,0,0,0,0,0,1,-,-,33.88243,-117.36827,RIVERSIDE,UNINCORPORATED,-117.36951449,33.88236
6836493,2015,2015-03-12,9840,2015-02-06,0005,18498,NA,5,3,9,3300,0,3,5,NA,2,004,SULTANAS RD,TODD DR,30,N,N,A,-,N,NA,NA,NA,NA,NA,NA,NA,NA,NA,Y,4,0,1,1,A,-,03,22350,NA,N,E,I,A,A,H,-,D,D,0,NA,NA,Y,NA,Y,NA,C,02,0,0,1,0,0,0,0,0,1,-,-,NA,NA,RIVERSIDE,UNINCORPORATED,-117.12776688,33.75597213
6836499,2015,2016-09-28,9840,2015-02-04,0913,12208,NA,3,1,6,3315,0,1,3,NA,2,030,RT 91,GREEN RIVER RD,696,E,N,B,-,Y,RIV,8,91,-,R,1.16,H,-,W,Y,4,0,1,3,A,-,03,22350,NA,N,C,C,A,A,D,-,A,D,1,NA,NA,NA,NA,Y,NA,A,01,0,0,1,0,0,0,0,0,0,-,-,NA,NA,RIVERSIDE,CORONA,-117.65608925,33.87961824
6836676,2015,2016-10-10,9840,2015-02-16,1621,18248,NA,1,2,7,3313,0,1,1,NA,2,023,RT 215,SYCAMORE CANYON BL,500,S,N,A,-,Y,RIV,8,215,-,R,38.764,R,1,S,Y,4,0,1,2,A,-,03,22350,NA,N,C,C,A,A,H,-,A,A,1,NA,NA,NA,NA,Y,NA,A,01,0,0,1,0,0,0,0,0,0,FR,-,33.94655,-117.29984,RIVERSIDE,RIVERSIDE,-117.29957607,33.94688131
6837764,2015,2016-03-08,3313,2015-02-24,1259,1073,NORTH,2,5,7,3313,0,0,0,NA,0,T42,MARKET ST,REDWOOD DR,596,N,N,A,-,N,NA,NA,NA,NA,NA,NA,NA,NA,NA,N,4,0,1,2,A,-,03,22350,NA,N,C,C,A,A,H,-,A,A,0,NA,NA,NA,NA,Y,NA,A,01,0,0,1,0,0,0,0,0,0,-,-,NA,NA,RIVERSIDE,RIVERSIDE,-117.37454853,34.00015936
6838383,2014,2015-03-14,3300,2014-12-12,1938,NA,999,5,5,4,3314,0,0,0,NA,0,NORTH,PARK AV,MENLO AV,63,S,N,B,-,N,NA,NA,NA,NA,NA,NA,NA,NA,NA,Y,3,0,1,2,A,-,01,23152,A,N,D,C,A,B,H,-,D,A,0,NA,NA,Y,NA,Y,Y,C,02,0,1,0,0,0,0,0,0,1,-,-,NA,NA,RIVERSIDE,SAN JACINTO,-116.95010211,33.75836288
6841455,2015,2015-03-27,3313,2015-03-02,1401,1073,NORTH,1,5,7,3313,0,0,0,NA,0,T42,STREETER AV,BEATTY DR,12,N,N,B,-,N,NA,NA,NA,NA,NA,NA,NA,NA,NA,Y,4,0,1,2,A,-,09,21802,A,N,B,C,A,A,G,-,A,A,0,NA,NA,NA,NA,Y,NA,A,07,0,0,1,0,0,0,0,0,0,-,-,NA,NA,RIVERSIDE,RIVERSIDE,-117.41871,33.95557288
6843269,2015,2015-03-17,3300,2015-02-03,1702,3603,901B,2,5,4,3310,0,0,0,NA,0,050,SIERRA AV,4TH ST,10,S,N,A,-,N,NA,NA,NA,NA,NA,NA,NA,NA,NA,N,4,0,1,2,A,-,12,22450,A,N,D,C,A,A,H,-,A,D,0,NA,NA,NA,NA,Y,NA,D,22,0,0,1,0,0,0,0,0,0,-,-,NA,NA,RIVERSIDE,NORCO,-117.5542296,33.9242026
6843412,2015,2015-03-13,3300,2015-02-23,1457,3280,910A,1,5,5,3335,0,0,0,NA,0,062,WINCHESTER RD,PROMENADE MALL WEST,647,E,N,A,-,N,NA,NA,NA,NA,NA,NA,NA,NA,NA,N,4,0,3,2,A,-,03,22350,NA,N,C,C,A,A,H,-,A,A,0,NA,NA,NA,NA,Y,NA,A,01,0,0,3,0,0,0,0,0,0,-,-,NA,NA,RIVERSIDE,TEMECULA,-117.15556172,33.52806984
6846249,2015,2015-03-17,3313,2015-02-14,1416,1786,CTR,6,5,7,3313,0,0,0,NA,0,B331,INDIANA AV,GIBSON ST,119,W,N,A,-,N,NA,NA,NA,NA,NA,NA,NA,NA,NA,Y,4,0,1,2,A,-,06,21750,A,N,C,C,A,A,H,-,A,D,0,NA,NA,NA,NA,Y,NA,A,01,0,0,1,0,0,0,0,0,0,-,-,NA,NA,RIVERSIDE,RIVERSIDE,-117.43811202,33.91602495
6847987,2015,2016-10-11,9685,2015-02-27,2320,14338,NA,5,3,5,3335,0,1,1,NA,2,030,RT 15,RANCHO CALIFORNIA RD,2112,N,N,B,-,Y,RIV,8,15,-,-,0.38,H,-,N,Y,4,0,1,1,A,-,08,22107,NA,N,E,I,A,A,H,-,D,D,1,NA,NA,NA,NA,Y,NA,A,01,0,0,1,0,0,0,0,0,0,-,-,33.50649,-117.15393,RIVERSIDE,TEMECULA,-117.13919009,33.438098
6851611,2015,2015-03-26,3300,2015-02-23,1019,3365,002Q,1,5,6,3345,0,0,0,NA,0,024,PEDLEY AV,58TH ST,886,S,N,B,-,N,NA,NA,NA,NA,NA,NA,NA,NA,NA,Y,3,0,1,2,A,-,09,21801,A,N,D,C,A,A,H,-,A,D,0,NA,NA,NA,NA,Y,NA,D,22,0,1,0,0,0,0,0,0,0,-,-,NA,NA,RIVERSIDE,JURUPA VALLEY,-117.47541,33.98034222
6851627,2015,2015-03-25,3300,2015-02-12,1620,4304,002M,4,5,6,3345,0,0,0,NA,0,022,WINEVILLE AV,BELLEGRAVE AV,0,NA,Y,A,-,N,NA,NA,NA,NA,NA,NA,NA,NA,NA,Y,4,0,1,2,A,-,09,21800,A,N,D,C,A,A,H,-,A,A,0,NA,NA,NA,NA,Y,NA,D,22,0,0,1,0,0,0,0,0,0,-,-,NA,NA,RIVERSIDE,JURUPA VALLEY,-117.54142011,33.99383003
6854584,2014,2015-05-12,3300,2014-11-09,1620,3280,910E,7,5,5,3335,0,0,0,NA,0,062,JEFFERSON AV,OVERLAND DR,1154,N,N,A,-,N,NA,NA,NA,NA,NA,NA,NA,NA,NA,Y,1,1,0,1,A,-,03,22350,NA,N,E,I,A,A,H,-,A,A,0,NA,NA,Y,NA,Y,NA,C,02,0,0,0,0,0,0,0,1,0,-,-,NA,NA,RIVERSIDE,TEMECULA,-117.16348469,33.51923009
6855176,2015,2015-04-16,9655,2015-03-13,0630,017106,NA,5,1,9,3300,0,3,5,NA,2,003,DOMENIGONI PKWY,LEON RD,2000,E,N,A,-,N,NA,NA,NA,NA,NA,NA,NA,NA,NA,Y,3,0,1,2,A,-,03,22350,NA,N,C,C,A,A,H,-,B,D,0,NA,NA,NA,Y,Y,NA,A,01,0,1,0,0,0,0,0,0,0,-,-,33.69243,-117.10837,RIVERSIDE,UNINCORPORATED,-117.11303686,33.69251
6855298,2015,2016-11-04,9630,2015-02-25,2035,17467,NA,3,2,9,3300,0,1,3,NA,2,087,RT 86,62ND AV,0,NA,Y,A,-,Y,RIV,8,86,-,R,13.11,I,5,N,Y,3,0,3,2,A,-,01,23152,A,N,D,C,A,A,H,-,C,A,5,NA,NA,NA,NA,Y,Y,A,08,0,3,0,0,0,0,0,0,0,-,-,33.59856,-116.09917,RIVERSIDE,UNINCORPORATED,-116.09923199,33.59863335
6855965,2015,2016-10-07,9840,2015-02-22,2120,019242,NA,7,2,7,3313,0,1,1,NA,2,023,RT 215,CENTRAL AV,500,S,N,C,-,Y,RIV,8,215,-,-,39.39,H,-,N,N,4,0,3,2,A,-,03,22350,NA,N,B,C,A,B,H,-,C,D,1,NA,NA,NA,NA,Y,NA,D,22,0,0,3,0,0,0,0,0,0,-,-,33.95952,-117.30931,RIVERSIDE,RIVERSIDE,-117.30808984,33.95801659
6856141,2015,2015-03-24,3300,2015-03-02,1444,4996,603A4,1,5,6,3394,0,0,0,NA,0,MV32,JOHNNY F KENNEDY DR,PEPPER CT,0,NA,Y,A,-,N,NA,NA,NA,NA,NA,NA,NA,NA,NA,Y,3,0,1,2,A,-,09,21802,A,N,D,C,A,A,H,-,A,A,0,NA,NA,NA,NA,Y,NA,A,01,0,1,0,0,0,0,0,0,0,-,-,NA,NA,RIVERSIDE,MORENO VALLEY,-117.23992009,33.90280002
6856495,2015,2016-10-11,9685,2015-03-17,0840,015757,NA,2,1,5,3335,0,1,1,NA,2,030,RT 15,TEMECULA PKWY,7920,S,N,A,B,Y,RIV,8,15,-,R,1.92,H,-,N,N,4,0,1,1,A,-,08,22107,NA,N,E,I,A,A,H,-,A,D,1,NA,NA,NA,NA,Y,NA,A,01,0,0,1,0,0,0,0,0,0,-,-,33.46478,-117.13606,RIVERSIDE,TEMECULA,-117.13585974,33.45900451
6856936,2015,2015-04-22,3300,2015-01-29,0915,N3672,916B,4,5,4,3312,0,0,0,NA,0,032,REDLANDS AV,NUEVO RD,0,NA,Y,A,-,N,NA,NA,NA,NA,NA,NA,NA,NA,NA,Y,2,0,2,2,A,-,12,21453,A,N,D,C,A,A,H,-,A,A,0,NA,NA,NA,NA,Y,NA,A,01,1,1,0,0,0,0,0,0,0,-,-,NA,NA,RIVERSIDE,PERRIS,-117.21740011,33.8011101
6858845,2015,2016-10-05,9630,2015-03-01,0608,20061,NA,7,1,4,3311,0,1,1,NA,2,010,RT 10,NORTH INDIAN CANYON DR,1816,W,N,C,-,Y,RIV,8,10,-,-,33.412,R,2,E,Y,4,0,1,1,A,-,03,22350,NA,N,E,I,A,B,H,-,B,D,1,NA,NA,NA,NA,Y,NA,A,01,0,0,1,0,0,0,0,0,0,TO,-,33.90454,-116.55166,RIVERSIDE,PALM SPRINGS,-116.54083192,33.90333797
6859951,2015,2015-03-27,3300,2015-03-04,1230,3481,920H,3,5,4,3314,0,0,0,NA,0,074,SAN JACINTO AV,SHAVER ST,566,S,N,A,-,N,NA,NA,NA,NA,NA,NA,NA,NA,NA,Y,4,0,1,2,A,-,09,21804,A,N,D,C,A,A,H,-,A,D,0,NA,NA,NA,NA,Y,NA,A,01,0,0,1,0,0,0,0,0,0,-,-,NA,NA,RIVERSIDE,SAN JACINTO,-116.95883308,33.77619003
6860606,2015,2016-09-19,9840,2015-03-10,0525,020102,NA,2,3,7,3313,0,1,3,NA,2,031,RT 91,MCKINLEY ST,1000,E,N,A,-,Y,RIV,8,91,-,-,9.39,H,-,W,Y,4,0,1,2,A,-,03,22350,NA,N,C,C,A,A,H,-,D,D,1,NA,NA,NA,NA,Y,NA,A,01,0,0,1,0,0,0,0,0,0,-,-,34.18732,-117.43873,RIVERSIDE,RIVERSIDE,-117.51484392,33.8878308
6860609,2015,2016-09-28,9840,2015-03-03,0830,16619,NA,2,1,6,3315,0,1,3,NA,2,030,RT 91,SERFAS CLUB DR,979,W,N,A,-,Y,RIV,8,91,-,R,3.577,R,2,E,Y,4,0,2,3,A,-,08,22107,NA,N,B,C,A,A,D,-,A,D,1,NA,NA,NA,Y,Y,NA,A,01,0,0,2,0,0,0,0,0,0,TO,-,33.88091,-117.61616,RIVERSIDE,CORONA,-117.61547157,33.88093544
6860621,2015,2016-09-28,9840,2015-03-05,1500,017903,NA,4,2,7,3313,0,1,1,NA,2,023,RT 215,CENTRAL AV,400,S,N,A,-,Y,RIV,8,215,-,-,39.41,H,-,N,Y,4,0,1,3,A,-,03,22350,NA,N,C,C,A,A,H,-,A,D,1,NA,NA,NA,NA,Y,NA,D,22,0,0,1,0,0,0,0,0,0,-,-,33.95857,-117.30867,RIVERSIDE,RIVERSIDE,-117.30833469,33.95820382
6860784,2015,2016-09-28,9840,2015-02-23,1225,14868,NA,1,1,7,3313,0,1,1,NA,2,023,RT 215,CENTRAL AV,300,N,N,B,C,Y,RIV,8,215,-,-,39.57,H,-,S,Y,4,0,2,1,A,-,08,22107,NA,N,E,I,A,B,H,-,A,D,1,NA,NA,NA,NA,Y,NA,A,07,0,0,2,0,0,0,0,0,0,-,-,33.96066,-117.31469,RIVERSIDE,RIVERSIDE,-117.31046571,33.95950371
6860809,2015,2015-03-30,3300,2015-03-04,2000,4815,36J4,3,5,4,3318,0,0,0,NA,0,3T36,COOK ST,RIVIERA,21,E,N,A,-,N,NA,NA,NA,NA,NA,NA,NA,NA,NA,Y,4,0,1,2,A,-,08,22107,NA,N,-,C,A,A,H,-,C,D,0,NA,NA,NA,NA,Y,NA,A,07,0,0,1,0,0,0,0,0,0,-,-,NA,NA,RIVERSIDE,PALM DESERT,-116.35635,33.75088
6861668,2015,2015-04-08,3308,2015-02-24,1751,10179,563,2,5,5,3308,0,0,0,NA,0,SOUTH,WARREN RD,CORTE DEL MAR,160,N,N,A,-,N,NA,NA,NA,NA,NA,NA,NA,NA,NA,Y,4,0,1,1,A,-,03,22350,NA,N,E,I,A,A,H,-,D,D,0,NA,NA,NA,NA,Y,Y,D,22,0,0,1,0,0,0,0,0,0,-,-,NA,NA,RIVERSIDE,HEMET,-117.03198964,33.72316579
6863233,2015,2015-04-17,3302,2015-03-23,1537,842,3302,1,5,3,3302,0,0,0,NA,0,001,2ND ST,PASEO BEAUMONT,626,W,N,A,-,N,NA,NA,NA,NA,NA,NA,NA,NA,NA,N,4,0,2,2,A,-,09,21804,A,N,D,C,A,A,H,-,A,A,0,NA,NA,NA,NA,Y,NA,A,01,0,0,2,0,0,0,0,0,0,-,-,NA,NA,RIVERSIDE,BEAUMONT,-116.9501419,33.9232734
6863305,2015,2015-04-16,3313,2015-03-16,0259,1706,EAST,1,5,7,3313,0,0,0,NA,0,A239,KANSAS AV,3RD ST,212,S,N,A,-,N,NA,NA,NA,NA,NA,NA,NA,NA,NA,Y,2,0,3,6,A,-,03,22350,NA,N,C,C,A,A,H,-,C,D,0,NA,NA,NA,Y,Y,NA,F,21,2,1,0,0,0,0,0,0,0,-,-,NA,NA,RIVERSIDE,RIVERSIDE,-117.35723369,33.98236919
6864157,2015,2015-04-08,3300,2015-03-08,1313,4996,602D2,7,5,6,3394,0,0,0,NA,0,MV26,ATWOOD AV,INDIAN ST,111,E,N,A,-,N,NA,NA,NA,NA,NA,NA,NA,NA,NA,N,3,0,1,2,A,-,11,21954,A,N,G,B,E,A,H,-,A,A,0,Y,NA,NA,NA,Y,NA,N,60,0,1,0,0,1,0,0,0,0,-,-,NA,NA,RIVERSIDE,MORENO VALLEY,-117.23466522,33.92996085
6864257,2015,2015-04-07,3300,2015-03-13,0842,4323,910T,5,5,5,3335,0,0,0,NA,0,070,BUTTERFIELD STAGE RD,CHANNEL ST,8,S,N,A,-,N,NA,NA,NA,NA,NA,NA,NA,NA,NA,N,4,0,1,2,A,-,08,22107,NA,N,D,G,A,A,H,-,A,A,0,NA,Y,NA,NA,Y,NA,A,01,0,0,1,0,0,0,1,0,0,-,-,NA,NA,RIVERSIDE,TEMECULA,-117.07522052,33.48097539
6865800,2015,2016-10-20,3308,2015-03-18,0938,4189,517,3,5,5,3308,0,0,0,NA,0,00S,FLORIDA AV,JUANITA ST,0,NA,Y,A,-,Y,RIV,8,74,-,-,40.774,I,5,W,Y,4,0,2,2,A,-,09,21802,A,N,D,C,A,A,H,-,A,A,0,NA,NA,NA,NA,Y,NA,A,01,0,0,2,0,0,0,0,0,0,-,-,NA,NA,RIVERSIDE,HEMET,-116.96845927,33.7476189
6865816,2015,2015-04-09,3308,2015-03-18,0943,10545,574,3,5,5,3308,0,0,0,NA,0,SOUTH,DOMENIGONI PKWY,SANDERSON AV,45,W,N,A,-,N,NA,NA,NA,NA,NA,NA,NA,NA,NA,Y,4,0,1,2,A,-,09,21453,B,N,C,C,A,A,H,-,A,A,0,NA,NA,NA,NA,Y,NA,A,01,0,0,1,0,0,0,0,0,0,-,-,NA,NA,RIVERSIDE,HEMET,-117.00613186,33.71364634
6867506,2015,2015-04-10,9840,2015-03-18,1745,12585,NA,3,2,9,3300,0,2,4,NA,2,043,RAMONA EXPWY,HANSEN AV,120,W,N,B,-,N,NA,NA,NA,NA,NA,NA,NA,NA,NA,Y,4,0,2,2,A,-,03,22350,NA,N,C,C,A,A,H,-,A,D,0,NA,NA,NA,NA,Y,NA,A,01,0,0,2,0,0,0,0,0,0,-,-,33.8386,-117.11849,RIVERSIDE,UNINCORPORATED,-117.11869456,33.83854833
6869695,2015,2016-09-19,3313,2015-03-21,0152,1779,CENTR,6,5,7,3313,0,0,0,NA,0,330,VAN BUREN BL,RT 91,0,NA,Y,A,-,Y,RIV,8,91,-,-,14.223,H,-,W,Y,3,0,3,2,A,-,01,23140,A,N,D,C,A,A,H,-,C,A,0,NA,NA,NA,NA,Y,Y,A,01,0,1,2,0,0,0,0,0,0,-,WF,NA,NA,RIVERSIDE,RIVERSIDE,-117.43992563,33.91606918
6869704,2015,2016-09-28,9840,2015-03-19,1705,013950,NA,4,2,6,3315,0,1,3,NA,2,030,RT 91,RT 71,1610,W,N,A,-,Y,RIV,8,91,-,R,1.79,H,-,W,Y,4,0,2,2,A,-,08,22107,NA,N,C,C,A,A,D,-,A,D,1,NA,NA,NA,NA,Y,NA,A,01,0,0,2,0,0,0,0,0,0,-,-,NA,NA,RIVERSIDE,CORONA,-117.64547235,33.88250816
6869708,2015,2016-09-19,9840,2015-03-19,1435,12191,NA,4,2,7,3313,0,1,3,NA,2,020,RT 91,JACKSON ST,800,E,N,A,-,Y,RIV,8,91,-,-,14.75,H,-,E,N,4,0,1,3,A,-,03,22350,NA,N,C,C,A,A,H,-,A,D,1,NA,NA,NA,NA,Y,NA,A,01,0,0,1,0,0,0,0,0,0,-,-,33.92208,-117.42882,RIVERSIDE,RIVERSIDE,-117.4323048,33.92019352
6869948,2015,2016-06-14,9685,2015-04-04,1905,015050,NA,6,2,9,3300,0,3,5,NA,2,003,BENTON RD,TEMEKU ST,30,W,N,A,-,N,NA,NA,NA,NA,NA,NA,NA,NA,NA,N,4,0,1,2,D,-,00,NA,NA,N,B,C,A,A,H,-,C,A,0,NA,NA,NA,NA,Y,NA,-,-,0,0,1,0,0,0,0,0,0,-,-,33.59133,-117.12361,RIVERSIDE,UNINCORPORATED,-117.1233696,33.5911336
6870396,2015,2016-09-19,9840,2015-03-12,0235,18498,NA,4,3,7,3313,0,1,3,NA,2,020,RT 91,VAN BUREN BL,2710,W,N,A,-,Y,RIV,8,91,-,-,13.57,H,-,E,Y,4,0,1,1,A,-,01,23152,A,N,-,I,A,A,H,-,D,D,1,NA,NA,NA,NA,Y,Y,A,01,0,0,1,0,0,0,0,0,0,-,-,33.91035,-117.44958,RIVERSIDE,RIVERSIDE,-117.44921839,33.91057543
6870401,2015,2016-09-28,9840,2015-03-25,1415,13500,NA,3,2,7,3313,0,1,1,NA,2,022,RT 215,COLUMBIA AV,300,S,N,A,-,Y,RIV,8,215,-,-,43.84,H,-,N,Y,3,0,1,1,A,-,03,22350,NA,N,F,A,A,A,D,-,A,D,1,NA,NA,Y,NA,Y,NA,C,02,0,1,0,0,0,0,0,0,1,-,-,33.99993,-117.35288,RIVERSIDE,RIVERSIDE,-117.35239379,34.00054178
6870417,2015,2015-04-15,9840,2015-03-21,2315,019729,NA,6,3,9,3300,0,3,5,NA,2,004,DAY ST,LANE ST,150,N,N,A,-,N,NA,NA,NA,NA,NA,NA,NA,NA,NA,Y,3,0,1,1,A,-,01,23152,A,N,E,I,A,A,H,-,C,D,0,NA,NA,NA,NA,Y,Y,A,01,0,1,0,0,0,0,0,0,0,-,-,33.84874,-117.28326,RIVERSIDE,UNINCORPORATED,-117.27890663,33.84982092
6870429,2015,2016-09-28,9840,2015-03-13,0550,16727,NA,5,3,6,3315,0,1,3,NA,2,031,RT 91,RT 15,300,E,N,A,-,Y,RIV,8,91,-,-,7.51,H,-,W,Y,2,0,1,3,A,-,07,21658,A,N,B,C,A,A,H,-,C,D,1,NA,NA,Y,NA,Y,NA,A,01,1,0,0,0,0,0,0,0,1,-,-,33.88214,-117.54633,RIVERSIDE,CORONA,-117.54637157,33.882214
6874718,2015,2016-10-12,9840,2015-03-18,1135,13500,NA,3,1,9,3300,0,1,1,NA,2,022,RT 215,CENTER ST,500,S,N,B,-,Y,RIV,8,215,-,-,44.92,H,-,N,Y,4,0,1,2,A,-,03,22350,NA,N,C,C,A,A,D,-,A,D,1,NA,NA,NA,NA,Y,NA,A,07,0,0,1,0,0,0,0,0,0,-,-,NA,NA,RIVERSIDE,UNINCORPORATED,-117.34326507,34.01425397
6875620,2015,2015-04-14,3300,2015-03-10,1003,3406,910U,2,5,5,3335,0,0,0,NA,0,070,ABBEY RD,ABBEY RD 33506,0,NA,N,A,-,N,NA,NA,NA,NA,NA,NA,NA,NA,NA,Y,3,0,1,1,A,-,08,22107,NA,N,E,I,A,A,H,-,A,D,0,NA,NA,NA,NA,Y,NA,A,01,0,1,0,0,0,0,0,0,0,-,-,33.47791,-117.07052,RIVERSIDE,TEMECULA,-117.070332,33.477868
6875923,2015,2015-04-14,9685,2015-03-19,1638,13925,NA,4,2,9,3300,0,3,5,NA,2,003,SERRENTO DR,ENCANTO RD,1000,N,N,A,-,N,NA,NA,NA,NA,NA,NA,NA,NA,NA,N,3,0,1,2,A,-,11,21954,A,N,C,C,E,A,H,-,A,D,0,Y,NA,NA,NA,Y,NA,N,60,0,1,0,0,1,0,0,0,0,-,-,33.56877,-117.10725,RIVERSIDE,UNINCORPORATED,-117.10501345,33.56882172
6876126,2015,2015-05-05,9630,2015-02-26,1935,19153,NA,4,2,4,3325,1,4,S,NA,2,901,VISTA CHINO,CARMELA DR,300,E,N,A,-,N,NA,NA,NA,NA,NA,NA,NA,NA,NA,Y,2,0,1,2,A,-,01,23152,A,N,D,C,A,A,H,-,C,D,0,NA,NA,NA,NA,Y,Y,A,08,1,0,0,0,0,0,0,0,0,-,-,33.84494,-116.48875,RIVERSIDE,CATHEDRAL CITY,-116.48841604,33.84484839
6877331,2015,2015-04-15,3313,2015-03-24,0957,1026,E,2,5,7,3313,0,0,0,NA,0,T52,ALESSANDRO BL,MISSION GROVE PKWY,627,W,N,A,-,N,NA,NA,NA,NA,NA,NA,NA,NA,NA,Y,3,0,2,2,A,-,12,21453,A,M,D,C,A,A,H,-,A,A,0,NA,NA,NA,NA,Y,NA,A,01,0,1,1,0,0,0,0,0,0,-,-,NA,NA,RIVERSIDE,RIVERSIDE,-117.32678984,33.9164504