CASE_ID,ACCIDENT_YEAR,PROC_DATE,JURIS,COLLISION_DATE,COLLISION_TIME,OFFICER_ID,REPORTING_DISTRICT,DAY_OF_WEEK,CHP_SHIFT,POPULATION,CNTY_CITY_LOC,SPECIAL_COND,BEAT_TYPE,CHP_BEAT_TYPE,CITY_DIVISION_LAPD,CHP_BEAT_CLASS,BEAT_NUMBER,PRIMARY_RD,SECONDARY_RD,DISTANCE,DIRECTION,INTERSECTION,WEATHER_1,WEATHER_2,STATE_HWY_IND,CALTRANS_COUNTY,CALTRANS_DISTRICT,STATE_ROUTE,ROUTE_SUFFIX,POSTMILE_PREFIX,POSTMILE,LOCATION_TYPE,RAMP_INTERSECTION,SIDE_OF_HWY,TOW_AWAY,COLLISION_SEVERITY,NUMBER_KILLED,NUMBER_INJURED,PARTY_COUNT,PRIMARY_COLL_FACTOR,PCF_CODE_OF_VIOL,PCF_VIOL_CATEGORY,PCF_VIOLATION,PCF_VIOL_SUBSECTION,HIT_AND_RUN,TYPE_OF_COLLISION,MVIW,PED_ACTION,ROAD_SURFACE,ROAD_COND_1,ROAD_COND_2,LIGHTING,CONTROL_DEVICE,CHP_ROAD_TYPE,PEDESTRIAN_ACCIDENT,BICYCLE_ACCIDENT,MOTORCYCLE_ACCIDENT,TRUCK_ACCIDENT,NOT_PRIVATE_PROPERTY,ALCOHOL_INVOLVED,STWD_VEHTYPE_AT_FAULT,CHP_VEHTYPE_AT_FAULT,COUNT_SEVERE_INJ,COUNT_VISIBLE_INJ,COUNT_COMPLAINT_PAIN,COUNT_PED_KILLED,COUNT_PED_INJURED,COUNT_BICYCLIST_KILLED,COUNT_BICYCLIST_INJURED,COUNT_MC_KILLED,COUNT_MC_INJURED,PRIMARY_RAMP,SECONDARY_RAMP,LATITUDE,LONGITUDE,COUNTY,CITY,POINT_X,POINT_Y
7052113,2015,2015-09-18,3300,2015-08-26,0940,N2248,44D2,3,5,3,3392,0,0,0,NA,0,LA373,AVE 52,CAMINO MODELO,59,E,N,A,-,N,NA,NA,NA,NA,NA,NA,NA,NA,NA,NA,4,0,1,2,A,-,09,21801,A,N,D,C,A,A,H,-,A,D,0,NA,NA,NA,NA,Y,NA,-,NA,0,0,1,0,0,0,0,0,0,-,-,NA,NA,RIVERSIDE,LA QUINTA,-116.23792717,33.67095229
7052121,2015,2015-09-18,3300,2015-08-28,2301,5035,81,5,5,3,3305,0,0,0,NA,0,0B1,FREDERICK ST,CHRISTINA RD,0,NA,Y,A,-,N,NA,NA,NA,NA,NA,NA,NA,NA,NA,N,4,0,1,2,A,-,09,21802,A,N,D,C,A,A,H,-,C,A,0,NA,NA,NA,NA,Y,NA,A,01,0,0,1,0,0,0,0,0,0,-,-,NA,NA,RIVERSIDE,COACHELLA,-116.19032003,33.68367002
7052807,2015,2015-09-18,3301,2015-07-25,1500,U452,3,6,5,4,3301,0,0,0,NA,0,003,W RAMSEY ST,OMAR ST,0,NA,Y,A,-,N,NA,NA,NA,NA,NA,NA,NA,NA,NA,Y,4,0,1,3,A,-,09,21804,A,N,D,C,A,A,H,-,A,D,0,NA,NA,NA,NA,Y,NA,A,01,0,0,1,0,0,0,0,0,0,-,-,NA,NA,RIVERSIDE,BANNING,-116.92403006,33.92695006
7053892,2015,2015-09-19,3300,2015-07-21,1533,3611,602C4,2,5,6,3394,0,0,0,NA,0,MV24,FREDERICK ST,BAY AV,0,NA,Y,A,-,N,NA,NA,NA,NA,NA,NA,NA,NA,NA,N,4,0,1,2,A,-,12,21453,A,N,D,C,A,A,H,-,A,A,0,NA,NA,NA,NA,Y,NA,A,07,0,0,1,0,0,0,0,0,0,-,-,NA,NA,RIVERSIDE,MORENO VALLEY,-117.26115003,33.92086006
7054254,2015,2015-09-28,3300,2015-08-30,1519,5997,NA,7,5,5,3335,0,0,0,NA,0,NA,WINCHESTER RD,PROMENADE MALL,234,W,N,B,-,N,NA,NA,NA,NA,NA,NA,NA,NA,NA,N,4,0,1,2,A,-,03,22350,NA,N,C,C,A,A,H,-,A,D,0,NA,NA,NA,NA,Y,NA,A,01,0,0,1,0,0,0,0,0,0,-,-,NA,NA,RIVERSIDE,TEMECULA,-117.15770355,33.52645577
7054683,2015,2015-09-25,3313,2015-09-03,2129,1738,W,4,5,7,3313,0,0,0,NA,0,C430,LA SIERRA AV,CYPRESS AV,0,NA,Y,A,-,N,NA,NA,NA,NA,NA,NA,NA,NA,NA,N,2,0,1,2,A,-,09,21453,C,F,D,C,A,A,H,-,C,A,0,NA,NA,Y,NA,Y,NA,A,01,1,0,0,0,0,0,0,0,1,-,-,NA,NA,RIVERSIDE,RIVERSIDE,-117.49741011,33.93840005
7056551,2015,2015-10-27,3300,2015-08-27,0231,4835,905M,4,5,4,3307,0,0,0,NA,0,093,RIVERSIDE DR,LAKESHORE DR,38,N,N,A,-,N,NA,NA,NA,NA,NA,NA,NA,NA,NA,Y,3,0,2,2,A,-,01,23152,A,N,D,C,A,A,H,-,C,D,0,NA,NA,NA,NA,Y,Y,A,01,0,1,1,0,0,0,0,0,0,-,-,NA,NA,RIVERSIDE,LAKE ELSINORE,-117.36658391,33.68460243
7056839,2015,2015-10-17,3300,2015-08-24,0918,3202,NA,1,5,4,3344,0,0,0,NA,0,NA,HAMNER AV,65TH AV,108,N,N,A,-,N,NA,NA,NA,NA,NA,NA,NA,NA,NA,Y,4,0,2,3,A,-,03,22350,NA,N,C,C,A,A,H,-,A,A,0,NA,NA,NA,NA,Y,NA,A,07,0,0,2,0,0,0,0,0,0,-,-,NA,NA,RIVERSIDE,EASTVALE,-117.55845,33.96838553
7058457,2015,2015-10-10,3313,2015-09-12,1212,1703,C,6,5,7,3313,0,0,0,NA,0,B317,WASHINGTON ST,MARGUERITA AV,0,NA,Y,A,-,N,NA,NA,NA,NA,NA,NA,NA,NA,NA,Y,3,0,1,2,A,-,09,21801,A,N,G,C,A,A,H,-,A,D,0,NA,NA,Y,NA,Y,NA,A,07,0,1,0,0,0,0,0,0,1,-,-,NA,NA,RIVERSIDE,RIVERSIDE,-117.39445005,33.93640002
7059377,2015,2015-10-10,3311,2015-09-06,0040,15962,NA,7,5,4,3311,0,0,0,NA,0,005,SUNRISE WY,FOUR SEASONS BL,262,N,N,A,-,N,NA,NA,NA,NA,NA,NA,NA,NA,NA,N,3,0,1,1,A,-,07,21658,A,F,E,I,A,A,H,-,C,D,0,NA,NA,NA,NA,Y,NA,A,07,0,1,0,0,0,0,0,0,0,-,-,NA,NA,RIVERSIDE,PALM SPRINGS,-116.52804162,33.8651269
7059378,2015,2015-10-10,3311,2015-09-18,0126,15824,3311,5,5,4,3311,0,0,0,NA,0,003,NORTH INDIAN CANYON DR,ALEJO RD,122,S,N,A,-,N,NA,NA,NA,NA,NA,NA,NA,NA,NA,Y,3,0,1,1,A,-,01,23152,A,N,E,I,A,-,H,-,C,D,0,NA,NA,NA,NA,Y,Y,A,01,0,1,0,0,0,0,0,0,0,-,-,NA,NA,RIVERSIDE,PALM SPRINGS,-116.54561,33.82997609
7061052,2015,2017-01-14,9840,2015-09-02,2026,020262,NA,3,2,7,3313,0,1,3,NA,2,020,RT 91,MAGNOLIA AV,1500,E,N,A,-,Y,RIV,8,91,-,-,11.45,H,-,E,Y,4,0,1,2,A,-,07,21658,A,M,E,J,A,A,H,-,D,D,1,NA,NA,NA,NA,Y,Y,-,99,0,0,1,0,0,0,0,0,0,-,-,33.89667,-117.48209,RIVERSIDE,RIVERSIDE,-117.48197544,33.89674684
7063168,2015,2015-10-29,3300,2015-10-12,1415,N2647,901-A,1,5,4,3310,0,0,0,NA,0,050,5TH ST,WESTERN AV,1500,E,N,A,-,N,NA,NA,NA,NA,NA,NA,NA,NA,NA,Y,4,0,1,2,A,-,09,21801,A,N,D,C,A,A,H,-,A,D,0,NA,NA,NA,NA,Y,NA,A,01,0,0,1,0,0,0,0,0,0,-,-,NA,NA,RIVERSIDE,NORCO,-117.5717353,33.93122581
7064500,2015,2017-01-10,9840,2015-09-06,0058,17037,NA,7,3,6,3345,0,1,3,NA,2,010,RT 60,MISSION BL,1900,W,N,A,-,Y,RIV,8,60,-,R,2.67,H,-,E,Y,2,0,3,1,A,-,01,23152,A,N,E,I,A,A,H,-,C,D,1,NA,NA,NA,NA,Y,Y,A,01,1,1,1,0,0,0,0,0,0,-,-,34.01841,-117.51303,RIVERSIDE,JURUPA VALLEY,-117.51296532,34.01850408
7064512,2015,2017-01-14,9840,2015-09-06,0225,19874,NA,7,3,6,3345,0,1,3,NA,2,010,RT 60,WINEVILLE AV,1105,W,N,A,-,Y,RIV,8,60,-,R,0.832,R,2,W,Y,4,0,2,1,A,-,01,23152,A,N,E,J,A,A,H,-,C,D,1,NA,NA,NA,NA,Y,Y,A,01,0,0,2,0,0,0,0,0,0,TO,-,34.02073,-117.54507,RIVERSIDE,JURUPA VALLEY,-117.54465644,34.02036082
7064599,2015,2015-09-21,9840,2015-08-26,1450,11368,NA,3,2,9,3300,0,2,4,NA,2,045,CAJALCO RD,WOOD RD,300,W,N,A,-,N,NA,NA,NA,NA,NA,NA,NA,NA,NA,Y,4,0,7,3,A,-,03,22350,NA,N,C,C,A,A,H,-,A,A,0,NA,NA,NA,NA,Y,NA,D,22,0,0,7,0,0,0,0,0,0,-,-,33.8366,-117.33218,RIVERSIDE,UNINCORPORATED,-117.33210348,33.8365153
7065229,2015,2015-09-15,9630,2015-07-28,0140,20555,NA,2,3,9,3300,0,2,4,NA,2,018,PALM DR,20TH AV,1056,N,N,A,-,N,NA,NA,NA,NA,NA,NA,NA,NA,NA,Y,4,0,1,1,A,-,01,23152,A,N,F,A,A,A,H,-,D,D,0,NA,NA,NA,NA,Y,Y,A,01,0,0,1,0,0,0,0,0,0,-,-,33.90849,-116.50149,RIVERSIDE,UNINCORPORATED,-116.50160978,33.90610992
7065325,2015,2017-01-14,9655,2015-08-28,1415,015862,NA,5,2,9,3300,0,3,5,NA,2,003,GILMAN SPRINGS RD,RT 79,227,W,N,A,-,Y,RIV,8,79,-,R,34.198,R,4,S,N,4,0,1,2,A,-,09,21804,A,N,B,C,A,A,H,-,A,D,0,NA,NA,NA,NA,Y,NA,A,07,0,0,1,0,0,0,0,0,0,-,-,33.84558,-117.00438,RIVERSIDE,UNINCORPORATED,-117.00663045,33.85011702
7066445,2015,2015-09-22,9840,2015-08-26,0630,11368,NA,3,1,9,3300,0,3,5,NA,2,004,CONTOUR AV,CITRUS ST,528,E,N,A,-,N,NA,NA,NA,NA,NA,NA,NA,NA,NA,N,4,0,1,2,A,-,05,21650,NA,F,B,B,E,A,H,-,A,D,0,Y,NA,NA,Y,Y,NA,F,26,0,0,1,0,1,0,0,0,0,-,-,33.8088,-117.10445,RIVERSIDE,UNINCORPORATED,-117.10869,33.808963
7067992,2015,2015-09-28,3311,2015-09-03,2030,15902,3311,4,5,4,3311,0,0,0,NA,0,005,RAMON RD,AVENIDA CABALLEROS,0,NA,Y,A,-,N,NA,NA,NA,NA,NA,NA,NA,NA,NA,Y,4,0,1,2,A,-,08,22100,A,N,D,-,A,A,H,-,C,A,0,NA,NA,NA,NA,Y,NA,A,01,0,0,1,0,0,0,0,0,0,-,-,NA,NA,RIVERSIDE,PALM SPRINGS,-116.53694001,33.8158901
7069146,2015,2015-09-23,3313,2015-09-04,1651,1475,W,5,5,7,3313,0,0,0,NA,0,M19,INDIANA AV,SAYWARD CIR,331,W,N,A,-,N,NA,NA,NA,NA,NA,NA,NA,NA,NA,Y,2,0,2,1,A,-,08,22107,NA,N,E,I,A,A,H,-,A,A,0,NA,NA,NA,NA,Y,NA,A,01,2,0,0,0,0,0,0,0,0,-,-,NA,NA,RIVERSIDE,RIVERSIDE,-117.48256892,33.89185
7071979,2015,2015-09-17,3300,2015-08-13,1834,3988,002T,4,5,6,3345,0,0,0,NA,0,024,PEDLEY AV,LIMONITE AV,528,N,N,A,-,N,NA,NA,NA,NA,NA,NA,NA,NA,NA,N,3,0,2,2,A,-,03,22350,NA,N,C,C,A,A,H,-,A,D,0,NA,NA,NA,NA,Y,NA,A,01,0,1,1,0,0,0,0,0,0,-,-,NA,NA,RIVERSIDE,JURUPA VALLEY,-117.47508314,33.9767636
7072768,2015,2015-09-19,3300,2015-08-07,1005,4071,601D3,5,5,6,3394,0,0,0,NA,0,MV14,HEACOCK ST,SANDY GLADE AV,0,NA,Y,A,-,N,NA,NA,NA,NA,NA,NA,NA,NA,NA,Y,4,0,1,1,A,-,08,22107,NA,N,E,I,A,A,H,-,A,D,0,NA,NA,NA,NA,Y,NA,D,22,0,0,1,0,0,0,0,0,0,-,-,NA,NA,RIVERSIDE,MORENO VALLEY,-117.24396,33.9557901
7076130,2015,2015-10-03,3300,2015-09-03,1044,N4224,604C2,4,5,6,3394,0,0,0,NA,0,044,LASSELLE ST,GENTIAN AV,0,NA,Y,A,-,N,NA,NA,NA,NA,NA,NA,NA,NA,NA,Y,4,0,2,2,A,-,12,21453,A,N,D,C,A,A,H,-,A,A,0,NA,NA,NA,NA,Y,NA,A,01,0,0,2,0,0,0,0,0,0,-,-,NA,NA,RIVERSIDE,MORENO VALLEY,-117.20888001,33.89548004
7078956,2016,2017-03-16,3302,2016-03-13,1553,6985,3302,7,5,3,3302,0,0,0,NA,0,004,OAK VALLEY PKWY,OAK VIEW,0,NA,Y,A,-,N,NA,NA,NA,NA,NA,NA,NA,NA,NA,Y,4,0,2,2,A,-,03,22350,NA,N,C,C,A,A,H,-,A,A,0,NA,NA,NA,NA,Y,NA,A,01,0,0,2,0,0,0,0,0,0,-,-,NA,NA,RIVERSIDE,BEAUMONT,-116.99562011,33.94698007
7079964,2015,2015-10-03,3300,2015-09-15,1210,N3672,916A,2,5,4,3312,0,0,0,NA,0,031,RAMONA EXPWY,EVANS RD,40,E,N,C,-,N,NA,NA,NA,NA,NA,NA,NA,NA,NA,N,4,0,1,2,A,-,03,22350,NA,N,C,C,A,B,H,-,A,A,0,NA,NA,NA,NA,Y,NA,A,08,0,0,1,0,0,0,0,0,0,-,-,NA,NA,RIVERSIDE,PERRIS,-117.20860869,33.8446414
7081790,2015,2016-07-26,3300,2015-09-22,1454,4905,41B6,2,5,3,3392,0,0,0,NA,0,041,RT 111,LA QUINTA DR,572,N,N,A,-,N,NA,NA,NA,NA,NA,NA,NA,NA,NA,N,4,0,1,2,A,-,09,21804,A,N,D,G,A,A,H,-,A,A,0,NA,Y,NA,NA,Y,NA,L,04,0,0,1,0,0,0,1,0,0,-,-,NA,NA,RIVERSIDE,LA QUINTA,-116.28177,33.70757
7082365,2015,2015-10-03,3300,2015-09-13,1130,2988,NA,7,5,6,3394,0,0,0,NA,0,NA,INDIAN ST,FREEPORT DR,0,NA,Y,A,-,N,NA,NA,NA,NA,NA,NA,NA,NA,NA,N,4,0,1,1,A,-,03,22350,NA,N,E,J,A,A,H,-,A,D,0,NA,NA,Y,NA,Y,NA,C,02,0,0,1,0,0,0,0,0,1,-,-,NA,NA,RIVERSIDE,MORENO VALLEY,-117.23482001000001,33.8777501
7082576,2015,2017-01-11,9630,2015-08-21,1130,018451,NA,5,1,9,3300,0,1,1,NA,2,021,RT 10,COOK ST,30,W,N,A,-,Y,RIV,8,10,-,-,46.708,R,1,E,Y,4,0,1,2,A,-,01,23152,A,N,C,C,A,A,H,-,A,A,1,NA,NA,NA,Y,Y,Y,A,07,0,0,1,0,0,0,0,0,0,TO,-,33.78595,-116.35507,RIVERSIDE,UNINCORPORATED,-116.35676851,33.78713127
7088078,2015,2015-10-10,3301,2015-08-14,1616,U383,30,5,5,4,3301,0,0,0,NA,0,003,WEST WILSON ST,MORONGO AV,143,W,N,A,-,N,NA,NA,NA,NA,NA,NA,NA,NA,NA,Y,4,0,2,2,A,-,06,21750,NA,N,B,D,A,A,H,-,A,D,0,NA,NA,NA,NA,Y,NA,A,07,0,0,2,0,0,0,0,0,0,-,-,33.93221,-116.91014,RIVERSIDE,BANNING,-116.91009976,33.9324727
7092488,2015,2015-10-20,3300,2015-09-05,1704,N4654,910B,6,5,5,3335,0,0,0,NA,0,063,NICOLAS RD,WARBLER CIR,19,E,N,A,-,N,NA,NA,NA,NA,NA,NA,NA,NA,NA,N,4,0,1,1,A,-,03,22350,NA,N,E,I,A,A,H,-,A,D,0,NA,NA,Y,NA,Y,NA,C,02,0,0,1,0,0,0,0,0,1,-,-,NA,NA,RIVERSIDE,TEMECULA,-117.13657893,33.53761964
7092661,2015,2015-10-29,3313,2015-09-30,1836,1537,E,3,5,7,3313,0,0,0,NA,0,T40,DAY ST,CANYON SPRINGS PKWY,0,NA,Y,A,-,N,NA,NA,NA,NA,NA,NA,NA,NA,NA,N,4,0,1,2,A,-,08,22107,NA,N,B,C,A,A,H,-,C,A,0,NA,NA,NA,Y,Y,NA,G,27,0,0,1,0,0,0,0,0,0,-,-,33.93957,-117.27888,RIVERSIDE,RIVERSIDE,-117.27898007,33.93963007
7095373,2015,2015-10-14,3313,2015-09-27,1646,1704,E,7,5,7,3313,0,0,0,NA,0,C232,EUCALYPTUS AV,UNIVERSITY AV,0,NA,Y,A,-,N,NA,NA,NA,NA,NA,NA,NA,NA,NA,N,4,0,1,2,A,-,12,21453,A,M,D,C,A,A,H,-,A,A,0,NA,NA,NA,NA,Y,NA,A,01,0,0,1,0,0,0,0,0,0,-,-,33.97556,-117.35953,RIVERSIDE,RIVERSIDE,-117.35964007,33.97562008
7096302,2015,2015-10-27,3300,2015-08-20,1808,3552,916A,4,5,4,3312,0,0,0,NA,0,031,PERRIS BL,RIDER ST,0,NA,Y,A,-,N,NA,NA,NA,NA,NA,NA,NA,NA,NA,Y,2,0,1,2,A,-,06,21755,A,N,D,C,A,A,H,-,A,A,0,NA,NA,Y,Y,Y,NA,C,02,1,0,0,0,0,0,0,0,1,-,-,NA,NA,RIVERSIDE,PERRIS,-117.22607009,33.83008008
7097300,2015,2015-10-22,3313,2015-09-02,1621,1821,W,3,5,7,3313,0,0,0,NA,0,T49,LA SIERRA AV,DIANA AV,312,N,N,A,-,N,NA,NA,NA,NA,NA,NA,NA,NA,NA,N,4,0,1,2,A,-,05,21650,1,N,D,G,A,A,H,-,A,D,0,NA,Y,NA,NA,Y,NA,L,04,0,0,1,0,0,0,1,0,0,-,-,NA,NA,RIVERSIDE,RIVERSIDE,-117.47529377,33.90244852
7097311,2015,2015-10-29,3313,2015-09-04,1858,1702,NORTH,5,5,7,3313,0,0,0,NA,0,C130,MULBERRY ST,14TH ST,0,NA,Y,A,-,N,NA,NA,NA,NA,NA,NA,NA,NA,NA,N,4,0,1,2,A,-,12,21453,A,N,D,C,A,A,H,-,A,A,0,NA,NA,NA,NA,Y,NA,-,-,0,0,1,0,0,0,0,0,0,-,-,33.90741,-117.37362,RIVERSIDE,RIVERSIDE,-117.37371009,33.97398006
7098293,2015,2015-10-24,3300,2015-09-27,0715,N2988,602D3,7,5,6,3394,0,0,0,NA,0,026,VELLANTO WY,SEARSON DR,123,W,N,A,-,N,NA,NA,NA,NA,NA,NA,NA,NA,NA,N,4,0,1,3,A,-,08,22107,NA,N,C,E,A,A,H,-,A,D,0,NA,NA,NA,NA,Y,NA,A,07,0,0,1,0,0,0,0,0,0,-,-,33.92406,-117.23117,RIVERSIDE,MORENO VALLEY,-117.23157419,33.92401
7099686,2015,2015-11-06,3300,2015-10-14,1247,N2176,508B,3,5,5,3341,0,0,0,NA,0,058,SCOTT RD,HAUN RD,0,NA,Y,A,-,N,NA,NA,NA,NA,NA,NA,NA,NA,NA,Y,4,0,1,2,A,-,12,21453,A,N,D,C,A,A,H,-,A,A,0,NA,NA,NA,NA,Y,NA,-,-,0,0,1,0,0,0,0,0,0,-,-,33.64175,-117.17564,RIVERSIDE,MENIFEE,-117.17562004,33.64154003
7100179,2015,2015-10-24,3300,2015-08-09,1343,N3162,D001,7,5,6,3345,0,0,0,NA,0,016,RUBIDOUX BL,FORT FREMONT,9,N,N,A,-,N,NA,NA,NA,NA,NA,NA,NA,NA,NA,Y,3,0,1,4,A,-,03,22350,NA,M,C,C,A,A,H,-,A,A,0,NA,NA,NA,NA,Y,NA,A,01,0,1,0,0,0,0,0,0,0,-,-,NA,NA,RIVERSIDE,JURUPA VALLEY,-117.40750367,33.99668057
7100639,2015,2015-12-10,3300,2015-10-01,0620,4900,001F,4,5,6,3345,0,0,0,NA,0,012,VALLEY WY,36TH ST,30,S,N,A,-,N,NA,NA,NA,NA,NA,NA,NA,NA,NA,Y,4,0,1,3,A,-,03,22350,NA,N,C,C,A,A,H,-,B,A,0,NA,NA,NA,NA,Y,NA,A,01,0,0,1,0,0,0,0,0,0,-,-,NA,NA,RIVERSIDE,JURUPA VALLEY,-117.43142274,34.01315518
7102519,2015,2015-10-29,3300,2015-09-23,1239,N5539,905D,3,5,4,3307,0,0,0,NA,0,091,CORYDON ST,GARDEN ST,180,W,N,A,-,N,NA,NA,NA,NA,NA,NA,NA,NA,NA,N,4,0,2,2,A,-,09,21804,A,N,D,C,A,A,H,-,A,D,0,NA,NA,NA,NA,Y,NA,D,22,0,0,2,0,0,0,0,0,0,-,-,NA,NA,RIVERSIDE,LAKE ELSINORE,-117.29513083,33.6283837
7102674,2015,2015-10-28,3300,2015-09-03,1608,4525,807,4,5,3,3343,0,0,0,NA,0,087,FREDERICK AV,PALOMAR ST,0,NA,Y,A,-,N,NA,NA,NA,NA,NA,NA,NA,NA,NA,N,4,0,1,2,A,-,05,21650,1,N,D,G,A,A,H,-,A,A,0,NA,Y,NA,NA,Y,NA,L,04,0,0,1,0,0,0,1,0,0,-,-,NA,NA,RIVERSIDE,WILDOMAR,-117.26258002,33.59671004
7102822,2015,2015-10-29,3308,2015-09-18,0023,10377,527,5,5,5,3308,0,0,0,NA,0,SOUTH,MAYBERRY AV,LYON AV,0,NA,Y,A,-,N,NA,NA,NA,NA,NA,NA,NA,NA,NA,Y,2,0,2,2,A,-,03,22350,NA,N,E,I,A,A,H,-,C,A,0,NA,NA,NA,NA,Y,NA,A,07,1,1,0,0,0,0,0,0,0,-,-,NA,NA,RIVERSIDE,HEMET,-116.98908001,33.74015003
7103334,2015,2015-11-12,3313,2015-10-23,1530,1489,E,5,5,7,3313,0,0,0,NA,0,C220,UNIVERSITY AV,IOWA AV,1320,W,N,A,-,N,NA,NA,NA,NA,NA,NA,NA,NA,NA,N,4,0,1,2,A,-,03,22350,NA,N,C,C,A,A,H,-,A,D,0,NA,NA,NA,NA,Y,NA,D,22,0,0,1,0,0,0,0,0,0,-,-,33.97592,-117.34004,RIVERSIDE,RIVERSIDE,-117.34431083,33.97573
7105015,2015,2015-10-30,3308,2015-09-15,1725,10530,534,2,5,5,3308,0,0,0,NA,0,SOUTH,SANDERSON AV,WENTWORTH DR,28,N,N,B,-,N,NA,NA,NA,NA,NA,NA,NA,NA,NA,Y,4,0,1,2,A,-,03,22350,NA,N,D,C,A,A,H,-,A,A,0,NA,NA,NA,NA,Y,NA,D,22,0,0,1,0,0,0,0,0,0,-,-,NA,NA,RIVERSIDE,HEMET,-117.00669,33.73589668
7105370,2015,2015-10-27,3313,2015-10-03,0905,1780,N,6,5,7,3313,0,0,0,NA,0,B119,COLUMBIA AV,PRIMER ST,0,NA,Y,A,-,N,NA,NA,NA,NA,NA,NA,NA,NA,NA,N,2,0,1,2,A,-,09,21801,B,N,H,G,A,A,H,-,A,A,0,NA,Y,NA,NA,Y,NA,L,04,1,0,0,0,0,0,1,0,0,-,-,34.00204,-117.35374,RIVERSIDE,RIVERSIDE,-117.35356007,34.0020101
7110616,2015,2015-11-13,3313,2015-10-23,0851,1097,E,5,5,7,3313,0,0,0,NA,0,M39,VAN BUREN BL,BARTON ST,0,NA,Y,A,-,N,NA,NA,NA,NA,NA,NA,NA,NA,NA,N,4,0,2,2,A,-,12,21453,A,N,D,C,A,A,H,-,A,A,0,NA,NA,NA,NA,Y,NA,A,01,0,0,2,0,0,0,0,0,0,-,-,33.88808,-117.31406,RIVERSIDE,RIVERSIDE,-117.31387999,33.8882401
7114515,2015,2015-11-10,3313,2015-10-20,0552,1021,C,2,5,7,3313,0,0,0,NA,0,M21,ARLINGTON AV,AIRPORT DR,30,E,N,A,-,N,NA,NA,NA,NA,NA,NA,NA,NA,NA,N,3,0,1,2,A,-,11,21950,B,N,G,B,B,A,H,-,C,A,0,Y,NA,NA,NA,Y,NA,N,60,0,1,0,0,1,0,0,0,0,-,-,33.94583,-117.44587,RIVERSIDE,RIVERSIDE,-117.44558137,33.94587
7115700,2015,2015-12-11,3300,2015-10-09,1130,N3672,916A,5,5,4,3312,0,0,0,NA,0,031,RAMONA EXPWY,BRADLEY RD,50,E,N,A,-,N,NA,NA,NA,NA,NA,NA,NA,NA,NA,N,4,0,1,3,A,-,03,22350,NA,N,C,C,A,A,H,-,A,A,0,NA,NA,NA,NA,Y,NA,-,-,0,0,1,0,0,0,0,0,0,-,-,NA,NA,RIVERSIDE,PERRIS,-117.18819484,33.83938484
7115913,2015,2017-01-27,3313,2015-11-14,0130,1506,E,6,5,7,3313,0,0,0,NA,0,A215,VAN BUREN BL,BOUNTIFUL ST,340,W,N,A,-,N,NA,NA,NA,NA,NA,NA,NA,NA,NA,Y,3,0,1,1,A,-,08,22107,NA,F,E,I,A,A,H,-,C,D,0,NA,NA,NA,NA,Y,NA,A,01,0,1,0,0,0,0,0,0,0,-,-,33.88762,-117.32782,RIVERSIDE,RIVERSIDE,-117.3290468,33.88757514
7118045,2015,2015-11-17,3313,2015-10-22,0750,1814,N,4,5,7,3313,0,0,0,NA,0,T70,BROCKTON AV,14TH ST,0,NA,Y,A,-,N,NA,NA,NA,NA,NA,NA,NA,NA,NA,N,4,0,1,2,A,-,03,22350,NA,M,C,C,A,A,H,-,A,A,0,NA,NA,NA,NA,Y,NA,A,01,0,0,1,0,0,0,0,0,0,-,-,33.97824,-117.38294,RIVERSIDE,RIVERSIDE,-117.38309001,33.97831003
7118150,2015,2016-08-12,3309,2015-10-14,0603,418,NA,3,5,4,3309,0,0,0,NA,0,003,INDIO BL,VAN BUREN ST,418,E,N,A,-,N,NA,NA,NA,NA,NA,NA,NA,NA,NA,N,3,0,1,3,A,-,03,22350,NA,N,C,C,A,A,H,-,B,A,0,NA,NA,NA,NA,Y,NA,A,01,0,1,0,0,0,0,0,0,0,-,-,NA,NA,RIVERSIDE,INDIO,-116.19817702,33.70762414
7119024,2015,2015-12-07,3308,2015-09-25,1300,10589,516,5,5,5,3308,0,0,0,NA,0,NORTH,STATE ST,MENLO AV,289,N,N,A,-,N,NA,NA,NA,NA,NA,NA,NA,NA,NA,N,4,0,1,2,A,-,08,22107,NA,N,B,C,A,A,H,-,A,A,0,NA,NA,NA,NA,Y,NA,D,22,0,0,1,0,0,0,0,0,0,-,-,NA,NA,RIVERSIDE,HEMET,-116.97179448,33.75919141
7120986,2015,2015-11-30,3300,2015-09-29,1934,4571,602B7,2,5,6,3394,0,0,0,NA,0,022,TOWN CIR,CAMPUS PKWY,924,W,N,A,-,N,NA,NA,NA,NA,NA,NA,NA,NA,NA,Y,4,0,3,2,A,-,09,21804,A,N,D,C,A,A,H,-,C,D,0,NA,NA,NA,NA,Y,NA,A,01,0,0,3,0,0,0,0,0,0,-,-,33.93855,-117.27525,RIVERSIDE,MORENO VALLEY,-117.27523,33.93851
7121055,2015,2015-12-01,3300,2015-11-17,1115,N1673,34D2,2,5,4,3318,0,0,0,NA,0,T34,COUNTRY CLUB DR,EL DORADO DR,391,E,N,A,-,N,NA,NA,NA,NA,NA,NA,NA,NA,NA,Y,3,0,1,3,A,-,03,22350,NA,N,C,C,A,A,H,-,A,A,0,NA,NA,NA,NA,Y,NA,A,01,0,1,0,0,0,0,0,0,0,-,-,NA,NA,RIVERSIDE,PALM DESERT,-116.33754919,33.75807901
7121091,2015,2015-12-01,3311,2015-11-14,1059,15975,NA,6,5,4,3311,0,0,0,NA,0,003,NORTH INDIAN CANYON DR,ANDREAS RD,331,S,N,A,-,N,NA,NA,NA,NA,NA,NA,NA,NA,NA,Y,3,0,1,3,A,-,07,21658,A,N,B,C,A,A,H,-,A,D,0,NA,NA,Y,NA,Y,NA,A,07,0,1,0,0,0,0,0,0,1,-,-,NA,NA,RIVERSIDE,PALM SPRINGS,-116.54557539,33.82404407
7122126,2015,2015-12-04,3300,2015-10-18,2025,3613,509A,7,5,5,3341,0,0,0,NA,0,059,ANTELOPE RD,CRAIG AV,479,N,N,A,-,N,NA,NA,NA,NA,NA,NA,NA,NA,NA,Y,4,0,2,2,A,-,03,22350,NA,N,C,C,A,A,H,-,C,D,0,NA,NA,NA,NA,Y,NA,A,01,0,0,2,0,0,0,0,0,0,-,-,NA,NA,RIVERSIDE,MENIFEE,-117.17039,33.66450197
7122560,2015,2015-11-30,3300,2015-11-11,1222,N2176,501A,3,5,5,3341,0,0,0,NA,0,051,MAPES RD,SHERMAN RD,0,NA,Y,A,-,N,NA,NA,NA,NA,NA,NA,NA,NA,NA,Y,4,0,2,2,A,-,09,21802,A,N,D,C,A,A,H,-,A,A,0,NA,NA,NA,NA,Y,NA,D,22,0,0,2,0,0,0,0,0,0,-,-,33.75774,-117.18015,RIVERSIDE,MENIFEE,-117.18036007,33.75769011