CASE_ID,ACCIDENT_YEAR,PROC_DATE,JURIS,COLLISION_DATE,COLLISION_TIME,OFFICER_ID,REPORTING_DISTRICT,DAY_OF_WEEK,CHP_SHIFT,POPULATION,CNTY_CITY_LOC,SPECIAL_COND,BEAT_TYPE,CHP_BEAT_TYPE,CITY_DIVISION_LAPD,CHP_BEAT_CLASS,BEAT_NUMBER,PRIMARY_RD,SECONDARY_RD,DISTANCE,DIRECTION,INTERSECTION,WEATHER_1,WEATHER_2,STATE_HWY_IND,CALTRANS_COUNTY,CALTRANS_DISTRICT,STATE_ROUTE,ROUTE_SUFFIX,POSTMILE_PREFIX,POSTMILE,LOCATION_TYPE,RAMP_INTERSECTION,SIDE_OF_HWY,TOW_AWAY,COLLISION_SEVERITY,NUMBER_KILLED,NUMBER_INJURED,PARTY_COUNT,PRIMARY_COLL_FACTOR,PCF_CODE_OF_VIOL,PCF_VIOL_CATEGORY,PCF_VIOLATION,PCF_VIOL_SUBSECTION,HIT_AND_RUN,TYPE_OF_COLLISION,MVIW,PED_ACTION,ROAD_SURFACE,ROAD_COND_1,ROAD_COND_2,LIGHTING,CONTROL_DEVICE,CHP_ROAD_TYPE,PEDESTRIAN_ACCIDENT,BICYCLE_ACCIDENT,MOTORCYCLE_ACCIDENT,TRUCK_ACCIDENT,NOT_PRIVATE_PROPERTY,ALCOHOL_INVOLVED,STWD_VEHTYPE_AT_FAULT,CHP_VEHTYPE_AT_FAULT,COUNT_SEVERE_INJ,COUNT_VISIBLE_INJ,COUNT_COMPLAINT_PAIN,COUNT_PED_KILLED,COUNT_PED_INJURED,COUNT_BICYCLIST_KILLED,COUNT_BICYCLIST_INJURED,COUNT_MC_KILLED,COUNT_MC_INJURED,PRIMARY_RAMP,SECONDARY_RAMP,LATITUDE,LONGITUDE,COUNTY,CITY,POINT_X,POINT_Y
8015999,2016,2016-04-07,3313,2016-02-15,1851,0102,C,1,5,7,3313,0,0,0,NA,0,M38,LINCOLN AV,GIBSON ST,34,W,N,A,-,N,NA,NA,NA,NA,NA,NA,NA,NA,NA,Y,3,0,3,2,A,-,03,22350,NA,N,C,C,A,A,H,-,C,A,0,NA,NA,NA,NA,Y,NA,A,01,0,1,2,0,0,0,0,0,0,-,-,33.91005,-117.43249,RIVERSIDE,RIVERSIDE,-117.43278314,33.90994853
8016070,2016,2016-04-12,3313,2016-03-10,0745,1686,E,4,5,7,3313,0,0,0,NA,0,T58,CANYON CREEK DR,BLAINE ST,12,N,N,A,-,N,NA,NA,NA,NA,NA,NA,NA,NA,NA,N,4,0,1,2,A,-,12,21453,A,N,H,G,A,A,H,-,A,A,0,NA,Y,NA,NA,Y,NA,L,04,0,0,1,0,0,0,1,0,0,-,-,33.98305,-117.33118,RIVERSIDE,RIVERSIDE,NA,NA
8016807,2016,2016-04-15,3315,2016-04-10,2029,003201,7A,7,5,6,3315,0,0,0,NA,0,004,SMITH AV,PLEASANT VIEW AV,12,N,N,A,-,N,NA,NA,NA,NA,NA,NA,NA,NA,NA,Y,3,0,2,2,A,-,08,22107,NA,N,B,C,A,A,H,-,C,D,0,NA,NA,NA,NA,Y,NA,-,NA,0,1,1,0,0,0,0,0,0,-,-,NA,NA,RIVERSIDE,CORONA,-117.59413473,33.88032259
8016813,2016,2016-08-26,3300,2016-03-30,0830,4141,32A1,3,5,4,3318,0,0,0,NA,0,032,RT 74,PITAHAYA ST,118,N,N,A,-,N,NA,NA,NA,NA,NA,NA,NA,NA,NA,Y,4,0,1,2,A,-,03,22350,NA,N,C,C,A,A,H,-,A,D,0,NA,NA,Y,NA,Y,NA,C,02,0,0,1,0,0,0,0,0,1,-,-,33.71637,-116.39206,RIVERSIDE,PALM DESERT,-116.39173158,33.71664736
8017650,2016,2016-04-20,3313,2016-03-17,1343,1026,E,4,5,7,3313,0,0,0,NA,0,T52,CANYON SPRINGS PW,CORPORATE CENTER PL,470,E,N,A,-,N,NA,NA,NA,NA,NA,NA,NA,NA,NA,Y,4,0,3,2,A,-,12,21453,A,N,D,C,A,A,H,-,A,A,0,NA,NA,NA,NA,Y,NA,A,01,0,0,3,0,0,0,0,0,0,-,-,33.94077,-117.28212,RIVERSIDE,RIVERSIDE,NA,NA
8017674,2016,2016-04-20,3311,2016-03-30,1715,15642,NA,3,5,4,3311,0,0,0,NA,0,004,ANDREAS RD,SUNRISE WY,0,NA,Y,A,-,N,NA,NA,NA,NA,NA,NA,NA,NA,NA,N,4,0,1,2,A,-,10,21950,A,F,G,B,E,A,H,-,A,D,0,Y,NA,NA,NA,Y,NA,A,01,0,0,1,0,1,0,0,0,0,-,-,33.82475,-116.52838,RIVERSIDE,PALM SPRINGS,-116.52823003,33.8249901
8017678,2016,2016-04-20,3311,2016-03-17,0907,15480,NA,4,5,4,3311,0,0,0,NA,0,006,E TAHQUITZ CANYON WY,NORTH SUNRISE WY,9,E,N,A,-,N,NA,NA,NA,NA,NA,NA,NA,NA,NA,Y,4,0,2,2,A,-,09,21801,A,N,C,C,A,A,H,-,A,A,0,NA,NA,NA,NA,Y,NA,A,01,0,0,2,0,0,0,0,0,0,-,-,NA,NA,RIVERSIDE,PALM SPRINGS,-116.52821049,33.82318044
8017707,2016,2016-04-22,3313,2016-03-12,2033,1736,N,6,5,7,3313,0,0,0,NA,0,FT2,HALE ST,HONEYSUCKLE ST,111,E,N,A,-,N,NA,NA,NA,NA,NA,NA,NA,NA,NA,Y,4,0,1,4,A,-,09,21801,A,N,B,E,A,A,H,-,C,D,0,NA,NA,NA,NA,Y,NA,A,01,0,0,1,0,0,0,0,0,0,-,-,34.00512,-117.36819,RIVERSIDE,RIVERSIDE,-117.36806237,34.00500996
8018726,2016,2016-08-26,3302,2016-03-04,0840,521,NA,5,5,3,3302,0,0,0,NA,0,NA,BEAUMONT AV,COUGAR WY,100,N,N,A,-,N,NA,NA,NA,NA,NA,NA,NA,NA,NA,Y,4,0,2,3,A,-,03,22350,A,N,C,C,A,A,H,-,A,A,0,NA,NA,NA,NA,Y,NA,A,07,0,0,2,0,0,0,0,0,0,-,-,NA,NA,RIVERSIDE,BEAUMONT,-116.97726118,33.95447385
8019201,2016,2016-04-18,3300,2016-03-01,1541,3988,002A,2,5,6,3345,0,0,0,NA,0,020,COUNTRY VILLAGE RD,WAGON WY,0,NA,Y,A,-,N,NA,NA,NA,NA,NA,NA,NA,NA,NA,N,4,0,1,2,A,-,09,21801,A,N,D,C,A,A,H,-,A,D,0,NA,NA,NA,Y,Y,NA,A,01,0,0,1,0,0,0,0,0,0,-,-,NA,NA,RIVERSIDE,JURUPA VALLEY,-117.50692001,34.02984012
8019296,2016,2016-04-15,3313,2016-02-22,1045,1686,N,1,5,7,3313,0,0,0,NA,0,T58,COLUMBIA AV,MULBERRY ST,25,W,N,A,-,N,NA,NA,NA,NA,NA,NA,NA,NA,NA,Y,3,0,1,1,A,-,08,22107,NA,N,E,I,A,A,H,-,A,A,0,NA,NA,NA,NA,Y,NA,A,01,0,1,0,0,0,0,0,0,0,-,-,34.00232,-117.35434,RIVERSIDE,RIVERSIDE,-117.35423275,34.00233194
8019352,2016,2016-04-15,3300,2016-02-21,1411,N4883,001G,7,5,6,3345,0,0,0,NA,0,014,OPAL ST,RUSTIC LN,13,S,N,A,-,N,NA,NA,NA,NA,NA,NA,NA,NA,NA,Y,4,0,2,2,A,-,09,21802,A,N,D,C,A,A,H,-,A,A,0,NA,NA,NA,NA,Y,NA,A,01,0,0,2,0,0,0,0,0,0,-,-,NA,NA,RIVERSIDE,JURUPA VALLEY,-117.42584206,34.00310583
8020829,2016,2016-04-14,3313,2016-03-31,0720,1686,N,4,5,7,3313,0,0,0,NA,0,T58,IOWA AV,MARLBOROUGH AV,713,S,N,A,-,N,NA,NA,NA,NA,NA,NA,NA,NA,NA,N,3,0,1,1,A,-,01,23152,F,M,E,I,A,A,H,-,A,D,0,NA,NA,NA,NA,Y,Y,A,01,0,1,0,0,0,0,0,0,0,-,-,33.99758,-117.33984,RIVERSIDE,RIVERSIDE,-117.33984,33.99555658
8021508,2016,2016-04-14,3300,2016-03-18,0700,N2988,602C4,5,5,6,3394,0,0,0,NA,0,024,COTTONWOOD AV,NAGAI DR,288,W,N,A,-,N,NA,NA,NA,NA,NA,NA,NA,NA,NA,Y,4,0,2,2,A,-,09,21804,A,N,D,C,A,A,H,-,A,D,0,NA,NA,NA,NA,Y,NA,A,01,0,0,2,0,0,0,0,0,0,-,-,33.92451,-117.25556,RIVERSIDE,MORENO VALLEY,-117.25659638,33.92452184
8021530,2016,2016-04-14,3308,2016-03-17,1556,10530,545,4,5,5,3308,0,0,0,NA,0,SOUTH,STETSON AV,KIRBY ST,36,E,N,A,-,N,NA,NA,NA,NA,NA,NA,NA,NA,NA,N,4,0,1,2,A,-,03,22350,NA,F,C,C,A,A,H,-,A,A,0,NA,NA,NA,NA,Y,NA,A,01,0,0,1,0,0,0,0,0,0,-,-,NA,NA,RIVERSIDE,HEMET,-116.99756201,33.72935
8021535,2016,2016-04-14,3308,2016-03-05,1208,10579,557,6,5,5,3308,0,0,0,NA,0,SOUTH,STATE ST,CHAMBERS ST,275,N,N,A,-,N,NA,NA,NA,NA,NA,NA,NA,NA,NA,N,3,0,1,1,A,-,03,22350,NA,N,F,-,A,A,H,-,A,A,0,NA,NA,Y,NA,Y,NA,C,02,0,1,0,0,0,0,0,0,1,-,-,NA,NA,RIVERSIDE,HEMET,-116.97151725,33.72280301
8025371,2016,2017-02-09,3308,2016-03-22,1238,10470,517,2,5,5,3308,0,0,0,NA,0,NORTH,FLORIDA AV,GIRARD ST,442,W,N,A,-,Y,RIV,8,74,-,-,41.51,H,-,W,Y,4,0,1,3,A,-,03,22350,NA,N,C,E,A,A,H,-,A,A,0,NA,NA,NA,NA,Y,NA,A,01,0,0,1,0,0,0,0,0,0,-,-,NA,NA,RIVERSIDE,HEMET,-116.95566171,33.74762249
8026937,2016,2016-04-29,3309,2016-03-20,1748,174,3309,7,5,4,3309,0,0,0,NA,0,002,E CIRCLE DR,LIGHTPOLE #1203893,96,W,N,A,-,N,NA,NA,NA,NA,NA,NA,NA,NA,NA,Y,2,0,3,5,A,-,01,23152,A,N,E,I,A,A,H,-,A,D,0,NA,NA,NA,NA,Y,NA,D,22,3,0,0,0,0,0,0,0,0,-,-,NA,NA,RIVERSIDE,INDIO,NA,NA
8026985,2016,2016-05-02,3300,2016-03-23,1030,N2988,603B1,3,5,6,3394,0,0,0,NA,0,034,INDIAN ST,GENTIAN AV,0,NA,Y,A,-,N,NA,NA,NA,NA,NA,NA,NA,NA,NA,Y,3,0,3,2,A,-,09,21802,A,N,D,C,A,A,H,-,A,D,0,NA,NA,NA,NA,Y,NA,A,01,0,1,2,0,0,0,0,0,0,-,-,33.89556,-117.23488,RIVERSIDE,MORENO VALLEY,-117.23498009,33.89552005
8027001,2016,2016-04-29,3300,2016-04-06,0510,2277,603A3,3,5,6,3394,0,0,0,NA,0,MV32,HEACOCK ST,CACTUS AV,0,NA,Y,A,-,N,NA,NA,NA,NA,NA,NA,NA,NA,NA,Y,4,0,1,2,A,-,12,21453,A,N,A,C,A,A,H,-,C,A,0,NA,NA,NA,NA,Y,NA,A,07,0,0,1,0,0,0,0,0,0,-,-,33.91017,-117.24359,RIVERSIDE,MORENO VALLEY,-117.24359013,33.91014006
8027138,2016,2016-04-26,3300,2016-04-11,0755,4097,602D2,1,5,6,3394,0,0,0,NA,0,MV26,HEACOCK ST,EUCALYPTUS AV,0,NA,Y,A,-,N,NA,NA,NA,NA,NA,NA,NA,NA,NA,N,4,0,1,3,A,-,21,22106,NA,N,C,C,A,A,H,-,A,A,0,NA,NA,NA,NA,Y,NA,A,01,0,0,1,0,0,0,0,0,0,-,-,33.93182,-117.24379,RIVERSIDE,MORENO VALLEY,-117.24380007,33.93177002
8027284,2016,2016-05-12,3306,2016-04-11,1045,086,NA,1,5,3,3306,0,0,0,NA,0,NA,TWO BUNCH PALMS TRL,LITTLE MORONGO RD,23,W,N,A,-,N,NA,NA,NA,NA,NA,NA,NA,NA,NA,Y,4,0,1,2,A,-,12,22450,A,F,B,C,A,A,H,-,A,A,0,NA,NA,NA,NA,Y,NA,D,22,0,0,1,0,0,0,0,0,0,-,-,NA,NA,RIVERSIDE,DESERT HOT SPRINGS,-116.52748551,33.94669141
8029142,2016,2016-04-27,3300,2016-03-17,1441,3775,602D3,4,5,6,3394,0,0,0,NA,0,MV26,COTTONWOOD AV,INDIAN ST,40,E,N,A,-,N,NA,NA,NA,NA,NA,NA,NA,NA,NA,N,4,0,2,2,A,-,03,22350,NA,N,C,C,A,A,H,-,A,A,0,NA,NA,NA,NA,Y,NA,A,01,0,0,2,0,0,0,0,0,0,-,-,33.92462,-117.23503,RIVERSIDE,MORENO VALLEY,-117.23489855,33.92456
8029545,2016,2016-05-12,3300,2016-04-20,1224,3280,9101,3,5,5,3335,0,0,0,NA,0,063,RANCHO CALIFORNIA RD,TEE DR,0,NA,Y,A,-,N,NA,NA,NA,NA,NA,NA,NA,NA,NA,N,4,0,2,2,A,-,09,21801,A,N,D,C,A,A,H,-,A,A,0,NA,NA,NA,NA,Y,NA,A,01,0,0,2,0,0,0,0,0,0,-,-,NA,NA,RIVERSIDE,TEMECULA,-117.1120501,33.51054003
8029577,2016,2016-05-12,3300,2016-04-02,1238,N3546,910U,6,5,5,3335,0,0,0,NA,0,070,REDHAWK PKWY,EL CHIMISAL RD,0,NA,Y,A,-,N,NA,NA,NA,NA,NA,NA,NA,NA,NA,Y,4,0,1,2,A,-,09,21802,NA,N,D,C,A,A,H,-,A,D,0,NA,NA,NA,NA,Y,NA,A,01,0,0,1,0,0,0,0,0,0,-,-,33.47021,-117.0765,RIVERSIDE,TEMECULA,-117.07628007,33.47016004
8029758,2016,2016-05-12,3313,2016-04-16,1642,581,WEST,6,5,7,3313,0,0,0,NA,0,C420,TYLER ST,INDIANA AV,250,N,N,A,-,N,NA,NA,NA,NA,NA,NA,NA,NA,NA,N,4,0,1,3,A,-,12,21453,A,N,D,C,A,A,H,-,A,A,0,NA,NA,NA,NA,Y,Y,A,01,0,0,1,0,0,0,0,0,0,-,-,NA,NA,RIVERSIDE,RIVERSIDE,-117.45671907,33.90621036
8032389,2016,2018-05-03,3300,2016-03-31,1347,3553,30B1,4,5,4,3318,0,0,0,NA,0,T30,RT 111,PARKVIEW AV,70,S,N,A,-,N,NA,NA,NA,NA,NA,NA,NA,NA,NA,N,4,0,1,2,A,-,21,22106,NA,N,C,C,A,A,H,-,A,A,0,NA,NA,NA,NA,Y,NA,A,01,0,0,1,0,0,0,0,0,0,-,-,NA,NA,RIVERSIDE,PALM DESERT,-116.40476076,33.73135639
8033338,2016,2016-05-06,3300,2016-04-28,1130,N1673,36Q2,4,5,4,3318,0,0,0,NA,0,T36,MONTEREY AV,HAHN,258,N,N,B,-,N,NA,NA,NA,NA,NA,NA,NA,NA,NA,N,4,0,2,2,A,-,21,22106,NA,N,C,C,A,-,H,-,A,A,0,NA,NA,NA,NA,Y,NA,A,07,0,0,2,0,0,0,0,0,0,-,-,NA,NA,RIVERSIDE,PALM DESERT,-116.39126,33.72564212
8038526,2016,2016-05-11,3306,2016-03-03,1202,141,INDIO,4,5,3,3306,0,0,0,NA,0,NA,VERBENA,TWO BUNCH PALMS TRL,0,NA,Y,A,-,N,NA,NA,NA,NA,NA,NA,NA,NA,NA,Y,4,0,1,2,A,-,12,22450,A,N,D,I,A,A,H,-,A,A,0,NA,NA,NA,NA,Y,NA,A,01,0,0,1,0,0,0,0,0,0,-,-,NA,NA,RIVERSIDE,DESERT HOT SPRINGS,-116.49252005,33.9468
8038534,2016,2016-05-11,3306,2016-03-23,1406,140,INDIO,3,5,3,3306,0,0,0,NA,0,NA,PALM DR,HACIENDA AV,0,NA,Y,A,-,N,NA,NA,NA,NA,NA,NA,NA,NA,NA,Y,3,0,2,2,A,-,11,21456,B,N,G,B,B,A,H,-,A,A,0,Y,NA,Y,NA,Y,NA,N,60,0,2,0,0,1,0,0,0,1,-,-,NA,NA,RIVERSIDE,DESERT HOT SPRINGS,-116.50131001,33.95415009
8038908,2016,2016-05-16,3313,2016-03-25,1724,1772,N,5,5,7,3313,0,0,0,NA,0,T45,OLIVEWOOD AV,PANORAMA RD,365,N,N,A,-,N,NA,NA,NA,NA,NA,NA,NA,NA,NA,N,3,0,1,2,A,-,08,22107,NA,M,E,I,A,A,H,-,A,A,0,NA,NA,Y,NA,Y,NA,A,01,0,1,0,0,0,0,0,0,1,-,-,33.96474,-117.38162,RIVERSIDE,RIVERSIDE,-117.38042339,33.96512315
8040325,2016,2016-05-13,3313,2016-04-02,0320,1579,W,6,5,7,3313,0,0,0,NA,0,A415,VAN BUREN BL,VICTORIA AV,370,N,N,A,-,N,NA,NA,NA,NA,NA,NA,NA,NA,NA,Y,3,0,1,1,A,-,08,22107,NA,N,E,I,A,A,H,-,D,D,0,NA,NA,NA,NA,Y,NA,A,07,0,1,0,0,0,0,0,0,0,-,-,33.90476,-117.43366,RIVERSIDE,RIVERSIDE,-117.43458787,33.90561418
8041251,2016,2017-02-11,3311,2016-04-18,2006,16000,NA,1,5,4,3311,0,0,0,NA,0,004,GENE AUTRY TRL,VISTA CHINO,5,S,N,A,-,Y,RIV,8,111,-,T,51.57,H,-,N,N,4,0,1,3,A,-,03,22350,NA,F,C,C,A,A,H,-,C,A,0,NA,NA,NA,NA,Y,NA,-,NA,0,0,1,0,0,0,0,0,0,-,-,33.84496,-116.50581,RIVERSIDE,PALM SPRINGS,-116.50581708,33.84466696
8041296,2016,2016-05-24,3300,2016-05-07,1005,3481,920C,6,5,4,3314,0,0,0,NA,0,070,7TH ST,SANDERSON AV,0,NA,Y,A,-,N,NA,NA,NA,NA,NA,NA,NA,NA,NA,N,4,0,1,2,A,-,12,21453,A,N,D,C,A,A,H,-,A,A,0,NA,NA,NA,NA,Y,NA,A,01,0,0,1,0,0,0,0,0,0,-,-,33.77995,-117.00685,RIVERSIDE,SAN JACINTO,-117.00672,33.7800201
8041927,2016,2016-05-27,3313,2016-05-05,1350,1762,W,4,5,7,3313,0,0,0,NA,0,T44,MAGNOLIA AV,TYLER ST,85,W,N,B,-,N,NA,NA,NA,NA,NA,NA,NA,NA,NA,N,3,0,1,2,A,-,08,22107,NA,N,H,G,A,A,H,-,A,A,0,NA,Y,NA,NA,Y,NA,A,07,0,1,0,0,0,0,1,0,0,-,-,33.91209,-117.46163,RIVERSIDE,RIVERSIDE,-117.46176843,33.91181592
8042111,2016,2016-06-01,3315,2016-05-23,1052,002504,10C,1,5,6,3315,0,0,0,NA,0,002,SAMPSON AV,CORPORATE TERRACE ST,415,E,N,A,-,N,NA,NA,NA,NA,NA,NA,NA,NA,NA,N,3,0,1,2,A,-,03,22350,NA,N,C,C,A,A,H,-,A,A,0,NA,NA,NA,NA,Y,NA,A,01,0,1,0,0,0,0,0,0,0,-,-,NA,NA,RIVERSIDE,CORONA,-117.53225169,33.87920753
8043496,2016,2016-05-20,3308,2016-04-09,0041,10545,526,6,5,5,3308,0,0,0,NA,0,SOUTH,GILBERT ST,ACACIA AV,228,N,N,A,-,N,NA,NA,NA,NA,NA,NA,NA,NA,NA,Y,3,0,1,1,A,-,08,22107,NA,N,E,I,A,A,H,-,C,D,0,NA,NA,NA,NA,Y,NA,A,01,0,1,0,0,0,0,0,0,0,-,-,NA,NA,RIVERSIDE,HEMET,-116.97597686,33.74449436
8044114,2016,2016-08-29,3300,2016-05-05,1620,4633,89A1,4,5,2,3316,0,0,0,NA,0,089,RT 111,VILLAGE CENTER DR,568,NA,N,A,-,N,NA,NA,NA,NA,NA,NA,NA,NA,NA,Y,3,0,2,2,A,-,09,21801,A,N,D,C,A,A,H,-,A,A,0,NA,NA,NA,NA,Y,NA,A,01,0,2,0,0,0,0,0,0,0,-,-,NA,NA,RIVERSIDE,INDIAN WELLS,-116.3589001,33.7213601
8044242,2016,2016-05-25,3315,2016-05-16,1425,1073,4C,1,5,6,3315,0,0,0,NA,0,NA,MAIN ST,ONTARIO AV,350,S,N,A,-,N,NA,NA,NA,NA,NA,NA,NA,NA,NA,N,3,0,1,2,A,-,05,21202,A,N,D,G,A,A,H,-,A,D,0,NA,Y,NA,NA,Y,NA,L,04,0,1,0,0,0,0,1,0,0,-,-,33.85626,-117.56933,RIVERSIDE,CORONA,-117.56948479,33.8553265
8045084,2016,2017-02-11,3313,2016-04-26,1404,1686,C,2,5,7,3313,0,0,0,NA,0,T58,ADAMS ST,DIANA AV,146,S,N,A,-,Y,RIV,8,91,-,-,15.777,R,4,W,N,4,0,1,2,A,-,03,22350,NA,N,C,C,A,A,H,-,A,A,0,NA,NA,NA,NA,Y,NA,A,01,0,0,1,0,0,0,0,0,0,-,-,33.92769,-117.42016,RIVERSIDE,RIVERSIDE,-117.41763253,33.92871507
8045478,2016,2017-02-09,3308,2016-03-28,0632,10492,515,1,5,5,3308,0,0,0,NA,0,SOUTH,FLORIDA AV,LYON AV,3,W,N,A,-,Y,RIV,8,74,-,-,39.558,I,5,E,Y,3,0,2,2,A,-,03,22350,NA,N,D,C,A,A,H,-,C,A,0,NA,NA,NA,Y,Y,NA,A,01,0,1,1,0,0,0,0,0,0,-,-,NA,NA,RIVERSIDE,HEMET,-116.98941069,33.74740016
8045535,2016,2016-05-31,3315,2016-05-06,1659,002661,10D,5,5,6,3315,0,0,0,NA,0,003,MAGNOLIA AV,TRADEMARKS CIR,10,E,N,C,-,N,NA,NA,NA,NA,NA,NA,NA,NA,NA,N,4,0,1,2,A,-,03,22350,NA,N,B,C,A,B,H,-,A,D,0,NA,NA,NA,NA,Y,NA,A,01,0,0,1,0,0,0,0,0,0,-,-,NA,NA,RIVERSIDE,CORONA,-117.53270456,33.87127734
8047223,2016,2016-05-16,3300,2016-04-11,0848,4996,602D3,1,5,6,3394,0,0,0,NA,0,MV26,DELPHINIUM AV,CLOVERFIELD RD,13,E,N,A,-,N,NA,NA,NA,NA,NA,NA,NA,NA,NA,N,4,0,2,3,A,-,10,21950,A,N,G,B,B,A,H,-,A,A,0,Y,NA,NA,NA,Y,NA,A,01,0,0,2,0,2,0,0,0,0,-,-,33.90634,-117.23335,RIVERSIDE,MORENO VALLEY,-117.23336729,33.90639018
8047411,2016,2016-05-17,3300,2016-04-04,0834,4097,602,1,5,6,3394,0,0,0,NA,0,024,ALESSANDRO BL,GRAHAM ST,0,NA,Y,A,-,N,NA,NA,NA,NA,NA,NA,NA,NA,NA,Y,4,0,2,2,A,-,12,21453,A,N,-,C,A,-,H,-,A,A,0,NA,NA,NA,NA,Y,NA,A,01,0,0,2,0,0,0,0,0,0,-,-,33.91724,-117.25244000000001,RIVERSIDE,MORENO VALLEY,-117.25243012,33.91732001
8050088,2016,2016-06-09,3300,2016-05-19,1855,4413,910C,4,5,5,3335,0,0,0,NA,0,063,BUTTERFIELD STAGE RD,MURRIETA HOT SPRINGS RD,0,NA,Y,A,-,N,NA,NA,NA,NA,NA,NA,NA,NA,NA,Y,4,0,1,1,A,-,03,22350,NA,N,E,I,A,A,H,-,A,D,0,NA,NA,NA,NA,Y,NA,A,01,0,0,1,0,0,0,0,0,0,-,-,33.55184,-117.09744,RIVERSIDE,TEMECULA,-117.09747008,33.55189001
8050380,2016,2016-06-20,3313,2016-05-26,1841,1499,W,4,5,7,3313,0,0,0,NA,0,T42,MAGNOLIA AV,LA SIERRA AV,475,W,N,-,-,N,NA,NA,NA,NA,NA,NA,NA,NA,NA,N,3,0,1,2,A,-,06,21755,A,N,-,-,A,-,-,-,-,-,0,NA,NA,NA,NA,Y,NA,A,01,0,1,0,0,0,0,0,0,0,-,-,NA,NA,RIVERSIDE,RIVERSIDE,-117.47765387,33.90280189
8050383,2016,2016-06-10,3313,2016-05-01,0217,1796,N,7,5,7,3313,0,0,0,NA,0,A125,LA CADENA DR,OXFORD ST,112,N,N,A,-,N,NA,NA,NA,NA,NA,NA,NA,NA,NA,Y,3,0,2,1,A,-,08,22107,NA,N,E,I,A,A,H,-,D,D,0,NA,NA,NA,NA,Y,Y,A,01,0,1,1,0,0,0,0,0,0,-,-,NA,NA,RIVERSIDE,RIVERSIDE,-117.3482935,34.00609023
8050465,2016,2016-06-10,3313,2016-04-27,0920,1384,N,3,5,7,3313,0,0,0,NA,0,M17,MARKET ST,11TH ST,24,N,N,A,-,N,NA,NA,NA,NA,NA,NA,NA,NA,NA,Y,4,0,1,2,A,-,01,23152,F,M,C,C,A,A,H,-,A,A,0,NA,NA,NA,NA,Y,NA,A,07,0,0,1,0,0,0,0,0,0,-,-,33.97961,-117.37782,RIVERSIDE,RIVERSIDE,-117.37763168,33.97963749
8050692,2016,2016-05-31,3300,2016-02-20,2011,4391,602C4,6,5,6,3394,0,0,0,NA,0,024,ALESSANDRO BL,CHAGALL CT,21,W,N,A,-,N,NA,NA,NA,NA,NA,NA,NA,NA,NA,Y,2,0,5,2,A,-,03,22350,NA,N,C,C,A,A,H,-,C,A,0,NA,NA,NA,NA,Y,NA,A,01,3,0,2,0,0,0,0,0,0,-,-,33.91726,-117.25679,RIVERSIDE,MORENO VALLEY,-117.256859,33.91731904
8051177,2016,2016-06-03,3300,2016-04-26,0726,3717,012F,2,5,4,3344,0,0,0,NA,0,064,ORINDA DR,VIVA DR,0,NA,Y,A,-,N,NA,NA,NA,NA,NA,NA,NA,NA,NA,Y,3,0,2,2,B,-,22,NA,NA,N,A,C,A,A,H,-,A,A,0,NA,NA,NA,NA,Y,NA,-,NA,0,2,0,0,0,0,0,0,0,-,-,NA,NA,RIVERSIDE,EASTVALE,-117.60085012,33.95405001
8052567,2016,2016-06-07,3300,2016-05-01,0205,4837,901A,7,5,4,3310,0,0,0,NA,0,050,5TH ST,NORCONIAN DR,0,NA,Y,A,-,N,NA,NA,NA,NA,NA,NA,NA,NA,NA,Y,4,0,1,1,A,-,08,22107,NA,N,F,A,A,A,H,-,D,D,0,NA,NA,NA,NA,Y,NA,A,07,0,0,1,0,0,0,0,0,0,-,-,33.93162,-117.56486,RIVERSIDE,NORCO,-117.56501013,33.93146007
8056866,2016,2016-06-09,3313,2016-05-16,1808,1499,N,1,5,7,3313,0,0,0,NA,0,T42,14TH ST,MULBERRY ST,18,S,N,A,-,N,NA,NA,NA,NA,NA,NA,NA,NA,NA,N,3,0,2,2,A,-,12,21453,A,N,D,C,A,A,H,-,A,A,0,NA,NA,NA,NA,Y,NA,A,01,0,1,1,0,0,0,0,0,0,-,-,NA,NA,RIVERSIDE,RIVERSIDE,-117.37365959,33.97395415
8059009,2016,2016-08-31,3300,2016-06-03,1750,N6168,89A1,5,5,2,3316,0,0,0,NA,0,089,RT 111,VILLAGE CENTER DR,112,NA,N,A,-,N,NA,NA,NA,NA,NA,NA,NA,NA,NA,Y,4,0,1,2,A,-,03,22350,NA,N,C,C,A,A,H,-,A,A,0,NA,NA,NA,NA,Y,NA,A,01,0,0,1,0,0,0,0,0,0,-,-,NA,NA,RIVERSIDE,INDIAN WELLS,-116.3589001,33.7213601
8059173,2016,2016-06-14,3300,2016-04-30,2210,4730,2S,6,5,6,3345,0,0,0,NA,0,024,RUTILE ST,56TH ST E,43,S,N,A,-,N,NA,NA,NA,NA,NA,NA,NA,NA,NA,N,3,0,1,1,A,-,08,22107,NA,N,E,I,A,A,H,-,C,D,0,NA,NA,NA,NA,Y,NA,A,01,0,1,0,0,0,0,0,0,0,-,-,NA,NA,RIVERSIDE,JURUPA VALLEY,-117.49715,33.98576
8060161,2016,2016-06-15,3300,2016-05-26,0116,4300,920D,4,5,4,3314,0,0,0,NA,0,070,ESPLANADE AV,KIRBY ST,1280,E,N,A,-,N,NA,NA,NA,NA,NA,NA,NA,NA,NA,N,2,0,1,2,A,-,00,21954,NA,F,B,B,E,A,H,-,D,D,0,Y,NA,NA,NA,Y,NA,N,60,1,0,0,0,1,0,0,0,0,-,-,33.77286,-116.99811,RIVERSIDE,SAN JACINTO,-116.99381256,33.77282996
8060756,2016,2016-06-13,3300,2016-04-17,1938,4389,910C,7,5,5,3335,0,0,0,NA,0,063,BUTTERFIELD STAGE RD,CALLE CHAPOS,0,NA,Y,A,-,N,NA,NA,NA,NA,NA,NA,NA,NA,NA,Y,2,0,3,2,A,-,12,22450,A,N,C,A,A,A,D,-,C,D,0,NA,NA,NA,NA,Y,NA,D,22,1,0,2,0,0,0,0,0,0,-,-,33.54071,-117.10109,RIVERSIDE,TEMECULA,-117.10105001,33.54074008
8062293,2016,2016-07-05,3300,2016-06-13,0710,2277,601E5,1,5,6,3394,0,0,0,NA,0,016,PERRIS BL,ABBEY LN,277,S,N,F,-,N,NA,NA,NA,NA,NA,NA,NA,NA,NA,Y,4,0,1,3,A,-,09,21801,A,N,D,C,A,A,H,-,A,D,0,NA,NA,NA,NA,Y,Y,A,01,0,0,1,0,0,0,0,0,0,-,-,33.945,-117.2264,RIVERSIDE,MORENO VALLEY,-117.22646247,33.94431146
8062301,2016,2016-07-05,3300,2016-06-13,0555,N2646,603B3,1,5,6,3394,0,0,0,NA,0,034,INDIAN ST,SAN MICHELE RD,336,S,N,A,-,N,NA,NA,NA,NA,NA,NA,NA,NA,NA,N,4,0,3,2,A,-,05,21460,A,N,D,C,A,A,H,-,A,D,0,NA,NA,NA,NA,Y,NA,A,01,0,0,3,0,0,0,0,0,0,-,-,33.86625,-117.2349,RIVERSIDE,MORENO VALLEY,-117.23481222,33.86913958