CASE_ID,ACCIDENT_YEAR,PROC_DATE,JURIS,COLLISION_DATE,COLLISION_TIME,OFFICER_ID,REPORTING_DISTRICT,DAY_OF_WEEK,CHP_SHIFT,POPULATION,CNTY_CITY_LOC,SPECIAL_COND,BEAT_TYPE,CHP_BEAT_TYPE,CITY_DIVISION_LAPD,CHP_BEAT_CLASS,BEAT_NUMBER,PRIMARY_RD,SECONDARY_RD,DISTANCE,DIRECTION,INTERSECTION,WEATHER_1,WEATHER_2,STATE_HWY_IND,CALTRANS_COUNTY,CALTRANS_DISTRICT,STATE_ROUTE,ROUTE_SUFFIX,POSTMILE_PREFIX,POSTMILE,LOCATION_TYPE,RAMP_INTERSECTION,SIDE_OF_HWY,TOW_AWAY,COLLISION_SEVERITY,NUMBER_KILLED,NUMBER_INJURED,PARTY_COUNT,PRIMARY_COLL_FACTOR,PCF_CODE_OF_VIOL,PCF_VIOL_CATEGORY,PCF_VIOLATION,PCF_VIOL_SUBSECTION,HIT_AND_RUN,TYPE_OF_COLLISION,MVIW,PED_ACTION,ROAD_SURFACE,ROAD_COND_1,ROAD_COND_2,LIGHTING,CONTROL_DEVICE,CHP_ROAD_TYPE,PEDESTRIAN_ACCIDENT,BICYCLE_ACCIDENT,MOTORCYCLE_ACCIDENT,TRUCK_ACCIDENT,NOT_PRIVATE_PROPERTY,ALCOHOL_INVOLVED,STWD_VEHTYPE_AT_FAULT,CHP_VEHTYPE_AT_FAULT,COUNT_SEVERE_INJ,COUNT_VISIBLE_INJ,COUNT_COMPLAINT_PAIN,COUNT_PED_KILLED,COUNT_PED_INJURED,COUNT_BICYCLIST_KILLED,COUNT_BICYCLIST_INJURED,COUNT_MC_KILLED,COUNT_MC_INJURED,PRIMARY_RAMP,SECONDARY_RAMP,LATITUDE,LONGITUDE,COUNTY,CITY,POINT_X,POINT_Y
8137883,2016,2016-10-12,3311,2016-09-25,0236,16015,NA,7,5,4,3311,0,0,0,NA,0,006,DINAH SHORE DR,CROSSLEY RD,2578,E,N,A,-,N,NA,NA,NA,NA,NA,NA,NA,NA,NA,Y,3,0,1,1,A,-,01,23152,A,N,E,I,A,A,H,-,C,A,0,NA,NA,NA,NA,Y,Y,A,01,0,1,0,0,0,0,0,0,0,-,-,33.80855,-116.48417,RIVERSIDE,PALM SPRINGS,-116.47703409,33.80617983
8137891,2016,2016-10-12,3311,2016-09-02,0220,15931,NA,5,5,4,3311,0,0,0,NA,0,NA,SOUTH PALM CANYON DR,EAST PALM CANYON DR,0,NA,Y,A,-,N,NA,NA,NA,NA,NA,NA,NA,NA,NA,Y,4,0,1,1,A,-,01,23152,A,N,E,I,A,A,H,-,C,A,0,NA,NA,NA,NA,Y,Y,A,01,0,0,1,0,0,0,0,0,0,-,-,NA,NA,RIVERSIDE,PALM SPRINGS,-116.54563,33.80311006
81380433,2020,2021-01-05,3300,2020-12-23,1704,4546,910Q,3,5,5,3335,0,0,0,NA,0,069,PECHANGA PKY,CLUBHOUSE DR,0,NA,Y,A,-,N,NA,NA,NA,NA,NA,NA,NA,NA,NA,Y,4,0,1,2,A,-,09,21801,A,N,D,C,A,A,D,E,C,D,0,NA,NA,Y,NA,Y,NA,D,22,0,0,1,0,0,0,0,0,1,-,-,33.47211837768555,-117.12532043457033,RIVERSIDE,TEMECULA,-117.12484741210938,33.47230911254883
81380437,2020,2021-01-05,3300,2020-12-30,1803,4546,910B,3,5,5,3335,0,0,0,NA,0,063,WINCHESTER RD,NICOLAS RD,0,NA,Y,A,-,Y,NA,NA,NA,NA,NA,NA,NA,NA,NA,N,4,0,1,2,A,-,12,21453,A,N,D,C,A,A,H,-,C,A,0,NA,NA,NA,NA,Y,NA,A,01,0,0,1,0,0,0,0,0,0,-,-,33.539371490478516,-117.14469146728516,RIVERSIDE,TEMECULA,-117.14473724365234,33.539310455322266
81380453,2020,2021-01-05,3300,2020-12-09,1857,5059,603 A,3,5,6,3394,0,0,0,NA,0,MV32,ELSWORTH ST,CACTUS AVE,0,NA,Y,A,-,N,NA,NA,NA,NA,NA,NA,NA,NA,NA,Y,3,0,1,2,A,-,01,23152,G,N,C,C,A,A,H,-,C,A,0,NA,NA,NA,NA,Y,Y,A,01,0,1,0,0,0,0,0,0,0,-,-,33.91006088256836,-117.27030181884766,RIVERSIDE,MORENO VALLEY,-117.27017974853516,33.91014099121094
81381478,2020,2021-01-06,3300,2020-11-24,0110,N4809,920A,2,5,4,3314,0,0,0,NA,0,070,STATE ST,IDYLLWILD DR,623,S,N,A,-,N,NA,NA,NA,NA,NA,NA,NA,NA,NA,N,4,0,1,2,A,-,07,21658,A,N,B,C,A,A,H,-,C,D,0,NA,NA,NA,NA,Y,NA,-,-,0,0,1,0,0,0,0,0,0,-,-,NA,NA,RIVERSIDE,SAN JACINTO,-116.97184753417967,33.79811096191406
81381487,2020,2021-01-06,3300,2020-12-06,2138,4808,920A,7,5,4,3314,0,0,0,NA,0,070,RAMONA EXPY,WARREN RD,0,NA,N,A,-,N,NA,NA,NA,NA,NA,NA,NA,NA,NA,Y,2,0,4,2,A,-,03,22350,NA,N,C,C,A,A,H,-,D,D,0,NA,NA,NA,NA,Y,NA,A,01,3,0,1,0,0,0,0,0,0,-,-,33.82355880737305,-117.03346252441406,RIVERSIDE,SAN JACINTO,-117.03372192382813,33.82345962524414
81384559,2021,2021-01-11,3315,2021-01-05,1043,003362,13D,2,5,6,3315,0,0,0,NA,0,003,FOOTHILL PY,BEDFORD CANYON RD,0,NA,Y,A,-,N,NA,NA,NA,NA,NA,NA,NA,NA,NA,N,4,0,1,2,D,-,00,NA,NA,N,G,B,B,A,H,-,A,A,0,Y,NA,NA,NA,Y,NA,-,-,0,0,1,0,1,0,0,0,0,-,-,33.83134078979492,-117.53115844726563,RIVERSIDE,CORONA,-117.53115,33.83135
8139035,2016,2016-11-30,3308,2016-10-09,2101,10530,525,7,5,5,3308,0,0,0,NA,0,SOUTH,LYON AV,ACACIA AV,0,NA,Y,A,-,N,NA,NA,NA,NA,NA,NA,NA,NA,NA,N,4,0,1,2,A,-,12,21453,A,N,D,G,A,A,H,-,D,A,0,NA,Y,NA,NA,Y,NA,L,04,0,0,1,0,0,0,1,0,0,-,-,NA,NA,RIVERSIDE,HEMET,-116.98909005,33.74378006
81392389,2020,2021-01-22,3300,2020-12-17,1828,N5791,012C,4,5,4,3344,0,0,0,NA,0,065,SCHLEISMAN RD,CEDAR CREEK RD,0,NA,Y,A,-,N,NA,NA,NA,NA,NA,NA,NA,NA,NA,Y,4,0,2,2,A,-,09,21804,A,N,D,C,A,A,H,-,C,A,0,NA,NA,NA,NA,Y,NA,A,01,0,0,2,0,0,0,0,0,0,-,-,33.960960388183594,-117.57997131347656,RIVERSIDE,EASTVALE,-117.57998657226563,33.960838317871094
81392989,2021,2021-01-25,3300,2021-01-15,1125,5978,80B2,5,5,3,3305,0,0,0,NA,0,Y80,VAN BUREN ST,48TH AV,0,NA,Y,A,-,N,NA,NA,NA,NA,NA,NA,NA,NA,NA,Y,4,0,2,2,A,-,08,22107,NA,N,A,C,A,A,H,-,A,A,0,NA,NA,NA,NA,Y,NA,A,01,0,0,2,0,0,0,0,0,0,-,-,33.70037078857422,-116.19896697998048,RIVERSIDE,COACHELLA,-116.1990203857422,33.70039367675781
81394778,2021,2021-01-27,3349,2021-01-10,1610,327,NA,7,5,5,3341,0,0,0,NA,0,004,CHERRY HILLS BLVD,PEBBLE BEACH DR,190,E,N,A,-,N,NA,NA,NA,NA,NA,NA,NA,NA,NA,Y,3,0,2,3,A,-,00,23103,A,F,E,I,F,A,H,-,B,A,0,Y,NA,NA,NA,Y,Y,A,08,0,1,1,0,1,0,0,0,0,-,-,33.70949172973633,-117.19759368896484,RIVERSIDE,MENIFEE,-117.19686889648438,33.70954132080078
81400317,2021,2021-02-02,3300,2021-01-30,0605,4245,LA40,6,5,3,3392,0,0,0,NA,0,LA40,JEFFERSON ST,DUNBAR DR,0,NA,Y,A,-,N,NA,NA,NA,NA,NA,NA,NA,NA,NA,Y,4,0,2,2,A,-,12,21453,A,N,D,C,A,A,H,-,B,A,0,NA,NA,NA,Y,Y,NA,F,26,0,0,2,0,0,0,0,0,0,-,-,33.736270904541016,-116.26728057861328,RIVERSIDE,LA QUINTA,-116.26718139648438,33.73624038696289
81401235,2021,2021-02-03,3300,2021-01-30,1156,4339,601 C,6,5,6,3394,0,0,0,NA,0,MV14,BOX SPRINGS RD,DOUGLASIS CT,193,W,N,A,-,N,NA,NA,NA,NA,NA,NA,NA,NA,NA,Y,4,0,3,2,A,-,03,22350,NA,N,C,C,A,A,H,-,A,D,0,NA,NA,NA,NA,Y,NA,A,01,0,0,3,0,0,0,0,0,0,-,-,33.9468994140625,-117.29002380371094,RIVERSIDE,MORENO VALLEY,-117.29096221923828,33.946571350097656
81402125,2020,2021-02-04,3300,2020-12-21,1538,N6519,603 A,1,5,6,3394,0,0,0,NA,0,MV32,PERRIS BLVD,DELPHINIUM AVE,603,S,N,A,-,N,NA,NA,NA,NA,NA,NA,NA,NA,NA,N,4,0,3,2,A,-,03,22350,NA,N,C,C,A,A,H,-,A,D,0,NA,NA,NA,NA,Y,NA,A,01,0,0,3,0,0,0,0,0,0,-,-,33.936309814453125,-117.22648620605467,RIVERSIDE,MORENO VALLEY,-117.22632598876952,33.90475082397461
81403885,2021,2021-02-08,3315,2021-01-30,1828,003931,7B,6,5,6,3315,0,0,0,NA,0,001,LINCOLN AV,SIXTH ST,0,NA,Y,A,-,N,NA,NA,NA,NA,NA,NA,NA,NA,NA,N,2,0,1,2,A,-,11,21950,B,N,G,B,D,A,H,-,C,A,0,Y,NA,NA,NA,Y,Y,N,60,1,0,0,0,1,0,0,0,0,-,-,33.876380920410156,-117.58326721191406,RIVERSIDE,CORONA,-117.58328247070313,33.87718963623047
81404774,2021,2021-02-09,3300,2021-02-04,1850,N6426,910A,4,5,5,3335,0,0,0,NA,0,062,DATE ST,MARGARITA RD,32,W,N,A,-,N,NA,NA,NA,NA,NA,NA,NA,NA,NA,Y,4,0,1,2,A,-,01,23152,A,N,C,C,A,A,H,-,C,A,0,NA,NA,Y,NA,Y,Y,A,01,0,0,1,0,0,0,0,0,1,-,-,33.54539108276367,-117.15473175048828,RIVERSIDE,TEMECULA,-117.15483856201172,33.54523849487305
81404779,2020,2021-02-09,3300,2020-09-23,1426,5421,002T,3,5,6,3345,0,0,0,NA,0,024,CARLYLE DR,HAVEN VIEW DR,271,E,N,A,-,N,NA,NA,NA,NA,NA,NA,NA,NA,NA,N,4,0,1,2,A,-,08,22107,NA,N,B,C,A,A,A,-,A,D,0,NA,NA,NA,NA,Y,NA,A,01,0,0,1,0,0,0,0,0,0,-,-,33.97153091430664,-117.45892333984376,RIVERSIDE,JURUPA VALLEY,-117.45849609375,33.97298812866211
81406437,2021,2021-02-11,3300,2021-02-10,1315,4713,910O,3,5,5,3335,0,0,0,NA,0,064,PAUBA RD,VIA TORRES,0,NA,Y,A,-,N,NA,NA,NA,NA,NA,NA,NA,NA,NA,Y,4,0,2,2,A,-,09,21801,A,N,A,C,A,A,H,-,A,A,0,NA,NA,NA,NA,Y,NA,D,22,0,0,2,0,0,0,0,0,0,-,-,33.50661849975586,-117.09452056884766,RIVERSIDE,TEMECULA,-117.0943603515625,33.506649017333984
8140785,2016,2016-10-10,3300,2016-06-15,1813,3775,602A4,3,5,6,3394,0,0,0,NA,0,MV22,PAN AM BL,DRACAEA AV,5,S,N,A,-,N,NA,NA,NA,NA,NA,NA,NA,NA,NA,N,3,0,1,2,A,-,05,21650,NA,N,A,C,A,A,H,-,A,D,0,NA,NA,Y,NA,Y,NA,C,03,0,1,0,0,0,0,0,0,1,-,-,33.92786,-117.26407,RIVERSIDE,MORENO VALLEY,-117.26419016,33.9278463
81408078,2021,2021-02-15,3349,2021-01-10,0325,378,NA,7,5,5,3341,0,0,0,NA,0,004,WINTER HAWK RD,IRVINE LN,144,N,N,A,-,N,NA,NA,NA,NA,NA,NA,NA,NA,NA,N,4,0,1,3,A,-,22,23123,NA,N,B,E,A,A,H,-,C,D,0,NA,NA,NA,NA,Y,NA,A,01,0,0,1,0,0,0,0,0,0,-,-,NA,NA,RIVERSIDE,MENIFEE,-117.19295501708984,33.68746566772461
81410579,2021,2021-02-18,3315,2021-02-16,1607,004358,13D,2,5,6,3315,0,0,0,NA,0,003,CALIFORNIA AV,CHASE DR,0,NA,Y,A,-,N,NA,NA,NA,NA,NA,NA,NA,NA,NA,N,3,0,1,2,A,-,10,21950,A,N,H,G,A,A,H,-,A,A,0,NA,Y,NA,NA,Y,NA,A,01,0,1,0,0,0,0,1,0,0,-,-,33.8348503112793,-117.54306030273438,RIVERSIDE,CORONA,-117.54239654541016,33.83609390258789
81413119,2021,2021-02-23,3300,2021-02-13,1700,3613,916D,6,5,4,3312,0,0,0,NA,0,035,4TH ST,WILKERSON AVE,198,W,N,A,-,N,NA,NA,NA,NA,NA,NA,NA,NA,NA,Y,4,0,2,2,A,-,09,21801,A,N,D,C,A,A,H,-,A,D,0,NA,NA,NA,NA,Y,NA,A,01,0,0,2,0,0,0,0,0,0,-,-,NA,NA,RIVERSIDE,PERRIS,-117.21962738037108,33.782371520996094
81414799,2021,2021-02-25,3300,2021-01-10,1748,N6012,916C,7,5,4,3312,0,0,0,NA,0,034,CELEBRATION LN,RIVER RD,268,E,N,A,-,N,NA,NA,NA,NA,NA,NA,NA,NA,NA,N,4,0,1,1,A,-,03,22350,NA,N,E,J,A,A,H,-,C,D,0,NA,NA,Y,NA,Y,NA,C,03,0,0,1,0,0,0,0,0,1,-,-,33.768070220947266,-117.24105072021484,RIVERSIDE,PERRIS,-117.2399444580078,33.767967224121094
81419408,2021,2021-03-03,3311,2021-01-31,1651,16210,NA,7,5,4,3311,0,0,0,NA,0,004,TAHQUITZ CANYON WAY,FARRELL DRIVE,0,NA,Y,B,-,N,NA,NA,NA,NA,NA,NA,NA,NA,NA,Y,4,0,2,2,A,-,03,22350,NA,N,C,C,A,A,H,-,A,A,0,NA,NA,NA,NA,Y,NA,A,01,0,0,2,0,0,0,0,0,0,-,-,33.82284927368164,-116.51840972900392,RIVERSIDE,PALM SPRINGS,-116.5180435180664,33.823089599609375
81419410,2021,2021-03-03,3311,2021-02-10,1251,15951,NA,3,5,4,3311,0,0,0,NA,0,001,GENE AUTRY TRAIL,VISTA CHINO,421,N,N,A,-,N,NA,NA,NA,NA,NA,NA,NA,NA,NA,Y,4,0,3,2,A,-,03,22350,NA,N,C,C,A,A,H,-,A,A,0,NA,NA,NA,NA,Y,NA,A,01,0,0,3,0,0,0,0,0,0,-,-,33.8449592590332,-116.5058135986328,RIVERSIDE,PALM SPRINGS,-116.50582885742188,33.8460807800293
81419516,2021,2021-03-03,3315,2021-02-15,1630,003021,13A,1,5,6,3315,0,0,0,NA,0,003,ONTARIO AV,MAIN ST,157,E,N,A,-,N,NA,NA,NA,NA,NA,NA,NA,NA,NA,N,4,0,1,2,A,-,05,21650,NA,N,D,G,A,A,H,-,A,D,0,NA,Y,NA,NA,Y,NA,L,04,0,0,1,0,0,0,1,0,0,-,-,33.856258392333984,-117.56932830810548,RIVERSIDE,CORONA,-117.5693588256836,33.85628128051758
81420226,2021,2021-03-04,3300,2021-03-01,2045,5228,910R1,1,5,5,3335,0,0,0,NA,0,062,40480 WINCHESTER ROAD,PROMENADE MALL E,540,E,N,A,-,N,NA,NA,NA,NA,NA,NA,NA,NA,NA,Y,3,0,1,2,B,-,22,NA,NA,N,D,C,A,A,H,-,C,D,0,NA,NA,NA,NA,Y,NA,A,01,0,1,0,0,0,0,0,0,0,-,-,NA,NA,RIVERSIDE,TEMECULA,-117.15582275390624,33.52787399291992
81421051,2021,2021-03-05,3300,2021-02-22,1624,N6519,NA,1,5,6,3394,0,0,0,NA,0,NA,KRAMERIA AVE,CAMINO JUANITO,27,W,N,A,-,N,NA,NA,NA,NA,NA,NA,NA,NA,NA,N,4,0,4,3,A,-,07,21658,A,N,A,C,A,A,H,-,A,D,0,NA,NA,NA,NA,Y,NA,A,01,0,0,4,0,0,0,0,0,0,-,-,33.88100814819336,-117.21589660644533,RIVERSIDE,MORENO VALLEY,-117.21544647216795,33.8809814453125
8142264,2016,2016-10-26,3300,2016-10-06,2009,3552,916B,4,5,4,3312,0,0,0,NA,0,032,REDLANDS AV,CITRUS AV,0,NA,Y,A,-,N,NA,NA,NA,NA,NA,NA,NA,NA,NA,Y,3,0,4,2,A,-,09,21802,A,N,D,C,A,A,H,-,C,A,0,NA,NA,NA,NA,Y,NA,A,01,0,1,3,0,0,0,0,0,0,-,-,33.80836,-117.21733,RIVERSIDE,PERRIS,-117.21738006,33.80834004
81424776,2021,2021-03-11,3300,2021-03-02,1527,3775,603 C,2,5,6,3394,0,0,0,NA,0,MV36,PERRIS BLVD,GENTIAN AVE,0,NA,Y,A,-,N,NA,NA,NA,NA,NA,NA,NA,NA,NA,N,4,0,3,3,A,-,03,22350,NA,N,C,C,A,A,H,-,A,A,0,NA,NA,NA,Y,Y,NA,A,01,0,0,3,0,0,0,0,0,0,-,-,33.895408630371094,-117.22653198242188,RIVERSIDE,MORENO VALLEY,-117.22624969482422,33.89558410644531
81431432,2021,2021-03-22,3315,2021-03-14,0138,003931,6E,7,5,6,3315,0,0,0,NA,0,001,MAIN ST,91 WEST BOUND OFF RAMP,0,NA,Y,B,-,N,NA,NA,NA,NA,NA,NA,NA,NA,NA,Y,4,0,1,2,A,-,01,23152,A,N,D,C,A,A,H,-,C,A,0,NA,NA,NA,NA,Y,Y,A,01,0,0,1,0,0,0,0,0,0,-,-,33.88058853149414,-117.56568908691406,RIVERSIDE,CORONA,-117.565545,33.88065
81434667,2021,2021-03-25,3311,2021-02-19,1847,15953,NA,5,5,4,3311,0,0,0,NA,0,002,INDIAN CANYON DRIVE N,SAN RAFAEL ROAD,11,S,N,A,-,N,NA,NA,NA,NA,NA,NA,NA,NA,NA,Y,3,0,1,2,A,-,03,22350,NA,N,C,C,A,A,H,-,C,A,0,NA,NA,NA,NA,Y,Y,A,01,0,1,0,0,0,0,0,0,0,-,-,33.85942840576172,-116.54550170898438,RIVERSIDE,PALM SPRINGS,-116.5455322265625,33.8595085144043
81436664,2021,2021-03-26,3300,2021-03-08,0746,4087,82D7,1,5,3,3305,0,0,0,NA,0,Y82,FREDERICK ST,CALLE GREGORIO,0,NA,Y,A,-,N,NA,NA,NA,NA,NA,NA,NA,NA,NA,N,4,0,1,2,A,-,03,22350,NA,N,C,C,A,A,H,-,A,D,0,NA,NA,Y,NA,Y,NA,A,01,0,0,1,0,0,0,0,0,1,-,-,33.66619873046875,-116.1904525756836,RIVERSIDE,COACHELLA,-116.19042205810548,33.666202545166016
81437473,2021,2021-03-29,3300,2021-02-21,1818,3343,001E,7,5,6,3345,0,0,0,NA,0,012,SIERRA AV,OAK QUARRY RD,0,NA,Y,A,-,N,NA,NA,NA,NA,NA,NA,NA,NA,NA,Y,4,0,2,2,A,-,01,23152,B,N,D,C,A,A,H,-,C,A,0,NA,NA,NA,NA,Y,Y,D,22,0,0,2,0,0,0,0,0,0,-,-,NA,NA,RIVERSIDE,JURUPA VALLEY,NA,NA
81438832,2021,2021-03-30,3300,2021-03-27,0940,5503,901B,6,5,4,3310,0,0,0,NA,0,050,6TH ST,CORONA AV,412,E,N,A,-,N,NA,NA,NA,NA,NA,NA,NA,NA,NA,Y,3,0,2,2,A,-,08,22107,NA,N,A,C,A,A,H,-,A,D,0,NA,NA,NA,NA,Y,NA,D,73,0,1,1,0,0,0,0,0,0,-,-,33.93851089477539,-117.54563903808594,RIVERSIDE,NORCO,-117.5441665649414,33.938411712646484
81439991,2020,2021-03-31,3315,2020-12-06,1717,003146,NA,7,5,6,3315,0,0,0,NA,0,NA,GRAND BL S,SIXTH ST (E),132,S,N,A,-,N,NA,NA,NA,NA,NA,NA,NA,NA,NA,N,4,0,3,2,A,-,09,21804,A,M,D,C,A,A,H,-,C,D,0,NA,NA,NA,NA,Y,NA,A,01,0,0,3,0,0,0,0,0,0,-,-,33.87459182739258,-117.55876159667967,RIVERSIDE,CORONA,-117.57404327392578,33.875850677490234
81441406,2021,2021-04-02,3300,2021-02-26,1515,N6611,NA,5,5,6,3394,0,0,0,NA,0,NA,HEACOCK ST,SUNNYMEAD BLVD,185,N,N,A,-,N,NA,NA,NA,NA,NA,NA,NA,NA,NA,N,4,0,1,5,A,-,03,22350,NA,N,C,C,A,A,H,-,A,D,0,NA,NA,NA,NA,Y,NA,A,01,0,0,1,0,0,0,0,0,0,-,-,33.93906021118164,-117.24376678466795,RIVERSIDE,MORENO VALLEY,-117.24378967285156,33.93955612182617
81444669,2021,2021-04-07,3300,2021-03-17,1455,N4424,604 E,3,5,6,3394,0,0,0,NA,0,MV46,GILMAN SPRINGS RD,VIRGINIA ST,294,W,N,A,-,Y,NA,NA,NA,NA,NA,NA,NA,NA,NA,Y,3,0,2,3,A,-,05,21460,A,F,D,C,A,A,H,-,A,D,0,NA,NA,NA,Y,Y,NA,-,99,0,2,0,0,0,0,0,0,0,-,-,33.92863845825195,-117.12127685546876,RIVERSIDE,MORENO VALLEY,-117.12187957763672,33.929203033447266
81446644,2021,2021-04-09,3300,2021-04-01,1705,5397,905A,4,5,4,3307,0,0,0,NA,0,095,CENTRAL AVE,CAMBERN AVE,30,W,N,A,-,N,NA,NA,NA,NA,NA,NA,NA,NA,NA,N,4,0,1,2,A,-,03,22350,NA,M,C,C,A,A,H,-,A,D,0,NA,NA,NA,NA,Y,Y,A,07,0,0,1,0,0,0,0,0,0,-,-,NA,NA,RIVERSIDE,LAKE ELSINORE,-117.33390808105467,33.695289611816406
81446650,2021,2021-04-09,3300,2021-03-20,2009,5397,801A,6,5,3,3343,0,0,0,NA,0,080,MISSION TRL,VINE ST,17,S,N,A,-,N,NA,NA,NA,NA,NA,NA,NA,NA,NA,N,4,0,1,2,A,-,03,22350,NA,N,C,C,A,A,H,-,C,D,0,NA,NA,NA,Y,Y,NA,F,26,0,0,1,0,0,0,0,0,0,-,-,33.63962936401367,-117.2910614013672,RIVERSIDE,WILDOMAR,-117.29097747802734,33.63962173461914
81446651,2021,2021-04-09,3300,2021-04-06,1356,4007,WI 80,2,5,3,3343,0,0,0,NA,0,080,BUNDY CANYON RD,I 15 NBON/R,0,NA,Y,A,-,N,NA,NA,NA,NA,NA,NA,NA,NA,NA,Y,4,0,1,1,A,-,03,22350,NA,N,E,J,A,A,H,-,A,A,0,NA,NA,NA,Y,Y,NA,F,77,0,0,1,0,0,0,0,0,0,-,-,33.627140045166016,-117.27223205566406,RIVERSIDE,WILDOMAR,-117.27320098876952,33.6269416809082
81447533,2021,2021-04-12,3300,2021-04-05,1820,N4187,916A,1,5,4,3312,0,0,0,NA,0,031,PERRIS BLVD,RAMONA EXPY,85,S,N,A,-,N,NA,NA,NA,NA,NA,NA,NA,NA,NA,N,3,0,1,3,A,-,03,22350,NA,N,C,C,A,A,H,-,B,A,0,NA,NA,NA,NA,Y,NA,A,07,0,1,0,0,0,0,0,0,0,-,-,33.84458923339844,-117.22599792480467,RIVERSIDE,PERRIS,-117.2261962890625,33.84424591064453
81448843,2021,2021-04-13,3300,2021-03-01,0811,N4883,001G,1,5,6,3345,0,0,0,NA,0,014,RIVERVIEW DR,42ND ST,18,E,N,A,-,N,NA,NA,NA,NA,NA,NA,NA,NA,NA,Y,4,0,2,2,A,-,12,21453,A,N,D,C,A,A,H,-,A,A,0,NA,NA,NA,NA,Y,NA,A,01,0,0,2,0,0,0,0,0,0,-,-,33.997249603271484,-117.41777801513672,RIVERSIDE,JURUPA VALLEY,-117.41756439208984,33.997222900390625
81456653,2021,2021-04-23,3300,2021-01-27,1658,3343,002Z,3,5,6,3345,0,0,0,NA,0,026,68TH ST,PATS RANCH RD,0,NA,Y,A,-,N,NA,NA,NA,NA,NA,NA,NA,NA,NA,Y,2,0,1,2,A,-,09,21803,A,N,D,C,A,A,H,-,A,A,0,NA,NA,Y,NA,Y,NA,A,01,1,0,0,0,0,0,0,0,1,-,-,33.964420318603516,-117.54630279541016,RIVERSIDE,JURUPA VALLEY,-117.54613494873048,33.96450424194336
81459852,2021,2021-04-28,3300,2021-04-23,2113,5632,916B,5,5,4,3312,0,0,0,NA,0,032,NUEVO RD,EL NIDO AVE,0,NA,Y,A,-,N,NA,NA,NA,NA,NA,NA,NA,NA,NA,N,4,0,1,2,A,-,01,23152,A,N,D,C,A,A,H,-,C,D,0,NA,NA,NA,NA,Y,Y,D,22,0,0,1,0,0,0,0,0,0,-,-,33.80112838745117,-117.19541931152344,RIVERSIDE,PERRIS,-117.1952896118164,33.80117416381836
81460985,2021,2021-04-29,3349,2021-03-18,2015,336,NA,4,5,5,3341,0,0,0,NA,0,001,HWY 74,BRIGGS RD,268,W,N,A,-,N,NA,NA,NA,NA,NA,NA,NA,NA,NA,Y,3,0,3,3,A,-,01,23152,A,F,C,C,A,A,D,-,D,A,0,NA,NA,NA,NA,Y,Y,D,22,0,2,1,0,0,0,0,0,0,-,-,NA,NA,RIVERSIDE,MENIFEE,-117.13739013671876,33.74317169189453
8146111,2016,2016-10-18,3311,2016-10-04,0811,15648,NA,2,5,4,3311,0,0,0,NA,0,006,RAMON RD,EL CIELO RD,35,W,N,A,-,N,NA,NA,NA,NA,NA,NA,NA,NA,NA,N,4,0,2,2,A,-,03,22350,NA,N,C,C,A,A,H,-,A,A,0,NA,NA,NA,NA,Y,NA,A,01,0,0,2,0,0,0,0,0,0,-,-,33.81594,-116.51065,RIVERSIDE,PALM SPRINGS,-116.51076476,33.8159
8146219,2016,2017-03-01,3300,2016-10-07,0744,N5539,9051,5,5,4,3307,0,0,0,NA,0,095,RIVERSIDE DR,COLLIER AV,100,S,N,A,-,Y,RIV,8,74,-,R,15.63,H,-,E,N,4,0,1,2,A,-,03,22350,NA,N,C,C,A,A,H,-,A,A,0,NA,NA,NA,NA,Y,NA,A,01,0,0,1,0,0,0,0,0,0,-,-,33.69506,-117.3462,RIVERSIDE,LAKE ELSINORE,-117.34656578,33.69478935
81463645,2021,2021-05-03,3311,2021-04-07,0935,15690,NA,3,5,4,3311,0,0,0,NA,0,006,PALM CANYON DRIVE E,FARRELL DRIVE,270,W,N,A,-,N,NA,NA,NA,NA,NA,NA,NA,NA,NA,Y,4,0,1,2,A,-,08,22100,A,N,D,C,A,A,H,-,A,A,0,NA,NA,NA,NA,Y,NA,A,01,0,0,1,0,0,0,0,0,0,-,-,33.80146026611328,-116.51938629150392,RIVERSIDE,PALM SPRINGS,-116.520263671875,33.80128860473633
81463765,2021,2021-05-03,3315,2021-04-25,1715,004321,7C,7,5,6,3315,0,0,0,NA,0,001,SIXTH ST,SMITH AV,0,NA,Y,A,-,N,NA,NA,NA,NA,NA,NA,NA,NA,NA,Y,4,0,1,2,A,-,12,21453,A,N,D,C,A,A,H,-,A,A,0,NA,NA,NA,NA,Y,NA,-,-,0,0,1,0,0,0,0,0,0,-,-,33.877689361572266,-117.59441375732422,RIVERSIDE,CORONA,-117.59440612792967,33.878395080566406
81465830,2020,2021-05-05,3315,2020-12-10,0139,11119,13D,4,5,6,3315,0,0,0,NA,0,003,RIMPAU AV,TABER ST,0,NA,Y,A,-,N,NA,NA,NA,NA,NA,NA,NA,NA,NA,Y,2,0,2,2,A,-,12,21453,A,N,D,C,A,A,H,-,C,A,0,NA,NA,NA,NA,Y,NA,A,01,2,0,0,0,0,0,0,0,0,-,-,33.8448486328125,-117.54306793212892,RIVERSIDE,CORONA,-117.5429916381836,33.84476852416992