CASE_ID,ACCIDENT_YEAR,PROC_DATE,JURIS,COLLISION_DATE,COLLISION_TIME,OFFICER_ID,REPORTING_DISTRICT,DAY_OF_WEEK,CHP_SHIFT,POPULATION,CNTY_CITY_LOC,SPECIAL_COND,BEAT_TYPE,CHP_BEAT_TYPE,CITY_DIVISION_LAPD,CHP_BEAT_CLASS,BEAT_NUMBER,PRIMARY_RD,SECONDARY_RD,DISTANCE,DIRECTION,INTERSECTION,WEATHER_1,WEATHER_2,STATE_HWY_IND,CALTRANS_COUNTY,CALTRANS_DISTRICT,STATE_ROUTE,ROUTE_SUFFIX,POSTMILE_PREFIX,POSTMILE,LOCATION_TYPE,RAMP_INTERSECTION,SIDE_OF_HWY,TOW_AWAY,COLLISION_SEVERITY,NUMBER_KILLED,NUMBER_INJURED,PARTY_COUNT,PRIMARY_COLL_FACTOR,PCF_CODE_OF_VIOL,PCF_VIOL_CATEGORY,PCF_VIOLATION,PCF_VIOL_SUBSECTION,HIT_AND_RUN,TYPE_OF_COLLISION,MVIW,PED_ACTION,ROAD_SURFACE,ROAD_COND_1,ROAD_COND_2,LIGHTING,CONTROL_DEVICE,CHP_ROAD_TYPE,PEDESTRIAN_ACCIDENT,BICYCLE_ACCIDENT,MOTORCYCLE_ACCIDENT,TRUCK_ACCIDENT,NOT_PRIVATE_PROPERTY,ALCOHOL_INVOLVED,STWD_VEHTYPE_AT_FAULT,CHP_VEHTYPE_AT_FAULT,COUNT_SEVERE_INJ,COUNT_VISIBLE_INJ,COUNT_COMPLAINT_PAIN,COUNT_PED_KILLED,COUNT_PED_INJURED,COUNT_BICYCLIST_KILLED,COUNT_BICYCLIST_INJURED,COUNT_MC_KILLED,COUNT_MC_INJURED,PRIMARY_RAMP,SECONDARY_RAMP,LATITUDE,LONGITUDE,COUNTY,CITY,POINT_X,POINT_Y
81529232,2021,2021-07-27,3300,2021-07-12,1050,N3642,011,1,5,4,3344,0,0,0,NA,0,062,LIMONITE AV,SCHOLAR WY,0,NA,Y,A,-,N,NA,NA,NA,NA,NA,NA,NA,NA,NA,N,4,0,2,2,A,-,12,21453,A,N,D,C,A,A,H,-,A,A,0,NA,NA,NA,NA,Y,NA,A,01,0,0,2,0,0,0,0,0,0,-,-,33.97542190551758,-117.56706237792967,RIVERSIDE,EASTVALE,-117.56707763671876,33.97529602050781
81529361,2021,2021-07-27,3315,2021-07-21,1758,004326,10A,3,5,6,3315,0,0,0,NA,0,002,PROMENADE AV,COLLETT AV (E),238,W,N,A,-,N,NA,NA,NA,NA,NA,NA,NA,NA,NA,N,4,0,1,3,A,-,03,22350,NA,N,C,C,A,A,H,-,A,A,0,NA,NA,NA,NA,Y,NA,A,01,0,0,1,0,0,0,0,0,0,-,-,33.889060974121094,-117.5258331298828,RIVERSIDE,CORONA,-117.5325164794922,33.887630462646484
81530223,2021,2021-07-28,3311,2021-07-01,0123,15920,NA,4,5,4,3311,0,0,0,NA,0,002,RACQUET CLUB ROAD,STARR ROAD,0,NA,Y,A,-,N,NA,NA,NA,NA,NA,NA,NA,NA,NA,Y,3,0,1,2,A,-,01,23152,A,N,B,E,A,A,H,-,C,D,0,NA,NA,NA,NA,Y,Y,A,01,0,1,0,0,0,0,0,0,0,-,-,33.85226821899414,-116.5417022705078,RIVERSIDE,PALM SPRINGS,-116.54163360595705,33.85212326049805
81531172,2021,2021-07-29,3300,2021-07-26,0025,3552,916A,1,5,4,3312,0,0,0,NA,0,031,RAMONA EXPRESSWAY,EVANS RD,0,NA,Y,B,-,N,NA,NA,NA,NA,NA,NA,NA,NA,NA,N,4,0,1,2,A,-,03,22350,NA,M,C,C,A,A,H,-,C,A,0,NA,NA,NA,NA,Y,NA,D,22,0,0,1,0,0,0,0,0,0,-,-,33.84431838989258,-117.2079620361328,RIVERSIDE,PERRIS,-117.208740234375,33.844642639160156
81533314,2021,2021-07-30,3342,2021-06-30,0745,1089,558,3,5,4,3342,0,0,0,NA,0,005,MURRIETA HOT SPRINGS RD,WHITEWOOD RD (E),376,E,N,A,-,N,NA,NA,NA,NA,NA,NA,NA,NA,NA,N,4,0,1,1,A,-,08,22107,NA,N,E,I,A,A,H,-,A,D,0,NA,NA,NA,NA,Y,NA,A,01,0,0,1,0,0,0,0,0,0,-,-,33.554298400878906,-117.16779327392578,RIVERSIDE,MURRIETA,-117.16693878173828,33.55436325073242
8153614,2016,2016-12-28,3300,2016-09-12,0737,2744,002T,1,5,6,3345,0,0,0,NA,0,024,HAVEN VIEW DR,CLAY ST,19,E,N,A,-,N,NA,NA,NA,NA,NA,NA,NA,NA,NA,N,4,0,1,2,A,-,08,22107,NA,N,D,G,A,A,H,-,A,D,0,NA,Y,NA,NA,Y,NA,A,01,0,0,1,0,0,0,1,0,0,-,-,33.9753,-117.46225,RIVERSIDE,JURUPA VALLEY,-117.46214751,33.9752
81541017,2021,2021-08-10,3315,2021-08-05,1649,11119,13C,4,5,6,3315,0,0,0,NA,0,003,FULLERTON AV,SANTANA WY,0,NA,Y,A,-,N,NA,NA,NA,NA,NA,NA,NA,NA,NA,Y,4,0,2,2,A,-,09,21802,A,N,D,C,A,A,H,-,A,A,0,NA,NA,NA,NA,Y,NA,A,07,0,0,2,0,0,0,0,0,0,-,-,NA,NA,RIVERSIDE,CORONA,-117.5523681640625,33.845184326171875
81541913,2021,2021-08-11,3300,2021-07-17,1544,5680,601 E,6,5,6,3394,0,0,0,NA,0,MV16,IRONWOOD AVE,LASSELLE ST,0,NA,Y,A,-,N,NA,NA,NA,NA,NA,NA,NA,NA,NA,Y,4,0,1,1,A,-,01,23152,B,N,E,I,A,A,H,-,A,D,0,NA,NA,NA,NA,Y,Y,A,01,0,0,1,0,0,0,0,0,0,-,-,33.946800231933594,-117.20897674560548,RIVERSIDE,MORENO VALLEY,-117.2089614868164,33.9466667175293
81541921,2021,2021-08-11,3300,2021-08-07,1120,N6224,603 C,6,5,6,3394,0,0,0,NA,0,MV36,CACTUS AVE,AGAVE ST,0,NA,Y,A,-,N,NA,NA,NA,NA,NA,NA,NA,NA,NA,Y,3,0,3,2,A,-,09,21802,A,N,D,C,A,A,H,-,A,D,0,NA,NA,NA,NA,Y,NA,A,01,0,1,2,0,0,0,0,0,0,-,-,33.90987014770508,-117.22252655029295,RIVERSIDE,MORENO VALLEY,-117.22240447998048,33.910057067871094
81542054,2021,2021-08-11,3300,2021-08-03,1007,5041,84D1,2,5,3,3305,0,0,0,NA,0,Y84,GRAPEFRUIT BL,AVENUE 48,0,NA,Y,A,-,N,NA,NA,NA,NA,NA,NA,NA,NA,NA,Y,3,0,2,2,A,-,12,21453,A,N,D,C,A,A,H,-,A,A,0,NA,NA,NA,NA,Y,NA,A,07,0,2,0,0,0,0,0,0,0,-,-,33.65711975097656,-116.1540069580078,RIVERSIDE,COACHELLA,-116.1907196044922,33.699310302734375
81542993,2021,2021-08-12,3300,2021-06-10,2156,5029,601 C,4,5,6,3394,0,0,0,NA,0,MV14,BOX SPRINGS RD,DOUGLASIS CT,0,NA,Y,A,-,N,NA,NA,NA,NA,NA,NA,NA,NA,NA,Y,3,0,1,2,A,-,01,23152,A,N,A,C,A,A,H,-,C,D,0,NA,NA,NA,NA,Y,Y,A,07,0,1,0,0,0,0,0,0,0,-,-,33.94649887084961,-117.29039764404295,RIVERSIDE,MORENO VALLEY,-117.2903289794922,33.94656753540039
81542999,2021,2021-08-12,3300,2021-08-09,1720,4867,601 C,1,5,6,3394,0,0,0,NA,0,MV14,PIGEON PASS RD,IRONWOOD AVE,100,N,N,A,-,N,NA,NA,NA,NA,NA,NA,NA,NA,NA,N,4,0,1,2,A,-,03,22350,NA,N,C,C,A,A,H,-,A,A,0,NA,NA,NA,NA,Y,NA,A,01,0,0,1,0,0,0,0,0,0,-,-,33.94660949707031,-117.26141357421876,RIVERSIDE,MORENO VALLEY,-117.26148986816406,33.94686508178711
81544029,2021,2021-08-13,3311,2021-07-10,1605,16210,NA,6,5,4,3311,0,0,0,NA,0,006,RAMON ROAD,KIRK DOUGLAS WAY,0,NA,Y,A,-,N,NA,NA,NA,NA,NA,NA,NA,NA,NA,Y,4,0,1,3,D,-,00,NA,NA,N,D,C,A,A,H,-,A,A,0,NA,NA,NA,NA,Y,NA,-,-,0,0,1,0,0,0,0,0,0,-,-,33.81589126586914,-116.4973602294922,RIVERSIDE,PALM SPRINGS,-116.49736785888672,33.81584548950195
81546300,2021,2021-08-17,3300,2021-08-07,0211,5672,916B,6,5,4,3312,0,0,0,NA,0,032,NUEVO RD,GATHER PL,0,NA,Y,A,-,N,NA,NA,NA,NA,NA,NA,NA,NA,NA,N,4,0,1,2,A,-,08,22100,5,F,D,C,A,A,H,-,C,D,0,NA,NA,Y,NA,Y,NA,-,99,0,0,1,0,0,0,0,0,1,-,-,33.80112075805664,-117.21961975097656,RIVERSIDE,PERRIS,-117.219559,33.801091
81546488,2021,2021-08-17,3315,2021-07-14,2348,004358,3C,3,5,6,3315,0,0,0,NA,0,002,RIMPAU AV,FORD ST,112,N,N,A,-,N,NA,NA,NA,NA,NA,NA,NA,NA,NA,Y,4,0,1,2,A,-,08,22107,NA,N,D,E,A,A,H,-,D,D,0,NA,NA,NA,NA,Y,NA,A,01,0,0,1,0,0,0,0,0,0,-,-,33.87141036987305,-117.55113220214844,RIVERSIDE,CORONA,-117.55150604248048,33.871639251708984
8154690,2016,2016-12-08,3306,2016-08-23,1723,132,INDIO,2,5,3,3306,0,0,0,NA,0,NA,PALM DR,DILLON,615,N,N,A,-,N,NA,NA,NA,NA,NA,NA,NA,NA,NA,N,3,0,1,2,A,-,03,22350,A,N,C,C,A,A,H,-,A,D,0,NA,NA,NA,Y,Y,NA,A,01,0,1,0,0,0,0,0,0,0,-,-,NA,NA,RIVERSIDE,DESERT HOT SPRINGS,-116.50173,33.92665313
81548779,2021,2021-08-19,3315,2021-08-13,1916,003152,6D,5,5,6,3315,0,0,0,NA,0,001,SIXTH ST,GRAND BL S (W),0,NA,Y,A,-,N,NA,NA,NA,NA,NA,NA,NA,NA,NA,Y,4,0,2,3,A,-,12,21453,A,N,D,C,A,A,H,-,B,A,0,NA,NA,NA,NA,Y,NA,A,01,0,0,2,0,0,0,0,0,0,-,-,NA,NA,RIVERSIDE,CORONA,-117.57400512695313,33.87620544433594
81549865,2021,2021-08-20,3300,2021-08-14,2311,4339,603 B,6,5,6,3394,0,0,0,NA,0,MV34,HEACOCK ST,CREEKSTONE DR,90,N,N,A,-,N,NA,NA,NA,NA,NA,NA,NA,NA,NA,N,4,0,1,2,A,-,01,23152,A,N,D,C,A,A,H,-,C,D,0,NA,NA,NA,NA,Y,Y,A,01,0,0,1,0,0,0,0,0,0,-,-,33.896610260009766,-117.24355316162108,RIVERSIDE,MORENO VALLEY,-117.24365234375,33.89683532714844
81552227,2021,2021-08-24,3300,2021-08-06,1814,5059,601 D,5,5,6,3394,0,0,0,NA,0,MV14,IRONWOOD AVE,GRAHAM ST,0,NA,Y,A,-,N,NA,NA,NA,NA,NA,NA,NA,NA,NA,N,2,0,1,2,A,-,12,21453,A,N,D,G,A,A,H,-,A,A,0,NA,Y,NA,NA,Y,NA,L,04,1,0,0,0,0,0,1,0,0,-,-,33.94655990600586,-117.2526626586914,RIVERSIDE,MORENO VALLEY,-117.25276184082033,33.94661331176758
81553331,2021,2021-08-25,3300,2021-06-25,1126,4201,905K,5,5,4,3307,0,0,0,NA,0,094,GUNNERSON ST,TURNBULL AVE,200,N,N,A,-,N,NA,NA,NA,NA,NA,NA,NA,NA,NA,N,2,0,1,1,A,-,03,22350,NA,N,E,I,A,A,H,-,A,D,0,NA,NA,NA,NA,Y,NA,A,01,1,0,0,0,0,0,0,0,0,-,-,33.69321060180664,-117.35867309570313,RIVERSIDE,LAKE ELSINORE,-117.35982513427734,33.69159698486328
81553539,2021,2021-08-25,3315,2021-08-24,1204,002504,11E,2,5,6,3315,0,0,0,NA,0,002,SAMPSON AV,BENJAMIN DR,0,NA,Y,A,-,N,NA,NA,NA,NA,NA,NA,NA,NA,NA,Y,4,0,1,2,A,-,09,21801,A,N,D,C,A,A,H,-,A,D,0,NA,NA,NA,NA,Y,NA,A,01,0,0,1,0,0,0,0,0,0,-,-,NA,NA,RIVERSIDE,CORONA,-117.50533294677734,33.8880500793457
81556545,2021,2021-08-27,3300,2021-08-04,0847,N4225,905C,3,5,4,3307,0,0,0,NA,0,090,RAILROAD CANYON RD,CANYON HILLS RD,54,W,N,A,-,N,NA,NA,NA,NA,NA,NA,NA,NA,NA,N,4,0,3,2,A,-,03,22350,NA,N,C,C,A,A,H,-,A,A,0,NA,NA,NA,NA,Y,NA,A,08,0,0,3,0,0,0,0,0,0,-,-,33.66958999633789,-117.26358032226563,RIVERSIDE,LAKE ELSINORE,-117.26403045654295,33.66825866699219
81556546,2021,2021-08-27,3300,2021-08-04,1648,5397,905B,3,5,4,3307,0,0,0,NA,0,090,SUMMERHILL DR,CANYON ESTATES DR,0,NA,Y,A,-,N,NA,NA,NA,NA,NA,NA,NA,NA,NA,N,3,0,1,2,A,-,12,21453,A,N,D,D,A,A,H,-,A,A,0,NA,NA,NA,NA,Y,NA,A,01,0,1,0,0,0,0,0,0,0,-,-,33.66753005981445,-117.29818725585938,RIVERSIDE,LAKE ELSINORE,-117.2985382080078,33.66621017456055
81557435,2021,2021-08-30,3300,2021-08-22,2130,3613,916B,7,5,4,3312,0,0,0,NA,0,032,NUEVO RD,I 215 SB ONRP,40,E,N,A,-,Y,NA,NA,NA,NA,NA,NA,NA,NA,NA,Y,4,0,1,2,A,-,01,23152,A,M,A,C,A,A,H,-,C,A,0,NA,NA,NA,NA,Y,Y,A,01,0,0,1,0,0,0,0,0,0,-,-,33.80290985107422,-117.23338317871094,RIVERSIDE,PERRIS,-117.23273468017578,33.80255126953125
81557506,2021,2021-08-30,3300,2021-08-25,1055,N5259,LA44,3,5,3,3392,0,0,0,NA,0,LA44,JEFFERSON ST,POMELO ST,23,N,N,A,-,N,NA,NA,NA,NA,NA,NA,NA,NA,NA,N,4,0,2,2,A,-,07,21658,A,N,D,C,A,A,H,-,A,A,0,NA,NA,NA,NA,Y,NA,A,01,0,0,2,0,0,0,0,0,0,-,-,33.68141174316406,-116.26879119873048,RIVERSIDE,LA QUINTA,-116.26879119873048,33.68141174316406
81557593,2021,2021-08-30,3300,2021-08-22,1541,3536,601 B,7,5,6,3394,0,0,0,NA,0,MV12,HEACOCK ST,LAKE SUMMIT DR,2703,N,N,A,-,N,NA,NA,NA,NA,NA,NA,NA,NA,NA,N,3,0,3,2,A,-,08,22107,NA,N,B,C,A,A,H,-,A,D,0,NA,NA,NA,NA,Y,NA,A,01,0,1,2,0,0,0,0,0,0,-,-,33.96828079223633,-117.24237823486328,RIVERSIDE,MORENO VALLEY,-117.23719787597656,33.973976135253906
81558941,2021,2021-08-31,3300,2021-08-23,2327,4050,602D2,1,5,6,3394,0,0,0,NA,0,MV26,MYERS AVE,INDIAN ST,171,W,N,A,-,N,NA,NA,NA,NA,NA,NA,NA,NA,NA,Y,4,0,1,2,A,-,03,22350,NA,N,C,E,A,A,H,-,D,D,0,NA,NA,NA,NA,Y,NA,A,01,0,0,1,0,0,0,0,0,0,-,-,33.933528900146484,-117.23489379882813,RIVERSIDE,MORENO VALLEY,-117.23560333251952,33.93362045288086
81559041,2021,2021-08-31,3349,2021-07-20,1130,410,NA,2,5,5,3341,0,0,0,NA,0,001,MENIFEE RD,CAMINO CRISTAL,484,S,N,A,-,N,NA,NA,NA,NA,NA,NA,NA,NA,NA,Y,2,0,1,3,A,-,03,22350,NA,N,B,C,A,A,H,-,A,D,0,NA,NA,NA,NA,Y,NA,A,01,1,0,0,0,0,0,0,0,0,-,-,33.68846893310547,-117.15274047851563,RIVERSIDE,MENIFEE,-117.15361785888672,33.68731689453125
81559052,2021,2021-08-31,3349,2021-07-25,1121,379,NA,7,5,5,3341,0,0,0,NA,0,NA,NEWPORT RD,CALLE POMPEII,0,NA,Y,A,-,N,NA,NA,NA,NA,NA,NA,NA,NA,NA,Y,4,0,1,2,A,-,04,21703,NA,N,C,C,A,A,H,-,A,A,0,NA,NA,NA,NA,Y,NA,A,01,0,0,1,0,0,0,0,0,0,-,-,NA,NA,RIVERSIDE,MENIFEE,-117.15877532958984,33.685001373291016
81561829,2021,2021-09-03,3300,2021-08-22,2500,N6519,NA,7,5,6,3394,0,0,0,NA,0,NA,PIGEON PASS RD,WESTERN RIDGE RD,18,S,N,A,-,N,NA,NA,NA,NA,NA,NA,NA,NA,NA,N,4,0,2,2,A,-,12,21453,A,N,A,C,A,A,H,-,A,D,0,NA,NA,NA,NA,Y,NA,D,22,0,0,2,0,0,0,0,0,0,-,-,33.956260681152344,-117.2604522705078,RIVERSIDE,MORENO VALLEY,-117.26087188720705,33.95611572265625
81571492,2021,2021-09-16,3300,2021-09-14,1253,4323,910O,2,5,5,3335,0,0,0,NA,0,064,SUNNY MEADOWS PARKWAY,SAN MARCO DRIVE,0,NA,Y,A,-,N,NA,NA,NA,NA,NA,NA,NA,NA,NA,Y,4,0,2,2,A,-,09,21804,A,N,D,C,A,A,H,-,A,A,0,NA,NA,NA,NA,Y,NA,A,01,0,0,2,0,0,0,0,0,0,-,-,NA,NA,RIVERSIDE,TEMECULA,-117.08901214599608,33.49604797363281
81572641,2021,2021-09-17,3306,2021-06-29,0349,659,3306,2,5,3,3306,0,0,0,NA,0,NA,TWO BUNCH PALMS TRL,CABOT RD,898,E,N,A,-,N,NA,NA,NA,NA,NA,NA,NA,NA,NA,Y,2,0,1,1,A,-,08,22107,NA,N,E,J,A,A,H,-,D,D,0,NA,NA,NA,NA,Y,Y,A,01,1,0,0,0,0,0,0,0,0,-,-,33.94675064086914,-116.52091217041016,RIVERSIDE,DESERT HOT SPRINGS,-116.51795196533205,33.946773529052734
81572824,2021,2021-09-17,3300,2021-09-15,0750,N5259,LA40,3,5,3,3392,0,0,0,NA,0,LA40,PALM ROYALE DR,FRED WARING DR,726,N,N,A,-,N,NA,NA,NA,NA,NA,NA,NA,NA,NA,Y,4,0,2,2,A,-,09,21801,A,N,D,C,A,A,H,-,A,A,0,NA,NA,NA,NA,Y,NA,A,07,0,0,2,0,0,0,0,0,0,-,-,33.72895812988281,-116.2986297607422,RIVERSIDE,LA QUINTA,-116.29881286621094,33.73098373413086
81572828,2021,2021-09-17,3342,2021-08-09,1317,898,561,1,5,4,3342,0,0,0,NA,0,005,MURRIETA HOT SPRINGS RD,ALTA MURRIETA DR,0,NA,Y,A,-,N,NA,NA,NA,NA,NA,NA,NA,NA,NA,Y,4,0,3,3,A,-,06,21755,NA,N,B,C,A,A,H,-,A,A,0,NA,NA,NA,Y,Y,NA,F,26,0,0,3,0,0,0,0,0,0,-,-,33.556400299072266,-117.17738342285156,RIVERSIDE,MURRIETA,-117.177490234375,33.55643844604492
81575028,2021,2021-09-21,3300,2021-09-16,1528,N6426,910C,4,5,5,3335,0,0,0,NA,0,063,LA SERENA WY,CHALON CT,0,NA,Y,A,-,N,NA,NA,NA,NA,NA,NA,NA,NA,NA,N,4,0,1,2,A,-,09,21801,A,N,D,C,A,A,H,-,A,D,0,NA,NA,NA,NA,Y,NA,A,01,0,0,1,0,0,0,0,0,0,-,-,33.52703094482422,-117.11013793945313,RIVERSIDE,TEMECULA,-117.11019897460938,33.52692413330078
81576105,2021,2021-09-22,3300,2021-09-02,2245,N4445,910T,4,5,5,3335,0,0,0,NA,0,070,REDHAWK PKY,VIA RIO TEMECULA RD,0,NA,Y,A,-,N,NA,NA,NA,NA,NA,NA,NA,NA,NA,Y,4,0,2,2,A,-,12,21453,A,N,D,C,A,A,H,-,C,A,0,NA,NA,NA,NA,Y,Y,D,22,0,0,2,0,0,0,0,0,0,-,-,33.478450775146484,-117.10030364990234,RIVERSIDE,TEMECULA,-117.10028839111328,33.47857666015625
81576107,2021,2021-09-22,3300,2021-09-07,1850,5228,910L,2,5,5,3335,0,0,0,NA,0,064,PAUBA RD,GREEN TREE RD,0,NA,Y,A,-,N,NA,NA,NA,NA,NA,NA,NA,NA,NA,Y,3,0,1,2,A,-,01,23153,F,N,A,C,A,A,H,-,B,D,0,NA,NA,NA,NA,Y,NA,D,22,0,1,0,0,0,0,0,0,0,-,-,33.50210952758789,-117.10328674316406,RIVERSIDE,TEMECULA,-117.10334014892578,33.502410888671875
81578165,2021,2021-09-23,3308,2021-07-08,1359,10219,537,4,5,5,3308,0,0,0,NA,0,SOUTH,WHITTIER AVE,SAN JACINTO ST,0,NA,Y,-,-,N,NA,NA,NA,NA,NA,NA,NA,NA,NA,Y,4,0,1,4,A,-,09,21802,A,N,D,C,A,A,H,-,A,A,0,NA,NA,NA,NA,Y,NA,D,22,0,0,1,0,0,0,0,0,0,-,-,33.73664093017578,-116.95858001708984,RIVERSIDE,HEMET,-116.95856475830078,33.736717224121094
81578166,2021,2021-09-23,3308,2021-08-03,1756,10620,576,2,5,5,3308,0,0,0,NA,0,SOUTH,STATE ST,CHAMBERS ST,2175,S,N,A,-,N,NA,NA,NA,NA,NA,NA,NA,NA,NA,Y,3,0,2,2,A,-,09,21801,A,N,A,C,A,A,H,-,A,D,0,NA,NA,NA,NA,Y,NA,A,07,0,2,0,0,0,0,0,0,0,-,-,33.72206115722656,-116.97160339355467,RIVERSIDE,HEMET,-116.9714584350586,33.716094970703125
81578167,2021,2021-09-23,3308,2021-08-03,2034,10620,516,2,5,5,3308,0,0,0,NA,0,NORTH,GILBERT ST,LATHAM AVE,0,NA,Y,A,-,N,NA,NA,NA,NA,NA,NA,NA,NA,NA,N,4,0,2,2,A,-,09,21802,A,N,D,C,A,A,H,-,C,A,0,NA,NA,NA,NA,Y,NA,A,01,0,0,2,0,0,0,0,0,0,-,-,NA,NA,RIVERSIDE,HEMET,-116.97604370117188,33.749332427978516
81578175,2021,2021-09-23,3308,2021-09-14,1016,10610,527,2,5,5,3308,0,0,0,NA,0,SOUTH,FLORIDA AVE,CARMALITA ST,0,NA,Y,A,-,Y,NA,NA,NA,NA,NA,NA,NA,NA,NA,Y,4,0,3,2,A,-,12,21453,A,N,D,C,A,A,H,-,A,A,0,NA,NA,NA,NA,Y,NA,A,07,0,0,3,0,0,0,0,0,0,-,-,33.745540618896484,-116.96604919433594,RIVERSIDE,HEMET,-116.96949768066406,33.74754333496094
81579700,2021,2021-09-27,3315,2021-09-25,1819,11119,8B,6,5,6,3315,0,0,0,NA,0,004,GREEN RIVER RD,PALISADES DR,210,W,N,A,-,N,NA,NA,NA,NA,NA,NA,NA,NA,NA,Y,4,0,1,2,A,-,01,23152,A,N,C,C,A,A,H,-,A,D,0,NA,NA,NA,NA,Y,Y,A,01,0,0,1,0,0,0,0,0,0,-,-,33.88093185424805,-117.64116668701172,RIVERSIDE,CORONA,-117.64173126220705,33.880977630615234
81582170,2021,2021-09-29,3306,2021-07-20,1425,749,NA,2,5,3,3306,0,0,0,NA,0,NA,DILLON RD,ATLANTIC AVE,277,W,N,A,-,N,NA,NA,NA,NA,NA,NA,NA,NA,NA,N,4,0,1,1,A,-,06,21750,NA,N,E,I,A,A,H,-,A,D,0,NA,NA,NA,NA,Y,NA,A,01,0,0,1,0,0,0,0,0,0,-,-,NA,NA,RIVERSIDE,DESERT HOT SPRINGS,-116.51978302001952,33.9249267578125
81582273,2021,2021-09-29,3315,2021-09-19,2013,11119,16F,7,5,6,3315,0,0,0,NA,0,003,TEMESCAL CANYON RD,PRONIO DR,29,S,N,A,-,N,NA,NA,NA,NA,NA,NA,NA,NA,NA,Y,3,0,1,1,A,-,01,23152,B,N,E,I,A,A,H,-,C,A,0,NA,NA,NA,NA,Y,Y,A,01,0,1,0,0,0,0,0,0,0,-,-,33.81673049926758,-117.50614166259766,RIVERSIDE,CORONA,-117.50618743896484,33.81663131713867
8158273,2016,2016-11-07,3306,2016-07-29,0247,134,NA,5,5,3,3306,0,0,0,NA,0,NA,PIERSON BL,CACTUS DR,473,E,N,A,-,N,NA,NA,NA,NA,NA,NA,NA,NA,NA,Y,2,0,2,1,A,-,08,22107,NA,N,E,I,A,A,H,-,C,D,0,NA,NA,NA,NA,Y,NA,A,07,1,1,0,0,0,0,0,0,0,-,-,NA,NA,RIVERSIDE,DESERT HOT SPRINGS,-116.50416654,33.96147
81585368,2021,2021-10-01,3300,2021-09-22,0837,3290,916A,3,5,4,3312,0,0,0,NA,0,031,RAMONA EXPRESSWAY,AVALON PY,0,NA,Y,A,-,N,NA,NA,NA,NA,NA,NA,NA,NA,NA,Y,4,0,2,3,A,-,12,21453,A,N,D,C,A,A,H,-,A,A,0,NA,NA,NA,NA,Y,NA,A,01,0,0,2,0,0,0,0,0,0,-,-,33.8443489074707,-117.19989776611328,RIVERSIDE,PERRIS,-117.20001220703124,33.84457015991211
81586460,2021,2021-10-04,3300,2021-09-15,1710,5059,602 E,3,5,6,3394,0,0,0,NA,0,MV28,STOCKBROOK RD,BAY AVE,256,N,N,A,-,N,NA,NA,NA,NA,NA,NA,NA,NA,NA,N,4,0,1,3,A,-,08,22107,NA,N,C,E,A,A,H,-,A,D,0,NA,NA,NA,NA,Y,NA,A,01,0,0,1,0,0,0,0,0,0,-,-,33.920921325683594,-117.21602630615234,RIVERSIDE,MORENO VALLEY,-117.21595001220705,33.921630859375
8158822,2016,2016-11-03,3300,2016-10-12,0725,4097,603C4,3,5,6,3394,0,0,0,NA,0,036,IRIS AV,PATATA WY,0,NA,Y,E,-,N,NA,NA,NA,NA,NA,NA,NA,NA,NA,N,3,0,1,2,A,-,05,21650,NA,N,H,G,A,A,H,-,A,D,0,NA,Y,NA,NA,Y,NA,L,04,0,1,0,0,0,0,1,0,0,-,-,33.88831,-117.21585,RIVERSIDE,MORENO VALLEY,-117.21538002,33.88838007
8158839,2016,2016-11-03,3315,2016-10-20,1658,001338,7A,4,5,6,3315,0,0,0,NA,0,001,SMITH AV,PLEASANT VIEW DR,0,NA,Y,A,-,N,NA,NA,NA,NA,NA,NA,NA,NA,NA,Y,4,0,1,2,A,-,09,21802,A,N,D,C,A,A,H,-,A,A,0,NA,NA,NA,NA,Y,NA,-,NA,0,0,1,0,0,0,0,0,0,-,-,NA,NA,RIVERSIDE,CORONA,-117.59414012,33.88029011
8158856,2016,2016-12-06,3313,2016-10-06,0901,1779,W,4,5,7,3313,0,0,0,NA,0,T49,ARLINGTON AV,RUTLAND AV N,0,NA,Y,A,-,N,NA,NA,NA,NA,NA,NA,NA,NA,NA,N,4,0,1,2,A,-,12,21453,A,N,D,C,A,A,H,-,A,A,0,NA,NA,NA,NA,Y,NA,-,-,0,0,1,0,0,0,0,0,0,-,-,33.94651,-117.46861,RIVERSIDE,RIVERSIDE,-117.46874009,33.94672005
8158944,2016,2016-11-03,3313,2016-10-19,1204,1686,W,3,5,7,3313,0,0,0,NA,0,T58,HOLE AV,TYLER ST,323,S,N,A,-,N,NA,NA,NA,NA,NA,NA,NA,NA,NA,N,4,0,2,2,A,-,09,21801,A,N,D,C,A,A,H,-,A,D,0,NA,NA,NA,NA,Y,NA,A,01,0,0,2,0,0,0,0,0,0,-,-,33.91539,-117.46427,RIVERSIDE,RIVERSIDE,-117.4630381,33.91504042
8158948,2016,2016-11-03,3313,2016-10-18,1613,1762,N,2,5,7,3313,0,0,0,NA,0,T44,UNIVERSITY AV,FAIRMOUNT BL,0,NA,Y,A,-,N,NA,NA,NA,NA,NA,NA,NA,NA,NA,Y,4,0,8,3,A,-,05,21650,NA,N,A,C,A,A,H,-,A,A,0,NA,NA,NA,NA,Y,NA,A,01,0,0,8,0,0,0,0,0,0,-,-,33.98306,-117.37702,RIVERSIDE,RIVERSIDE,-117.3769001,33.98301007