CASE_ID,ACCIDENT_YEAR,PROC_DATE,JURIS,COLLISION_DATE,COLLISION_TIME,OFFICER_ID,REPORTING_DISTRICT,DAY_OF_WEEK,CHP_SHIFT,POPULATION,CNTY_CITY_LOC,SPECIAL_COND,BEAT_TYPE,CHP_BEAT_TYPE,CITY_DIVISION_LAPD,CHP_BEAT_CLASS,BEAT_NUMBER,PRIMARY_RD,SECONDARY_RD,DISTANCE,DIRECTION,INTERSECTION,WEATHER_1,WEATHER_2,STATE_HWY_IND,CALTRANS_COUNTY,CALTRANS_DISTRICT,STATE_ROUTE,ROUTE_SUFFIX,POSTMILE_PREFIX,POSTMILE,LOCATION_TYPE,RAMP_INTERSECTION,SIDE_OF_HWY,TOW_AWAY,COLLISION_SEVERITY,NUMBER_KILLED,NUMBER_INJURED,PARTY_COUNT,PRIMARY_COLL_FACTOR,PCF_CODE_OF_VIOL,PCF_VIOL_CATEGORY,PCF_VIOLATION,PCF_VIOL_SUBSECTION,HIT_AND_RUN,TYPE_OF_COLLISION,MVIW,PED_ACTION,ROAD_SURFACE,ROAD_COND_1,ROAD_COND_2,LIGHTING,CONTROL_DEVICE,CHP_ROAD_TYPE,PEDESTRIAN_ACCIDENT,BICYCLE_ACCIDENT,MOTORCYCLE_ACCIDENT,TRUCK_ACCIDENT,NOT_PRIVATE_PROPERTY,ALCOHOL_INVOLVED,STWD_VEHTYPE_AT_FAULT,CHP_VEHTYPE_AT_FAULT,COUNT_SEVERE_INJ,COUNT_VISIBLE_INJ,COUNT_COMPLAINT_PAIN,COUNT_PED_KILLED,COUNT_PED_INJURED,COUNT_BICYCLIST_KILLED,COUNT_BICYCLIST_INJURED,COUNT_MC_KILLED,COUNT_MC_INJURED,PRIMARY_RAMP,SECONDARY_RAMP,LATITUDE,LONGITUDE,COUNTY,CITY,POINT_X,POINT_Y
81637670,2021,2021-11-30,3300,2021-11-23,1207,N6299,20C4,2,5,3,3317,0,0,0,NA,0,2S307,HWY 111,INDIAN TRAIL RD,395,W,N,A,-,N,NA,NA,NA,NA,NA,NA,NA,NA,NA,N,2,0,1,2,A,-,07,21658,A,F,B,G,A,A,H,-,A,D,0,NA,Y,NA,NA,Y,NA,-,99,1,0,0,0,0,0,1,0,0,-,-,33.74504089355469,-116.41593170166016,RIVERSIDE,RANCHO MIRAGE,-116.41690826416016,33.745704650878906
81638883,2021,2021-12-01,3300,2021-06-23,0030,5426,602 A,3,5,6,3394,0,0,0,NA,0,MV22,FREDERICK ST,EUCALYPTUS AVE,0,NA,Y,A,-,N,NA,NA,NA,NA,NA,NA,NA,NA,NA,Y,3,0,1,1,C,-,18,NA,NA,N,E,I,A,A,H,-,C,A,0,NA,NA,NA,NA,Y,NA,-,-,0,1,0,0,0,0,0,0,0,-,-,33.93164825439453,-117.26123809814452,RIVERSIDE,MORENO VALLEY,-117.26140594482422,33.93150329589844
81638900,2021,2021-12-01,3300,2021-09-22,1353,N777,89A1,3,5,2,3316,0,0,0,NA,0,J376,HIGHWAY 111,VILLAGE CENTER DR.,194,E,N,A,-,Y,NA,NA,NA,NA,NA,NA,NA,NA,NA,Y,3,0,1,2,A,-,03,22350,NA,N,C,C,A,A,H,-,A,D,0,NA,NA,NA,NA,Y,NA,A,01,0,1,0,0,0,0,0,0,0,-,-,NA,NA,RIVERSIDE,INDIAN WELLS,-116.35826110839844,33.721370697021484
81641539,2021,2021-12-03,3300,2021-03-27,2107,5829,38F4,6,5,4,3318,0,0,0,NA,0,1T38,COUNTRY CLUB DR,PORTOLA AVE,1377,E,N,A,-,N,NA,NA,NA,NA,NA,NA,NA,NA,NA,Y,2,0,1,1,A,-,01,23152,A,N,E,I,A,A,H,-,C,D,0,NA,NA,NA,NA,Y,Y,B,07,1,0,0,0,0,0,0,0,0,-,-,33.75788879394531,-116.37384033203124,RIVERSIDE,PALM DESERT,-116.36921691894533,33.757930755615234
81641559,2021,2021-12-03,3300,2021-11-09,1025,N5073,30J2,2,5,4,3318,0,0,0,NA,0,2T390,HWY 111,HOSPITALITY ROW,72,E,N,A,-,N,NA,NA,NA,NA,NA,NA,NA,NA,NA,N,4,0,1,3,A,-,03,22350,NA,N,C,C,A,A,H,-,A,A,0,NA,NA,NA,NA,Y,NA,A,07,0,0,1,0,0,0,0,0,0,-,-,33.721290588378906,-116.36257934570313,RIVERSIDE,PALM DESERT,-116.3621063232422,33.72134017944336
81641671,2021,2021-12-03,3300,2021-11-28,2135,5937,920A,7,5,4,3314,0,0,0,NA,0,070,RAMONA BLVD,LYON AVE,13,S,N,A,-,N,NA,NA,NA,NA,NA,NA,NA,NA,NA,N,4,0,1,2,A,-,12,22450,A,N,D,C,A,A,H,-,C,A,0,NA,NA,NA,NA,Y,NA,-,-,0,0,1,0,0,0,0,0,0,-,-,NA,NA,RIVERSIDE,SAN JACINTO,-116.98822784423828,33.80802536010742
8164198,2016,2016-12-22,3300,2016-10-07,2015,5177,36P2,5,5,4,3318,0,0,0,NA,0,3T30,EL PASEO,RT 74,0,NA,Y,A,-,N,NA,NA,NA,NA,NA,NA,NA,NA,NA,Y,4,0,1,3,A,-,09,21453,C,N,A,C,A,A,H,-,C,A,0,NA,NA,NA,NA,Y,NA,A,01,0,0,1,0,0,0,0,0,0,-,-,NA,NA,RIVERSIDE,PALM DESERT,-116.390755,33.719759
8164266,2016,2016-12-22,3300,2016-10-16,0749,N1051,89A1,7,5,2,3316,0,0,0,NA,0,J304,RT 111,COOK ST,0,NA,Y,A,-,N,NA,NA,NA,NA,NA,NA,NA,NA,NA,N,4,0,1,2,A,-,09,21453,NA,N,D,C,A,A,H,-,A,A,0,NA,NA,NA,NA,Y,NA,A,01,0,0,1,0,0,0,0,0,0,-,-,NA,NA,RIVERSIDE,INDIAN WELLS,-116.35638005,33.72139002
81642777,2021,2021-12-06,3300,2021-11-19,1732,N6799,NA,5,5,4,3318,0,0,0,NA,0,NA,FRED WARING DR,WARNER TRL,647,E,N,A,-,N,NA,NA,NA,NA,NA,NA,NA,NA,NA,N,4,0,1,1,A,-,03,22350,NA,N,E,I,A,A,H,-,C,A,0,NA,NA,NA,NA,Y,NA,A,01,0,0,1,0,0,0,0,0,0,-,-,33.7288703918457,-116.31278228759766,RIVERSIDE,PALM DESERT,-116.3105010986328,33.72898864746094
8164292,2016,2016-11-10,3306,2016-09-18,0915,135,3306,7,5,3,3306,0,0,0,NA,0,NA,ATLANTIC AV,PIERSON BL,30,S,N,A,-,N,NA,NA,NA,NA,NA,NA,NA,NA,NA,Y,4,0,1,1,A,-,01,23152,E,N,E,I,A,A,H,-,A,D,0,NA,NA,NA,NA,Y,NA,D,22,0,0,1,0,0,0,0,0,0,-,-,NA,NA,RIVERSIDE,DESERT HOT SPRINGS,-116.51884086,33.9613779
81644778,2021,2021-12-07,3315,2021-11-07,0250,003362,6F,7,5,6,3315,0,0,0,NA,0,NA,OLIVE ST,VICENTIA AV,0,NA,N,A,-,N,NA,NA,NA,NA,NA,NA,NA,NA,NA,Y,4,0,1,2,A,-,07,21658,A,N,C,E,A,A,H,-,C,D,0,NA,NA,NA,NA,Y,NA,A,01,0,0,1,0,0,0,0,0,0,-,-,33.86886978149414,-117.57640075683594,RIVERSIDE,CORONA,-117.5764389038086,33.868900299072266
81644780,2021,2021-12-07,3315,2021-11-25,0417,004326,2B,4,5,6,3315,0,0,0,NA,0,001,MAIN ST,RINCON ST,123,N,N,A,-,N,NA,NA,NA,NA,NA,NA,NA,NA,NA,Y,4,0,1,1,A,-,01,23152,A,N,E,I,A,A,H,-,C,A,0,NA,NA,NA,NA,Y,Y,A,01,0,0,1,0,0,0,0,0,0,-,-,33.88663101196289,-117.5646514892578,RIVERSIDE,CORONA,-117.56468963623048,33.8869743347168
81646008,2021,2021-12-08,3342,2021-11-24,1940,175,649,3,5,4,3342,0,0,0,NA,0,006,MARGARITA RD,FORDHAM WAY,0,NA,Y,A,-,N,NA,NA,NA,NA,NA,NA,NA,NA,NA,N,4,0,1,2,A,-,12,21453,A,N,D,C,A,A,H,-,C,A,0,NA,NA,NA,NA,Y,NA,-,-,0,0,1,0,0,0,0,0,0,-,-,33.55276870727539,-117.15802001953124,RIVERSIDE,MURRIETA,-117.15777587890624,33.553611755371094
81647053,2021,2021-12-09,3300,2021-12-06,1813,4867,602 B,1,5,6,3394,0,0,0,NA,0,MV22,GATEWAY DR,DAY ST,357,E,N,B,-,N,NA,NA,NA,NA,NA,NA,NA,NA,NA,N,4,0,1,2,A,-,21,22106,NA,N,D,C,A,A,H,-,C,D,0,NA,NA,NA,NA,Y,NA,A,01,0,0,1,0,0,0,0,0,0,-,-,33.935081481933594,-117.27864837646484,RIVERSIDE,MORENO VALLEY,-117.27757263183594,33.93475341796875
81647077,2021,2021-12-09,3300,2021-02-09,0800,4363,24C7,2,5,3,3317,0,0,0,NA,0,MO829,BOB HOPE DR,RAMON RD,385,N,N,A,-,N,NA,NA,NA,NA,NA,NA,NA,NA,NA,N,4,0,2,2,A,-,03,22350,NA,N,C,C,A,A,H,-,A,A,0,NA,NA,NA,NA,Y,NA,A,01,0,0,2,0,0,0,0,0,0,-,-,33.81626892089844,-116.41055297851563,RIVERSIDE,RANCHO MIRAGE,-116.4106674194336,33.81744384765625
81647097,2021,2021-12-09,3300,2021-01-05,1714,4765,38H1,2,5,4,3318,0,0,0,NA,0,MO875,COUNTRY CLUB DR,COOK ST,0,NA,Y,A,-,N,NA,NA,NA,NA,NA,NA,NA,NA,NA,N,4,0,1,2,A,-,12,21453,A,N,A,C,A,A,H,-,C,A,0,NA,NA,NA,NA,Y,NA,D,22,0,0,1,0,0,0,0,0,0,-,-,33.75794982910156,-116.35637664794922,RIVERSIDE,PALM DESERT,-116.35633850097656,33.757999420166016
8164788,2016,2016-11-09,3300,2016-10-17,0700,3481,920A,1,5,4,3314,0,0,0,NA,0,070,WARREN RD,RAMONA EXPWY,1472,S,N,B,-,N,NA,NA,NA,NA,NA,NA,NA,NA,NA,Y,4,0,1,2,A,-,03,22350,NA,N,C,C,A,B,H,-,A,D,0,NA,NA,NA,NA,Y,NA,A,07,0,0,1,0,0,0,0,0,0,-,-,33.82356,-117.03346,RIVERSIDE,SAN JACINTO,-117.03368291,33.81942873
81648396,2021,2021-12-10,3300,2021-03-17,1300,5299,89B1,3,5,2,3316,0,0,0,NA,0,089,HWY 111,COOK ST,100,E,N,A,-,N,NA,NA,NA,NA,NA,NA,NA,NA,NA,N,4,0,1,2,A,-,21,22106,NA,N,C,C,A,A,H,-,A,A,0,NA,NA,NA,NA,Y,NA,A,01,0,0,1,0,0,0,0,0,0,-,-,33.721378326416016,-116.35630798339844,RIVERSIDE,INDIAN WELLS,-116.35605621337892,33.72138977050781
81648417,2021,2021-12-10,3300,2021-04-17,0035,5323,22F2,6,5,4,3318,0,0,0,NA,0,022,HWY 111,PETERSON RD,5,W,N,A,-,N,NA,NA,NA,NA,NA,NA,NA,NA,NA,N,4,0,2,3,A,-,01,23152,A,F,B,C,A,A,H,-,C,A,0,NA,NA,NA,NA,Y,Y,A,01,0,0,2,0,0,0,0,0,0,-,-,33.75986862182617,-116.43888092041016,RIVERSIDE,PALM DESERT,-116.43885040283205,33.75993728637695
81648509,2021,2021-12-10,3311,2021-10-27,1234,15951,NA,3,5,4,3311,0,0,0,NA,0,005,PALM CANYON DRIVE S,CAMINO PAROCELA,0,NA,Y,A,-,N,NA,NA,NA,NA,NA,NA,NA,NA,NA,N,4,0,1,2,A,-,08,22107,NA,N,B,C,A,A,H,-,A,A,0,NA,NA,NA,NA,Y,NA,A,07,0,0,1,0,0,0,0,0,0,-,-,33.81398010253906,-116.54546356201172,RIVERSIDE,PALM SPRINGS,-116.54562377929688,33.81399917602539
8165579,2016,2016-11-15,3300,2016-09-06,1425,5299,82B4,2,5,3,3305,0,0,0,NA,0,2Y82,HARRISON ST,AVE 54,20,S,N,A,-,N,NA,NA,NA,NA,NA,NA,NA,NA,NA,Y,4,0,2,2,A,-,09,21801,A,N,A,C,A,A,H,-,A,A,0,NA,NA,NA,NA,Y,NA,A,01,0,0,2,0,0,0,0,0,0,-,-,NA,NA,RIVERSIDE,COACHELLA,-116.18175834,33.65648531
8165624,2016,2016-11-16,3300,2016-10-26,1320,N4544,604B4,3,5,6,3394,0,0,0,NA,0,042,OLIVER ST,CACTUS AV,340,S,N,A,-,N,NA,NA,NA,NA,NA,NA,NA,NA,NA,Y,4,0,3,3,A,-,03,22350,NA,N,C,C,A,A,H,-,A,A,0,NA,NA,NA,NA,Y,NA,A,07,0,0,3,0,0,0,0,0,0,-,-,33.91003,-117.1829,RIVERSIDE,MORENO VALLEY,-117.18276682,33.90919887
81657034,2021,2021-12-21,3300,2021-11-07,0107,5398,910J,7,5,5,3335,0,0,0,NA,0,069,OLD TOWN FRONT ST,WESTERN BYPASS,1100,N,N,A,-,N,NA,NA,NA,NA,NA,NA,NA,NA,NA,N,3,0,1,2,A,-,01,23152,A,N,B,E,A,A,H,-,C,D,0,NA,NA,NA,NA,Y,Y,A,01,0,1,0,0,0,0,0,0,0,-,-,33.481590270996094,-117.1427764892578,RIVERSIDE,TEMECULA,-117.14373779296876,33.484336853027344
81657267,2021,2021-12-21,3315,2021-02-25,2129,003021,2B,4,5,6,3315,0,0,0,NA,0,002,PARKRIDGE AV,MAIN ST,476,E,N,A,-,N,NA,NA,NA,NA,NA,NA,NA,NA,NA,Y,1,1,0,2,A,-,11,21955,NA,F,G,B,E,A,H,-,C,D,0,Y,NA,NA,NA,Y,Y,N,60,0,0,0,1,0,0,0,0,0,-,-,33.89308166503906,-117.56356811523438,RIVERSIDE,CORONA,-117.56272888183594,33.89203643798828
8165749,2016,2016-11-15,3300,2016-10-25,0815,N2646,602B2,2,5,6,3394,0,0,0,NA,0,022,GATEWAY DR,DAY ST,125,E,N,A,-,N,NA,NA,NA,NA,NA,NA,NA,NA,NA,N,4,0,1,2,A,-,09,21804,A,N,D,C,A,A,H,-,A,A,0,NA,NA,NA,NA,Y,NA,A,01,0,0,1,0,0,0,0,0,0,-,-,33.93488,-117.27889,RIVERSIDE,MORENO VALLEY,-117.2783292,33.93478549
81658405,2021,2021-12-22,3315,2021-12-19,0953,004248,HSSA,7,5,6,3315,0,0,0,NA,0,003,FOOTHILL PY,RIMPAU AV,470,E,N,A,-,N,NA,NA,NA,NA,NA,NA,NA,NA,NA,Y,3,0,1,1,A,-,08,22107,NA,N,E,I,A,A,C,-,A,D,0,NA,NA,NA,Y,Y,NA,F,26,0,1,0,0,0,0,0,0,0,-,-,33.83481979370117,-117.5498504638672,RIVERSIDE,CORONA,-117.54843139648438,33.83407974243164
81660797,2021,2021-12-24,3300,2021-12-17,1641,4400,87B1,5,5,4,3318,0,0,0,NA,0,2O61,HWY 111,DESERT HORIZONS DR,812,E,N,A,-,N,NA,NA,NA,NA,NA,NA,NA,NA,NA,Y,4,0,1,2,A,-,03,22350,NA,N,C,C,A,A,H,-,C,D,0,NA,NA,NA,NA,Y,NA,A,01,0,0,1,0,0,0,0,0,0,-,-,33.72142028808594,-116.34754943847656,RIVERSIDE,PALM DESERT,-116.34497833251952,33.72150421142578
8166495,2016,2016-11-16,3300,2016-11-01,0620,4097,603A1,2,5,6,3394,0,0,0,NA,0,022,CACTUS AV,OLD 215 FRONTAGE RD,0,NA,Y,B,-,N,NA,NA,NA,NA,NA,NA,NA,NA,NA,Y,4,0,1,2,A,-,08,22107,NA,N,D,C,A,A,H,-,B,A,0,NA,NA,NA,NA,Y,NA,D,22,0,0,1,0,0,0,0,0,0,-,-,33.909440000000004,-117.27835,RIVERSIDE,MORENO VALLEY,-117.27824008,33.90942005
81665051,2021,2021-12-29,3300,2021-12-27,1547,5675,604 A,1,5,6,3394,0,0,0,NA,0,MV42,LASSELLE ST,ALESSANDRO BLVD,0,NA,Y,C,-,N,NA,NA,NA,NA,NA,NA,NA,NA,NA,Y,4,0,1,3,A,-,12,21453,A,N,D,C,A,B,H,-,A,A,0,NA,NA,NA,NA,Y,NA,A,01,0,0,1,0,0,0,0,0,0,-,-,33.917030334472656,-117.20893096923828,RIVERSIDE,MORENO VALLEY,-117.20893096923828,33.9173469543457
81666020,2021,2021-12-30,3300,2021-11-07,1655,5742,601 E,7,5,6,3394,0,0,0,NA,0,MV16,INDIAN ST,SUNDIAL WAY,0,NA,Y,A,-,N,NA,NA,NA,NA,NA,NA,NA,NA,NA,Y,4,0,1,2,A,-,09,21801,A,N,B,C,A,A,H,-,B,D,0,NA,NA,NA,NA,Y,NA,A,01,0,0,1,0,0,0,0,0,0,-,-,33.95423889160156,-117.23483276367188,RIVERSIDE,MORENO VALLEY,-117.23519897460938,33.95429992675781
81666116,2021,2021-12-30,3342,2021-11-15,0453,898,435,1,5,4,3342,0,0,0,NA,0,004,JEFFERSON AVE,GUAVA ST,972,N,N,A,-,N,NA,NA,NA,NA,NA,NA,NA,NA,NA,Y,1,1,0,2,A,-,11,21954,A,N,G,B,E,A,H,-,D,D,0,Y,NA,NA,Y,Y,NA,N,60,0,0,0,1,0,0,0,0,0,-,-,33.54515075683594,-117.19316864013672,RIVERSIDE,MURRIETA,-117.19523620605467,33.54715347290039
81667113,2021,2021-12-31,3349,2021-12-12,0528,380,NA,7,5,5,3341,0,0,0,NA,0,002,ANTELOPE RD,NEWPORT RD,0,NA,Y,A,-,N,NA,NA,NA,NA,NA,NA,NA,NA,NA,Y,4,0,3,2,A,-,01,23152,A,N,D,C,A,A,H,-,B,A,0,NA,NA,NA,NA,Y,Y,A,01,0,0,3,0,0,0,0,0,0,-,-,33.685218811035156,-117.1672134399414,RIVERSIDE,MENIFEE,-117.16722869873048,33.684967041015625
8166747,2016,2018-09-27,3300,2016-08-22,1921,4634,916A,1,5,4,3312,0,0,0,NA,0,031,RAMONA EXPWY,LAKE PERRIS DR,0,NA,Y,A,-,N,NA,NA,NA,NA,NA,NA,NA,NA,NA,Y,1,1,0,3,A,-,03,22350,NA,N,C,C,A,A,H,-,B,A,0,NA,NA,NA,NA,Y,NA,A,01,0,0,0,0,0,0,0,0,0,-,-,33.84448,-117.20406,RIVERSIDE,PERRIS,-117.20413006,33.84467009
81667867,2021,2022-01-03,3300,2021-07-13,0823,4765,34H2,2,5,4,3318,0,0,0,NA,0,MO875,WASHINGTON ST,AVENUE OF THE STATES,0,NA,Y,A,-,N,NA,NA,NA,NA,NA,NA,NA,NA,NA,Y,4,0,2,2,A,-,17,21451,A,N,D,C,A,A,H,-,A,A,0,NA,NA,NA,NA,Y,NA,A,07,0,0,2,0,0,0,0,0,0,-,-,33.74060821533203,-116.30384826660156,RIVERSIDE,PALM DESERT,-116.30392456054688,33.74056625366211
81669356,2021,2022-01-04,3300,2021-12-25,2221,4808,920A,6,5,4,3314,0,0,0,NA,0,070,SANDERSON AVE,COTTONWOOD AVE,980,N,N,C,-,N,NA,NA,NA,NA,NA,NA,NA,NA,NA,Y,4,0,1,2,A,-,01,23152,B,N,C,C,A,B,H,-,D,D,0,NA,NA,NA,NA,Y,Y,A,01,0,0,1,0,0,0,0,0,0,-,-,33.7872200012207,-117.00684356689452,RIVERSIDE,SAN JACINTO,-117.00676727294922,33.78731155395508
8167101,2017,2019-04-08,3315,2017-04-15,2307,1073,1D,6,5,6,3315,0,0,0,NA,0,NA,RIVER RD,COTA ST,73,E,N,A,-,N,NA,NA,NA,NA,NA,NA,NA,NA,NA,Y,1,1,0,1,A,-,01,23152,A,N,E,I,A,A,H,-,C,A,0,NA,NA,Y,NA,Y,Y,C,02,0,0,0,0,0,0,0,1,0,-,-,33.89252,-117.56844,RIVERSIDE,CORONA,-117.56838972,33.89220908
8167142,2017,2018-05-29,3313,2017-12-27,1733,1772,2,3,5,7,3313,0,0,0,NA,0,T45,CHICAGO AV,PRINCE ALBERT DR,416,N,N,A,-,N,NA,NA,NA,NA,NA,NA,NA,NA,NA,Y,1,1,1,2,A,-,08,22103,NA,N,D,C,A,A,H,-,C,A,0,NA,NA,Y,NA,Y,NA,A,07,0,0,1,0,0,0,0,1,0,-,-,33.96201,-117.34855,RIVERSIDE,RIVERSIDE,-117.34848,33.96323933
81671647,2020,2022-01-06,3300,2020-12-18,1224,4765,87E1,5,5,2,3316,0,0,0,NA,0,MO875,HWY 111,INDIAN WELLS LN,200,E,N,A,-,Y,NA,NA,NA,NA,NA,NA,NA,NA,NA,Y,4,0,1,3,A,-,03,22350,NA,N,C,C,A,A,H,-,A,A,0,NA,NA,NA,NA,Y,NA,A,01,0,0,1,0,0,0,0,0,0,-,-,33.72140884399414,-116.33026885986328,RIVERSIDE,INDIAN WELLS,-116.32940673828124,33.721580505371094
81671668,2020,2022-01-06,3300,2020-12-17,0813,4765,30B3,4,5,4,3318,0,0,0,NA,0,MO875,HWY 111,EL PASEO (E),22,N,N,B,-,Y,NA,NA,NA,NA,NA,NA,NA,NA,NA,N,3,0,1,2,A,-,12,21453,A,N,D,C,A,A,H,-,A,A,0,NA,NA,NA,NA,Y,NA,A,01,0,1,0,0,0,0,0,0,0,-,-,33.72126007080078,-116.37100982666016,RIVERSIDE,PALM DESERT,-116.39876556396484,33.72308349609375
81671675,2021,2022-01-06,3300,2021-05-06,1333,4765,34C3,4,5,4,3318,0,0,0,NA,0,MO875,COUNTRY CLUB DR,HARRIS LN,0,NA,Y,A,-,N,NA,NA,NA,NA,NA,NA,NA,NA,NA,N,4,0,1,2,A,-,03,22350,NA,N,C,C,A,A,H,-,A,A,0,NA,NA,NA,NA,Y,NA,A,01,0,0,1,0,0,0,0,0,0,-,-,33.75817108154297,-116.30558776855467,RIVERSIDE,PALM DESERT,-116.3056182861328,33.758155822753906
8167254,2018,2020-05-26,3300,2018-05-31,2047,3552,916A,4,5,4,3312,0,0,0,NA,0,031,RAMONA EXPWY,RAMONA XING,0,NA,Y,A,-,N,NA,NA,NA,NA,NA,NA,NA,NA,NA,Y,1,1,0,2,A,-,11,21954,A,N,G,B,D,A,H,-,C,A,0,Y,NA,NA,NA,Y,Y,N,60,0,0,0,1,0,0,0,0,0,-,-,33.844581604003906,-117.22390747070313,RIVERSIDE,PERRIS,-117.2509994506836,33.84376907348633
8167585,2018,2018-06-12,3311,2018-04-24,1949,15642,NA,2,5,4,3311,0,0,0,NA,0,006,SOUTH SUNRISE WY,E BARISTO,594,S,N,A,-,N,NA,NA,NA,NA,NA,NA,NA,NA,NA,N,1,1,0,2,A,-,11,21954,A,N,G,B,D,A,H,-,C,D,0,Y,NA,NA,NA,Y,NA,N,60,0,0,0,1,0,0,0,0,0,-,-,NA,NA,RIVERSIDE,PALM SPRINGS,-116.52822113037108,33.81786346435547
81676054,2022,2022-01-12,3300,2022-01-05,0640,N3642,011,3,5,4,3344,0,0,0,NA,0,062,HAMNER AV,SWAN LAKE AV,3,W,N,A,-,N,NA,NA,NA,NA,NA,NA,NA,NA,NA,N,4,0,1,2,A,-,12,21453,A,N,D,G,A,A,H,-,B,A,0,NA,Y,NA,NA,Y,NA,L,04,0,0,1,0,0,0,1,0,0,-,-,33.9813117980957,-117.55774688720705,RIVERSIDE,EASTVALE,-117.5583724975586,33.9817008972168
81676973,2021,2022-01-13,3300,2021-12-28,1856,N6689,806 A,2,5,3,3343,0,0,0,NA,0,086,WILDOMAR TRAIL,DEPASQUALE RD,10,E,N,A,-,N,NA,NA,NA,NA,NA,NA,NA,NA,NA,N,4,0,1,2,A,-,08,22107,NA,N,B,C,A,A,H,-,C,D,0,NA,NA,NA,NA,Y,NA,A,01,0,0,1,0,0,0,0,0,0,-,-,NA,NA,RIVERSIDE,WILDOMAR,-117.24085998535156,33.59999084472656
81676974,2022,2022-01-13,3300,2022-01-11,0732,4007,805-B,2,5,3,3343,0,0,0,NA,0,085,GRAND AVE,WELLS PL,0,NA,Y,A,-,N,NA,NA,NA,NA,NA,NA,NA,NA,NA,Y,4,0,1,2,A,-,09,21801,A,N,D,C,A,A,H,-,A,A,0,NA,NA,NA,NA,Y,NA,A,01,0,0,1,0,0,0,0,0,0,-,-,33.614009857177734,-117.30455780029295,RIVERSIDE,WILDOMAR,-117.30433654785156,33.614044189453125
81677890,2021,2022-01-14,3300,2021-08-11,0735,N6224,603 C,3,5,6,3394,0,0,0,NA,0,MV36,LASSELLE ST,DELPHINIUM AVE,0,NA,Y,A,-,N,NA,NA,NA,NA,NA,NA,NA,NA,NA,Y,4,0,1,3,A,-,09,21801,A,N,D,C,A,A,H,-,A,D,0,NA,NA,NA,NA,Y,NA,A,01,0,0,1,0,0,0,0,0,0,-,-,33.906150817871094,-117.20903778076172,RIVERSIDE,MORENO VALLEY,-117.2089614868164,33.90642166137695
81677914,2021,2022-01-14,3300,2021-12-26,1539,5675,603 C,7,5,6,3394,0,0,0,NA,0,MV36,PERRIS BLVD,BRODIAEA AVE,135,S,N,A,-,N,NA,NA,NA,NA,NA,NA,NA,NA,NA,Y,3,0,4,3,A,-,01,23152,A,N,C,C,A,A,H,-,A,A,0,NA,NA,NA,NA,Y,Y,D,22,0,2,2,0,0,0,0,0,0,-,-,33.94356155395508,-117.22641754150392,RIVERSIDE,MORENO VALLEY,-117.22633361816406,33.91324996948242
81678822,2021,2022-01-17,3300,2021-12-15,1928,5680,604 D,3,5,6,3394,0,0,0,NA,0,MV46,REDLANDS BLVD,SH-60 E/B ON/OFF RAMP,4,S,N,A,-,N,NA,NA,NA,NA,NA,NA,NA,NA,NA,N,4,0,1,3,A,-,06,21755,A,N,B,C,A,A,H,-,C,A,0,NA,NA,NA,NA,Y,NA,D,22,0,0,1,0,0,0,0,0,0,-,-,33.93693923950195,-117.15682220458984,RIVERSIDE,MORENO VALLEY,-117.156755,33.937031
81679011,2021,2022-01-17,3308,2021-12-07,1552,10610,516,2,5,5,3308,0,0,0,NA,0,NORTH,PALM AVE,LATHAM AVE,0,NA,Y,A,-,N,NA,NA,NA,NA,NA,NA,NA,NA,NA,Y,4,0,1,2,A,-,09,21800,A,N,D,C,A,A,H,-,A,A,0,NA,NA,NA,NA,Y,NA,A,07,0,0,1,0,0,0,0,0,0,-,-,33.74932098388672,-116.98046112060548,RIVERSIDE,HEMET,-116.98040771484376,33.749263763427734
81680324,2022,2022-01-19,3300,2022-01-16,0752,6025,910L,7,5,5,3335,0,0,0,NA,0,064,RANCHO VISTA RD,MARGARITA RD,0,NA,Y,A,-,N,NA,NA,NA,NA,NA,NA,NA,NA,NA,Y,3,0,2,2,A,-,12,21453,A,N,D,C,A,A,H,-,A,A,0,NA,NA,NA,NA,Y,NA,A,01,0,1,1,0,0,0,0,0,0,-,-,33.501609802246094,-117.12027740478516,RIVERSIDE,TEMECULA,-117.12029266357422,33.50178146362305
81680366,2022,2022-01-19,3300,2022-01-02,1316,N7112,602 A,7,5,6,3394,0,0,0,NA,0,MV22,EUCALYPTUS AVE,LANCASTER LN,11,E,N,A,-,N,NA,NA,NA,NA,NA,NA,NA,NA,NA,Y,4,0,4,3,A,-,09,21802,A,N,D,D,A,A,H,-,A,A,0,NA,NA,NA,NA,Y,NA,A,01,0,0,4,0,0,0,0,0,0,-,-,33.93143081665039,-117.2847900390625,RIVERSIDE,MORENO VALLEY,-117.2847900390625,33.93136978149414
81681254,2021,2022-01-20,3300,2021-07-06,1458,5299,87B1,2,5,2,3316,0,0,0,NA,0,087,FRED WARING DR,ELDORADO DR,0,NA,Y,A,-,N,NA,NA,NA,NA,NA,NA,NA,NA,NA,Y,2,0,1,5,A,-,03,22350,NA,N,C,C,A,A,H,-,A,A,0,NA,NA,NA,NA,Y,NA,A,01,1,0,0,0,0,0,0,0,0,-,-,33.72890853881836,-116.3374481201172,RIVERSIDE,INDIAN WELLS,-116.33744049072266,33.72895050048828