CASE_ID,ACCIDENT_YEAR,PROC_DATE,JURIS,COLLISION_DATE,COLLISION_TIME,OFFICER_ID,REPORTING_DISTRICT,DAY_OF_WEEK,CHP_SHIFT,POPULATION,CNTY_CITY_LOC,SPECIAL_COND,BEAT_TYPE,CHP_BEAT_TYPE,CITY_DIVISION_LAPD,CHP_BEAT_CLASS,BEAT_NUMBER,PRIMARY_RD,SECONDARY_RD,DISTANCE,DIRECTION,INTERSECTION,WEATHER_1,WEATHER_2,STATE_HWY_IND,CALTRANS_COUNTY,CALTRANS_DISTRICT,STATE_ROUTE,ROUTE_SUFFIX,POSTMILE_PREFIX,POSTMILE,LOCATION_TYPE,RAMP_INTERSECTION,SIDE_OF_HWY,TOW_AWAY,COLLISION_SEVERITY,NUMBER_KILLED,NUMBER_INJURED,PARTY_COUNT,PRIMARY_COLL_FACTOR,PCF_CODE_OF_VIOL,PCF_VIOL_CATEGORY,PCF_VIOLATION,PCF_VIOL_SUBSECTION,HIT_AND_RUN,TYPE_OF_COLLISION,MVIW,PED_ACTION,ROAD_SURFACE,ROAD_COND_1,ROAD_COND_2,LIGHTING,CONTROL_DEVICE,CHP_ROAD_TYPE,PEDESTRIAN_ACCIDENT,BICYCLE_ACCIDENT,MOTORCYCLE_ACCIDENT,TRUCK_ACCIDENT,NOT_PRIVATE_PROPERTY,ALCOHOL_INVOLVED,STWD_VEHTYPE_AT_FAULT,CHP_VEHTYPE_AT_FAULT,COUNT_SEVERE_INJ,COUNT_VISIBLE_INJ,COUNT_COMPLAINT_PAIN,COUNT_PED_KILLED,COUNT_PED_INJURED,COUNT_BICYCLIST_KILLED,COUNT_BICYCLIST_INJURED,COUNT_MC_KILLED,COUNT_MC_INJURED,PRIMARY_RAMP,SECONDARY_RAMP,LATITUDE,LONGITUDE,COUNTY,CITY,POINT_X,POINT_Y
82222139,2023,2023-10-30,3300,2023-10-04,1857,4867,601 E,3,5,6,3394,0,0,0,NA,0,MV16,HEACOCK ST,IRONWOOD AVE,225,N,N,A,-,N,NA,NA,NA,NA,NA,NA,NA,NA,NA,Y,4,0,1,2,A,-,09,21804,A,N,D,C,A,A,H,-,C,D,0,NA,NA,NA,NA,Y,NA,A,07,0,0,1,0,0,0,0,0,0,-,-,33.94662094116211,-117.24388122558594,RIVERSIDE,MORENO VALLEY,-117.24395751953124,33.947242736816406
82222271,2023,2023-10-30,3313,2023-10-03,753,1389,5,2,5,7,3313,0,0,0,NA,0,T53,INDIANA AVE,WICKHAM DR,209,E,N,A,-,N,NA,NA,NA,NA,NA,NA,NA,NA,NA,N,4,0,2,3,A,-,03,22350,NA,N,C,C,A,A,H,-,A,D,0,NA,NA,NA,NA,Y,NA,A,01,0,0,2,0,0,0,0,0,0,-,-,33.89537048339844,-117.47412109375,RIVERSIDE,RIVERSIDE,-117.47359466552734,33.8958740234375
82222275,2023,2023-10-30,3313,2023-10-04,920,2171,5,3,5,7,3313,0,0,0,NA,0,T73,INDIANA AVE,GRANDE VISTA PKWY,125,W,N,A,-,N,NA,NA,NA,NA,NA,NA,NA,NA,NA,Y,2,0,1,2,A,-,00,23103,A,N,G,B,F,A,H,-,A,A,0,Y,NA,NA,NA,Y,NA,-,-,1,0,0,0,1,0,0,0,0,-,-,33.89788818359375,-117.47006225585938,RIVERSIDE,RIVERSIDE,-117.46961212158205,33.89808654785156
82222601,2023,2023-10-30,3300,2023-10-16,649,N6694,604 D,1,5,6,3394,0,0,0,NA,0,MV48,MORENO BEACH DR,BRODIAEA AVE,11,N,N,A,-,N,NA,NA,NA,NA,NA,NA,NA,NA,NA,N,4,0,1,2,A,-,03,22350,NA,N,C,C,A,A,H,-,A,D,0,NA,NA,Y,NA,Y,NA,A,01,0,0,1,0,0,0,0,0,1,-,-,33.91360092163086,-117.17407989501952,RIVERSIDE,MORENO VALLEY,-117.17411041259766,33.91374969482422
82223643,2023,2023-10-31,3300,2023-06-13,417,6172,C1,2,5,6,3345,0,0,0,NA,0,024,VAN BUREN BL,RUTILE ST,0,NA,Y,A,-,N,NA,NA,NA,NA,NA,NA,NA,NA,NA,N,3,0,1,3,A,-,09,21801,A,N,A,C,A,A,H,-,B,B,0,NA,NA,NA,NA,Y,NA,A,01,0,1,0,0,0,0,0,0,0,-,-,34.002620697021484,-117.49681091308594,RIVERSIDE,JURUPA VALLEY,-117.4977569580078,34.0036735534668
82223658,2023,2023-10-31,3300,2023-10-27,1215,4449,002R,5,5,6,3345,0,0,0,NA,0,024,BEACH ST,52ND ST,0,NA,Y,A,-,N,NA,NA,NA,NA,NA,NA,NA,NA,NA,Y,4,0,1,2,A,-,09,21804,A,N,D,C,A,A,H,-,A,A,0,NA,NA,NA,NA,Y,NA,A,01,0,0,1,0,0,0,0,0,0,-,-,33.99164962768555,-117.49411010742188,RIVERSIDE,JURUPA VALLEY,-117.49488067626952,33.99271011352539
82225148,2023,2023-11-01,3342,2023-10-20,1739,1429,329,5,5,4,3342,0,0,0,NA,0,003,BAXTER RD,WHITEWOOD RD,0,NA,Y,A,-,N,NA,NA,NA,NA,NA,NA,NA,NA,NA,N,4,0,1,2,A,-,03,22350,NA,F,C,C,A,A,H,-,A,A,0,NA,NA,NA,NA,Y,NA,A,01,0,0,1,0,0,0,0,0,0,-,-,33.61220932006836,-117.16246795654295,RIVERSIDE,MURRIETA,-117.16259765625,33.61222839355469
82226942,2023,2023-11-03,3300,2023-10-30,1533,N6297,910P,1,5,5,3335,0,0,0,NA,0,069,TEMECULA PKY,WABASH LN,0,NA,Y,A,-,N,NA,NA,NA,NA,NA,NA,NA,NA,NA,N,3,0,1,2,A,-,05,21650,1,N,D,G,A,A,H,-,A,A,0,NA,Y,NA,NA,Y,NA,L,04,0,1,0,0,0,0,1,0,0,-,-,33.47660827636719,-117.13336944580078,RIVERSIDE,TEMECULA,-117.1330108642578,33.476905822753906
82227121,2023,2023-11-03,3311,2023-10-10,1608,16344,NA,2,5,4,3311,0,0,0,NA,0,006,BARONA ROAD,PALM CANYON DRIVE E,282,S,N,A,-,N,NA,NA,NA,NA,NA,NA,NA,NA,NA,Y,3,0,2,2,A,-,09,21804,A,N,D,C,A,A,H,-,A,D,0,NA,NA,NA,NA,Y,NA,A,01,0,1,1,0,0,0,0,0,0,-,-,33.80146026611328,-116.51938629150392,RIVERSIDE,PALM SPRINGS,-116.51940155029295,33.800148010253906
82229542,2023,2023-11-07,3300,2023-10-25,1601,N8178,011 F,3,5,4,3344,0,0,0,NA,0,062,68TH ST,SCHOLAR WY,0,NA,Y,A,-,N,NA,NA,NA,NA,NA,NA,NA,NA,NA,Y,3,0,3,2,A,-,09,21804,A,N,A,C,A,A,H,-,A,A,0,NA,NA,NA,NA,Y,NA,A,01,0,3,0,0,0,0,0,0,0,-,-,33.96445846557617,-117.56697845458984,RIVERSIDE,EASTVALE,-117.56705474853516,33.9644775390625
82229709,2023,2023-11-07,3315,2023-10-28,2247,003146,1F,6,5,6,3315,0,0,0,NA,0,001,LINCOLN AV,RIVER RD,0,NA,Y,A,-,N,NA,NA,NA,NA,NA,NA,NA,NA,NA,Y,3,0,2,4,A,-,12,21453,A,N,D,C,A,A,H,-,C,A,0,NA,NA,NA,NA,Y,NA,A,01,0,1,1,0,0,0,0,0,0,-,-,33.898658752441406,-117.57436370849608,RIVERSIDE,CORONA,-117.57476806640624,33.8994255065918
82231657,2023,2023-11-09,3300,2023-10-29,1450,4867,602 D,7,5,6,3394,0,0,0,NA,0,MV26,INDIAN ST,ONEIDA ST,0,NA,Y,A,-,N,NA,NA,NA,NA,NA,NA,NA,NA,NA,Y,3,0,2,2,A,-,03,22350,NA,N,C,C,A,A,H,-,A,D,0,NA,NA,NA,NA,Y,NA,A,01,0,1,1,0,0,0,0,0,0,-,-,33.9258918762207,-117.23496246337892,RIVERSIDE,MORENO VALLEY,-117.23502349853516,33.92594909667969
82231725,2023,2023-11-09,3300,2023-09-26,1244,N4809,920A,2,5,4,3314,0,0,0,NA,0,070,STATE ST,IDYLLWILD DR,425,S,N,A,-,N,NA,NA,NA,NA,NA,NA,NA,NA,NA,Y,3,0,2,3,A,-,03,22350,NA,N,C,C,A,A,H,-,A,A,0,NA,NA,NA,NA,Y,NA,A,01,0,1,1,0,0,0,0,0,0,-,-,NA,NA,RIVERSIDE,SAN JACINTO,-116.97191619873048,33.798648834228516
82233059,2023,2023-11-13,3315,2023-10-12,1721,001642,1E,4,5,6,3315,0,0,0,NA,0,001,RINCON ST,AUBURNDALE ST,0,NA,Y,A,-,N,NA,NA,NA,NA,NA,NA,NA,NA,NA,Y,3,0,1,3,A,-,09,21802,A,N,D,C,A,A,H,-,A,A,0,NA,NA,NA,NA,Y,NA,D,22,0,1,0,0,0,0,0,0,0,-,-,NA,NA,RIVERSIDE,CORONA,-117.58695220947266,33.895511627197266
82233491,2023,2023-11-13,3315,2023-11-04,817,004358,3E,6,5,6,3315,0,0,0,NA,0,003,CALIFORNIA AV,OLD TEMESCAL RD,0,NA,Y,A,-,N,NA,NA,NA,NA,NA,NA,NA,NA,NA,Y,3,0,3,2,A,-,12,22450,A,N,D,C,A,A,H,-,A,A,0,NA,NA,NA,NA,Y,NA,A,01,0,3,0,0,0,0,0,0,0,-,-,33.85390090942383,-117.53900146484376,RIVERSIDE,CORONA,-117.53907012939452,33.853843688964844
82233766,2023,2023-11-13,3300,2023-09-18,1427,N5767,012E,1,5,4,3344,0,0,0,NA,0,064,ARCHIBALD AV,WIND RIVER RD,0,NA,Y,A,-,N,NA,NA,NA,NA,NA,NA,NA,NA,NA,N,4,0,1,2,D,-,00,NA,NA,N,A,C,A,A,H,-,A,A,0,NA,NA,NA,NA,Y,NA,-,-,0,0,1,0,0,0,0,0,0,-,-,33.937198638916016,-117.59314727783205,RIVERSIDE,EASTVALE,-117.59317016601563,33.93723678588867
82235093,2022,2023-11-14,3300,2022-08-31,1818,5888,002D,3,5,6,3345,0,0,0,NA,0,020,PEDLEY RD,BEN NEVIS BL,0,NA,Y,A,-,N,NA,NA,NA,NA,NA,NA,NA,NA,NA,Y,3,0,1,2,A,-,09,21801,A,N,B,C,A,A,H,-,C,D,0,NA,NA,NA,NA,Y,NA,A,01,0,1,0,0,0,0,0,0,0,-,-,34.01628875732422,-117.47843170166016,RIVERSIDE,JURUPA VALLEY,-117.47959136962892,34.01751708984375
82235103,2022,2023-11-14,3300,2022-09-30,1312,N6910,001H,5,5,6,3345,0,0,0,NA,0,014,JURUPA RD,MISSION BL,421,S,N,A,-,N,NA,NA,NA,NA,NA,NA,NA,NA,NA,N,4,0,1,2,A,-,09,21801,A,N,D,C,A,A,H,-,A,A,0,NA,NA,NA,NA,Y,NA,A,01,0,0,1,0,0,0,0,0,0,-,-,34.01020050048828,-117.43327331542967,RIVERSIDE,JURUPA VALLEY,-117.43462371826172,34.00975799560547
82235113,2022,2023-11-14,3300,2022-10-29,0315,5896,001,6,5,6,3345,0,0,0,NA,0,016,MISSION BL,PACKARD ST,92,W,N,A,-,N,NA,NA,NA,NA,NA,NA,NA,NA,NA,Y,4,0,3,1,A,-,01,23152,A,N,E,I,A,A,H,-,C,D,0,NA,NA,NA,NA,Y,Y,A,01,0,0,3,0,0,0,0,0,0,-,-,33.99617004394531,-117.40534210205078,RIVERSIDE,JURUPA VALLEY,-117.40548706054688,33.996212005615234
82236478,2022,2023-11-16,3349,2022-11-12,1936,488,NA,6,5,5,3341,0,0,0,NA,0,001,MENIFEE RD,MCCALL BLVD,0,NA,Y,A,-,N,NA,NA,NA,NA,NA,NA,NA,NA,NA,Y,3,0,1,2,A,-,01,23152,A,N,D,C,A,A,H,-,C,A,0,NA,NA,NA,NA,Y,Y,D,72,0,1,0,0,0,0,0,0,0,-,-,33.721500396728516,-117.15390777587892,RIVERSIDE,MENIFEE,-117.1540298461914,33.721435546875
82236489,2023,2023-11-15,3313,2023-09-15,811,2012,5,5,5,7,3313,0,0,0,NA,0,Z430,INDIANA AVE,FILLMORE ST,100,E,N,A,-,N,NA,NA,NA,NA,NA,NA,NA,NA,NA,N,3,0,1,2,A,-,10,21950,A,N,G,B,C,A,H,-,A,D,0,Y,NA,NA,NA,Y,NA,A,01,0,1,0,0,1,0,0,0,0,-,-,33.89289855957031,-117.47856903076172,RIVERSIDE,RIVERSIDE,-117.4782485961914,33.893184661865234
82239491,2023,2023-11-20,3300,2023-11-13,815,6427,910G,1,5,5,3335,0,0,0,NA,0,062,RANCHO CALIFORNIA RD,VIA LAS COLINAS,200,E,N,A,-,N,NA,NA,NA,NA,NA,NA,NA,NA,NA,N,4,0,1,2,A,-,03,22350,NA,N,C,C,A,A,H,-,A,D,0,NA,NA,NA,NA,Y,NA,A,01,0,0,1,0,0,0,0,0,0,-,-,33.50579833984375,-117.1440887451172,RIVERSIDE,TEMECULA,-117.14348602294922,33.50629425048828
82239539,2023,2023-11-20,3300,2023-09-01,1252,N7817,901C,5,5,4,3310,0,0,0,NA,0,051,BLUFF ST,RIVER RD,0,NA,Y,A,-,N,NA,NA,NA,NA,NA,NA,NA,NA,NA,Y,3,0,1,2,D,-,00,NA,NA,N,D,C,A,A,H,-,A,B,0,NA,NA,NA,NA,Y,NA,-,-,0,1,0,0,0,0,0,0,0,-,-,33.91962814331055,-117.59403228759766,RIVERSIDE,NORCO,-117.59391784667967,33.91954040527344
82239556,2023,2023-11-20,3300,2023-01-27,1939,3786,002V,5,5,6,3345,0,0,0,NA,0,026,MANN AV,HOLMES AV,0,NA,Y,A,-,N,NA,NA,NA,NA,NA,NA,NA,NA,NA,Y,3,0,2,2,A,-,12,22450,A,F,D,C,A,A,H,-,C,A,0,NA,NA,NA,NA,Y,NA,A,01,0,1,1,0,0,0,0,0,0,-,-,33.97249984741211,-117.52062225341795,RIVERSIDE,JURUPA VALLEY,-117.52114868164063,33.973297119140625
82239596,2023,2023-11-20,3300,2023-06-01,1632,6179,002Z1,4,5,6,3345,0,0,0,NA,0,026,PATS RANCH RD,MALL ENTRANCE,0,NA,Y,B,-,N,NA,NA,NA,NA,NA,NA,NA,NA,NA,N,4,0,2,2,A,-,12,21453,A,N,D,C,A,A,H,-,A,A,0,NA,NA,NA,NA,Y,NA,D,82,0,0,2,0,0,0,0,0,0,-,-,33.97208023071289,-117.54483032226563,RIVERSIDE,JURUPA VALLEY,NA,NA
82239640,2023,2023-11-20,3300,2023-10-02,2202,4867,601 B,1,5,6,3394,0,0,0,NA,0,MV12,OLD LAKE DR,MEADOW LARK AVE,0,NA,Y,A,-,N,NA,NA,NA,NA,NA,NA,NA,NA,NA,Y,3,0,2,2,A,-,01,23152,A,N,D,C,A,A,H,-,C,D,0,NA,NA,NA,NA,Y,Y,A,01,0,2,0,0,0,0,0,0,0,-,-,33.96820068359375,-117.25727081298828,RIVERSIDE,MORENO VALLEY,-117.2573013305664,33.96812438964844
82241199,2023,2023-11-21,3300,2023-11-20,739,4323,910P,1,5,5,3335,0,0,0,NA,0,069,TEMECULA PKY,RT 15 SB ONRAMP,50,E,N,A,-,N,NA,NA,NA,NA,NA,NA,NA,NA,NA,N,4,0,1,2,A,-,03,22350,NA,M,C,C,A,A,H,-,A,A,0,NA,NA,NA,NA,Y,Y,A,07,0,0,1,0,0,0,0,0,0,-,-,33.48139190673828,-117.14195251464844,RIVERSIDE,TEMECULA,-117.14118957519533,33.480865478515625
82241202,2023,2023-11-21,3300,2023-11-01,1913,N8178,011 F,3,5,4,3344,0,0,0,NA,0,062,LIMONITE AV,SCHOLAR WY,0,NA,Y,A,-,N,NA,NA,NA,NA,NA,NA,NA,NA,NA,Y,3,0,1,2,A,-,12,21453,A,N,D,C,A,A,H,-,C,A,0,NA,NA,NA,NA,Y,NA,A,01,0,1,0,0,0,0,0,0,0,-,-,33.97502136230469,-117.56655120849608,RIVERSIDE,EASTVALE,-117.56707763671876,33.97529602050781
82241329,2023,2023-11-21,3300,2023-09-27,657,6277,Y82,3,5,3,3305,0,0,0,NA,0,Y82,52ND AV,LAS PALMAS ST,1,E,N,A,-,N,NA,NA,NA,NA,NA,NA,NA,NA,NA,N,4,0,1,2,A,-,11,21954,A,F,G,B,E,A,H,-,B,A,0,Y,NA,NA,NA,Y,NA,-,99,0,0,1,0,1,0,0,0,0,-,-,NA,NA,RIVERSIDE,COACHELLA,-116.17683410644533,33.67097854614258
82242288,2023,2023-11-22,3300,2023-09-17,2223,6292,602 B,7,5,6,3394,0,0,0,NA,0,MV26,PERRIS BLVD,SUNNYMEAD BLVD,57,N,N,A,-,N,NA,NA,NA,NA,NA,NA,NA,NA,NA,N,4,0,1,2,A,-,08,22107,NA,F,B,C,A,A,H,-,C,A,0,NA,NA,NA,NA,Y,NA,A,01,0,0,1,0,0,0,0,0,0,-,-,33.939090728759766,-117.22646331787108,RIVERSIDE,MORENO VALLEY,-117.22637939453124,33.93927764892578
82242292,2023,2023-11-23,3300,2023-10-08,149,6417,603 A,7,5,6,3394,0,0,0,NA,0,MV32,CACTUS AVE,GILBERT ST,0,NA,Y,A,-,N,NA,NA,NA,NA,NA,NA,NA,NA,NA,Y,3,0,1,2,A,-,01,23152,A,N,D,C,A,A,H,-,C,D,0,NA,NA,NA,NA,Y,Y,A,01,0,1,0,0,0,0,0,0,0,-,-,33.91019058227539,-117.24697875976563,RIVERSIDE,MORENO VALLEY,-117.2471923828125,33.91020965576172
82242295,2023,2023-11-22,3300,2023-10-24,1301,N6694,602 A,2,5,6,3394,0,0,0,NA,0,MV22,FREDERICK ST,TOWNGATE BLVD,129,N,N,A,-,N,NA,NA,NA,NA,NA,NA,NA,NA,NA,N,4,0,1,2,A,-,21,22106,NA,N,C,C,A,A,H,-,A,A,0,NA,NA,NA,NA,Y,NA,A,08,0,0,1,0,0,0,0,0,0,-,-,33.935279846191406,-117.26143646240234,RIVERSIDE,MORENO VALLEY,-117.26151275634766,33.935482025146484
82242412,2023,2023-11-22,3300,2023-10-07,710,6226,920A,6,5,4,3314,0,0,0,NA,0,070,RAMONA BLVD,YOUNG ST,0,NA,Y,A,-,N,NA,NA,NA,NA,NA,NA,NA,NA,NA,Y,2,0,1,2,A,-,00,23103,A,N,C,C,A,A,H,-,B,D,0,NA,NA,NA,NA,Y,NA,B,01,1,0,0,0,0,0,0,0,0,-,-,33.79779815673828,-116.97550964355467,RIVERSIDE,SAN JACINTO,-116.97570037841795,33.797752380371094
82242481,2023,2023-11-22,3315,2023-11-12,1200,004456,2B,7,5,6,3315,0,0,0,NA,0,002,MAIN ST,RIVER RD,0,NA,Y,A,-,N,NA,NA,NA,NA,NA,NA,NA,NA,NA,N,3,0,1,2,A,-,12,21453,A,N,C,C,A,A,H,-,A,A,0,NA,NA,NA,NA,Y,NA,A,01,0,1,0,0,0,0,0,0,0,-,-,33.88788986206055,-117.564453125,RIVERSIDE,CORONA,-117.56452178955078,33.88803482055664
82242482,2023,2023-11-22,3315,2023-11-20,1359,001642,3H,1,5,6,3315,0,0,0,NA,0,002,EL SOBRANTE RD,SIXTH ST,229,S,N,A,-,N,NA,NA,NA,NA,NA,NA,NA,NA,NA,N,3,0,2,2,A,-,08,22100,B,N,D,C,A,A,H,-,A,D,0,NA,NA,NA,NA,Y,NA,A,08,0,1,1,0,0,0,0,0,0,-,-,33.87321090698242,-117.5461196899414,RIVERSIDE,CORONA,-117.54615020751952,33.873695373535156
82243380,2023,2023-11-23,3311,2023-10-21,926,15945,NA,6,5,4,3311,0,0,0,NA,0,006,CROSSLEY ROAD,RAMON ROAD,774,E,N,A,-,N,NA,NA,NA,NA,NA,NA,NA,NA,NA,Y,3,0,1,2,A,-,09,21801,A,N,D,C,A,A,H,-,A,D,0,NA,NA,NA,NA,Y,NA,A,01,0,1,0,0,0,0,0,0,0,-,-,33.81584930419922,-116.48419189453124,RIVERSIDE,PALM SPRINGS,-116.48426818847656,33.815860748291016
82243990,2023,2023-11-27,3300,2023-11-22,1214,5059,603 C,3,5,6,3394,0,0,0,NA,0,MV36,PERRIS BLVD,BRODIAEA AVE,0,NA,Y,A,-,N,NA,NA,NA,NA,NA,NA,NA,NA,NA,Y,4,0,2,3,A,-,12,21453,A,N,D,D,A,A,H,-,A,A,0,NA,NA,NA,NA,Y,NA,A,07,0,0,2,0,0,0,0,0,0,-,-,33.91352081298828,-117.22637176513672,RIVERSIDE,MORENO VALLEY,-117.22633361816406,33.91361999511719
82244419,2023,2023-11-27,3308,2023-11-08,1155,10610,NA,3,5,5,3308,0,0,0,NA,0,SOUTH,FLORIDA AVE,SANDERSON AVE,32,W,N,A,-,Y,RIV,NA,74,NA,NA,38.485,H,NA,R,N,3,0,1,2,A,-,03,22350,NA,N,C,C,A,A,H,-,A,A,0,NA,NA,NA,NA,Y,NA,A,07,0,1,0,0,0,0,0,0,0,-,-,33.74739074707031,-117.00652313232422,RIVERSIDE,HEMET,-117.00652313232422,33.747371673583984
82244664,2023,2023-11-27,3300,2023-10-21,1842,3552,916A,6,5,4,3312,0,0,0,NA,0,031,EVANS RD,WHISPERING WOOD LN,0,NA,Y,A,-,N,NA,NA,NA,NA,NA,NA,NA,NA,NA,Y,1,1,1,2,A,-,12,22450,A,F,D,C,A,A,H,-,C,A,0,NA,NA,NA,NA,Y,NA,A,07,0,1,0,0,0,0,0,0,0,-,-,33.8394889831543,-117.2048568725586,RIVERSIDE,PERRIS,-117.2055206298828,33.839656829833984
82247223,2023,2023-11-29,3300,2023-11-12,958,N6910,002A,7,5,6,3345,0,0,0,NA,0,020,MISSION BL,RT 60 EB ONRAMP,0,NA,Y,A,-,N,NA,NA,NA,NA,NA,NA,NA,NA,NA,Y,4,0,1,2,A,-,12,21453,A,N,D,C,A,A,H,-,A,A,0,NA,NA,NA,NA,Y,NA,A,08,0,0,1,0,0,0,0,0,0,-,-,34.019771575927734,-117.50678253173828,RIVERSIDE,JURUPA VALLEY,-117.50666046142578,34.01872253417969
82247266,2023,2023-11-29,3300,2023-11-21,1154,N1673,38F4,2,5,4,3318,0,0,0,NA,0,T38,COUNTRY CLUB DR,PORTOLA AVE,305,E,N,A,-,N,NA,NA,NA,NA,NA,NA,NA,NA,NA,Y,3,0,2,2,A,-,05,21460,A,N,D,C,A,A,H,-,A,A,0,NA,NA,NA,NA,Y,NA,-,-,0,1,1,0,0,0,0,0,0,-,-,33.75788879394531,-116.37384033203124,RIVERSIDE,PALM DESERT,-116.37273406982422,33.757911682128906
82247453,2023,2024-03-28,3313,2023-08-29,1951,1222,NA,2,5,7,3313,0,0,0,NA,0,T76,ARLINGTON AVE,RUTLAND AVE,0,NA,Y,A,-,N,NA,NA,NA,NA,NA,NA,NA,NA,NA,Y,1,1,0,2,A,-,03,22350,NA,N,D,C,A,A,H,-,B,A,0,NA,NA,Y,NA,Y,NA,C,02,0,0,0,0,0,0,0,1,0,-,-,33.9463005065918,-117.46882629394533,RIVERSIDE,RIVERSIDE,-117.46873474121094,33.94650650024414
82250374,2023,2023-12-04,3308,2023-09-29,2018,10877,536,5,5,5,3308,0,0,0,NA,0,SOUTH,PALM AVE,PONDEROSA DR,78,N,N,A,-,N,NA,NA,NA,NA,NA,NA,NA,NA,NA,N,3,0,1,2,A,-,11,21954,A,N,G,B,E,A,H,-,C,D,0,Y,NA,NA,NA,Y,NA,N,60,0,1,0,0,1,0,0,0,0,-,-,33.738441467285156,-116.98029327392578,RIVERSIDE,HEMET,-116.98032379150392,33.73860549926758
82250415,2023,2023-12-04,3311,2023-11-12,1757,16482,NA,7,5,4,3311,0,0,0,NA,0,006,PALM CANYON DRIVE E,SUNRISE WAY,0,NA,Y,A,-,N,NA,NA,NA,NA,NA,NA,NA,NA,NA,N,4,0,1,2,A,-,07,21658,A,N,B,C,A,A,H,-,C,A,0,NA,NA,NA,NA,Y,NA,A,07,0,0,1,0,0,0,0,0,0,-,-,33.8013916015625,-116.52828979492188,RIVERSIDE,PALM SPRINGS,-116.52828216552734,33.80139923095703
82250650,2023,2023-12-04,3313,2023-10-17,930,1502,5,2,5,7,3313,0,0,0,NA,0,M14,TYLER ST,INDIANA AVE (N),0,NA,Y,A,-,N,NA,NA,NA,NA,NA,NA,NA,NA,NA,Y,4,0,1,2,A,-,12,21453,A,N,D,C,A,A,H,-,A,A,0,NA,NA,NA,NA,Y,NA,A,01,0,0,1,0,0,0,0,0,0,-,-,33.9051399230957,-117.45699310302734,RIVERSIDE,RIVERSIDE,-117.45623016357422,33.905662536621094
82251443,2023,2023-12-04,3313,2023-11-16,551,1798,1,4,5,7,3313,0,0,0,NA,0,M23,THIRD ST,MULBERRY ST,10,E,N,A,-,N,NA,NA,NA,NA,NA,NA,NA,NA,NA,N,4,0,1,2,A,-,11,21956,A,N,G,B,D,A,H,-,C,D,0,Y,NA,NA,NA,Y,NA,N,60,0,0,1,0,1,0,0,0,0,-,-,33.98324966430664,-117.36617279052734,RIVERSIDE,RIVERSIDE,-117.3667221069336,33.98470687866211
82253541,2023,2023-12-06,3300,2023-12-04,808,N1673,36P6,1,5,4,3318,0,0,0,NA,0,T36,FRED WARING DR,SAN PABLO AVE,189,E,N,B,-,N,NA,NA,NA,NA,NA,NA,NA,NA,NA,N,4,0,1,2,A,-,08,22107,NA,N,B,C,A,A,H,-,A,A,0,NA,NA,NA,NA,Y,NA,-,-,0,0,1,0,0,0,0,0,0,-,-,33.72882080078125,-116.38250732421876,RIVERSIDE,PALM DESERT,-116.38191223144533,33.72890090942383
82255645,2023,2023-12-07,3300,2023-12-01,1235,N7633,38D2,5,5,4,3318,0,0,0,NA,0,T38,COLLEGE DR,UNIVERSITY PARK DR (S),2,N,N,A,-,N,NA,NA,NA,NA,NA,NA,NA,NA,NA,N,3,0,1,2,A,-,09,21804,A,N,B,C,A,A,H,-,A,A,0,NA,NA,NA,NA,Y,NA,A,07,0,1,0,0,0,0,0,0,0,-,-,33.7771110534668,-116.35732269287108,RIVERSIDE,PALM DESERT,-116.36161041259766,33.781455993652344
82255873,2023,2023-12-07,3315,2023-12-04,1514,001642,10B,1,5,6,3315,0,0,0,NA,0,002,MCKINLEY ST,PROMENADE AV,625,N,N,A,-,N,NA,NA,NA,NA,NA,NA,NA,NA,NA,N,4,0,2,2,A,-,03,22350,NA,M,C,C,A,A,H,-,A,D,0,NA,NA,NA,NA,Y,NA,A,01,0,0,2,0,0,0,0,0,0,-,-,33.8897705078125,-117.52165222167967,RIVERSIDE,CORONA,-117.52310943603516,33.892642974853516
82257628,2023,2023-12-11,3300,2023-11-04,1420,N4654,910M,6,5,5,3335,0,0,0,NA,0,067,SANTIAGO RD,YNEZ RD,28,S,N,A,-,N,NA,NA,NA,NA,NA,NA,NA,NA,NA,N,4,0,1,2,A,-,03,22350,NA,N,C,C,A,A,H,-,A,A,0,NA,NA,NA,NA,Y,NA,D,22,0,0,1,0,0,0,0,0,0,-,-,33.48868942260742,-117.13803863525392,RIVERSIDE,TEMECULA,-117.13786315917967,33.488807678222656
82257805,2023,2023-12-11,3313,2023-11-22,1753,1499,4,3,5,7,3313,0,0,0,NA,0,M34,VAN BUREN BLVD,CENTRAL AVE,25,N,N,A,-,N,NA,NA,NA,NA,NA,NA,NA,NA,NA,Y,3,0,2,2,A,-,12,21453,A,N,D,C,A,A,H,-,C,A,0,NA,NA,NA,NA,Y,NA,A,01,0,1,1,0,0,0,0,0,0,-,-,NA,NA,RIVERSIDE,RIVERSIDE,-117.45709991455078,33.95550537109375
82258039,2023,2023-12-11,3313,2023-11-19,1515,2072,5,7,5,7,3313,0,0,0,NA,0,3R52,CHANNING DR,LA SIERRA AVE,0,NA,Y,A,-,N,NA,NA,NA,NA,NA,NA,NA,NA,NA,N,3,0,2,2,A,-,12,21453,A,N,D,D,A,A,H,-,A,A,0,NA,NA,NA,NA,Y,NA,A,07,0,2,0,0,0,0,0,0,0,-,-,33.9051513671875,-117.47857666015624,RIVERSIDE,RIVERSIDE,-117.47794342041016,33.90543746948242