CASE_ID,ACCIDENT_YEAR,PROC_DATE,JURIS,COLLISION_DATE,COLLISION_TIME,OFFICER_ID,REPORTING_DISTRICT,DAY_OF_WEEK,CHP_SHIFT,POPULATION,CNTY_CITY_LOC,SPECIAL_COND,BEAT_TYPE,CHP_BEAT_TYPE,CITY_DIVISION_LAPD,CHP_BEAT_CLASS,BEAT_NUMBER,PRIMARY_RD,SECONDARY_RD,DISTANCE,DIRECTION,INTERSECTION,WEATHER_1,WEATHER_2,STATE_HWY_IND,CALTRANS_COUNTY,CALTRANS_DISTRICT,STATE_ROUTE,ROUTE_SUFFIX,POSTMILE_PREFIX,POSTMILE,LOCATION_TYPE,RAMP_INTERSECTION,SIDE_OF_HWY,TOW_AWAY,COLLISION_SEVERITY,NUMBER_KILLED,NUMBER_INJURED,PARTY_COUNT,PRIMARY_COLL_FACTOR,PCF_CODE_OF_VIOL,PCF_VIOL_CATEGORY,PCF_VIOLATION,PCF_VIOL_SUBSECTION,HIT_AND_RUN,TYPE_OF_COLLISION,MVIW,PED_ACTION,ROAD_SURFACE,ROAD_COND_1,ROAD_COND_2,LIGHTING,CONTROL_DEVICE,CHP_ROAD_TYPE,PEDESTRIAN_ACCIDENT,BICYCLE_ACCIDENT,MOTORCYCLE_ACCIDENT,TRUCK_ACCIDENT,NOT_PRIVATE_PROPERTY,ALCOHOL_INVOLVED,STWD_VEHTYPE_AT_FAULT,CHP_VEHTYPE_AT_FAULT,COUNT_SEVERE_INJ,COUNT_VISIBLE_INJ,COUNT_COMPLAINT_PAIN,COUNT_PED_KILLED,COUNT_PED_INJURED,COUNT_BICYCLIST_KILLED,COUNT_BICYCLIST_INJURED,COUNT_MC_KILLED,COUNT_MC_INJURED,PRIMARY_RAMP,SECONDARY_RAMP,LATITUDE,LONGITUDE,COUNTY,CITY,POINT_X,POINT_Y
82435589,2024,2024-07-11,3300,2024-06-16,124,5779,NA,7,5,6,3394,0,0,0,NA,0,MV42,MORENO BEACH DR,AUTO MALL DR,516,S,N,A,-,N,NA,NA,NA,NA,NA,NA,NA,NA,NA,Y,3,0,1,4,A,-,01,23152,A,N,A,E,A,A,H,-,C,D,0,NA,NA,NA,NA,Y,NA,A,01,0,1,0,0,0,0,0,0,0,-,-,33.9332389831543,-117.17606353759766,RIVERSIDE,MORENO VALLEY,-117.17456817626952,33.932373046875
82438361,2024,2024-07-15,3313,2024-06-09,1715,2019,NA,7,5,7,3313,0,0,0,NA,0,3R14,JURUPA AVE,TOWER RD,150,E,N,A,-,N,NA,NA,NA,NA,NA,NA,NA,NA,NA,Y,3,0,3,3,A,-,01,23152,A,N,C,E,A,A,H,-,A,D,0,NA,NA,NA,NA,Y,Y,A,07,0,3,0,0,0,0,0,0,0,-,-,33.96141052246094,-117.40593719482422,RIVERSIDE,RIVERSIDE,-117.40531158447266,33.96127700805664
82443083,2024,2024-07-19,3300,2024-06-19,1152,N8226,NA,3,5,6,3345,0,0,0,NA,0,024,PEDLEY RD,LIMONITE AV (W),25,N,N,A,-,N,NA,NA,NA,NA,NA,NA,NA,NA,NA,N,3,0,1,2,A,-,08,22107,NA,F,C,C,A,A,H,-,A,A,0,NA,NA,NA,NA,Y,NA,-,99,0,1,0,0,0,0,0,0,0,-,-,33.97602844238281,-117.47396850585938,RIVERSIDE,JURUPA VALLEY,-117.47393035888672,33.975887298583984
82508483,2024,2024-07-23,3300,2024-07-16,1728,5199,NA,2,5,5,3335,0,0,0,NA,0,062,WINCHESTER RD,YNEZ RD,320,W,N,A,-,N,NA,NA,NA,NA,NA,NA,NA,NA,NA,Y,4,0,1,2,A,-,09,21804,A,N,D,C,A,A,H,-,A,D,0,NA,NA,NA,NA,Y,NA,A,07,0,0,1,0,0,0,0,0,0,-,-,33.52465057373047,-117.16008758544922,RIVERSIDE,TEMECULA,-117.16109466552734,33.524044036865234
82508532,2024,2024-07-23,3300,2024-06-21,2125,N7633,NA,5,5,4,3318,0,0,0,NA,0,T38,COUNTRY CLUB DR,DESERT FALLS PKWY,11190,W,N,A,-,N,NA,NA,NA,NA,NA,NA,NA,NA,NA,Y,2,0,1,1,A,-,01,23152,A,N,E,I,A,A,H,-,D,A,0,NA,NA,NA,NA,Y,Y,A,07,1,0,0,0,0,0,0,0,0,-,-,33.758060455322266,-116.3498764038086,RIVERSIDE,PALM DESERT,-116.38668060302734,33.75796127319336
82595732,2024,2024-07-24,3300,2024-07-21,1738,5486,NA,7,5,6,3394,0,0,0,NA,0,NA,SUNNYMEAD BLVD,HEACOCK ST,0,NA,Y,A,-,N,NA,NA,NA,NA,NA,NA,NA,NA,NA,N,4,0,2,2,A,-,03,22350,NA,N,C,C,A,A,H,-,A,A,0,NA,NA,NA,NA,Y,NA,A,01,0,0,2,0,0,0,0,0,0,-,-,33.939048767089844,-117.24353790283205,RIVERSIDE,MORENO VALLEY,-117.24378967285156,33.93905258178711
82700202,2024,2024-07-26,3313,2024-07-13,1331,2026,NA,6,5,7,3313,0,0,0,NA,0,2R55,MAGNOLIA AVE,ROOSEVELT ST (W),0,NA,Y,A,-,N,NA,NA,NA,NA,NA,NA,NA,NA,NA,N,4,0,1,2,A,-,03,22350,NA,N,C,C,A,A,H,-,A,A,0,NA,NA,NA,NA,Y,NA,A,01,0,0,1,0,0,0,0,0,0,-,-,33.91936111450195,-117.44851684570313,RIVERSIDE,RIVERSIDE,-117.44843292236328,33.91936111450195
82729786,2024,2024-07-26,3349,2024-04-20,1303,493,NA,6,5,5,3341,0,0,0,NA,0,001,NEWPORT RD,MENIFEE RD,355,W,N,A,-,Y,NA,NA,NA,NA,NA,NA,NA,NA,NA,N,2,0,1,2,A,-,03,22350,NA,N,C,C,A,A,H,-,A,A,0,NA,NA,NA,NA,Y,NA,A,01,1,0,0,0,0,0,0,0,0,-,-,NA,NA,RIVERSIDE,MENIFEE,-117.15497589111328,33.685001373291016
82729981,2024,2024-07-29,3349,2024-04-25,2139,488,NA,4,5,5,3341,0,0,0,NA,0,NA,NEWPORT RD,WINTER HAWK RD,513,E,N,A,-,N,NA,NA,NA,NA,NA,NA,NA,NA,NA,Y,2,0,1,2,A,-,09,21801,A,N,D,C,A,A,H,-,C,D,0,NA,NA,Y,NA,Y,NA,A,08,1,0,0,0,0,0,0,0,1,-,-,33.68505859375,-117.19303894042967,RIVERSIDE,MENIFEE,-117.19127655029295,33.68503189086914
82800111,2024,2024-07-29,3313,2024-07-04,2247,2040,NA,4,5,7,3313,0,0,0,NA,0,1R51,ARLINGTON AVE,TYLER ST,0,NA,Y,A,-,N,NA,NA,NA,NA,NA,NA,NA,NA,NA,Y,3,0,1,2,A,-,01,23152,B,N,A,C,A,A,H,-,C,A,0,NA,NA,NA,NA,Y,Y,A,01,0,1,0,0,0,0,0,0,0,-,-,33.946441650390625,-117.47750854492188,RIVERSIDE,RIVERSIDE,-117.47762298583984,33.94656753540039
8280670,2016,2017-01-12,3300,2016-11-16,2025,4571,602B7,3,5,6,3394,0,0,0,NA,0,022,ARBOR PARK LN,REDWOOD LN,0,NA,Y,A,-,N,NA,NA,NA,NA,NA,NA,NA,NA,NA,Y,3,0,1,1,A,-,01,23152,E,N,E,I,A,A,H,-,C,D,0,NA,NA,NA,NA,Y,NA,A,01,0,1,0,0,0,0,0,0,0,-,-,33.93068,-117.27448,RIVERSIDE,MORENO VALLEY,-117.27437007,33.93059011
8281226,2016,2017-05-03,3308,2016-10-01,1555,10620,517,6,5,5,3308,0,0,0,NA,0,NORTH,FLORIDA AV,BUENA VISTA ST,0,NA,Y,A,-,Y,RIV,8,74,-,-,40.837,I,5,W,Y,4,0,2,2,A,-,12,21453,A,N,D,C,A,A,H,-,A,A,0,NA,NA,NA,NA,Y,Y,D,22,0,0,2,0,0,0,0,0,0,-,-,NA,NA,RIVERSIDE,HEMET,-116.96736377,33.74763061
8281357,2016,2017-01-18,3313,2016-12-30,1428,1523,5,5,5,7,3313,0,0,0,NA,0,M22,TYLER ST,MAGNOLIA AV,765,N,N,B,-,N,NA,NA,NA,NA,NA,NA,NA,NA,NA,Y,4,0,1,2,A,-,09,21804,A,N,D,C,A,B,H,-,A,A,0,NA,NA,NA,NA,Y,NA,A,01,0,0,1,0,0,0,0,0,0,-,-,NA,NA,RIVERSIDE,RIVERSIDE,-117.46135293,33.91197865
8281842,2016,2017-01-19,3313,2016-12-30,2059,1772,4,5,5,7,3313,0,0,0,NA,0,T45,MARY ST,MARGUERITA AV,0,NA,Y,A,-,N,NA,NA,NA,NA,NA,NA,NA,NA,NA,Y,4,0,1,2,A,-,09,21802,A,N,D,C,A,A,H,-,C,A,0,NA,NA,NA,NA,Y,NA,A,01,0,0,1,0,0,0,0,0,0,-,-,33.93859,-117.39082,RIVERSIDE,RIVERSIDE,-117.39075009,33.93848004
8282588,2016,2017-01-19,3300,2016-12-30,1240,2403,920C,5,5,4,3314,0,0,0,NA,0,070,KIRBY ST,ESPLANADE AV,288,N,N,B,-,N,NA,NA,NA,NA,NA,NA,NA,NA,NA,Y,4,0,1,1,A,-,01,23152,E,N,E,I,A,A,H,-,A,D,0,NA,NA,NA,NA,Y,NA,A,01,0,0,1,0,0,0,0,0,0,-,-,33.77286,-116.99811,RIVERSIDE,SAN JACINTO,-116.9980134,33.77359872
8287227,2017,2017-01-24,3300,2017-01-09,0543,N2646,602C1,1,5,6,3394,0,0,0,NA,0,024,FREDERICK ST,SUNNYMEAD BL,0,NA,Y,C,-,N,NA,NA,NA,NA,NA,NA,NA,NA,NA,N,4,0,1,2,A,-,12,21453,A,N,D,C,A,B,H,-,C,A,0,NA,NA,NA,NA,Y,NA,A,07,0,0,1,0,0,0,0,0,0,-,-,33.93973,-117.26141,RIVERSIDE,MORENO VALLEY,-117.26146009,33.93970011
8287523,2016,2017-01-27,3300,2016-12-22,1052,1773,24C6,4,5,3,3317,0,0,0,NA,0,S24,MONTEREY AV,GERALD FORD DR,31,N,N,B,C,N,NA,NA,NA,NA,NA,NA,NA,NA,NA,Y,3,0,5,4,A,-,03,22350,NA,N,E,I,A,B,H,-,A,A,0,NA,NA,NA,Y,Y,NA,F,27,0,1,4,0,0,0,0,0,0,-,-,33.78711,-116.38814,RIVERSIDE,RANCHO MIRAGE,-116.38821146,33.78735482
8287595,2016,2017-01-31,3300,2016-11-30,2322,4571,602E4,3,5,6,3394,0,0,0,NA,0,026,ALESSANDRO BL,PERRIS BL,30,E,N,A,-,N,NA,NA,NA,NA,NA,NA,NA,NA,NA,Y,4,0,1,2,A,-,01,23152,A,N,A,D,A,A,H,-,A,A,0,NA,NA,NA,NA,Y,Y,A,01,0,0,1,0,0,0,0,0,0,-,-,33.69472,-117.2264,RIVERSIDE,MORENO VALLEY,-117.22624145,33.91736189
8290203,2017,2017-01-31,3302,2017-01-01,0745,727,MSJMC,7,5,3,3302,0,0,0,NA,0,001,MANZANITA PARK RD,SENECA SPRINGS PKWY,0,NA,Y,B,-,N,NA,NA,NA,NA,NA,NA,NA,NA,NA,Y,3,0,1,1,A,-,03,22350,NA,N,A,I,A,A,H,-,A,A,0,NA,NA,NA,NA,Y,Y,A,01,0,1,0,0,0,0,0,0,0,-,-,NA,NA,RIVERSIDE,BEAUMONT,-116.968401,33.913449
8291118,2017,2017-02-06,3300,2017-01-13,0555,4544,82B7,5,5,3,3305,0,0,0,NA,0,082,AVE 54,HARRISON ST,0,E,N,C,-,N,NA,NA,NA,NA,NA,NA,NA,NA,NA,N,3,0,1,2,B,-,22,NA,NA,N,G,B,F,B,-,-,A,D,0,Y,NA,NA,NA,Y,NA,I,09,0,1,0,0,1,0,0,0,0,-,-,NA,NA,RIVERSIDE,COACHELLA,-116.18176001,33.65654005
8291688,2016,2017-01-26,3300,2016-12-28,0320,3212,920A,3,5,4,3314,0,0,0,NA,0,070,RAMONA BL,WINDSONG LN,11,W,N,A,-,N,NA,NA,NA,NA,NA,NA,NA,NA,NA,Y,3,0,2,3,A,-,05,21650,NA,N,A,C,A,A,H,-,C,D,0,NA,NA,NA,NA,Y,NA,A,01,0,1,1,0,0,0,0,0,0,-,-,33.80419,-116.98349,RIVERSIDE,SAN JACINTO,-116.98354588,33.80423099
8292544,2017,2017-04-13,3300,2017-03-14,1320,4141,20C6,2,5,3,3317,0,0,0,NA,0,020,BOB HOPE DR,RT 111,414,N,N,A,-,N,NA,NA,NA,NA,NA,NA,NA,NA,NA,Y,4,0,1,1,A,-,08,22107,NA,N,E,I,A,A,H,-,A,D,0,NA,NA,NA,NA,Y,NA,A,07,0,0,1,0,0,0,0,0,0,-,-,33.73734,-116.40916,RIVERSIDE,RANCHO MIRAGE,-116.40828042,33.7380382
8292674,2016,2017-04-20,3302,2016-06-20,0028,1046,3302,1,5,3,3302,0,0,0,NA,0,003,BEAUMONT AV,11TH ST,190,N,N,A,-,N,NA,NA,NA,NA,NA,NA,NA,NA,NA,Y,3,0,1,3,A,-,03,22350,NA,N,C,E,A,A,H,-,C,D,0,NA,NA,NA,NA,Y,NA,A,01,0,1,0,0,0,0,0,0,0,-,-,NA,NA,RIVERSIDE,BEAUMONT,-116.97719169,33.93760032
8292716,2016,2017-04-14,3325,2016-12-26,1804,2724,3325,1,5,4,3325,0,0,0,NA,0,003,LANDAU BL,VISTA CHINO RD,0,NA,Y,A,-,N,NA,NA,NA,NA,NA,NA,NA,NA,NA,N,4,0,1,2,A,-,08,22107,NA,N,A,C,A,A,H,-,C,A,0,NA,NA,Y,NA,Y,NA,A,08,0,0,1,0,0,0,0,0,1,-,-,NA,NA,RIVERSIDE,CATHEDRAL CITY,-116.47587013,33.84493004
8292788,2017,2017-07-19,3300,2017-06-24,2305,4867,601D4,6,5,6,3394,0,0,0,NA,0,MV14,HEACOCK ST,GREGORY LN,125,S,N,A,-,N,NA,NA,NA,NA,NA,NA,NA,NA,NA,Y,4,0,1,1,A,-,08,22107,NA,N,E,I,A,A,H,-,C,D,0,NA,NA,NA,NA,Y,NA,A,01,0,0,1,0,0,0,0,0,0,-,-,33.95208,-117.24379,RIVERSIDE,MORENO VALLEY,-117.24396,33.95172757
8292811,2017,2017-04-18,3300,2017-04-01,1809,4713,910E,6,5,5,3335,0,0,0,NA,0,061,JEFFERSON AV,DEL RIO RD,798,N,N,A,-,N,NA,NA,NA,NA,NA,NA,NA,NA,NA,Y,3,0,1,1,C,-,18,NA,NA,N,F,J,A,A,H,-,A,D,0,NA,NA,Y,NA,Y,NA,-,-,0,1,0,0,0,0,0,0,1,-,-,NA,NA,RIVERSIDE,TEMECULA,-117.1542682,33.50539931
8293703,2016,2017-01-31,3313,2016-10-27,1809,1772,W,4,5,7,3313,0,0,0,NA,0,T45,INDIANA AV,BUCHANAN ST,0,NA,Y,A,-,N,NA,NA,NA,NA,NA,NA,NA,NA,NA,N,4,0,2,2,A,-,09,21800,A,N,D,C,A,A,H,-,C,B,0,NA,NA,NA,NA,Y,NA,A,07,0,0,2,0,0,0,0,0,0,-,-,33.88639,-117.49495,RIVERSIDE,RIVERSIDE,-117.49441007,33.88576011
8294087,2016,2017-01-31,3300,2016-12-17,1643,4234,910R1,6,5,5,3335,0,0,0,NA,0,062,MARGARITA RD,NORTH GENERAL KEARNY RD,0,NA,Y,A,-,N,NA,NA,NA,NA,NA,NA,NA,NA,NA,N,4,0,2,2,A,-,03,22350,NA,N,C,D,A,A,H,-,C,A,0,NA,NA,NA,NA,Y,NA,A,01,0,0,2,0,0,0,0,0,0,-,-,33.52528,-117.14891,RIVERSIDE,TEMECULA,-117.14909006,33.52534006
8296247,2017,2017-02-14,3315,2017-01-30,1430,001641,10C,1,5,6,3315,0,0,0,NA,0,NA,SAMPSON AV,DUPONT ST,450,W,N,A,-,N,NA,NA,NA,NA,NA,NA,NA,NA,NA,Y,4,0,1,2,B,-,22,NA,NA,N,D,C,A,A,H,-,A,D,0,NA,NA,NA,NA,Y,NA,A,01,0,0,1,0,0,0,0,0,0,-,-,NA,NA,RIVERSIDE,CORONA,-117.52018124,33.88284865
8297683,2017,2017-02-22,3300,2017-02-01,0855,N1673,36M4,3,5,4,3318,0,0,0,NA,0,T36,FRED WARING DR,COOK ST,476,E,N,A,-,N,NA,NA,NA,NA,NA,NA,NA,NA,NA,Y,4,0,1,2,A,-,03,22350,NA,N,C,C,A,A,H,-,A,B,0,NA,NA,NA,NA,Y,NA,D,22,0,0,1,0,0,0,0,0,0,-,-,NA,NA,RIVERSIDE,PALM DESERT,-116.3547314,33.72887
8298082,2016,2017-02-22,3313,2016-12-15,1736,1772,1,4,5,7,3313,0,0,0,NA,0,T45,MISSION INN AV,CEDAR ST,0,NA,Y,B,C,N,NA,NA,NA,NA,NA,NA,NA,NA,NA,Y,4,0,1,2,A,-,09,21800,A,N,D,C,A,B,H,-,C,A,0,NA,NA,NA,NA,Y,NA,D,22,0,0,1,0,0,0,0,0,0,-,-,33.98624,-117.38086,RIVERSIDE,RIVERSIDE,-117.38080013,33.98620004
8298126,2017,2017-02-15,3311,2017-02-07,1526,15842,NA,2,5,4,3311,0,0,0,NA,0,004,GENE AUTRY TR,VIA ESCUELA,1398,N,N,A,G,N,NA,NA,NA,NA,NA,NA,NA,NA,NA,Y,3,0,1,2,A,-,03,22350,NA,N,C,C,A,A,H,-,A,D,0,NA,NA,NA,NA,Y,NA,A,01,0,1,0,0,0,0,0,0,0,-,-,33.84836,-116.50579,RIVERSIDE,PALM SPRINGS,-116.50585451,33.852336
8298867,2016,2017-02-23,3300,2016-12-19,1252,N4883,001B,1,5,6,3345,0,0,0,NA,0,010,RUBIDOUX BL,30TH ST,20,N,N,A,-,N,NA,NA,NA,NA,NA,NA,NA,NA,NA,Y,4,0,2,2,A,-,12,21453,A,N,D,C,A,A,H,-,A,A,0,NA,NA,NA,NA,Y,NA,A,01,0,0,2,0,0,0,0,0,0,-,-,34.00528,-117.39975,RIVERSIDE,JURUPA VALLEY,-117.40074936,34.0042031
8299370,2017,2018-04-11,3313,2017-02-02,1006,1575,N,4,5,7,3313,0,0,0,NA,0,M12,BLAINE ST,RT 215,0,NA,Y,A,-,Y,RIV,8,215,-,-,42.019,R,4,N,Y,3,0,1,2,A,-,12,21453,A,N,D,C,A,A,H,-,A,A,0,NA,NA,NA,NA,Y,NA,D,22,0,1,0,0,0,0,0,0,0,-,NF,NA,NA,RIVERSIDE,RIVERSIDE,-117.3411392,33.98151265
8299443,2016,2017-02-22,3313,2016-12-24,0006,1703,4,6,5,7,3313,0,0,0,NA,0,1R41,VAN BUREN BL,RT 91,0,NA,Y,A,-,N,NA,NA,NA,NA,NA,NA,NA,NA,NA,Y,4,0,1,1,A,-,08,22107,NA,N,E,I,A,A,H,-,A,A,0,NA,NA,NA,NA,Y,NA,A,01,0,0,1,0,0,0,0,0,0,-,-,NA,NA,RIVERSIDE,RIVERSIDE,-117.44202,33.91483009
8299471,2016,2017-02-22,3313,2016-12-24,0217,1601,NORTH,6,5,7,3313,0,0,0,NA,0,1R17,MISSION INN AV,MARKET ST,340,E,N,B,-,N,NA,NA,NA,NA,NA,NA,NA,NA,NA,N,4,0,1,2,A,-,12,21453,A,F,G,B,C,B,H,-,C,A,0,Y,NA,NA,NA,Y,Y,A,01,0,0,1,0,1,0,0,0,0,-,-,33.98351,-117.37513,RIVERSIDE,RIVERSIDE,-117.3740512,33.98305953
8299981,2017,2017-03-01,3313,2017-01-14,1741,1769,4,6,5,7,3313,0,0,0,NA,0,1R42,DIAMOND ST,MADISON ST,10,E,N,A,-,N,NA,NA,NA,NA,NA,NA,NA,NA,NA,N,3,0,1,2,A,-,05,21202,A,N,H,G,A,A,H,-,C,D,0,NA,Y,NA,NA,Y,NA,L,04,0,1,0,0,0,0,1,0,0,-,-,33.93277,-117.40235,RIVERSIDE,RIVERSIDE,-117.40217608,33.93255879
8300015,2016,2017-02-02,3308,2016-10-18,2311,10530,517,2,5,5,3308,0,0,0,NA,0,NORTH,STATE ST,LATHAM AV,78,N,N,A,-,N,NA,NA,NA,NA,NA,NA,NA,NA,NA,Y,4,0,1,1,A,-,03,22350,NA,N,E,I,A,A,H,-,D,A,0,NA,NA,NA,NA,Y,NA,A,01,0,0,1,0,0,0,0,0,0,-,-,NA,NA,RIVERSIDE,HEMET,-116.97173,33.74956361
8300282,2017,2017-02-06,3311,2017-01-20,1147,15842,NA,5,5,4,3311,0,0,0,NA,0,004,RT 111,PARK VIEW DR,0,NA,Y,B,C,Y,NA,NA,111,NA,NA,NA,NA,NA,NA,Y,4,0,1,3,A,-,03,22350,NA,N,C,C,A,B,H,-,A,D,0,NA,NA,NA,NA,Y,NA,A,01,0,0,1,0,0,0,0,0,0,-,-,33.84494,-116.52164,RIVERSIDE,PALM SPRINGS,-116.52163954,33.84489175
8300495,2016,2017-02-07,3313,2016-10-29,1033,1845,C,6,5,7,3313,0,0,0,NA,0,B335,ARLINGTON AV,HILLSIDE AV,0,NA,Y,A,-,N,NA,NA,NA,NA,NA,NA,NA,NA,NA,N,4,0,1,2,A,-,03,22350,NA,M,C,C,A,A,H,-,A,A,0,NA,NA,NA,NA,Y,NA,A,01,0,0,1,0,0,0,0,0,0,-,-,33.94583,-117.43165,RIVERSIDE,RIVERSIDE,-117.43186,33.9459501
8300560,2016,2017-02-07,3300,2016-10-02,1625,4661,507D,7,5,5,3341,0,0,0,NA,0,057,NEWPORT RD,WESTLINK DR,0,NA,Y,A,-,N,NA,NA,NA,NA,NA,NA,NA,NA,NA,N,3,0,1,2,A,-,12,21453,A,N,D,C,A,A,H,-,A,A,0,NA,NA,NA,NA,Y,NA,A,01,0,1,0,0,0,0,0,0,0,-,-,33.68513,-117.16289,RIVERSIDE,MENIFEE,-117.16289001,33.68510008
8302499,2017,2017-02-22,3315,2017-01-27,1423,001874,7A,5,5,6,3315,0,0,0,NA,0,001,6TH ST,LINCOLN AV,180,E,N,A,-,N,NA,NA,NA,NA,NA,NA,NA,NA,NA,Y,3,0,1,5,A,-,03,22350,NA,N,C,C,A,A,H,-,A,A,0,NA,NA,NA,NA,Y,NA,A,01,0,1,0,0,0,0,0,0,0,-,-,NA,NA,RIVERSIDE,CORONA,-117.58269393,33.87712399
8302578,2016,2017-02-21,3300,2016-11-26,1723,4773,905F,6,5,4,3307,0,0,0,NA,0,092,AUTO CENTER DR,MILL ST,1212,S,N,C,-,N,NA,NA,NA,NA,NA,NA,NA,NA,NA,Y,2,0,1,2,A,-,11,21954,A,N,G,B,D,B,H,-,C,A,0,Y,NA,NA,NA,Y,NA,N,60,1,0,0,0,1,0,0,0,0,-,-,33.66564,-117.30544,RIVERSIDE,LAKE ELSINORE,-117.30273514,33.66313897
8302595,2016,2017-02-21,3313,2016-11-08,0819,1026,W,2,5,7,3313,0,0,0,NA,0,T52,COLLETT AV,NEWBY DR,346,W,N,A,-,N,NA,NA,NA,NA,NA,NA,NA,NA,NA,Y,4,0,1,2,A,-,03,22350,NA,N,C,C,A,A,H,-,A,D,0,NA,NA,NA,NA,Y,NA,A,01,0,0,1,0,0,0,0,0,0,-,-,33.91399,-117.47844,RIVERSIDE,RIVERSIDE,-117.47941594,33.91373648
8303410,2017,2017-02-10,3313,2017-01-13,1420,1523,1,5,5,7,3313,0,0,0,NA,0,M22,EAST LA CADENA DR,COLUMBIA AV,0,NA,Y,B,-,N,NA,NA,NA,NA,NA,NA,NA,NA,NA,Y,4,0,3,2,A,-,17,21451,A,N,A,C,A,A,H,-,A,A,0,NA,NA,NA,NA,Y,NA,A,01,0,0,3,0,0,0,0,0,0,-,-,NA,NA,RIVERSIDE,RIVERSIDE,-117.3506401,34.00125004
8303543,2016,2017-02-08,3308,2016-12-19,0753,10610,563,1,5,5,3308,0,0,0,NA,0,SOUTH,WARREN RD,MUSTANG WY,1028,N,N,C,-,N,NA,NA,NA,NA,NA,NA,NA,NA,NA,Y,4,0,1,2,A,-,08,22107,NA,N,A,C,A,B,H,-,A,A,0,NA,NA,NA,NA,Y,NA,D,22,0,0,1,0,0,0,0,0,0,-,-,NA,NA,RIVERSIDE,HEMET,-117.03296449,33.7203277
8303733,2017,2017-02-13,3308,2017-01-06,1638,10559,514,5,5,5,3308,0,0,0,NA,0,NORTH,DEVONSHIRE AV,SANDERSON AV,205,W,N,A,-,N,NA,NA,NA,NA,NA,NA,NA,NA,NA,Y,4,0,1,2,A,-,09,21804,A,F,D,C,A,A,H,-,A,A,0,NA,NA,NA,NA,Y,NA,-,NA,0,0,1,0,0,0,0,0,0,-,-,NA,NA,RIVERSIDE,HEMET,-117.00722187,33.75094563
8308327,2017,2017-06-24,3313,2017-01-23,1607,1489,4,1,5,7,3313,0,0,0,NA,0,T42,VAN BUREN BL,JURUPA AV,300,S,N,B,-,N,NA,NA,NA,NA,NA,NA,NA,NA,NA,Y,4,0,2,3,A,-,01,23152,F,N,C,C,A,B,H,-,A,A,0,NA,NA,NA,NA,Y,NA,D,22,0,0,2,0,0,0,0,0,0,-,-,33.95879,-117.46155,RIVERSIDE,RIVERSIDE,-117.46089915,33.95819756
8308384,2017,2017-02-15,3313,2017-02-01,0250,1783,1,3,5,7,3313,0,0,0,NA,0,1R13,MAIN ST,SPRUCE ST,375,S,N,A,-,N,NA,NA,NA,NA,NA,NA,NA,NA,NA,N,3,0,1,2,A,-,01,23152,A,N,C,E,A,A,H,-,C,D,0,NA,NA,NA,NA,Y,Y,A,01,0,1,0,0,0,0,0,0,0,-,-,33.99424,-117.36614,RIVERSIDE,RIVERSIDE,-117.36676314,33.9934085
8308652,2017,2017-02-17,3315,2017-02-04,1310,11119,6F,6,5,6,3315,0,0,0,NA,0,NA,GRAND BL S,BELLE AV,195,W,N,A,-,N,NA,NA,NA,NA,NA,NA,NA,NA,NA,Y,4,0,1,2,A,-,09,21801,A,N,D,C,A,A,H,-,A,D,0,NA,NA,NA,NA,Y,NA,-,NA,0,0,1,0,0,0,0,0,0,-,-,33.86956,-117.56973,RIVERSIDE,CORONA,-117.57029438000001,33.86988219
8310147,2017,2017-02-27,3300,2017-01-17,1617,N6000,509B,2,5,5,3341,0,0,0,NA,0,059,SCOTT RD,BRIGGS RD,0,NA,Y,A,-,N,NA,NA,NA,NA,NA,NA,NA,NA,NA,Y,4,0,2,2,A,-,12,21453,A,N,D,C,A,A,H,-,A,A,0,NA,NA,NA,NA,Y,NA,A,01,0,0,2,0,0,0,0,0,0,-,-,33.64141,-117.13686,RIVERSIDE,MENIFEE,-117.13685011,33.6415101
8311083,2017,2017-02-28,3311,2017-01-22,0322,15319,NA,7,5,4,3311,0,0,0,NA,0,003,AMADO RD,AVENIDA CABALLEROS,61,W,N,A,-,N,NA,NA,NA,NA,NA,NA,NA,NA,NA,N,4,0,1,2,A,-,01,23152,A,N,C,E,A,A,H,-,C,A,0,NA,NA,NA,NA,Y,Y,A,01,0,0,1,0,0,0,0,0,0,-,-,33.82683,-116.53706,RIVERSIDE,PALM SPRINGS,-116.53715004,33.82676079
8311389,2017,2017-03-10,3301,2017-01-30,1924,U456,44,1,5,4,3301,0,0,0,NA,0,003,SUN LAKES BL,COUNTRY CLUB DR,499,W,N,A,-,N,NA,NA,NA,NA,NA,NA,NA,NA,NA,Y,3,0,1,1,A,-,08,22107,NA,N,E,I,A,A,H,-,C,D,0,NA,NA,NA,NA,Y,NA,D,22,0,1,0,0,0,0,0,0,0,-,-,33.91804,-116.92922,RIVERSIDE,BANNING,-116.9440474,33.92229268
8312499,2017,2017-03-06,3313,2017-01-28,0430,1825,C,6,5,7,3313,0,0,0,NA,0,1R41,INDIANA AVE,ARROWHEAD ST,360,W,N,A,-,N,NA,NA,NA,NA,NA,NA,NA,NA,NA,Y,4,0,1,3,A,-,08,22107,NA,N,C,E,A,A,H,-,C,D,0,NA,NA,NA,NA,Y,Y,A,01,0,0,1,0,0,0,0,0,0,-,-,NA,NA,RIVERSIDE,RIVERSIDE,-117.4317425,33.91965035
8312524,2016,2017-03-01,3313,2016-11-10,1305,0102,C,4,5,7,3313,0,0,0,NA,0,M38,ARLINGTON AV,INDIAN AV,0,NA,Y,A,-,N,NA,NA,91,NA,NA,NA,NA,NA,NA,N,4,0,1,2,A,-,03,22350,NA,N,C,C,A,A,H,-,A,D,0,NA,NA,NA,NA,Y,NA,A,01,0,0,1,0,0,0,0,0,0,-,-,33.94636,-117.38727,RIVERSIDE,RIVERSIDE,-117.38772323,33.94697539
8312737,2017,2017-03-02,3313,2017-01-30,1710,0399,2,1,5,7,3313,0,0,0,NA,0,M18,CHICAGO AV,CENTRAL AV,73,N,N,A,-,N,NA,NA,NA,NA,NA,NA,NA,NA,NA,N,4,0,1,2,A,-,03,22350,NA,N,C,C,A,A,H,-,A,D,0,NA,NA,NA,NA,Y,NA,A,01,0,0,1,0,0,0,0,0,0,-,-,33.95587,-117.34652,RIVERSIDE,RIVERSIDE,-117.3465472,33.956222
8313074,2017,2017-03-03,3313,2017-02-07,0802,1488,4,2,5,7,3313,0,0,0,NA,0,M20,JACKSON ST,INDIANA AV,172,S,N,B,C,N,NA,NA,NA,NA,NA,NA,NA,NA,NA,N,4,0,1,2,A,-,08,22107,NA,N,B,C,A,B,H,-,A,D,0,NA,NA,NA,NA,Y,NA,A,01,0,0,1,0,0,0,0,0,0,-,-,33.91823,-117.43418,RIVERSIDE,RIVERSIDE,-117.43371417,33.91793913