CASE_ID,ACCIDENT_YEAR,PROC_DATE,JURIS,COLLISION_DATE,COLLISION_TIME,OFFICER_ID,REPORTING_DISTRICT,DAY_OF_WEEK,CHP_SHIFT,POPULATION,CNTY_CITY_LOC,SPECIAL_COND,BEAT_TYPE,CHP_BEAT_TYPE,CITY_DIVISION_LAPD,CHP_BEAT_CLASS,BEAT_NUMBER,PRIMARY_RD,SECONDARY_RD,DISTANCE,DIRECTION,INTERSECTION,WEATHER_1,WEATHER_2,STATE_HWY_IND,CALTRANS_COUNTY,CALTRANS_DISTRICT,STATE_ROUTE,ROUTE_SUFFIX,POSTMILE_PREFIX,POSTMILE,LOCATION_TYPE,RAMP_INTERSECTION,SIDE_OF_HWY,TOW_AWAY,COLLISION_SEVERITY,NUMBER_KILLED,NUMBER_INJURED,PARTY_COUNT,PRIMARY_COLL_FACTOR,PCF_CODE_OF_VIOL,PCF_VIOL_CATEGORY,PCF_VIOLATION,PCF_VIOL_SUBSECTION,HIT_AND_RUN,TYPE_OF_COLLISION,MVIW,PED_ACTION,ROAD_SURFACE,ROAD_COND_1,ROAD_COND_2,LIGHTING,CONTROL_DEVICE,CHP_ROAD_TYPE,PEDESTRIAN_ACCIDENT,BICYCLE_ACCIDENT,MOTORCYCLE_ACCIDENT,TRUCK_ACCIDENT,NOT_PRIVATE_PROPERTY,ALCOHOL_INVOLVED,STWD_VEHTYPE_AT_FAULT,CHP_VEHTYPE_AT_FAULT,COUNT_SEVERE_INJ,COUNT_VISIBLE_INJ,COUNT_COMPLAINT_PAIN,COUNT_PED_KILLED,COUNT_PED_INJURED,COUNT_BICYCLIST_KILLED,COUNT_BICYCLIST_INJURED,COUNT_MC_KILLED,COUNT_MC_INJURED,PRIMARY_RAMP,SECONDARY_RAMP,LATITUDE,LONGITUDE,COUNTY,CITY,POINT_X,POINT_Y
8653112,2018,2018-07-12,3313,2018-06-23,2029,1787,4,6,5,7,3313,0,0,0,NA,0,3R46,STREETER AV,WALTER ST,0,NA,Y,A,-,N,NA,NA,NA,NA,NA,NA,NA,NA,NA,N,4,0,3,2,A,-,03,22350,NA,N,C,C,A,A,H,-,C,D,0,NA,NA,NA,NA,Y,NA,D,22,0,0,3,0,0,0,0,0,0,-,-,33.955078125,-117.41883850097656,RIVERSIDE,RIVERSIDE,-117.4186782836914,33.954811096191406
8657264,2018,2018-10-23,3311,2018-06-27,1652,15953,NA,3,5,4,3311,0,0,0,NA,0,001,RT 111,INDIAN CANYON DR N,150,E,N,A,-,Y,RIV,8,111,-,T,53.86,H,-,N,Y,4,0,2,3,A,-,03,22350,NA,N,C,C,A,A,H,-,A,A,0,NA,NA,NA,NA,Y,NA,A,01,0,0,2,0,0,0,0,0,0,-,-,33.844810485839844,-116.54562377929688,RIVERSIDE,PALM SPRINGS,-116.54531097412108,33.84489440917969
8658508,2018,2018-07-19,3300,2018-06-14,1516,3747,002Q,4,5,6,3345,0,0,0,NA,0,024,AGATE ST,56TH ST,78,N,N,A,-,N,NA,NA,NA,NA,NA,NA,NA,NA,NA,Y,4,0,1,1,A,-,03,22350,NA,N,E,I,A,A,H,-,A,D,0,NA,NA,NA,NA,Y,NA,D,22,0,0,1,0,0,0,0,0,0,-,-,33.98664855957031,-117.47103118896484,RIVERSIDE,JURUPA VALLEY,-117.47111511230467,33.98664474487305
8658981,2018,2018-07-16,3300,2018-06-25,1711,4209,508B,1,5,5,3341,0,0,0,NA,0,058,WICKERD RD,HAUN RD,335,W,N,A,-,N,NA,NA,NA,NA,NA,NA,NA,NA,NA,N,4,0,2,2,A,-,09,21801,A,N,D,C,A,A,H,-,A,D,0,NA,NA,NA,NA,Y,NA,A,01,0,0,2,0,0,0,0,0,0,-,-,33.64897155761719,-117.1755828857422,RIVERSIDE,MENIFEE,-117.1767578125,33.648780822753906
8659029,2018,2018-07-13,3300,2018-06-14,1735,N5791,012C,4,5,4,3344,0,0,0,NA,0,065,ORANGE ST,SUMNER AV,20,E,N,A,-,N,NA,NA,NA,NA,NA,NA,NA,NA,NA,Y,3,0,1,1,A,-,03,22350,NA,N,E,I,A,A,H,-,A,A,0,NA,NA,NA,NA,Y,NA,A,01,0,1,0,0,0,0,0,0,0,-,-,33.95909881591797,-117.57575988769533,RIVERSIDE,EASTVALE,-117.57573699951172,33.95901107788086
8659474,2018,2018-07-19,3300,2018-06-19,1110,N4187,916A,2,5,4,3312,0,0,0,NA,0,032,RAMONA EXPWY,REDLANDS AV,0,NA,Y,A,-,N,NA,NA,NA,NA,NA,NA,NA,NA,NA,Y,4,0,1,2,A,-,12,21453,A,N,D,C,A,A,H,-,A,A,0,NA,NA,NA,NA,Y,NA,A,01,0,0,1,0,0,0,0,0,0,-,-,33.844539642333984,-117.21681213378906,RIVERSIDE,PERRIS,-117.21690368652344,33.84450149536133
8659787,2018,2018-07-18,3300,2018-06-03,1854,3624,905F,7,5,4,3307,0,0,0,NA,0,092,SPRING ST,HEALD AV,20,E,N,A,-,N,NA,NA,NA,NA,NA,NA,NA,NA,NA,Y,4,0,2,2,A,-,12,22450,A,N,D,C,A,A,H,-,A,A,0,NA,NA,NA,NA,Y,NA,D,22,0,0,2,0,0,0,0,0,0,-,-,33.67002868652344,-117.32836151123048,RIVERSIDE,LAKE ELSINORE,-117.32827758789063,33.670223236083984
8660170,2018,2018-07-16,3342,2018-03-15,1615,481,350,4,5,4,3342,0,0,0,NA,0,00C,BUSMAN RD,SUNNYGROVE LN,0,NA,Y,A,-,N,NA,NA,NA,NA,NA,NA,NA,NA,NA,N,4,0,1,2,A,-,08,22107,NA,N,H,G,A,A,H,-,A,A,0,NA,Y,NA,NA,Y,NA,L,04,0,0,1,0,0,0,1,0,0,-,-,33.582210540771484,-117.17749786376952,RIVERSIDE,MURRIETA,-117.17738342285156,33.58216857910156
8660582,2018,2018-11-09,3300,2018-07-01,0655,N4753,905L,7,5,4,3307,0,0,0,NA,0,093,CENTRAL AV,CONARD AV,0,NA,Y,A,-,N,NA,NA,NA,NA,NA,NA,NA,NA,NA,Y,4,0,3,2,A,-,03,22350,NA,N,C,C,A,A,H,-,A,A,0,NA,NA,NA,NA,Y,NA,A,01,0,0,3,0,0,0,0,0,0,-,-,NA,NA,RIVERSIDE,LAKE ELSINORE,-117.33084869384766,33.698020935058594
8660601,2018,2018-08-22,3308,2018-05-23,0806,10470,523,3,5,5,3308,0,0,0,NA,0,SOUTH,FLORIDA AV,MYERS ST,109,W,N,A,-,Y,RIV,8,74,-,-,37.428,I,6,E,Y,4,0,1,2,A,-,03,22350,NA,N,C,C,A,A,H,-,A,A,0,NA,NA,NA,NA,Y,NA,A,01,0,0,1,0,0,0,0,0,0,-,-,33.74211883544922,-117.02068328857422,RIVERSIDE,HEMET,-117.0241241455078,33.743831634521484
8661978,2018,2018-09-11,3301,2018-07-08,1921,U469,44,7,5,4,3301,0,0,0,NA,0,003,S HIGHLAND SPGS,SUN LAKES BL,0,NA,Y,A,-,N,NA,NA,NA,NA,NA,NA,NA,NA,NA,N,3,0,1,2,B,-,22,NA,NA,N,B,C,A,A,H,-,A,A,0,NA,NA,NA,NA,Y,NA,A,01,0,1,0,0,0,0,0,0,0,-,-,33.92182159423828,-116.94686126708984,RIVERSIDE,BANNING,-116.94680786132813,33.92176055908203
8662897,2018,2018-07-18,3313,2018-06-28,1358,1912,3,4,5,7,3313,0,0,0,NA,0,T77,ALESSANDRO BL,MISSION GROVE PKWY,0,NA,Y,A,-,N,NA,NA,NA,NA,NA,NA,NA,NA,NA,N,4,0,1,2,A,-,03,22350,NA,M,C,C,A,A,H,-,A,D,0,NA,NA,NA,NA,Y,NA,A,01,0,0,1,0,0,0,0,0,0,-,-,33.91651153564453,-117.32460021972656,RIVERSIDE,RIVERSIDE,-117.3247299194336,33.91648864746094
8664212,2018,2018-07-20,3300,2018-06-04,1723,3744,920H,1,5,4,3314,0,0,0,NA,0,074,COMMONWEALTH AV,HEWITT ST,0,NA,Y,A,-,N,NA,NA,NA,NA,NA,NA,NA,NA,NA,Y,4,0,1,2,A,-,12,21453,A,N,D,C,A,A,H,-,A,A,0,NA,NA,NA,NA,Y,NA,A,01,0,0,1,0,0,0,0,0,0,-,-,33.769248962402344,-116.95086669921876,RIVERSIDE,SAN JACINTO,-116.950927734375,33.76927947998047
8664718,2018,2018-07-27,3300,2018-05-20,0932,N4883,002S,7,5,6,3345,0,0,0,NA,0,024,JURUPA RD,BEACH ST,24,E,N,C,-,N,NA,NA,NA,NA,NA,NA,NA,NA,NA,Y,3,0,1,2,A,-,09,21802,A,N,D,C,A,B,H,-,A,A,0,NA,NA,NA,NA,Y,NA,A,01,0,1,0,0,0,0,0,0,0,-,-,33.99475860595703,-117.49492645263672,RIVERSIDE,JURUPA VALLEY,-117.49486541748048,33.99481964111328
8665424,2018,2018-07-31,3311,2018-05-27,0220,16136,NA,7,5,4,3311,0,0,0,NA,0,002,GENE AUTRY TRL,VIA ESCUELA,500,N,N,A,G,N,NA,NA,NA,NA,NA,NA,NA,NA,NA,Y,4,0,1,2,D,-,00,NA,NA,M,B,C,A,A,H,-,D,D,0,NA,NA,NA,NA,Y,Y,-,-,0,0,1,0,0,0,0,0,0,-,-,33.848358154296875,-116.50579071044922,RIVERSIDE,PALM SPRINGS,-116.50586700439452,33.84988021850586
8666138,2018,2018-09-06,3300,2018-07-18,1735,4323,910B,3,5,5,3335,0,0,0,NA,0,063,WINCHESTER RD,WILLOWS AV,200,S,N,A,-,N,NA,NA,NA,NA,NA,NA,NA,NA,NA,N,4,0,2,3,A,-,03,22350,NA,N,C,C,A,A,H,-,A,A,0,NA,NA,NA,NA,Y,NA,D,22,0,0,2,0,0,0,0,0,0,-,-,NA,NA,RIVERSIDE,TEMECULA,-117.14256286621094,33.54689025878906
8666193,2018,2018-07-30,3313,2018-07-02,0537,1562,4,1,5,7,3313,0,0,0,NA,0,1R47,VAN BUREN BL,CHALLEN AV,0,NA,Y,A,-,N,NA,NA,NA,NA,NA,NA,NA,NA,NA,N,4,0,2,2,A,-,09,21804,A,N,B,C,A,A,H,-,A,A,0,NA,NA,NA,NA,Y,NA,A,01,0,0,2,0,0,0,0,0,0,-,-,33.92903137207031,-117.4535903930664,RIVERSIDE,RIVERSIDE,-117.45365142822266,33.92887878417969
8667266,2018,2018-08-14,3311,2018-06-22,0533,15970,NA,5,5,4,3311,0,0,0,NA,0,002,RT 111,INDIAN CANYON DR N,0,NA,Y,A,-,Y,RIV,8,111,-,T,53.877,I,5,S,Y,4,0,1,2,A,-,12,21453,A,N,D,C,A,A,H,-,A,A,0,NA,NA,NA,NA,Y,NA,A,01,0,0,1,0,0,0,0,0,0,-,-,33.844810485839844,-116.54562377929688,RIVERSIDE,PALM SPRINGS,-116.5456085205078,33.84489440917969
8667284,2018,2018-10-24,3311,2018-07-01,0141,15920,NA,7,5,4,3311,0,0,0,NA,0,006,RAMON RD,RT 111,0,NA,Y,A,-,Y,RIV,8,111,-,T,49.37,I,5,N,Y,4,0,1,2,A,-,12,21453,A,N,D,C,A,A,H,-,C,A,0,NA,NA,NA,NA,Y,NA,A,01,0,0,1,0,0,0,0,0,0,-,-,33.815879821777344,-116.49288177490234,RIVERSIDE,PALM SPRINGS,-116.49299621582033,33.81586837768555
8667288,2018,2018-10-24,3311,2018-07-23,1159,15843,NA,1,5,4,3311,0,0,0,NA,0,004,RT 111,WHITEWATER CLUB DR,0,NA,Y,A,-,Y,RIV,8,111,-,T,51.89,I,5,N,Y,3,0,1,2,A,-,09,21802,A,F,D,C,A,A,H,-,A,A,0,NA,NA,NA,NA,Y,NA,D,22,0,1,0,0,0,0,0,0,0,-,-,33.844940185546875,-116.51103973388672,RIVERSIDE,PALM SPRINGS,-116.51107025146484,33.84495544433594
8667882,2018,2018-09-14,3313,2018-07-16,1410,1686,1,1,5,7,3313,0,0,0,NA,0,T58,UNIVERSITY AV,PINE ST,0,NA,Y,A,-,N,NA,NA,NA,NA,NA,NA,NA,NA,NA,Y,4,0,1,3,A,-,12,21453,A,N,D,C,A,A,H,-,A,A,0,NA,NA,NA,NA,Y,NA,-,-,0,0,1,0,0,0,0,0,0,-,-,33.98575973510742,-117.38269805908205,RIVERSIDE,RIVERSIDE,-117.38265228271484,33.98569107055664
8668467,2018,2018-10-15,3315,2018-07-07,1334,003546,11D,6,5,6,3315,0,0,0,NA,0,002,N MCKINLEY ST,GRIFFIN WY,140,S,N,A,-,N,NA,NA,NA,NA,NA,NA,NA,NA,NA,N,4,0,2,2,A,-,04,21703,NA,N,C,C,A,A,H,-,A,A,0,NA,NA,NA,NA,Y,NA,-,NA,0,0,2,0,0,0,0,0,0,-,-,NA,NA,RIVERSIDE,CORONA,-117.51927947998048,33.88820266723633
8668471,2018,2018-08-02,3315,2018-07-08,0727,003546,10C,7,5,6,3315,0,0,0,NA,0,002,EAST 6TH ST,CARDIFF ST,0,NA,Y,A,-,N,NA,NA,NA,NA,NA,NA,NA,NA,NA,Y,4,0,1,2,A,-,09,21802,A,N,D,C,A,A,H,-,A,D,0,NA,NA,NA,NA,Y,NA,A,01,0,0,1,0,0,0,0,0,0,-,-,NA,NA,RIVERSIDE,CORONA,-117.53653717041016,33.87403106689453
8668580,2018,2018-07-30,3300,2018-06-18,1703,N4424,602C4,1,5,6,3394,0,0,0,NA,0,MV24,GRAHAM ST,BAY AV,35,S,N,A,-,N,NA,NA,NA,NA,NA,NA,NA,NA,NA,N,4,0,1,2,A,-,03,22350,NA,N,C,C,A,A,H,-,A,A,0,NA,NA,NA,NA,Y,NA,D,22,0,0,1,0,0,0,0,0,0,-,-,33.92084884643555,-117.25241088867188,RIVERSIDE,MORENO VALLEY,-117.25243377685548,33.920772552490234
8669150,2018,2018-08-10,3315,2018-07-18,1652,002661,16F,3,5,6,3315,0,0,0,NA,0,003,TEMESCAL CANYON RD,DOS LAGOS DR,30,N,N,A,-,N,NA,NA,NA,NA,NA,NA,NA,NA,NA,N,4,0,1,2,A,-,03,22350,NA,F,C,C,A,A,H,-,A,A,0,NA,NA,NA,NA,Y,NA,-,NA,0,0,1,0,0,0,0,0,0,-,-,33.80778884887695,-117.50456237792967,RIVERSIDE,CORONA,-117.50460052490234,33.807830810546875
8669790,2018,2018-08-27,3315,2018-07-25,0716,002504,3A,3,5,6,3315,0,0,0,NA,0,002,JOY ST,8TH ST,0,NA,Y,A,-,N,NA,NA,NA,NA,NA,NA,NA,NA,NA,Y,4,0,2,2,A,-,12,22450,A,N,D,C,A,A,H,-,A,A,0,NA,NA,NA,NA,Y,NA,A,01,0,0,2,0,0,0,0,0,0,-,-,NA,NA,RIVERSIDE,CORONA,-117.56170654296876,33.87276077270508
8670361,2018,2018-08-29,3315,2018-07-11,0503,001509,3B,3,5,6,3315,0,0,0,NA,0,003,S MAIN ST,KENDALL ST,0,NA,Y,A,-,N,NA,NA,NA,NA,NA,NA,NA,NA,NA,Y,4,0,1,2,A,-,09,21802,A,N,C,C,A,A,H,-,C,A,0,NA,NA,NA,NA,Y,NA,-,NA,0,0,1,0,0,0,0,0,0,-,-,NA,NA,RIVERSIDE,CORONA,-117.56771087646484,33.866878509521484
8671235,2018,2018-09-12,3300,2018-06-13,1740,3744,920H,3,5,4,3314,0,0,0,NA,0,072,SANTA FE AV,ESPLANADE AV,0,NA,Y,A,-,N,NA,NA,NA,NA,NA,NA,NA,NA,NA,Y,4,0,2,2,A,-,03,22350,NA,N,C,C,A,A,H,-,A,D,0,NA,NA,NA,NA,Y,NA,A,07,0,0,2,0,0,0,0,0,0,-,-,33.7729606628418,-116.96315002441406,RIVERSIDE,SAN JACINTO,-116.9631805419922,33.77302932739258
8671488,2018,2018-08-07,3313,2018-07-10,0845,1389,4,2,5,7,3313,0,0,0,NA,0,T53,MAGNOLIA AV,MCKENZIE ST,0,NA,Y,A,-,N,NA,NA,NA,NA,NA,NA,NA,NA,NA,N,4,0,1,2,A,-,09,21804,A,N,A,C,A,A,H,-,A,A,0,NA,NA,NA,NA,Y,NA,A,01,0,0,1,0,0,0,0,0,0,-,-,NA,NA,RIVERSIDE,RIVERSIDE,-117.44416809082033,33.92176818847656
8671634,2018,2018-09-28,3300,2018-07-08,1949,4998,916A,7,5,4,3312,0,0,0,NA,0,031,BARRETT AV,ORANGE AV,0,NA,Y,A,-,N,NA,NA,NA,NA,NA,NA,NA,NA,NA,N,4,0,1,2,A,-,08,22107,NA,N,D,C,A,A,H,-,B,D,0,NA,NA,NA,NA,Y,NA,A,01,0,0,1,0,0,0,0,0,0,-,-,33.81575012207031,-117.23033905029295,RIVERSIDE,PERRIS,-117.23043823242188,33.81563186645508
8671642,2018,2018-08-14,3300,2018-06-09,1528,4468,905K,6,5,4,3307,0,0,0,NA,0,094,LAKE ST,EDISON POLE #4106965E,23,W,N,A,-,N,NA,NA,NA,NA,NA,NA,NA,NA,NA,Y,3,0,3,3,A,-,05,21650,NA,N,B,C,A,A,H,-,A,D,0,NA,NA,Y,NA,Y,NA,D,22,0,1,2,0,0,0,0,0,1,-,-,NA,NA,RIVERSIDE,LAKE ELSINORE,NA,NA
8673205,2018,2018-08-08,3313,2018-07-17,1247,1686,5,2,5,7,3313,0,0,0,NA,0,T58,MAGNOLIA AV,LA SIERRA AV,67,E,N,A,-,N,NA,NA,NA,NA,NA,NA,NA,NA,NA,N,4,0,1,2,A,-,03,22350,NA,N,C,C,A,A,H,-,A,A,0,NA,NA,NA,NA,Y,NA,A,01,0,0,1,0,0,0,0,0,0,-,-,33.90333938598633,-117.4761199951172,RIVERSIDE,RIVERSIDE,-117.47618103027344,33.90363311767578
8673529,2018,2018-08-09,3313,2018-06-18,0012,1876,3,1,5,7,3313,0,0,0,NA,0,1R35,VAN BUREN BL,WOOD RD,250,W,N,A,-,N,NA,NA,NA,NA,NA,NA,NA,NA,NA,Y,3,0,1,2,A,-,09,21804,A,N,B,C,A,A,H,-,C,D,0,NA,NA,NA,NA,Y,NA,A,01,0,1,0,0,0,0,0,0,0,-,-,33.887149810791016,-117.33126068115234,RIVERSIDE,RIVERSIDE,-117.33219146728516,33.88713836669922
8675628,2018,2018-09-17,3300,2018-08-03,1755,N3605,43A3,5,5,3,3392,0,0,0,NA,0,LA43,CALLE COLIMA,AVENIDA OBREGON,0,NA,Y,A,-,N,NA,NA,NA,NA,NA,NA,NA,NA,NA,Y,3,0,2,2,A,-,12,22450,A,N,D,C,A,A,H,-,A,A,0,NA,NA,NA,NA,Y,NA,A,01,0,1,1,0,0,0,0,0,0,-,-,NA,NA,RIVERSIDE,LA QUINTA,-116.31324005126952,33.6597900390625
8675815,2018,2018-08-28,3309,2018-08-16,0754,431,3309,4,5,4,3309,0,0,0,NA,0,005,FRED WARING DR,SILVERWOOD DR,15,E,N,A,-,N,NA,NA,NA,NA,NA,NA,NA,NA,NA,Y,3,0,2,2,A,-,04,21703,NA,N,C,C,A,A,H,-,A,D,0,NA,NA,NA,NA,Y,NA,A,01,0,1,1,0,0,0,0,0,0,-,-,NA,NA,RIVERSIDE,INDIO,-116.2466049194336,33.729312896728516
8676197,2018,2018-10-25,3309,2018-08-02,1547,293,3309,4,5,4,3309,0,0,0,NA,0,003,INDIO BL,RT 111,30,N,N,A,-,N,NA,NA,NA,NA,NA,NA,NA,NA,NA,N,4,0,1,2,A,-,03,22350,NA,N,C,C,A,A,H,-,A,A,0,NA,NA,NA,NA,Y,NA,A,01,0,0,1,0,0,0,0,0,0,-,-,NA,NA,RIVERSIDE,INDIO,-116.20721,33.715089
8676285,2018,2018-08-17,3308,2018-05-29,1149,10470,517,2,5,5,3308,0,0,0,NA,0,NORTH,FLORIDA AV,SAN JACINTO ST,40,E,N,A,-,Y,RIV,8,74,-,-,41.35,H,-,W,N,4,0,1,2,A,-,03,22350,NA,N,C,C,A,A,H,-,A,A,0,NA,NA,NA,NA,Y,NA,A,08,0,0,1,0,0,0,0,0,0,-,-,33.747581481933594,-116.95858001708984,RIVERSIDE,HEMET,-116.95844268798828,33.747615814208984
8678198,2018,2018-10-05,3309,2018-07-29,2219,332,3309,7,5,4,3309,0,0,0,NA,0,002,MONROE ST,OLEANDER AV,828,N,N,A,-,N,NA,NA,NA,NA,NA,NA,NA,NA,NA,N,4,0,1,2,A,-,09,21804,A,N,D,C,A,A,H,-,C,A,0,NA,NA,NA,NA,Y,NA,A,01,0,0,1,0,0,0,0,0,0,-,-,NA,NA,RIVERSIDE,INDIO,-116.23373413085938,33.73642349243164
8678902,2018,2018-10-04,3313,2018-07-29,1310,1873,1,7,5,7,3313,0,0,0,NA,0,2R15,UNIVERSITY AV,ORANGE ST,0,NA,Y,A,-,N,NA,NA,NA,NA,NA,NA,NA,NA,NA,N,3,0,1,2,A,-,11,21456,B,F,G,B,B,A,H,-,A,A,0,Y,NA,NA,NA,Y,NA,D,22,0,1,0,0,1,0,0,0,0,-,-,33.98133850097656,-117.37342834472656,RIVERSIDE,RIVERSIDE,-117.37328338623048,33.98133850097656
8679606,2018,2018-09-25,3313,2018-07-19,2138,1818,2,4,5,7,3313,0,0,0,NA,0,3R22,UNIVERSITY AV,PARK AV,0,NA,Y,A,-,N,NA,NA,NA,NA,NA,NA,NA,NA,NA,N,3,0,1,2,A,-,11,21954,A,N,G,B,D,A,H,-,C,A,0,Y,NA,NA,NA,Y,NA,N,60,0,1,0,0,1,0,0,0,0,-,-,33.97732925415039,-117.36443328857422,RIVERSIDE,RIVERSIDE,-117.36456298828124,33.977291107177734
8679881,2018,2018-11-09,3309,2018-07-21,1851,149,3309,6,5,4,3309,0,0,0,NA,0,004,RT 111,CLINTON ST,0,NA,Y,A,-,N,NA,NA,NA,NA,NA,NA,NA,NA,NA,N,4,0,1,2,A,-,12,21457,A,N,D,C,A,A,H,-,A,A,0,NA,NA,NA,NA,Y,NA,A,01,0,0,1,0,0,0,0,0,0,-,-,NA,NA,RIVERSIDE,INDIO,-116.2425537109375,33.707611083984375
8682763,2018,2018-09-19,3300,2018-08-10,0715,N3672,916A,5,5,4,3312,0,0,0,NA,0,031,RAMONA EXPWY,BRADLEY RD N,775,E,N,A,-,N,NA,NA,NA,NA,NA,NA,NA,NA,NA,N,4,0,1,1,A,-,03,22350,NA,N,F,I,A,A,H,-,A,A,0,NA,NA,NA,NA,Y,NA,A,01,0,0,1,0,0,0,0,0,0,-,-,33.84185028076172,-117.19033050537108,RIVERSIDE,PERRIS,-117.18666839599608,33.837860107421875
8682917,2018,2018-10-04,3311,2018-09-02,2106,15492,NA,7,5,4,3311,0,0,0,NA,0,006,KIRK DOUGLAS WY,AIRPORT CENTER DR,528,N,N,A,-,N,NA,NA,NA,NA,NA,NA,NA,NA,NA,N,4,0,1,1,A,-,01,23152,A,N,E,I,A,A,H,-,C,D,0,NA,NA,NA,NA,Y,Y,A,01,0,0,1,0,0,0,0,0,0,-,-,33.81769943237305,-116.49889373779295,RIVERSIDE,PALM SPRINGS,-116.50164794921876,33.81816864013672
8683024,2018,2018-09-17,3300,2018-07-28,1526,4867,602E2,6,5,6,3394,0,0,0,NA,0,MV28,EUCALYPTUS PL,PERRIS BL,42,W,N,A,-,N,NA,NA,NA,NA,NA,NA,NA,NA,NA,N,4,0,1,2,A,-,03,22350,NA,N,C,C,A,A,H,-,A,A,0,NA,NA,NA,NA,Y,NA,A,01,0,0,1,0,0,0,0,0,0,-,-,33.93186950683594,-117.22621917724608,RIVERSIDE,MORENO VALLEY,-117.22642517089844,33.93177795410156
8683709,2018,2018-08-28,3300,2018-08-06,0810,4449,001L,1,5,6,3345,0,0,0,NA,0,0810,TILTON AV,BRIGGS ST,0,NA,Y,A,-,N,NA,NA,NA,NA,NA,NA,NA,NA,NA,Y,4,0,1,3,B,-,22,NA,NA,N,C,E,A,A,H,-,A,D,0,NA,NA,NA,NA,Y,NA,A,01,0,0,1,0,0,0,0,0,0,-,-,NA,NA,RIVERSIDE,JURUPA VALLEY,-117.41309356689452,33.99528121948242
8684395,2018,2018-09-10,3300,2018-08-21,1316,4713,910G,2,5,5,3335,0,0,0,NA,0,062,MARGARITA RD,STONEWOOD RD,375,N,N,A,-,N,NA,NA,NA,NA,NA,NA,NA,NA,NA,N,4,0,1,2,A,-,03,22350,NA,N,C,C,A,A,H,-,A,A,0,NA,NA,NA,NA,Y,NA,A,01,0,0,1,0,0,0,0,0,0,-,-,NA,NA,RIVERSIDE,TEMECULA,-117.14691162109376,33.51286315917969
8684675,2018,2018-09-14,3313,2018-08-13,0007,1892,5,1,5,7,3313,0,0,0,NA,0,1R57,JURUPA AV,BRADFORD ST,200,W,N,A,-,N,NA,NA,NA,NA,NA,NA,NA,NA,NA,Y,4,0,1,1,A,-,01,23152,A,N,E,I,A,A,H,-,C,A,0,NA,NA,NA,NA,Y,Y,A,01,0,0,1,0,0,0,0,0,0,-,-,33.958560943603516,-117.46600341796876,RIVERSIDE,RIVERSIDE,-117.46665191650392,33.9583854675293
8685248,2018,2018-08-27,3300,2018-08-08,1800,N6426,910F,3,5,5,3335,0,0,0,NA,0,062,YNEZ RD,PROMENADE MALL NORTH,35,S,N,A,-,N,NA,NA,NA,NA,NA,NA,NA,NA,NA,N,4,0,2,2,A,-,03,22350,NA,N,C,C,A,A,H,-,A,A,0,NA,NA,NA,NA,Y,NA,D,22,0,0,2,0,0,0,0,0,0,-,-,33.52302932739258,-117.15834045410156,RIVERSIDE,TEMECULA,-117.15827178955078,33.52299118041992
8685748,2018,2018-10-08,3300,2018-08-15,1732,3552,916D,3,5,4,3312,0,0,0,NA,0,035,4TH ST,G ST,0,NA,Y,A,-,N,NA,NA,NA,NA,NA,NA,NA,NA,NA,N,4,0,2,5,A,-,03,22350,NA,N,C,C,A,A,H,-,A,A,0,NA,NA,NA,NA,Y,NA,A,01,0,0,2,0,0,0,0,0,0,-,-,NA,NA,RIVERSIDE,PERRIS,-117.22174072265624,33.782371520996094
8686740,2018,2018-10-03,3313,2018-07-27,2104,1432,4,5,5,7,3313,0,0,0,NA,0,3R48,GRACE ST,EVANS ST,225,S,N,A,-,N,NA,NA,NA,NA,NA,NA,NA,NA,NA,Y,3,0,2,3,A,-,01,23152,A,N,B,C,A,A,H,-,C,D,0,NA,NA,NA,NA,Y,Y,A,07,0,1,1,0,0,0,0,0,0,-,-,33.930809020996094,-117.40628051757813,RIVERSIDE,RIVERSIDE,-117.40570831298828,33.930084228515625
8686800,2018,2018-10-03,3313,2018-07-30,1433,1202,1,1,5,7,3313,0,0,0,NA,0,M30,MARKET ST,10TH ST,118,N,N,A,-,N,NA,NA,NA,NA,NA,NA,NA,NA,NA,N,3,0,3,2,A,-,03,22350,NA,N,C,C,A,A,A,-,A,A,0,NA,NA,NA,NA,Y,NA,A,07,0,1,2,0,0,0,0,0,0,-,-,33.98054885864258,-117.37716674804688,RIVERSIDE,RIVERSIDE,-117.37685394287108,33.980812072753906
8687579,2018,2018-08-29,3301,2018-04-05,1358,U427,3,4,5,4,3301,0,0,0,NA,0,003,W RAMSEY ST,APEX ST,1214,W,N,A,-,N,NA,NA,NA,NA,NA,NA,NA,NA,NA,Y,2,0,1,2,A,-,09,21804,A,N,D,C,A,A,H,-,A,D,0,NA,NA,Y,NA,Y,NA,A,01,1,0,0,0,0,0,0,0,1,-,-,33.928871154785156,-116.94220733642578,RIVERSIDE,BANNING,-116.9421157836914,33.92918395996094
8688003,2018,2018-10-08,3311,2018-08-22,1144,15842,NA,3,5,4,3311,0,0,0,NA,0,005,TOLEDO AV,MARICOPA DR,26,S,N,A,-,N,NA,NA,NA,NA,NA,NA,NA,NA,NA,Y,4,0,2,2,A,-,03,22350,NA,N,C,C,A,A,H,-,A,A,0,NA,NA,NA,NA,Y,NA,A,01,0,0,2,0,0,0,0,0,0,-,-,33.795738220214844,-116.52880096435548,RIVERSIDE,PALM SPRINGS,-116.52886962890624,33.795658111572266