CASE_ID,ACCIDENT_YEAR,PROC_DATE,JURIS,COLLISION_DATE,COLLISION_TIME,OFFICER_ID,REPORTING_DISTRICT,DAY_OF_WEEK,CHP_SHIFT,POPULATION,CNTY_CITY_LOC,SPECIAL_COND,BEAT_TYPE,CHP_BEAT_TYPE,CITY_DIVISION_LAPD,CHP_BEAT_CLASS,BEAT_NUMBER,PRIMARY_RD,SECONDARY_RD,DISTANCE,DIRECTION,INTERSECTION,WEATHER_1,WEATHER_2,STATE_HWY_IND,CALTRANS_COUNTY,CALTRANS_DISTRICT,STATE_ROUTE,ROUTE_SUFFIX,POSTMILE_PREFIX,POSTMILE,LOCATION_TYPE,RAMP_INTERSECTION,SIDE_OF_HWY,TOW_AWAY,COLLISION_SEVERITY,NUMBER_KILLED,NUMBER_INJURED,PARTY_COUNT,PRIMARY_COLL_FACTOR,PCF_CODE_OF_VIOL,PCF_VIOL_CATEGORY,PCF_VIOLATION,PCF_VIOL_SUBSECTION,HIT_AND_RUN,TYPE_OF_COLLISION,MVIW,PED_ACTION,ROAD_SURFACE,ROAD_COND_1,ROAD_COND_2,LIGHTING,CONTROL_DEVICE,CHP_ROAD_TYPE,PEDESTRIAN_ACCIDENT,BICYCLE_ACCIDENT,MOTORCYCLE_ACCIDENT,TRUCK_ACCIDENT,NOT_PRIVATE_PROPERTY,ALCOHOL_INVOLVED,STWD_VEHTYPE_AT_FAULT,CHP_VEHTYPE_AT_FAULT,COUNT_SEVERE_INJ,COUNT_VISIBLE_INJ,COUNT_COMPLAINT_PAIN,COUNT_PED_KILLED,COUNT_PED_INJURED,COUNT_BICYCLIST_KILLED,COUNT_BICYCLIST_INJURED,COUNT_MC_KILLED,COUNT_MC_INJURED,PRIMARY_RAMP,SECONDARY_RAMP,LATITUDE,LONGITUDE,COUNTY,CITY,POINT_X,POINT_Y
8777037,2018,2019-01-23,3325,2018-11-28,0539,1701,3325,3,5,4,3325,0,0,0,NA,0,002,SHIFTING SANDS TRL,MISSION INDIAN TRL,174,S,N,A,-,N,NA,NA,NA,NA,NA,NA,NA,NA,NA,Y,3,0,1,3,A,-,03,22350,NA,N,B,E,A,A,H,-,D,D,0,NA,NA,NA,NA,Y,NA,A,01,0,1,0,0,0,0,0,0,0,-,-,NA,NA,RIVERSIDE,CATHEDRAL CITY,-116.47235870361328,33.81188201904297
8777185,2018,2019-01-30,3300,2018-12-10,1520,2093,87G3,1,5,2,3316,0,0,0,NA,0,MO897,FRED WARING DR,WASHINGTON ST,254,W,N,A,-,N,NA,NA,NA,NA,NA,NA,NA,NA,NA,N,4,0,1,2,A,-,21,22106,NA,N,C,C,A,A,H,-,A,-,0,NA,NA,NA,NA,Y,NA,D,22,0,0,1,0,0,0,0,0,0,-,-,33.72895050048828,-116.30386352539063,RIVERSIDE,INDIAN WELLS,-116.3048095703125,33.72898864746094
8778865,2019,2019-02-05,3300,2019-01-07,1935,4649,905C,1,5,4,3307,0,0,0,NA,0,090,CANYON HILLS RD,WHISPERING WILLOW DR,0,NA,Y,A,-,N,NA,NA,NA,NA,NA,NA,NA,NA,NA,Y,4,0,3,2,A,-,09,21804,A,N,D,C,A,A,H,-,C,A,0,NA,NA,NA,NA,Y,NA,A,01,0,0,3,0,0,0,0,0,0,-,-,33.658451080322266,-117.24797058105467,RIVERSIDE,LAKE ELSINORE,-117.24803161621094,33.65864181518555
8778930,2019,2019-02-06,3300,2019-01-04,2015,4956,802B,5,5,3,3343,0,0,0,NA,0,082,BUNDY CANYON RD,RACITI RD,130,E,N,A,-,N,NA,NA,NA,NA,NA,NA,NA,NA,NA,N,4,0,1,2,A,-,11,21954,A,F,G,B,E,A,H,-,D,D,0,Y,NA,NA,NA,Y,NA,N,60,0,0,1,0,1,0,0,0,0,-,-,33.62873840332031,-117.24710083007813,RIVERSIDE,WILDOMAR,-117.24694061279295,33.629154205322266
8779246,2019,2019-02-07,3313,2019-01-10,1322,1641,3,4,5,7,3313,0,0,0,NA,0,T55,VALLEY SPRINGS DR,CANYON CROSSINGS,528,S,N,A,-,N,NA,NA,NA,NA,NA,NA,NA,NA,NA,N,4,0,2,2,A,-,09,21804,A,N,D,C,A,A,H,-,A,D,0,NA,NA,NA,NA,Y,NA,A,01,0,0,2,0,0,0,0,0,0,-,-,NA,NA,RIVERSIDE,RIVERSIDE,NA,NA
8780902,2018,2019-01-30,3308,2018-12-03,1242,10219,544,1,5,5,3308,0,0,0,NA,0,SOUTH,SANDERSON AV,STETSON AV,498,N,N,A,-,N,NA,NA,NA,NA,NA,NA,NA,NA,NA,Y,4,0,1,2,A,-,03,22350,NA,N,C,C,A,A,H,-,A,A,0,NA,NA,NA,NA,Y,NA,A,07,0,0,1,0,0,0,0,0,0,-,-,33.72935104370117,-117.00660705566406,RIVERSIDE,HEMET,-117.00666809082033,33.73073196411133
8781023,2019,2019-04-16,3300,2019-01-03,1150,N5073,30J2,4,5,4,3318,0,0,0,NA,0,T390,RT 111,DEEP CANYON,498,NA,N,A,-,N,NA,NA,NA,NA,NA,NA,NA,NA,NA,Y,4,0,1,4,A,-,03,22350,NA,N,-,-,A,A,H,-,A,-,0,NA,NA,NA,Y,Y,NA,-,NA,0,0,1,0,0,0,0,0,0,-,-,NA,NA,RIVERSIDE,PALM DESERT,-116.36504364013672,33.72126007080078
8781426,2018,2019-01-22,3308,2018-11-22,2117,10670,537,4,5,5,3308,0,0,0,NA,0,SOUTH,BUENA VISTA ST,MAYBERRY AV,0,NA,Y,A,-,N,NA,NA,NA,NA,NA,NA,NA,NA,NA,Y,4,0,1,2,A,-,12,22450,A,N,D,C,A,A,H,-,C,A,0,NA,NA,NA,NA,Y,Y,A,01,0,0,1,0,0,0,0,0,0,-,-,33.74020004272461,-116.96700286865234,RIVERSIDE,HEMET,-116.96727752685548,33.740291595458984
8782974,2018,2019-01-26,3313,2018-12-17,1815,1575,2,1,5,7,3313,0,0,0,NA,0,M12,3RD ST,CHICAGO AV,85,E,N,A,-,N,NA,NA,NA,NA,NA,NA,NA,NA,NA,N,4,0,1,2,A,-,01,23152,A,N,C,C,A,A,H,-,D,A,0,NA,NA,NA,NA,Y,Y,A,01,0,0,1,0,0,0,0,0,0,-,-,33.983001708984375,-117.34860229492188,RIVERSIDE,RIVERSIDE,-117.34818267822266,33.983009338378906
8786389,2019,2019-02-06,3302,2019-01-11,1501,764,3302,5,5,3,3302,0,0,0,NA,0,003,6TH ST,MICHIGAN AV,0,NA,Y,A,-,N,NA,NA,NA,NA,NA,NA,NA,NA,NA,Y,3,0,1,2,A,-,09,21804,A,N,D,C,A,A,H,-,A,D,0,NA,NA,NA,NA,Y,NA,A,01,0,1,0,0,0,0,0,0,0,-,-,33.92937088012695,-116.96888732910156,RIVERSIDE,BEAUMONT,-116.96884155273438,33.92940902709961
8786406,2019,2019-02-06,3302,2019-01-01,0227,698,3302,2,5,3,3302,0,0,0,NA,0,004,PALMER AV,TREVINO TRL,0,NA,Y,A,-,N,NA,NA,NA,NA,NA,NA,NA,NA,NA,Y,3,0,1,1,A,-,03,22350,NA,N,E,I,A,A,H,-,C,D,0,NA,NA,Y,NA,Y,NA,C,02,0,1,0,0,0,0,0,0,1,-,-,33.96152877807617,-117.04355621337892,RIVERSIDE,BEAUMONT,-117.04358673095705,33.961700439453125
8786410,2019,2019-02-06,3302,2019-01-14,1127,1071,NA,1,5,3,3302,0,0,0,NA,0,NA,BEAUMONT AV,12TH ST,0,NA,Y,C,-,N,NA,NA,NA,NA,NA,NA,NA,NA,NA,N,4,0,1,2,A,-,09,21804,B,N,D,C,A,B,H,-,A,A,0,NA,NA,NA,NA,Y,NA,A,01,0,0,1,0,0,0,0,0,0,-,-,33.94017028808594,-116.9772720336914,RIVERSIDE,BEAUMONT,-116.97720336914063,33.94015884399414
8789478,2019,2019-02-05,3300,2019-01-19,1723,N6426,9101,6,5,5,3335,0,0,0,NA,0,063,RANCHO CALIFORNIA RD,BUTTERFIELD STAGE RD,681,W,N,A,-,N,NA,NA,NA,NA,NA,NA,NA,NA,NA,Y,4,0,2,3,A,-,03,22350,NA,N,C,C,A,A,H,-,C,A,0,NA,NA,NA,NA,Y,NA,A,07,0,0,2,0,0,0,0,0,0,-,-,NA,NA,RIVERSIDE,TEMECULA,-117.09629821777344,33.51826477050781
8790415,2018,2019-01-31,3300,2018-12-18,1723,2931,506F,2,5,5,3341,0,0,0,NA,0,056,NEWPORT RD,HAUN RD,0,NA,Y,A,-,N,NA,NA,NA,NA,NA,NA,NA,NA,NA,N,4,0,1,2,A,-,03,22350,NA,N,B,C,A,A,H,-,C,A,0,NA,NA,Y,NA,Y,NA,C,02,0,0,1,0,0,0,0,0,1,-,-,33.685218811035156,-117.17549896240234,RIVERSIDE,MENIFEE,-117.17552185058594,33.68505859375
8790433,2019,2019-01-31,3300,2019-01-14,1256,4767,500D,1,5,5,3341,0,0,0,NA,0,050,GOETZ DR,MANGANESE,38,E,N,C,-,N,NA,NA,NA,NA,NA,NA,NA,NA,NA,Y,4,0,1,2,A,-,03,22350,NA,N,D,C,A,B,H,-,A,D,0,NA,NA,NA,NA,Y,NA,A,01,0,0,1,0,0,0,0,0,0,-,-,NA,NA,RIVERSIDE,MENIFEE,-117.23443603515624,33.72004318237305
8793711,2019,2019-02-25,3300,2019-01-29,1325,N1673,36R4,2,5,4,3318,0,0,0,NA,0,T36,FRED WARING DR,FAIRHAVEN DR,0,NA,Y,B,-,N,NA,NA,NA,NA,NA,NA,NA,NA,NA,Y,4,0,3,2,A,-,09,21801,A,N,D,C,A,A,H,-,A,A,0,NA,NA,NA,NA,Y,NA,A,01,0,0,3,0,0,0,0,0,0,-,-,NA,NA,RIVERSIDE,PALM DESERT,-116.39560699462892,33.72874069213867
8795295,2018,2019-02-08,3342,2018-12-03,1724,421,355,1,5,4,3342,0,0,0,NA,0,00C,CLINTON KEITH RD,WHITEWOOD RD,1056,E,N,A,-,N,NA,NA,NA,NA,NA,NA,NA,NA,NA,Y,4,0,2,2,A,-,03,22350,NA,N,C,C,A,A,H,-,D,D,0,NA,NA,NA,NA,Y,NA,A,01,0,0,2,0,0,0,0,0,0,-,-,33.5979118347168,-117.16291046142578,RIVERSIDE,MURRIETA,-117.15946197509766,33.59786605834961
8795459,2018,2019-02-11,3342,2018-12-13,0710,481,159,4,5,4,3342,0,0,0,NA,0,001,ADAMS AV,LEMON ST,0,NA,Y,A,-,N,NA,NA,NA,NA,NA,NA,NA,NA,NA,N,3,0,1,2,A,-,12,22450,A,N,D,G,A,A,H,-,A,A,0,NA,Y,NA,NA,Y,NA,L,04,0,1,0,0,0,0,1,0,0,-,-,33.564308166503906,-117.21971893310548,RIVERSIDE,MURRIETA,-117.21965789794922,33.56425094604492
8795815,2018,2019-02-28,3306,2018-11-30,1449,133,3306,5,5,3,3306,0,0,0,NA,0,NA,CALIENTE DR,IRONWOOD DR,500,N,N,A,-,N,NA,NA,NA,NA,NA,NA,NA,NA,NA,N,3,0,1,3,A,-,06,21755,NA,N,B,C,A,A,H,-,A,D,0,NA,NA,NA,NA,Y,NA,A,01,0,1,0,0,0,0,0,0,0,-,-,NA,NA,RIVERSIDE,DESERT HOT SPRINGS,-116.50265502929688,33.951839447021484
8797422,2019,2019-02-26,3300,2019-01-14,1228,3774,602A3,1,5,6,3394,0,0,0,NA,0,MV24,SUNNYMEAD BL,FREDERICK ST,30,E,N,B,C,N,NA,NA,NA,NA,NA,NA,NA,NA,NA,N,4,0,1,4,A,-,03,22350,NA,N,B,C,A,B,H,-,A,A,0,NA,NA,NA,Y,Y,NA,A,01,0,0,1,0,0,0,0,0,0,-,-,33.93973159790039,-117.26141357421876,RIVERSIDE,MORENO VALLEY,-117.26136016845705,33.93968200683594
8797460,2018,2019-02-08,3300,2018-12-28,0517,4510,920E,5,5,4,3314,0,0,0,NA,0,072,RAMONA EXPWY,STATE ST,0,NA,Y,A,-,N,NA,NA,NA,NA,NA,NA,NA,NA,NA,N,4,0,1,2,A,-,12,21453,A,N,D,C,A,A,H,-,C,A,0,NA,NA,NA,NA,Y,NA,A,07,0,0,1,0,0,0,0,0,0,-,-,33.80173873901367,-116.97206878662108,RIVERSIDE,SAN JACINTO,-116.97206115722656,33.80181884765625
8799342,2019,2019-02-25,3300,2019-02-10,1804,4713,910K,7,5,5,3335,0,0,0,NA,0,064,RANCHO CALIFORNIA RD,TOWN CENTER,0,NA,Y,C,-,N,NA,NA,NA,NA,NA,NA,NA,NA,NA,Y,4,0,2,2,A,-,12,21453,A,N,D,C,A,B,H,-,C,A,0,NA,NA,NA,NA,Y,NA,A,01,0,0,2,0,0,0,0,0,0,-,-,NA,NA,RIVERSIDE,TEMECULA,-117.14610290527344,33.50458908081055
8799931,2018,2019-02-14,3313,2018-12-13,1328,1016,NA,4,5,7,3313,0,0,0,NA,0,NA,BLAINE ST,IOWA AV,382,W,N,A,-,N,NA,NA,NA,NA,NA,NA,NA,NA,NA,N,4,0,3,2,A,-,03,22350,NA,N,C,C,A,A,H,-,A,D,0,NA,NA,NA,NA,Y,NA,A,07,0,0,3,0,0,0,0,0,0,-,-,33.98303985595703,-117.3400421142578,RIVERSIDE,RIVERSIDE,-117.34115600585938,33.98299026489258
8799935,2019,2019-02-14,3300,2019-01-11,0100,5220,508A,5,5,5,3341,0,0,0,NA,0,058,MURRIETA RD,HOLLAND RD,0,NA,Y,E,-,N,NA,NA,NA,NA,NA,NA,NA,NA,NA,Y,4,0,2,1,A,-,09,21802,B,N,E,I,A,B,H,-,C,D,0,NA,NA,NA,NA,Y,NA,A,01,0,0,2,0,0,0,0,0,0,-,-,NA,NA,RIVERSIDE,MENIFEE,-117.20654296875,33.670860290527344
8800691,2019,2019-04-16,3300,2019-02-04,0832,4007,905I,1,5,4,3307,0,0,0,NA,0,L93,CENTRAL AV,DEXTER AV,0,NA,Y,C,-,N,NA,NA,NA,NA,NA,NA,NA,NA,NA,N,4,0,1,2,A,-,03,22350,NA,N,C,C,A,B,H,-,A,A,0,NA,NA,NA,NA,Y,NA,A,01,0,0,1,0,0,0,0,0,0,-,-,NA,NA,RIVERSIDE,LAKE ELSINORE,-117.33619689941406,33.693241119384766
8801475,2019,2019-03-04,3300,2019-02-05,1553,N4809,920H,2,5,4,3314,0,0,0,NA,0,074,COMMONWEALTH AV,HEWITT ST,310,E,N,B,-,N,NA,NA,NA,NA,NA,NA,NA,NA,NA,Y,4,0,2,3,A,-,03,22350,NA,N,C,C,A,B,H,-,A,A,0,NA,NA,NA,NA,Y,NA,A,08,0,0,2,0,0,0,0,0,0,-,-,33.769248962402344,-116.95086669921876,RIVERSIDE,SAN JACINTO,-116.94991302490234,33.769287109375
8801483,2019,2019-03-04,3300,2019-02-02,1235,4423,502A,6,5,5,3341,0,0,0,NA,0,052,MURRIETA RD,MANTLE DR,0,NA,Y,C,-,N,NA,NA,NA,NA,NA,NA,NA,NA,NA,Y,3,0,1,1,A,-,03,22350,NA,N,E,I,A,B,H,-,A,D,0,NA,NA,NA,NA,Y,NA,A,01,0,1,0,0,0,0,0,0,0,-,-,33.73181915283203,-117.2061004638672,RIVERSIDE,MENIFEE,-117.20626068115234,33.73176193237305
8801572,2019,2019-03-15,3300,2019-01-01,1636,N4809,920A,2,5,4,3314,0,0,0,NA,0,070,RAMONA EXPWY,VILLAGE AT SAN JACINTO,0,NA,Y,A,-,N,NA,NA,NA,NA,NA,NA,NA,NA,NA,Y,4,0,1,2,A,-,12,21453,A,N,D,C,A,A,H,-,B,A,0,NA,NA,NA,NA,Y,NA,-,-,0,0,1,0,0,0,0,0,0,-,-,NA,NA,RIVERSIDE,SAN JACINTO,NA,NA
8801580,2019,2019-03-15,3300,2019-01-23,1135,4300,920A,3,5,4,3314,0,0,0,NA,0,070,RAMONA BL,YOUNG ST,0,NA,Y,A,-,N,NA,NA,NA,NA,NA,NA,NA,NA,NA,N,3,0,1,2,A,-,09,21802,A,N,D,G,A,A,H,-,A,A,0,NA,Y,NA,NA,Y,NA,-,-,0,1,0,0,0,0,1,0,0,-,-,33.797698974609375,-116.97573089599608,RIVERSIDE,SAN JACINTO,-116.97570037841795,33.79774856567383
8801765,2019,2019-03-04,3309,2019-01-27,1433,232,3309,7,5,4,3309,0,0,0,NA,0,004,MADISON ST,AVE 46,31,S,N,A,-,N,NA,NA,NA,NA,NA,NA,NA,NA,NA,Y,4,0,3,2,A,-,12,21453,A,N,D,C,A,A,H,-,A,A,0,NA,NA,NA,NA,Y,NA,A,01,0,0,3,0,0,0,0,0,0,-,-,NA,NA,RIVERSIDE,INDIO,-116.25144958496094,33.714603424072266
8802269,2019,2019-03-11,3300,2019-01-12,1109,4406,604C7,6,5,6,3394,0,0,0,NA,0,604C7,IRIS AV,KAISER HOSPITAL,97,W,N,B,-,N,NA,NA,NA,NA,NA,NA,NA,NA,NA,Y,4,0,1,1,A,-,08,22107,NA,N,E,I,A,A,H,-,A,A,0,NA,NA,NA,NA,Y,NA,A,01,0,0,1,0,0,0,0,0,0,-,-,NA,NA,RIVERSIDE,MORENO VALLEY,NA,NA
8802318,2019,2019-03-08,3300,2019-01-29,1159,3372,603C3,2,5,6,3394,0,0,0,NA,0,036,KITCHING ST,JOHN F KENNEDY DR,0,NA,Y,B,-,N,NA,NA,NA,NA,NA,NA,NA,NA,NA,Y,3,0,3,2,A,-,12,21453,A,N,D,C,A,A,H,-,A,A,0,NA,NA,NA,NA,Y,NA,A,01,0,1,2,0,0,0,0,0,0,-,-,33.90285110473633,-117.21765899658205,RIVERSIDE,MORENO VALLEY,-117.2173080444336,33.90277862548828
8802400,2019,2019-03-07,3300,2019-01-17,0840,4900,001G,4,5,6,3345,0,0,0,NA,0,014,45TH ST,OPAL ST,28,E,N,C,-,N,NA,NA,NA,NA,NA,NA,NA,NA,NA,N,3,0,1,2,A,-,03,22350,NA,N,C,C,A,B,H,-,A,A,0,NA,NA,NA,NA,Y,NA,A,07,0,1,0,0,0,0,0,0,0,-,-,NA,NA,RIVERSIDE,JURUPA VALLEY,-117.4289093017578,33.99407958984375
8802715,2019,2019-02-25,3315,2019-02-10,2021,003187,NA,7,5,6,3315,0,0,0,NA,0,NA,CIRCLE CITY DR,PARK LN,36,W,N,B,-,N,NA,NA,NA,NA,NA,NA,NA,NA,NA,N,4,0,2,2,A,-,09,21801,A,N,C,C,A,A,H,-,C,D,0,NA,NA,NA,NA,Y,NA,A,01,0,0,2,0,0,0,0,0,0,-,-,33.87200164794922,-117.55599975585938,RIVERSIDE,CORONA,-117.55664825439452,33.87276840209961
8803030,2019,2019-02-26,3313,2019-02-14,1402,1641,3,4,5,7,3313,0,0,0,NA,0,T55,ALESSANDRO BL,CENTURY AV,30,E,N,B,C,N,NA,NA,NA,NA,NA,NA,NA,NA,NA,N,4,0,1,2,A,-,03,22350,NA,N,C,C,A,B,H,-,A,A,0,NA,NA,NA,NA,Y,NA,D,22,0,0,1,0,0,0,0,0,0,-,-,33.936431884765625,-117.3508071899414,RIVERSIDE,RIVERSIDE,-117.35106658935548,33.93635177612305
8803340,2019,2019-02-22,3313,2019-01-21,1832,1798,1,1,5,7,3313,0,0,0,NA,0,T47,UNIVERSITY AV,PINE ST,0,NA,Y,A,-,N,NA,NA,NA,NA,NA,NA,NA,NA,NA,Y,4,0,2,2,A,-,12,21453,A,N,D,C,A,A,H,-,A,A,0,NA,NA,NA,NA,Y,NA,A,01,0,0,2,0,0,0,0,0,0,-,-,33.98575973510742,-117.38269805908205,RIVERSIDE,RIVERSIDE,-117.38265228271484,33.98569107055664
8804170,2019,2019-03-06,3313,2019-01-31,1436,1523,3,4,5,7,3313,0,0,0,NA,0,M22,CENTRAL AV,CANYON CREEK DR,974,E,N,C,-,NA,NA,NA,NA,NA,NA,NA,NA,NA,NA,Y,4,0,1,1,A,-,08,22107,NA,N,E,I,A,B,H,-,A,A,0,NA,NA,NA,NA,Y,NA,A,01,0,0,1,0,0,0,0,0,0,-,-,33.95500183105469,-117.32904815673828,RIVERSIDE,RIVERSIDE,-117.32209777832033,33.95457458496094
8804408,2019,2019-03-06,3300,2019-01-05,1625,N3864,603A2,6,5,6,3394,0,0,0,NA,0,032,CACTUS AV,ELSWORTH ST,0,NA,Y,A,-,N,NA,NA,NA,NA,NA,NA,NA,NA,NA,Y,4,0,1,2,A,-,12,21453,A,N,D,C,A,B,H,-,B,A,0,NA,NA,NA,NA,Y,NA,A,01,0,0,1,0,0,0,0,0,0,-,-,33.91006088256836,-117.27030181884766,RIVERSIDE,MORENO VALLEY,-117.27017974853516,33.91014099121094
8804636,2019,2019-03-06,3300,2019-02-02,1530,3775,602C1,6,5,6,3394,0,0,0,NA,0,MV24,SUNNYMEAD BL,OLIVE WOOD PLAZA DR,37,W,N,C,-,N,NA,NA,NA,NA,NA,NA,NA,NA,NA,N,4,0,1,1,A,-,08,22107,NA,N,E,I,A,B,F,-,A,D,0,NA,NA,NA,NA,Y,NA,A,01,0,0,1,0,0,0,0,0,0,-,-,33.93898010253906,-117.25585174560548,RIVERSIDE,MORENO VALLEY,-117.25598907470705,33.9389762878418
8805719,2019,2019-02-19,3313,2019-01-22,1241,1949,1,2,5,7,3313,0,0,0,NA,0,T40,5TH ST,BROCKTON AV,180,W,N,A,-,N,NA,NA,NA,NA,NA,NA,NA,NA,NA,N,3,0,1,2,A,-,09,21801,A,N,H,G,A,A,H,-,A,D,0,NA,Y,NA,NA,Y,NA,L,04,0,1,0,0,0,0,1,0,0,-,-,NA,NA,RIVERSIDE,RIVERSIDE,-117.37774658203124,33.98729705810547
8807559,2019,2019-05-14,3313,2019-02-08,0907,1722,3R36,5,5,7,3313,0,0,0,NA,0,003,EASTRIDGE AV,RT 215 SBON/R E,103,E,N,C,-,Y,RIV,8,215,-,R,37.245,R,4,N,Y,4,0,2,2,A,-,12,21453,A,N,A,C,A,B,H,-,C,A,0,NA,NA,NA,NA,Y,NA,-,-,0,0,2,0,0,0,0,0,0,-,-,33.93143081665039,-117.28842163085938,RIVERSIDE,RIVERSIDE,-117.28861236572266,33.928619384765625
8808064,2019,2021-05-25,3300,2019-02-14,1723,3552,505A,4,5,5,3341,0,0,0,NA,0,055,RT 74,MCKINLEY RD,0,E,N,B,-,Y,RIV,8,74,-,-,30.05,H,-,W,Y,1,1,0,3,A,-,11,21955,NA,N,G,B,D,B,H,-,B,D,0,Y,NA,NA,NA,Y,Y,N,60,0,0,0,1,0,0,0,0,0,-,-,33.74300003051758,-117.14959716796876,RIVERSIDE,MENIFEE,-117.14974975585938,33.7431755065918
8808308,2019,2019-08-13,3300,2019-07-08,1635,3744,920H,1,5,4,3314,0,0,0,NA,0,074,ESPLANADE AV,HEWITT ST,0,NA,Y,A,-,N,NA,NA,NA,NA,NA,NA,NA,NA,NA,Y,4,0,1,2,A,-,09,21453,B,N,B,C,A,A,H,-,A,A,0,NA,NA,NA,NA,Y,NA,A,01,0,0,1,0,0,0,0,0,0,-,-,33.77225112915039,-116.95089721679688,RIVERSIDE,SAN JACINTO,-116.9509735107422,33.772369384765625
8808933,2018,2019-03-12,3300,2018-12-20,1612,4363,S24C2,4,5,3,3317,0,0,0,NA,0,S24,BOB HOPE DR,DINAH SHORE DR,200,S,N,A,-,N,NA,NA,NA,NA,NA,NA,NA,NA,NA,Y,4,0,2,2,A,-,09,21804,A,N,D,-,A,A,D,-,A,D,0,NA,NA,NA,NA,Y,NA,A,07,0,0,2,0,0,0,0,0,0,-,-,33.80099868774414,-116.40499877929688,RIVERSIDE,RANCHO MIRAGE,-116.40602111816406,33.80124282836914
8808938,2019,2019-03-13,3300,2019-02-13,1235,N4187,916B,3,5,4,3312,0,0,0,NA,0,032,PLACENTIA AV,PERRIS BL,0,NA,Y,C,-,N,NA,NA,NA,NA,NA,NA,NA,NA,NA,N,4,0,1,2,A,-,10,21950,A,N,G,B,B,B,H,-,A,A,0,Y,NA,NA,NA,Y,NA,A,01,0,0,1,0,1,0,0,0,0,-,-,33.82286834716797,-117.2262725830078,RIVERSIDE,PERRIS,-117.22611236572266,33.82286071777344
8809969,2019,2019-03-08,3300,2019-02-04,0647,N3202,011A,1,5,4,3344,0,0,0,NA,0,060,HAMNER AV,RIVERSIDE DR,358,S,N,C,-,N,NA,NA,NA,NA,NA,NA,NA,NA,NA,N,4,0,1,1,A,-,03,22350,NA,M,E,I,A,B,H,-,C,D,0,NA,NA,NA,NA,Y,NA,A,01,0,0,1,0,0,0,0,0,0,-,-,NA,NA,RIVERSIDE,EASTVALE,-117.55828094482422,34.01791000366211
8811736,2019,2019-08-23,3306,2019-01-29,0728,145,NA,2,5,3,3306,0,0,0,NA,0,NA,PALM DR,RT 10,0,NA,Y,A,-,Y,RIV,8,10,-,-,36.394,R,4,W,Y,4,0,3,3,A,-,03,22350,NA,N,C,C,A,A,H,-,A,A,0,NA,NA,NA,NA,Y,NA,A,01,0,0,3,0,0,0,0,0,0,-,-,NA,NA,RIVERSIDE,DESERT HOT SPRINGS,-116.50059509277344,33.87708282470703
8811844,2019,2019-03-15,3325,2019-01-21,1939,546C,3325,1,5,4,3325,0,0,0,NA,0,002,RAMON RD,DESERT VISTA RD,0,NA,Y,A,-,N,NA,NA,NA,NA,NA,NA,NA,NA,NA,Y,4,0,1,2,A,-,09,21804,A,M,D,C,A,A,H,-,E,A,0,NA,NA,NA,NA,Y,Y,A,01,0,0,1,0,0,0,0,0,0,-,-,NA,NA,RIVERSIDE,CATHEDRAL CITY,-116.46166229248048,33.816001892089844
8813123,2019,2019-03-11,3313,2019-02-14,2022,1867,5,4,5,7,3313,0,0,0,NA,0,3R50,ARLINGTON AV,CREST AV,0,NA,Y,B,-,N,NA,NA,NA,NA,NA,NA,NA,NA,NA,Y,4,0,3,2,A,-,12,21453,NA,M,D,C,A,B,H,-,C,A,0,NA,NA,NA,NA,Y,NA,A,01,0,0,3,0,0,0,0,0,0,-,-,33.94636154174805,-117.47255706787108,RIVERSIDE,RIVERSIDE,-117.4727020263672,33.94654846191406
8815327,2019,2019-03-21,3313,2019-02-25,1345,1389,4,1,5,7,3313,0,0,0,NA,0,T53,MADISON ST,SAN JUAN AV,0,NA,Y,A,-,N,NA,NA,NA,NA,NA,NA,NA,NA,NA,Y,4,0,1,2,A,-,09,21801,A,N,D,C,A,A,H,-,A,D,0,NA,NA,NA,NA,Y,NA,A,01,0,0,1,0,0,0,0,0,0,-,-,33.94247817993164,-117.41010284423828,RIVERSIDE,RIVERSIDE,-117.41010284423828,33.94219970703125
8819246,2019,2019-05-08,3308,2019-02-05,2322,10530,514,2,5,5,3308,0,0,0,NA,0,SOUTH,FLORIDA AV,MYERS ST,23,E,N,C,-,Y,RIV,8,74,-,-,37.428,I,5,E,Y,3,0,1,1,A,-,01,23152,E,N,E,I,A,B,H,-,C,A,0,NA,NA,NA,NA,Y,NA,A,01,0,1,0,0,0,0,0,0,0,-,-,33.74211883544922,-117.02068328857422,RIVERSIDE,HEMET,-117.0241241455078,33.743831634521484
8819714,2019,2019-03-18,3300,2019-02-17,1605,5386,805A,7,5,3,3343,0,0,0,NA,0,081,PALOMAR RD,MISSION TRAIL,200,S,N,C,-,N,NA,NA,NA,NA,NA,NA,NA,NA,NA,N,4,0,1,2,A,-,08,22107,NA,N,D,C,A,B,H,-,A,D,0,NA,NA,NA,NA,Y,NA,A,01,0,0,1,0,0,0,0,0,0,-,-,NA,NA,RIVERSIDE,WILDOMAR,-117.28947448730467,33.614166259765625
8819743,2019,2019-03-18,3300,2019-02-15,1649,4579,916A,5,5,4,3312,0,0,0,NA,0,031,EVANS RD,MORGAN ST E,75,S,N,B,-,N,NA,NA,NA,NA,NA,NA,NA,NA,NA,N,4,0,1,2,A,-,01,23153,B,M,C,C,A,A,H,-,A,D,0,NA,NA,NA,NA,Y,Y,A,01,0,0,1,0,0,0,0,0,0,-,-,33.837249755859375,-117.20433807373048,RIVERSIDE,PERRIS,-117.20436096191406,33.83720397949219