CASE_ID,ACCIDENT_YEAR,PROC_DATE,JURIS,COLLISION_DATE,COLLISION_TIME,OFFICER_ID,REPORTING_DISTRICT,DAY_OF_WEEK,CHP_SHIFT,POPULATION,CNTY_CITY_LOC,SPECIAL_COND,BEAT_TYPE,CHP_BEAT_TYPE,CITY_DIVISION_LAPD,CHP_BEAT_CLASS,BEAT_NUMBER,PRIMARY_RD,SECONDARY_RD,DISTANCE,DIRECTION,INTERSECTION,WEATHER_1,WEATHER_2,STATE_HWY_IND,CALTRANS_COUNTY,CALTRANS_DISTRICT,STATE_ROUTE,ROUTE_SUFFIX,POSTMILE_PREFIX,POSTMILE,LOCATION_TYPE,RAMP_INTERSECTION,SIDE_OF_HWY,TOW_AWAY,COLLISION_SEVERITY,NUMBER_KILLED,NUMBER_INJURED,PARTY_COUNT,PRIMARY_COLL_FACTOR,PCF_CODE_OF_VIOL,PCF_VIOL_CATEGORY,PCF_VIOLATION,PCF_VIOL_SUBSECTION,HIT_AND_RUN,TYPE_OF_COLLISION,MVIW,PED_ACTION,ROAD_SURFACE,ROAD_COND_1,ROAD_COND_2,LIGHTING,CONTROL_DEVICE,CHP_ROAD_TYPE,PEDESTRIAN_ACCIDENT,BICYCLE_ACCIDENT,MOTORCYCLE_ACCIDENT,TRUCK_ACCIDENT,NOT_PRIVATE_PROPERTY,ALCOHOL_INVOLVED,STWD_VEHTYPE_AT_FAULT,CHP_VEHTYPE_AT_FAULT,COUNT_SEVERE_INJ,COUNT_VISIBLE_INJ,COUNT_COMPLAINT_PAIN,COUNT_PED_KILLED,COUNT_PED_INJURED,COUNT_BICYCLIST_KILLED,COUNT_BICYCLIST_INJURED,COUNT_MC_KILLED,COUNT_MC_INJURED,PRIMARY_RAMP,SECONDARY_RAMP,LATITUDE,LONGITUDE,COUNTY,CITY,POINT_X,POINT_Y
8858135,2019,2019-05-23,3308,2019-03-25,1152,10219,517,1,5,5,3308,0,0,0,NA,0,NORTH,BUENA VISTA ST,DATE ST,0,NA,Y,A,-,N,NA,NA,NA,NA,NA,NA,NA,NA,NA,Y,4,0,1,2,A,-,09,21802,A,N,D,C,A,A,H,-,A,A,0,NA,NA,NA,NA,Y,NA,A,01,0,0,1,0,0,0,0,0,0,-,-,33.75294876098633,-116.96739959716795,RIVERSIDE,HEMET,-116.96736907958984,33.75297927856445
8858420,2019,2019-05-21,3300,2019-05-04,1046,4300,920A,6,5,4,3314,0,0,0,NA,0,070,RAMONA EXPWY,SANDERSON AV,3749,W,N,A,-,N,NA,NA,NA,NA,NA,NA,NA,NA,NA,N,4,0,1,1,C,-,18,NA,NA,N,E,J,A,A,H,-,A,D,0,NA,NA,NA,NA,Y,NA,-,-,0,0,1,0,0,0,0,0,0,-,-,NA,NA,RIVERSIDE,SAN JACINTO,-117.01589965820313,33.82355880737305
8861527,2019,2019-05-24,3300,2019-04-18,1736,3536,603A1,4,5,6,3394,0,0,0,NA,0,MV32,RT 215,CACTUS AV,0,NA,Y,A,-,N,NA,NA,NA,NA,NA,NA,NA,NA,NA,N,3,0,3,2,A,-,09,21800,A,N,B,C,A,A,H,-,A,A,0,NA,NA,NA,NA,Y,NA,D,22,0,2,1,0,0,0,0,0,0,-,-,33.90943908691406,-117.27835083007813,RIVERSIDE,MORENO VALLEY,-117.28101348876952,33.90903854370117
8862010,2019,2019-05-24,3300,2019-04-28,1100,N2646,602C2,7,5,6,3394,0,0,0,NA,0,024,SUNNYMEAD BL,HEACOCK ST,837,E,N,A,-,N,NA,NA,NA,NA,NA,NA,NA,NA,NA,N,4,0,6,2,A,-,09,21801,A,N,D,C,A,A,H,-,A,D,0,NA,NA,NA,NA,Y,NA,A,01,0,0,6,0,0,0,0,0,0,-,-,33.93906021118164,-117.24376678466795,RIVERSIDE,MORENO VALLEY,-117.24103546142578,33.93906021118164
8862269,2019,2019-05-24,3342,2019-02-15,1718,1079,204,5,5,4,3342,0,0,0,NA,0,200,MORNING DOVE LN,WILD CANARY LN,204,E,N,B,-,N,NA,NA,NA,NA,NA,NA,NA,NA,NA,N,3,0,1,2,A,-,11,21954,A,N,G,B,E,A,H,-,A,D,0,Y,NA,NA,NA,Y,NA,N,60,0,1,0,0,1,0,0,0,0,-,-,NA,NA,RIVERSIDE,MURRIETA,-117.20478057861328,33.586273193359375
8862273,2019,2019-05-24,3342,2019-02-15,1043,481,169,5,5,4,3342,0,0,0,NA,0,001,JEFFERSON AV,CENTERPOINTE CT,0,NA,Y,A,-,N,NA,NA,NA,NA,NA,NA,NA,NA,NA,N,4,0,1,2,A,-,21,22106,NA,N,C,C,A,A,H,-,A,A,0,NA,NA,NA,NA,Y,NA,A,07,0,0,1,0,0,0,0,0,0,-,-,33.564109802246094,-117.21370697021484,RIVERSIDE,MURRIETA,-117.21363830566406,33.564151763916016
8862277,2019,2019-05-24,3342,2019-02-14,1109,933,500,4,5,4,3342,0,0,0,NA,0,005,WHITEWOOD DR,HUNTER RD,528,N,N,C,-,N,NA,NA,NA,NA,NA,NA,NA,NA,NA,Y,4,0,1,2,A,-,03,22350,NA,F,B,C,A,B,H,-,A,D,0,NA,NA,NA,NA,Y,NA,-,NA,0,0,1,0,0,0,0,0,0,-,-,NA,NA,RIVERSIDE,MURRIETA,-117.17074584960938,33.589195251464844
8862285,2019,2019-05-24,3342,2019-02-11,0433,691,301,1,5,4,3342,0,0,0,NA,0,003,SCOTT RD,ANTELOPE RD,0,NA,Y,A,-,N,NA,NA,NA,NA,NA,NA,NA,NA,NA,Y,4,0,1,2,A,-,12,21453,A,N,A,C,A,A,H,-,C,A,0,NA,NA,NA,NA,Y,NA,A,01,0,0,1,0,0,0,0,0,0,-,-,33.641510009765625,-117.16790771484376,RIVERSIDE,MURRIETA,-117.16800689697266,33.64152908325195
8862293,2019,2019-05-24,3342,2019-02-06,1620,898,286,3,5,4,3342,0,0,0,NA,0,00B,MONROE AV,RAM WY,0,NA,Y,A,-,N,NA,NA,NA,NA,NA,NA,NA,NA,NA,Y,3,0,3,2,A,-,12,21453,A,N,D,C,A,A,H,-,A,A,0,NA,NA,NA,NA,Y,NA,A,08,0,3,0,0,0,0,0,0,0,-,-,NA,NA,RIVERSIDE,MURRIETA,NA,NA
8862297,2019,2019-05-24,3342,2019-02-28,1856,777,549,4,5,4,3342,0,0,0,NA,0,005,ALTA MURRIETA DR,ROCKCREST DR,0,NA,Y,A,-,N,NA,NA,NA,NA,NA,NA,NA,NA,NA,N,4,0,1,2,A,-,10,21950,A,N,G,B,B,A,D,-,C,A,0,Y,NA,NA,NA,Y,NA,A,07,0,0,1,0,1,0,0,0,0,-,-,33.56193161010742,-117.17568969726563,RIVERSIDE,MURRIETA,-117.17594146728516,33.562049865722656
8863733,2019,2019-05-22,3315,2019-05-03,1730,003432,13D,5,5,6,3315,0,0,0,NA,0,003,ONTARIO AV,RIMPAU AV,25,W,N,A,-,N,NA,NA,NA,NA,NA,NA,NA,NA,NA,NA,3,0,1,2,A,-,04,21703,NA,N,C,C,A,A,H,-,A,A,0,NA,NA,NA,NA,Y,NA,A,01,0,1,0,0,0,0,0,0,0,-,-,33.84901809692383,-117.54476165771484,RIVERSIDE,CORONA,-117.54483032226563,33.849029541015625
8864112,2019,2019-05-30,3300,2019-04-19,1047,3831,012F,5,5,4,3344,0,0,0,NA,0,064,CHANDLER ST,SELBY AV,16,W,N,A,-,N,NA,NA,NA,NA,NA,NA,NA,NA,NA,Y,3,0,1,1,A,-,01,23153,A,N,E,I,A,A,H,-,A,D,0,NA,NA,NA,NA,Y,Y,A,01,0,1,0,0,0,0,0,0,0,-,-,33.94630813598633,-117.60005950927734,RIVERSIDE,EASTVALE,-117.60018920898438,33.94630813598633
8864208,2019,2019-05-31,3300,2019-05-08,2222,4579,916A,3,5,4,3312,0,0,0,NA,0,031,HARLEY KNOX BL,INDIAN AV,272,E,N,A,-,N,NA,NA,NA,NA,NA,NA,NA,NA,NA,N,4,0,1,1,A,-,03,22350,NA,N,E,I,A,A,H,-,C,D,0,NA,NA,NA,NA,Y,NA,A,07,0,0,1,0,0,0,0,0,0,-,-,33.85734939575195,-117.23454284667967,RIVERSIDE,PERRIS,-117.23395538330078,33.85725402832031
8865500,2019,2019-05-31,3308,2019-05-06,0751,10610,555,1,5,5,3308,0,0,0,NA,0,SOUTH,SANDERSON AV,MUSTANG WY,0,NA,Y,B,-,N,NA,NA,NA,NA,NA,NA,NA,NA,NA,Y,4,0,4,2,A,-,09,21801,A,N,D,C,A,B,H,-,A,A,0,NA,NA,NA,NA,Y,NA,A,01,0,0,4,0,0,0,0,0,0,-,-,33.72079849243164,-117.006591796875,RIVERSIDE,HEMET,-117.00662994384766,33.72080993652344
8867337,2019,2019-07-05,3315,2019-06-07,1952,003128,NA,5,5,6,3315,0,0,0,NA,0,NA,6TH ST,RIMPAU AV,818,W,N,A,-,N,NA,NA,NA,NA,NA,NA,NA,NA,NA,N,3,0,1,4,A,-,08,22107,NA,N,A,C,A,A,H,-,A,D,0,NA,NA,NA,NA,Y,Y,A,01,0,1,0,0,0,0,0,0,0,-,-,33.8745002746582,-117.55259704589844,RIVERSIDE,CORONA,-117.55532073974608,33.87456130981445
8868110,2019,2019-05-29,3300,2019-03-26,1703,3747,001L,2,5,6,3345,0,0,0,NA,0,016,MISSION BL,MENNES AV,0,NA,Y,A,-,N,NA,NA,NA,NA,NA,NA,NA,NA,NA,Y,4,0,1,2,A,-,06,21755,NA,N,D,C,A,A,H,-,A,D,0,NA,NA,Y,NA,Y,NA,C,02,0,0,1,0,0,0,0,0,1,-,-,NA,NA,RIVERSIDE,JURUPA VALLEY,-117.40345001220705,33.99515151977539
8868120,2019,2019-05-29,3313,2019-05-02,2125,1703,4,4,5,7,3313,0,0,0,NA,0,3R40,ARLINGTON AV,HORACE ST,0,NA,Y,A,-,N,NA,NA,NA,NA,NA,NA,NA,NA,NA,Y,2,0,1,3,A,-,03,22350,NA,N,D,C,A,A,H,-,C,A,0,NA,NA,Y,NA,Y,NA,C,02,1,0,0,0,0,0,0,0,1,-,-,33.94512176513672,-117.37931060791016,RIVERSIDE,RIVERSIDE,-117.37918853759766,33.9463996887207
8868139,2019,2019-06-07,3300,2019-04-08,1715,5009,901B,1,5,4,3310,0,0,0,NA,0,050,VALLEY VIEW AV,7TH ST N,0,NA,Y,A,-,N,NA,NA,NA,NA,NA,NA,NA,NA,NA,N,4,0,1,4,A,-,08,22107,NA,N,D,E,A,A,H,-,A,D,0,NA,NA,NA,NA,Y,NA,A,07,0,0,1,0,0,0,0,0,0,-,-,33.94580841064453,-117.54989624023438,RIVERSIDE,NORCO,-117.54990386962892,33.94562911987305
8868216,2019,2019-06-11,3309,2019-03-31,1918,230,3309,7,5,4,3309,0,0,0,NA,0,003,CALHOUN ST,AVE 48,277,N,N,A,-,N,NA,NA,NA,NA,NA,NA,NA,NA,NA,Y,4,0,1,2,A,-,07,21658,A,N,B,C,A,A,H,-,C,D,0,NA,NA,NA,NA,Y,NA,A,01,0,0,1,0,0,0,0,0,0,-,-,NA,NA,RIVERSIDE,INDIO,-116.20769500732422,33.70109939575195
8868645,2019,2019-06-17,3300,2019-05-09,0330,3613,508A,4,5,5,3341,0,0,0,NA,0,058,HAUN RD,HOLLAND RD,58,S,N,A,-,N,NA,NA,NA,NA,NA,NA,NA,NA,NA,Y,3,0,1,1,-,-,-,NA,NA,N,H,I,A,A,H,-,D,A,0,NA,NA,Y,NA,Y,NA,-,-,0,1,0,0,0,0,0,0,1,-,-,33.67060089111328,-117.17579650878906,RIVERSIDE,MENIFEE,-117.17574310302734,33.67026901245117
8869567,2019,2019-06-06,3342,2019-04-30,1059,1019,381,2,5,4,3342,0,0,0,NA,0,003,MAX GILLIS BL,WINCHESTER RD,413,W,N,C,-,N,NA,NA,NA,NA,NA,NA,NA,NA,NA,Y,3,0,3,2,A,-,03,22350,NA,N,C,C,A,B,H,-,A,A,0,NA,NA,NA,NA,Y,NA,A,01,0,2,1,0,0,0,0,0,0,-,-,33.5979118347168,-117.11833190917967,RIVERSIDE,MURRIETA,-117.11956024169922,33.598690032958984
8869583,2019,2019-06-07,3342,2019-04-24,0905,294,495,3,5,4,3342,0,0,0,NA,0,004,GUAVA ST,WASHINGTON AV,30,E,N,A,-,N,NA,NA,NA,NA,NA,NA,NA,NA,NA,Y,4,0,1,2,A,-,09,21801,A,N,E,I,A,A,H,-,A,D,0,NA,NA,NA,NA,Y,NA,A,01,0,0,1,0,0,0,0,0,0,-,-,33.54024124145508,-117.1997528076172,RIVERSIDE,MURRIETA,-117.19960784912108,33.540218353271484
8869587,2019,2019-06-07,3342,2019-04-24,0720,867,286,3,5,4,3342,0,0,0,NA,0,003,LOS ALAMOS RD,FRANKLIN ST,140,W,N,A,-,N,NA,NA,NA,NA,NA,NA,NA,NA,NA,N,3,0,1,2,A,-,10,21950,A,F,G,B,B,A,H,-,A,A,0,Y,NA,NA,NA,Y,NA,A,07,0,1,0,0,1,0,0,0,0,-,-,33.5678596496582,-117.1884994506836,RIVERSIDE,MURRIETA,-117.18892669677734,33.56773376464844
8869815,2019,2019-08-28,3300,2019-04-01,0950,4835,905M,1,5,4,3307,0,0,0,NA,0,093,RIVERSIDE DR,GRAND AV,0,NA,Y,A,-,Y,RIV,8,74,-,-,11.825,I,5,E,Y,4,0,2,2,A,-,09,21802,A,N,D,C,A,A,H,-,A,A,0,NA,NA,NA,NA,Y,NA,A,01,0,0,2,0,0,0,0,0,0,-,-,NA,NA,RIVERSIDE,LAKE ELSINORE,-117.37572479248048,33.658267974853516
8870179,2019,2019-06-04,3315,2019-05-23,1732,002661,NA,4,5,6,3315,0,0,0,NA,0,NA,HARRISON ST,JOY ST,0,NA,Y,B,-,N,NA,NA,NA,NA,NA,NA,NA,NA,NA,NA,3,0,2,2,A,-,12,21453,A,N,D,C,A,A,H,-,A,A,0,NA,NA,NA,NA,Y,NA,A,01,0,2,0,0,0,0,0,0,0,-,-,33.881839752197266,-117.55934143066406,RIVERSIDE,CORONA,-117.56012725830078,33.883209228515625
8870758,2019,2019-06-06,3300,2019-05-02,1700,4528,908,4,5,3,3337,0,0,0,NA,0,039,CONTINENTAL DR,GONDEN GATE DR,0,NA,Y,A,-,N,NA,NA,NA,NA,NA,NA,NA,NA,NA,N,3,0,1,2,B,-,22,NA,NA,N,A,G,A,A,H,-,A,A,0,NA,Y,NA,NA,Y,NA,L,04,0,1,0,0,0,0,1,0,0,-,-,NA,NA,RIVERSIDE,CANYON LAKE,-117.25127,33.67744
8872323,2019,2019-08-23,3300,2019-05-26,1806,N4445,910E,7,5,5,3335,0,0,0,NA,0,061,RANCHO CALIFORNIA RD,RT 15,0,NA,Y,C,-,Y,RIV,8,15,-,-,5.112,R,4,S,N,4,0,2,2,A,-,03,22350,NA,N,C,C,A,B,H,-,B,A,0,NA,NA,NA,NA,Y,Y,D,22,0,0,2,0,0,0,0,0,0,-,SF,NA,NA,RIVERSIDE,TEMECULA,-117.15240478515624,33.502540588378906
8872405,2019,2019-06-11,3300,2019-04-25,1210,4211,36P6,4,5,4,3318,0,0,0,NA,0,MO877,PORTOLA AV,ALESSANDRO DR,320,N,N,A,-,N,NA,NA,NA,NA,NA,NA,NA,NA,NA,N,3,0,2,2,A,-,03,22350,NA,N,C,C,A,A,H,-,A,A,0,NA,NA,NA,NA,Y,NA,A,01,0,1,1,0,0,0,0,0,0,-,-,NA,NA,RIVERSIDE,PALM DESERT,-116.37374114990234,33.72286605834961
8872413,2019,2019-06-07,3300,2019-05-24,0801,4323,910D,5,5,5,3335,0,0,0,NA,0,064,CORTE ILLORA,MEADOWS PKWY,9,W,N,A,-,N,NA,NA,NA,NA,NA,NA,NA,NA,NA,N,4,0,1,2,A,-,05,21650,1,N,D,G,A,A,H,-,A,A,0,NA,Y,NA,NA,Y,NA,L,04,0,0,1,0,0,0,1,0,0,-,-,NA,NA,RIVERSIDE,TEMECULA,-117.09539031982422,33.49947738647461
8873966,2019,2019-06-13,3308,2019-04-30,1516,10745,525,2,5,5,3308,0,0,0,NA,0,SOUTH,ACACIA AV,KIRBY ST,209,W,N,A,-,N,NA,NA,NA,NA,NA,NA,NA,NA,NA,Y,4,0,1,5,A,-,03,22350,NA,N,C,C,A,A,H,-,A,A,0,NA,NA,NA,NA,Y,NA,D,22,0,0,1,0,0,0,0,0,0,-,-,33.74393081665039,-116.9978485107422,RIVERSIDE,HEMET,-116.99846649169922,33.74375915527344
8874301,2019,2019-06-13,3325,2019-04-27,0051,1702,DESER,6,5,4,3325,0,0,0,NA,0,003,VARNER RD,MOUNTAIN VIEW RD,0,NA,Y,A,-,N,NA,NA,NA,NA,NA,NA,NA,NA,NA,Y,4,0,1,1,A,-,01,23152,A,N,A,I,A,A,H,-,D,D,0,NA,NA,NA,NA,Y,Y,-,-,0,0,1,0,0,0,0,0,0,-,-,NA,NA,RIVERSIDE,CATHEDRAL CITY,-116.47573089599608,33.885921478271484
8874380,2019,2019-06-12,3306,2019-03-03,1721,145,3306,7,5,3,3306,0,0,0,NA,0,NA,PALM DR,IRONWOOD DR,609,N,N,A,-,N,NA,NA,NA,NA,NA,NA,NA,NA,NA,N,4,0,1,2,A,-,09,21804,A,N,D,C,A,A,H,-,A,D,0,NA,NA,NA,NA,Y,NA,A,01,0,0,1,0,0,0,0,0,0,-,-,NA,NA,RIVERSIDE,DESERT HOT SPRINGS,-116.50130462646484,33.9521369934082
8875967,2019,2019-06-12,3300,2019-05-01,1630,3505,42D1,3,5,3,3392,0,0,0,NA,0,042,AVE 48,DUNE PALMS RD,35,W,N,A,-,N,NA,NA,NA,NA,NA,NA,NA,NA,NA,Y,2,0,1,2,A,-,01,23152,A,N,C,C,A,A,H,-,A,A,0,NA,NA,NA,NA,Y,Y,D,22,1,0,0,0,0,0,0,0,0,-,-,33.699920654296875,-116.27739715576172,RIVERSIDE,LA QUINTA,-116.27753448486328,33.699981689453125
8876096,2019,2019-06-13,3300,2019-05-01,0945,4363,S24C2,3,5,3,3317,0,0,0,NA,0,S24,BOB HOPE DR,GERALD FORD DR,93,N,N,A,-,N,NA,NA,NA,NA,NA,NA,NA,NA,NA,N,4,0,1,2,A,-,03,22350,NA,N,C,C,A,A,H,-,A,D,0,NA,NA,NA,NA,Y,NA,D,22,0,0,1,0,0,0,0,0,0,-,-,33.78702926635742,-116.40596771240234,RIVERSIDE,RANCHO MIRAGE,-116.40605926513672,33.78743362426758
8876104,2019,2019-06-14,3300,2019-04-29,1433,5435,38B2,1,5,4,3318,0,0,0,NA,0,NA,MONTEREY AV,GERALD FORD DR,850,S,N,A,-,N,NA,NA,NA,NA,NA,NA,NA,NA,NA,Y,3,0,6,2,D,-,00,NA,NA,N,C,C,A,A,H,-,A,D,0,NA,NA,NA,NA,Y,NA,-,-,0,4,2,0,0,0,0,0,0,-,-,NA,NA,RIVERSIDE,PALM DESERT,-116.38825225830078,33.78494644165039
8876190,2019,2019-06-11,3300,2019-05-01,0402,5378,83A1,3,5,3,3305,0,0,0,NA,0,083,CESAR CHAVEZ,AVENUE 50,0,NA,Y,A,-,N,NA,NA,NA,NA,NA,NA,NA,NA,NA,Y,3,0,1,2,D,-,00,NA,NA,N,D,C,A,A,H,-,C,A,0,NA,NA,NA,NA,Y,NA,-,-,0,1,0,0,0,0,0,0,0,-,-,NA,NA,RIVERSIDE,COACHELLA,-116.18162,33.68545
8877061,2019,2019-06-20,3309,2019-06-03,1225,443,3309,1,5,4,3309,0,0,0,NA,0,005,MONROE ST,SHADOW PALM AV,12,S,N,A,-,N,NA,NA,NA,NA,NA,NA,NA,NA,NA,Y,3,0,1,2,A,-,10,21950,A,F,G,B,B,A,H,-,A,A,0,Y,NA,NA,NA,Y,NA,D,22,0,1,0,0,1,0,0,0,0,-,-,NA,NA,RIVERSIDE,INDIO,-116.23381042480467,33.71765899658203
8877196,2019,2019-06-25,3300,2019-06-10,0650,4097,011M,1,5,4,3344,0,0,0,NA,0,063,SCHLEISMAN RD,KENTON PL,118,E,N,A,-,N,NA,NA,NA,NA,NA,NA,NA,NA,NA,Y,4,0,1,2,A,-,03,22350,NA,N,C,C,A,A,H,-,A,A,0,NA,NA,NA,NA,Y,NA,A,01,0,0,1,0,0,0,0,0,0,-,-,33.96086883544922,-117.59741973876952,RIVERSIDE,EASTVALE,-117.59700012207033,33.960750579833984
8877618,2019,2019-06-13,3309,2019-05-26,1217,159,3309,7,5,4,3309,0,0,0,NA,0,005,FRED WARING DR,HOOVER ST,0,NA,Y,A,-,N,NA,NA,NA,NA,NA,NA,NA,NA,NA,Y,4,0,1,2,A,-,12,21453,A,N,D,C,A,A,H,-,A,A,0,NA,NA,NA,NA,Y,NA,A,01,0,0,1,0,0,0,0,0,0,-,-,NA,NA,RIVERSIDE,INDIO,-116.23802947998048,33.72932815551758
8878272,2019,2019-06-21,3300,2019-06-01,1748,N6426,910M,6,5,5,3335,0,0,0,NA,0,067,TEMECULA PKWY,LA PAZ RD,948,E,N,A,-,N,NA,NA,NA,NA,NA,NA,NA,NA,NA,Y,4,0,4,3,A,-,03,22350,NA,N,C,C,A,A,H,-,A,D,0,NA,NA,Y,NA,Y,NA,A,07,0,0,4,0,0,0,0,0,2,-,-,NA,NA,RIVERSIDE,TEMECULA,-117.133047,33.476912
8878545,2019,2019-06-19,3313,2019-05-31,2215,1716,4,5,5,7,3313,0,0,0,NA,0,1R47,CALIFORNIA AV,JACKSON ST,0,E,N,A,-,N,NA,NA,NA,NA,NA,NA,NA,NA,NA,NA,4,0,1,2,A,-,11,21954,A,N,G,B,D,A,H,-,C,A,0,Y,NA,NA,NA,Y,NA,N,60,0,0,1,0,1,0,0,0,0,-,-,33.930809020996094,-117.44422149658205,RIVERSIDE,RIVERSIDE,-117.44425964355467,33.93080139160156
8879789,2019,2019-06-18,3342,2019-03-07,0746,1102,539,4,5,4,3342,0,0,0,NA,0,005,ALTA MURRIETA DR,BROWNESTONE WY,0,NA,Y,B,-,N,NA,NA,NA,NA,NA,NA,NA,NA,NA,Y,4,0,1,2,A,-,09,21801,A,N,D,C,A,A,H,-,A,D,0,NA,NA,NA,NA,Y,NA,A,08,0,0,1,0,0,0,0,0,0,-,-,33.56489944458008,-117.16944885253906,RIVERSIDE,MURRIETA,-117.16944885253906,33.56486892700195
8879829,2019,2019-06-18,3342,2019-03-20,1950,1089,373,3,5,4,3342,0,0,0,NA,0,003,CLINTON KEITH RD,WHITEWOOD RD,48,E,N,A,-,N,NA,NA,NA,NA,NA,NA,NA,NA,NA,N,4,0,1,2,A,-,03,22350,NA,F,C,C,A,B,H,-,C,A,0,NA,NA,NA,NA,Y,NA,A,01,0,0,1,0,0,0,0,0,0,-,-,33.5979118347168,-117.16291046142578,RIVERSIDE,MURRIETA,-117.16275787353516,33.59782409667969
8880230,2019,2019-07-02,3300,2019-05-07,1217,5470,36R2,2,5,4,3318,0,0,0,NA,0,036,MONTEREY AV,PARKVIEWDR,307,N,N,A,-,N,NA,NA,NA,NA,NA,NA,NA,NA,NA,Y,4,0,1,2,A,-,03,22350,NA,N,C,C,A,A,H,-,A,A,0,NA,NA,NA,NA,Y,NA,A,01,0,0,1,0,0,0,0,0,0,-,-,NA,NA,RIVERSIDE,PALM DESERT,NA,NA
8880238,2019,2019-06-21,3300,2019-05-28,1605,3106,24C4,2,5,3,3317,0,0,0,NA,0,MO148,DINAH SHORE DR,GEORGE MONTGOMERY,0,NA,Y,A,-,N,NA,NA,NA,NA,NA,NA,NA,NA,NA,N,4,0,1,2,A,-,03,22350,NA,N,F,A,A,A,H,-,A,A,0,NA,NA,Y,NA,Y,NA,C,02,0,0,1,0,0,0,0,0,1,-,-,NA,NA,RIVERSIDE,RANCHO MIRAGE,-116.39260864257813,33.80173873901367
8881816,2019,2020-01-27,3311,2019-06-01,1859,15642,NA,6,5,4,3311,0,0,0,NA,0,002,RT 111,VIA MIRALESTE,0,NA,Y,A,-,Y,RIV,8,111,-,T,53.627,I,5,S,Y,3,0,1,2,A,-,09,21801,A,N,D,C,A,A,H,-,A,D,0,NA,NA,Y,NA,Y,NA,A,01,0,1,0,0,0,0,0,0,1,-,-,33.844810485839844,-116.54125213623048,RIVERSIDE,PALM SPRINGS,-116.541259765625,33.844913482666016
8881828,2019,2019-07-02,3311,2019-06-05,2125,16057,NA,3,5,4,3311,0,0,0,NA,0,006,DINAH SHORE DR,CROSSLEY RD,0,NA,Y,A,-,N,NA,NA,NA,NA,NA,NA,NA,NA,NA,Y,3,0,2,2,A,-,03,22350,NA,N,C,C,A,A,H,-,C,A,0,NA,NA,NA,NA,Y,NA,A,01,0,1,1,0,0,0,0,0,0,-,-,33.80855178833008,-116.48416900634766,RIVERSIDE,PALM SPRINGS,-116.4842529296875,33.80854034423828
8882591,2019,2019-07-23,3301,2019-06-07,1151,U422,3,5,5,4,3301,0,0,0,NA,0,003,HIGHLAND SPRINGS RD,RAMSEY ST,27,N,N,A,-,N,NA,NA,NA,NA,NA,NA,NA,NA,NA,N,3,0,2,3,A,-,03,22350,NA,N,C,C,A,A,H,-,A,A,0,NA,NA,NA,NA,Y,NA,A,01,0,1,1,0,0,0,0,0,0,-,-,33.92927932739258,-116.94687652587892,RIVERSIDE,BANNING,-116.94690704345705,33.929534912109375
8882596,2019,2019-07-23,3302,2019-06-13,1312,1046,NA,4,5,3,3302,0,0,0,NA,0,002,HIGHLAND SPRINGS AV,JOSHUA PALMER,238,N,N,A,-,N,NA,NA,NA,NA,NA,NA,NA,NA,NA,Y,3,0,2,2,A,-,09,21801,A,N,D,C,A,A,H,-,A,D,0,NA,NA,NA,NA,Y,NA,A,01,0,1,1,0,0,0,0,0,0,-,-,NA,NA,RIVERSIDE,BEAUMONT,-116.94690704345705,33.928340911865234
8882723,2019,2019-07-09,3300,2019-05-05,1818,4669,002T2,7,5,6,3345,0,0,0,NA,0,024,CLAY ST,LIMONITE AV,28,S,N,A,-,N,NA,NA,NA,NA,NA,NA,NA,NA,NA,N,4,0,1,1,A,-,03,22350,NA,N,E,I,A,A,H,-,A,A,0,NA,NA,NA,NA,Y,NA,A,01,0,0,1,0,0,0,0,0,0,-,-,33.97726821899414,-117.46251678466795,RIVERSIDE,JURUPA VALLEY,-117.46250152587892,33.97728729248047
8882855,2019,2019-07-10,3308,2019-05-23,1710,10597,555,4,5,5,3308,0,0,0,NA,0,SOUTH,BASSWOOD WY,JASMINE WY,75,S,N,A,-,N,NA,NA,NA,NA,NA,NA,NA,NA,NA,Y,2,0,1,2,A,-,08,22107,NA,N,E,I,A,A,H,-,A,D,0,NA,NA,NA,NA,Y,NA,A,01,1,0,0,0,0,0,0,0,0,-,-,NA,NA,RIVERSIDE,HEMET,-117.00282287597656,33.72442626953125
8883766,2019,2019-07-05,3300,2019-05-30,1215,N6224,602A4,4,5,6,3394,0,0,0,NA,0,022,DRACAEA AV,KOCHI DR,0,NA,Y,A,-,N,NA,NA,NA,NA,NA,NA,NA,NA,NA,Y,4,0,1,1,A,-,08,22107,NA,N,E,I,A,A,H,-,A,D,0,NA,NA,NA,NA,Y,NA,A,07,0,0,1,0,0,0,0,0,0,-,-,33.92805862426758,-117.25955963134766,RIVERSIDE,MORENO VALLEY,-117.2597198486328,33.92810821533203
8884242,2019,2019-06-25,3300,2019-05-24,2126,5220,916C,5,5,4,3312,0,0,0,NA,0,034,4TH ST,A ST,0,NA,Y,A,-,N,NA,NA,NA,NA,NA,NA,NA,NA,NA,N,2,0,2,3,A,-,01,23152,A,N,A,C,A,A,H,-,C,A,0,NA,NA,NA,NA,Y,Y,A,01,1,0,1,0,0,0,0,0,0,-,-,NA,NA,RIVERSIDE,PERRIS,-117.23475646972656,33.7823486328125