CASE_ID,ACCIDENT_YEAR,PROC_DATE,JURIS,COLLISION_DATE,COLLISION_TIME,OFFICER_ID,REPORTING_DISTRICT,DAY_OF_WEEK,CHP_SHIFT,POPULATION,CNTY_CITY_LOC,SPECIAL_COND,BEAT_TYPE,CHP_BEAT_TYPE,CITY_DIVISION_LAPD,CHP_BEAT_CLASS,BEAT_NUMBER,PRIMARY_RD,SECONDARY_RD,DISTANCE,DIRECTION,INTERSECTION,WEATHER_1,WEATHER_2,STATE_HWY_IND,CALTRANS_COUNTY,CALTRANS_DISTRICT,STATE_ROUTE,ROUTE_SUFFIX,POSTMILE_PREFIX,POSTMILE,LOCATION_TYPE,RAMP_INTERSECTION,SIDE_OF_HWY,TOW_AWAY,COLLISION_SEVERITY,NUMBER_KILLED,NUMBER_INJURED,PARTY_COUNT,PRIMARY_COLL_FACTOR,PCF_CODE_OF_VIOL,PCF_VIOL_CATEGORY,PCF_VIOLATION,PCF_VIOL_SUBSECTION,HIT_AND_RUN,TYPE_OF_COLLISION,MVIW,PED_ACTION,ROAD_SURFACE,ROAD_COND_1,ROAD_COND_2,LIGHTING,CONTROL_DEVICE,CHP_ROAD_TYPE,PEDESTRIAN_ACCIDENT,BICYCLE_ACCIDENT,MOTORCYCLE_ACCIDENT,TRUCK_ACCIDENT,NOT_PRIVATE_PROPERTY,ALCOHOL_INVOLVED,STWD_VEHTYPE_AT_FAULT,CHP_VEHTYPE_AT_FAULT,COUNT_SEVERE_INJ,COUNT_VISIBLE_INJ,COUNT_COMPLAINT_PAIN,COUNT_PED_KILLED,COUNT_PED_INJURED,COUNT_BICYCLIST_KILLED,COUNT_BICYCLIST_INJURED,COUNT_MC_KILLED,COUNT_MC_INJURED,PRIMARY_RAMP,SECONDARY_RAMP,LATITUDE,LONGITUDE,COUNTY,CITY,POINT_X,POINT_Y
8928424,2019,2019-09-10,3300,2019-07-30,1105,4449,002H,2,5,6,3345,0,0,0,NA,0,022,ETIWANDA AV,INLAND AV,0,NA,Y,A,-,N,NA,NA,NA,NA,NA,NA,NA,NA,NA,N,3,0,1,2,A,-,08,22100,A,N,D,C,A,A,H,-,A,D,0,NA,NA,Y,Y,Y,NA,G,25,0,1,0,0,0,0,0,0,1,-,-,34.03057861328125,-117.52391052246094,RIVERSIDE,JURUPA VALLEY,-117.52440643310548,34.030330657958984
8928428,2019,2019-09-09,3300,2019-07-31,1615,4900,002C,3,5,6,3345,0,0,0,NA,0,020,UNION ST,CAMINO MONTURA,110,W,N,A,-,N,NA,NA,NA,NA,NA,NA,NA,NA,NA,Y,3,0,2,2,A,-,08,22107,NA,N,D,C,A,A,H,-,A,D,0,NA,NA,NA,Y,Y,NA,D,22,0,2,0,0,0,0,0,0,0,-,-,NA,NA,RIVERSIDE,JURUPA VALLEY,-117.5053482055664,34.01121520996094
8928441,2019,2019-09-10,3300,2019-08-09,1632,4579,916D,5,5,4,3312,0,0,0,NA,0,035,CASE RD,ELLIS AV,0,NA,Y,A,-,N,NA,NA,NA,NA,NA,NA,NA,NA,NA,N,3,0,1,2,A,-,09,21801,A,N,D,C,A,A,H,-,A,A,0,NA,NA,NA,NA,Y,NA,D,22,0,1,0,0,0,0,0,0,0,-,-,33.77199172973633,-117.21955871582033,RIVERSIDE,PERRIS,-117.2194366455078,33.77204895019531
8928495,2019,2019-09-24,3300,2019-07-17,2212,5447,NA,3,5,6,3345,0,0,0,NA,0,NA,MISSION BL,OPAL ST,58,E,N,A,-,N,NA,NA,NA,NA,NA,NA,NA,NA,NA,Y,4,0,1,2,A,-,12,21453,A,N,E,I,A,A,H,-,C,A,0,NA,NA,NA,NA,Y,Y,A,07,0,0,1,0,0,0,0,0,0,-,-,34.00614929199219,-117.42491149902344,RIVERSIDE,JURUPA VALLEY,-117.42473602294922,34.00578689575195
8928525,2019,2019-09-18,3308,2019-08-06,1335,10610,509,2,5,5,3308,0,0,0,NA,0,NORTH,HEMET ST,BERKLEY AV,0,NA,Y,A,-,N,NA,NA,NA,NA,NA,NA,NA,NA,NA,Y,4,0,2,2,A,-,03,22350,NA,N,C,C,A,A,H,-,A,A,0,NA,NA,NA,NA,Y,NA,A,01,0,0,2,0,0,0,0,0,0,-,-,33.75843048095703,-116.92366790771484,RIVERSIDE,HEMET,-116.92386627197266,33.7586784362793
8928987,2019,2019-09-10,3300,2019-08-09,1718,5021,83A3,5,5,3,3305,0,0,0,NA,0,083,CESAR CHAVEZ ST,AVENUE 50,220,N,N,A,-,N,NA,NA,NA,NA,NA,NA,NA,NA,NA,N,4,0,1,2,A,-,21,22106,NA,N,C,C,A,A,H,-,A,A,0,NA,NA,NA,NA,Y,NA,A,01,0,0,1,0,0,0,0,0,0,-,-,NA,NA,RIVERSIDE,COACHELLA,-116.18165588378906,33.686058044433594
8931114,2019,2019-09-19,3300,2019-08-09,1212,4449,002C,5,5,6,3345,0,0,0,NA,0,020,SAN SEVAIN RD,MISSION BL,216,W,N,A,-,N,NA,NA,NA,NA,NA,NA,NA,NA,NA,N,4,0,1,2,A,-,08,22107,NA,N,D,C,A,A,H,-,A,D,0,NA,NA,NA,NA,Y,NA,A,01,0,0,1,0,0,0,0,0,0,-,-,34.0172004699707,-117.50559997558594,RIVERSIDE,JURUPA VALLEY,-117.50646209716795,34.0167121887207
8931118,2019,2019-09-19,3300,2019-08-07,1250,2744,002D,3,5,6,3345,0,0,0,NA,0,020,FELSPAR ST,JURUPA RD,151,N,N,A,-,N,NA,NA,NA,NA,NA,NA,NA,NA,NA,Y,4,0,1,2,A,-,03,22350,NA,N,C,C,A,A,H,-,A,D,0,NA,NA,NA,NA,Y,NA,-,NA,0,0,1,0,0,0,0,0,0,-,-,33.99700164794922,-117.48413848876952,RIVERSIDE,JURUPA VALLEY,-117.48412322998048,33.99779510498047
8934333,2019,2019-11-23,3313,2019-07-26,2027,1489,5,5,5,7,3313,0,0,0,NA,0,T44,GRAMERCY PL,NORWOOD AV,12,W,N,A,-,N,NA,NA,NA,NA,NA,NA,NA,NA,NA,N,4,0,1,2,A,-,09,21802,A,N,D,C,A,A,H,-,C,D,0,NA,NA,NA,NA,Y,NA,A,01,0,0,1,0,0,0,0,0,0,-,-,33.929290771484375,-117.48809814453124,RIVERSIDE,RIVERSIDE,-117.48778533935548,33.92949676513672
8934352,2019,2019-10-29,3313,2019-08-20,0730,1862,1,2,5,7,3313,0,0,0,NA,0,2R13,CENTRAL AV,CARLO DR,0,NA,Y,A,-,N,NA,NA,NA,NA,NA,NA,NA,NA,NA,Y,4,0,2,2,A,-,12,21453,A,N,D,C,A,A,H,-,A,A,0,NA,NA,NA,NA,Y,NA,A,01,0,0,2,0,0,0,0,0,0,-,-,33.95355987548828,-117.41007995605467,RIVERSIDE,RIVERSIDE,-117.40985107421876,33.95341873168945
8934366,2019,2019-10-23,3313,2019-08-12,0803,581,2,1,5,7,3313,0,0,0,NA,0,M25,CANYON CREST DR,LINDEN ST,125,N,N,A,-,N,NA,NA,NA,NA,NA,NA,NA,NA,NA,NA,3,0,5,2,A,-,08,22103,NA,N,D,C,A,A,H,-,A,D,0,NA,NA,NA,NA,Y,NA,A,01,0,1,4,0,0,0,0,0,0,-,-,33.977630615234375,-117.33077239990234,RIVERSIDE,RIVERSIDE,-117.33113861083984,33.979652404785156
8934734,2019,2019-10-29,3313,2019-08-17,1054,1489,3,6,5,7,3313,0,0,0,NA,0,T44,ALESSANDRO BL,BARTON ST,0,NA,Y,A,-,N,NA,NA,NA,NA,NA,NA,NA,NA,NA,NA,4,0,1,2,A,-,12,21453,A,N,B,C,A,A,H,-,A,A,0,NA,NA,NA,NA,Y,NA,A,01,0,0,1,0,0,0,0,0,0,-,-,33.91653823852539,-117.31375122070313,RIVERSIDE,RIVERSIDE,-117.31378173828124,33.91659164428711
8934760,2019,2019-09-16,3313,2019-08-16,1009,1073,1,5,5,7,3313,0,0,0,NA,0,M31,14TH ST,MULBERRY ST,0,NA,Y,A,-,N,NA,NA,91,NA,NA,NA,NA,NA,NA,NA,4,0,2,2,A,-,12,21453,A,N,D,C,A,A,H,-,A,A,0,NA,NA,NA,NA,Y,NA,A,01,0,0,2,0,0,0,0,0,0,-,-,33.97412109375,-117.37361907958984,RIVERSIDE,RIVERSIDE,-117.37326049804688,33.97386169433594
8934778,2019,2020-01-08,3342,2019-08-15,0659,1146,445,4,5,4,3342,0,0,0,NA,0,00D,MURRIETA HOT SPRINGS RD,RT 215,0,NA,Y,A,-,Y,RIV,8,215,-,R,9.749,R,4,S,N,4,0,1,2,A,-,03,22350,NA,N,C,C,A,A,H,-,A,A,0,NA,NA,NA,NA,Y,NA,A,01,0,0,1,0,0,0,0,0,0,-,SF,33.556190490722656,-117.18213653564452,RIVERSIDE,MURRIETA,-117.18099212646484,33.55974197387695
8935305,2019,2019-09-19,3313,2019-08-16,0702,1016,5,5,5,7,3313,0,0,0,NA,0,M28,VAN BUREN BL,ANDREW ST,510,N,N,A,-,N,NA,NA,NA,NA,NA,NA,NA,NA,NA,Y,2,0,1,2,A,-,07,21658,A,N,H,C,A,A,H,-,A,D,0,NA,NA,Y,NA,Y,NA,D,22,1,0,0,0,0,0,0,0,1,-,-,33.91712951660156,-117.44409942626952,RIVERSIDE,RIVERSIDE,-117.44473266601563,33.918338775634766
8935752,2019,2019-09-18,3313,2019-08-27,1845,1960,1,2,5,7,3313,0,0,0,NA,0,T73,JURUPA AV,STEARNS ST,123,E,N,A,-,N,NA,NA,NA,NA,NA,NA,NA,NA,NA,Y,3,0,4,3,A,-,09,21804,A,N,D,C,A,A,H,-,A,A,0,NA,NA,NA,NA,Y,NA,A,07,0,1,3,0,0,0,0,0,0,-,-,33.96195983886719,-117.41420745849608,RIVERSIDE,RIVERSIDE,-117.41365814208984,33.96174621582031
8936297,2019,2020-01-30,3302,2019-08-06,1640,1145,3302,2,5,3,3302,0,0,0,NA,0,003,BEAUMONT AV,1ST ST,0,NA,Y,A,-,Y,RIV,8,79,-,-,40.07,H,-,N,Y,4,0,1,3,A,-,03,22350,NA,N,C,C,A,A,H,-,A,A,0,NA,NA,NA,NA,Y,NA,A,01,0,0,1,0,0,0,0,0,0,-,-,33.92169952392578,-116.9771728515625,RIVERSIDE,BEAUMONT,-116.97714233398438,33.921485900878906
8938086,2019,2019-09-25,3325,2019-07-12,1701,1906,NA,5,5,4,3325,0,0,0,NA,0,002,RAMON RD,DESERT VISTA RD,0,NA,Y,A,-,N,NA,NA,NA,NA,NA,NA,NA,NA,NA,Y,4,0,1,2,A,-,12,21453,A,N,D,C,A,A,H,-,A,A,0,NA,NA,NA,NA,Y,NA,A,01,0,0,1,0,0,0,0,0,0,-,-,NA,NA,RIVERSIDE,CATHEDRAL CITY,-116.46166229248048,33.816001892089844
8938913,2019,2019-12-17,3302,2019-07-24,1455,764,3302,3,5,3,3302,0,0,0,NA,0,003,1ST ST,BEAUMONT AV,16,E,N,A,-,Y,RIV,8,79,-,-,40.09,H,-,N,Y,4,0,1,2,A,-,04,21703,NA,N,C,C,A,A,H,-,A,A,0,NA,NA,NA,NA,Y,NA,E,22,0,0,1,0,0,0,0,0,0,-,-,33.92169952392578,-116.9771728515625,RIVERSIDE,BEAUMONT,-116.97714996337892,33.921783447265625
8939415,2019,2019-12-26,3300,2019-05-04,0833,4050,012F,6,5,4,3344,0,0,0,NA,0,064,RIVER RD,BARON DR,585,S,N,A,-,N,NA,NA,NA,NA,NA,NA,NA,NA,NA,Y,1,1,2,3,A,-,08,22107,NA,N,A,C,A,A,H,-,A,D,0,NA,NA,NA,NA,Y,NA,A,01,0,0,2,0,0,0,0,0,0,-,-,NA,NA,RIVERSIDE,EASTVALE,-117.59975433349608,33.92601013183594
8939671,2019,2020-03-13,3300,2019-07-12,0838,4300,920C,5,5,4,3314,0,0,0,NA,0,070,SANDERSON AV,COTTONWOOD AV,0,N,N,A,-,N,NA,NA,NA,NA,NA,NA,NA,NA,NA,Y,1,2,2,1,A,-,07,21658,A,N,E,I,A,A,H,-,A,D,0,NA,NA,NA,NA,Y,NA,A,01,0,1,1,0,0,0,0,0,0,-,-,33.7872200012207,-117.00684356689452,RIVERSIDE,SAN JACINTO,-117.00676727294922,33.78731155395508
8939672,2019,2021-05-24,3300,2019-11-23,1151,3988,016C1,6,5,6,3345,0,0,0,NA,0,012,RUBIDOUX BL,24TH ST,0,NA,Y,A,-,N,NA,NA,NA,NA,NA,NA,NA,NA,NA,Y,1,1,0,2,A,-,01,23152,A,N,A,C,A,A,H,-,A,A,0,NA,NA,Y,Y,Y,Y,C,02,0,0,0,0,0,0,0,1,0,-,-,34.015769958496094,-117.3900909423828,RIVERSIDE,JURUPA VALLEY,-117.3901596069336,34.01594924926758
8940313,2019,2019-10-02,3309,2019-08-20,0853,418,3309,2,5,4,3309,0,0,0,NA,0,005,INDIO BL,MADISON ST,51,W,N,A,-,N,NA,NA,NA,NA,NA,NA,NA,NA,NA,Y,3,0,2,2,A,-,03,22350,A,N,C,C,A,A,H,-,A,A,0,NA,NA,NA,NA,Y,NA,D,22,0,1,1,0,0,0,0,0,0,-,-,NA,NA,RIVERSIDE,INDIO,-116.2515106201172,33.73847198486328
8941273,2019,2019-10-08,3308,2019-09-17,1550,10636,537,2,5,5,3308,0,0,0,NA,0,SOUTH,MAYBERRY AV,BUENA VISTA ST,0,NA,Y,A,-,N,NA,NA,NA,NA,NA,NA,NA,NA,NA,Y,3,0,1,2,A,-,12,22450,A,F,D,C,A,A,H,-,A,A,0,NA,NA,NA,NA,Y,Y,D,22,0,1,0,0,0,0,0,0,0,-,-,33.74026107788086,-116.96723175048828,RIVERSIDE,HEMET,-116.96727752685548,33.740291595458984
8942318,2019,2019-10-10,3313,2019-09-19,1749,1202,4,4,5,7,3313,0,0,0,NA,0,M30,MAGNOLIA AV,OVERLAND ST,0,NA,Y,A,-,N,NA,NA,NA,NA,NA,NA,NA,NA,NA,Y,4,0,2,2,A,-,09,21801,A,N,D,C,A,A,H,-,A,A,0,NA,NA,NA,NA,Y,NA,A,01,0,0,2,0,0,0,0,0,0,-,-,33.92633056640625,-117.43511199951172,RIVERSIDE,RIVERSIDE,-117.43473815917967,33.92713928222656
8942586,2019,2019-10-04,3300,2019-08-07,2210,5350,602E2,3,5,6,3394,0,0,0,NA,0,028,FIR AV,SHIRAY RANCH RD,70,E,N,A,-,N,NA,NA,NA,NA,NA,NA,NA,NA,NA,N,4,0,1,2,A,-,05,21650,NA,M,B,C,A,A,H,-,C,D,0,NA,NA,NA,NA,Y,NA,A,01,0,0,1,0,0,0,0,0,0,-,-,33.935489654541016,-117.22361755371094,RIVERSIDE,MORENO VALLEY,-117.22348022460938,33.935428619384766
8943790,2019,2019-10-01,3309,2019-09-03,0823,443,3309,2,5,4,3309,0,0,0,NA,0,004,AVENUE 52,MADISON ST,74,E,N,A,-,N,NA,NA,NA,NA,NA,NA,NA,NA,NA,N,4,0,2,2,A,-,03,22350,NA,N,C,C,A,A,H,-,A,A,0,NA,NA,NA,NA,Y,NA,D,22,0,0,2,0,0,0,0,0,0,-,-,NA,NA,RIVERSIDE,INDIO,-116.25107574462892,33.671058654785156
8943868,2019,2019-10-01,3309,2019-08-04,1230,247,3309,7,5,4,3309,0,0,0,NA,0,003,INDIO BL,VAN BUREN ST,0,NA,Y,A,-,N,NA,NA,NA,NA,NA,NA,NA,NA,NA,Y,3,0,1,2,A,-,12,21453,NA,N,D,C,A,A,H,-,A,A,0,NA,NA,NA,NA,Y,NA,A,07,0,1,0,0,0,0,0,0,0,-,-,NA,NA,RIVERSIDE,INDIO,-116.19898223876952,33.70854949951172
8944304,2019,2019-10-09,3300,2019-09-06,1415,N6426,910F,5,5,5,3335,0,0,0,NA,0,062,RANCHO CALIFORNIA RD,TOWN CENTER,84,W,N,A,-,N,NA,NA,NA,NA,NA,NA,NA,NA,NA,N,3,0,1,2,A,-,03,22350,NA,N,H,G,A,A,H,-,A,D,0,NA,Y,NA,NA,Y,NA,L,04,0,1,0,0,0,0,1,0,0,-,-,NA,NA,RIVERSIDE,TEMECULA,-117.14630889892578,33.50444412231445
8944887,2019,2019-10-03,3302,2019-08-04,1924,1088,NA,7,5,3,3302,0,0,0,NA,0,003,6TH ST,BEAUMONT AV,172,E,N,A,-,N,NA,NA,NA,NA,NA,NA,NA,NA,NA,N,4,0,1,2,A,-,03,22350,NA,N,C,C,A,A,H,-,A,D,0,NA,NA,Y,NA,Y,NA,C,02,0,0,1,0,0,0,0,0,1,-,-,33.92940139770508,-116.97720336914063,RIVERSIDE,BEAUMONT,-116.9766082763672,33.92937088012695
8947577,2019,2019-10-09,3311,2019-09-13,1604,15953,NA,5,5,4,3311,0,0,0,NA,0,001,INDIAN CANYON DR N,PALM SPRINGS STATION RD,602,S,N,A,-,N,NA,NA,NA,NA,NA,NA,NA,NA,NA,Y,4,0,1,2,A,-,08,22107,NA,N,B,C,A,D,H,-,A,D,0,NA,NA,NA,NA,Y,NA,A,01,0,0,1,0,0,0,0,0,0,-,-,33.892799377441406,-116.54522705078124,RIVERSIDE,PALM SPRINGS,NA,NA
8949272,2019,2019-10-10,3300,2019-09-17,0718,4614,801B,2,5,3,3343,0,0,0,NA,0,081,BUNDY CANYON RD,ALMOND ST,167,E,N,A,-,N,NA,NA,NA,NA,NA,NA,NA,NA,NA,N,4,0,1,2,A,-,08,22107,NA,N,C,C,A,A,H,-,A,D,0,NA,NA,NA,NA,Y,NA,A,08,0,0,1,0,0,0,0,0,0,-,-,33.626651763916016,-117.2797622680664,RIVERSIDE,WILDOMAR,-117.27915191650392,33.626895904541016
8951521,2019,2020-09-22,3313,2019-10-08,1730,1984,2,2,5,7,3313,0,0,0,NA,0,T70,UNIVERSITY AV,KANSAS AV,0,NA,Y,A,-,N,NA,NA,NA,NA,NA,NA,NA,NA,NA,NA,4,0,1,2,A,-,08,22107,NA,F,H,G,A,A,H,-,A,A,0,NA,Y,NA,NA,Y,NA,A,01,0,0,1,0,0,0,1,0,0,-,-,33.97557067871094,-117.35707855224608,RIVERSIDE,RIVERSIDE,-117.357177734375,33.975650787353516
8951612,2019,2019-10-29,3313,2019-09-22,2005,1827,1,7,5,7,3313,0,0,0,NA,0,T43,TWOGOOD LN,LEMON ST,33,E,N,A,-,N,NA,NA,NA,NA,NA,NA,NA,NA,NA,N,3,0,1,2,A,-,08,22107,NA,F,G,B,E,A,H,-,C,D,0,Y,NA,NA,NA,Y,NA,A,01,0,1,0,0,1,0,0,0,0,-,-,33.98918151855469,-117.36653137207033,RIVERSIDE,RIVERSIDE,-117.36641693115234,33.98921585083008
8953894,2019,2019-10-16,3300,2019-09-06,2130,4751,36P6,5,5,4,3318,0,0,0,NA,0,036,DE ANZA WY,SAN PASCUAL,0,NA,Y,A,-,N,NA,NA,NA,NA,NA,NA,NA,NA,NA,N,3,0,1,2,A,-,00,21960,B,F,G,B,B,A,H,-,C,A,0,Y,NA,NA,NA,Y,NA,N,60,0,1,0,0,1,0,0,0,0,-,-,NA,NA,RIVERSIDE,PALM DESERT,-116.37908935546876,33.72373962402344
8954121,2019,2019-10-23,3300,2019-09-20,1856,N5791,011M,5,5,4,3344,0,0,0,NA,0,063,HILL GROVE ST,BLOSSOM WY,23,N,N,A,-,N,NA,NA,NA,NA,NA,NA,NA,NA,NA,Y,4,0,3,2,A,-,08,22107,NA,N,A,C,A,A,H,-,C,A,0,NA,NA,NA,NA,Y,NA,A,01,0,0,3,0,0,0,0,0,0,-,-,33.97846984863281,-117.58280181884766,RIVERSIDE,EASTVALE,-117.58304595947266,33.97865295410156
8954293,2019,2019-10-23,3300,2019-08-01,1018,4468,905K,4,5,4,3307,0,0,0,NA,0,094,GRAND AV,LINCOLN ST,0,NA,Y,A,-,N,NA,NA,NA,NA,NA,NA,NA,NA,NA,N,4,0,2,2,A,-,09,21800,A,N,D,C,A,A,H,-,A,A,0,NA,NA,NA,NA,Y,NA,-,-,0,0,2,0,0,0,0,0,0,-,-,NA,NA,RIVERSIDE,LAKE ELSINORE,-117.39378356933594,33.68758010864258
8955387,2019,2019-10-29,3300,2019-09-30,1315,N3642,002H,1,5,6,3345,0,0,0,NA,0,022,ETIWANDA AV,HOPKINS ST,0,NA,Y,A,-,N,NA,NA,NA,NA,NA,NA,NA,NA,NA,N,3,0,2,3,A,-,03,22350,NA,N,C,C,A,A,H,-,A,A,0,NA,NA,NA,Y,Y,NA,F,25,0,1,1,0,0,0,0,0,0,-,-,34.026859283447266,-117.52394104003906,RIVERSIDE,JURUPA VALLEY,-117.5244369506836,34.02661895751953
8955438,2019,2019-10-29,3300,2019-09-04,1519,N6265,002,3,5,6,3345,0,0,0,NA,0,026,JURUPA RD,RUTILE ST,455,W,N,A,-,N,NA,NA,NA,NA,NA,NA,NA,NA,NA,N,4,0,1,2,A,-,03,22350,NA,N,C,C,A,A,H,-,A,D,0,NA,NA,Y,Y,Y,NA,C,02,0,0,1,0,0,0,0,0,1,-,-,33.99422836303711,-117.49723815917967,RIVERSIDE,JURUPA VALLEY,-117.49861907958984,33.9939079284668
8955940,2019,2019-10-18,3313,2019-09-18,1737,0623,2,3,5,7,3313,0,0,0,NA,0,M10,SPRUCE ST,IOWA AV,226,W,N,A,-,N,NA,NA,NA,NA,NA,NA,NA,NA,NA,Y,4,0,1,2,A,-,09,21801,A,N,D,C,A,A,H,-,A,D,0,NA,NA,NA,NA,Y,NA,A,01,0,0,1,0,0,0,0,0,0,-,-,33.98862838745117,-117.33931732177734,RIVERSIDE,RIVERSIDE,-117.34058380126952,33.9902229309082
8956438,2019,2019-11-07,3313,2019-09-24,1117,1026,5,2,5,7,3313,0,0,0,NA,0,T52,MAGNOLIA AV,POLK ST,513,W,N,A,-,N,NA,NA,NA,NA,NA,NA,NA,NA,NA,N,4,0,1,2,A,-,03,22350,NA,N,C,C,A,A,H,-,A,A,0,NA,NA,NA,NA,Y,NA,A,01,0,0,1,0,0,0,0,0,0,-,-,33.907501220703125,-117.4686279296875,RIVERSIDE,RIVERSIDE,-117.47027587890624,33.907005310058594
8956450,2019,2019-11-07,3313,2019-09-23,0857,1026,4,1,5,7,3313,0,0,0,NA,0,T52,MAUDE ST,LINCOLN AV,0,NA,Y,A,-,N,NA,NA,NA,NA,NA,NA,NA,NA,NA,Y,3,0,2,2,A,-,09,21800,A,N,D,C,A,A,H,-,A,A,0,NA,NA,NA,NA,Y,NA,A,07,0,1,1,0,0,0,0,0,0,-,-,33.93827819824219,-117.38096618652344,RIVERSIDE,RIVERSIDE,-117.38076782226563,33.93952941894531
8956594,2019,2019-10-23,3300,2019-09-25,2339,4409,80A4,3,5,3,3305,0,0,0,NA,0,080,AVE 50,CALE QUINTERRA,0,NA,Y,A,-,N,NA,NA,NA,NA,NA,NA,NA,NA,NA,Y,4,0,1,1,A,-,07,21658,A,N,A,I,A,B,H,-,C,A,0,NA,NA,NA,NA,Y,Y,I,11,0,0,1,0,0,0,0,0,0,-,-,NA,NA,RIVERSIDE,COACHELLA,-116.1928,33.68546
8957642,2019,2019-10-25,3315,2019-09-20,0838,002847,1B,5,5,6,3315,0,0,0,NA,0,001,RIVER RD,KIPS KORNER RD,162,W,N,A,-,N,NA,NA,NA,NA,NA,NA,NA,NA,NA,Y,4,0,1,1,C,-,18,NA,NA,N,E,I,A,A,H,-,A,A,0,NA,NA,NA,NA,Y,NA,-,-,0,0,1,0,0,0,0,0,0,-,-,33.909881591796875,-117.58379364013672,RIVERSIDE,CORONA,-117.58421325683594,33.91019058227539
8959069,2019,2019-10-30,3306,2019-07-13,1240,145,3306,6,5,3,3306,0,0,0,NA,0,NA,PALM DR,4TH ST,113,S,N,A,-,N,NA,NA,NA,NA,NA,NA,NA,NA,NA,N,3,0,1,2,A,-,09,21804,A,N,D,C,A,A,H,-,A,D,0,NA,NA,NA,NA,Y,NA,A,01,0,1,0,0,0,0,0,0,0,-,-,NA,NA,RIVERSIDE,DESERT HOT SPRINGS,-116.5013427734375,33.964778900146484
8959159,2019,2019-11-04,3313,2019-10-03,1351,1831,5,4,5,7,3313,0,0,0,NA,0,T45,WELLS AV,MITCHELL AV,0,NA,Y,A,-,N,NA,NA,NA,NA,NA,NA,NA,NA,NA,N,4,0,1,2,A,-,12,22450,A,N,D,C,A,A,H,-,A,A,0,NA,NA,Y,NA,Y,NA,O,05,0,0,1,0,0,0,0,0,1,-,-,33.920291900634766,-117.48439025878906,RIVERSIDE,RIVERSIDE,-117.48391723632813,33.92055892944336
8959464,2019,2019-11-05,3313,2019-10-07,1424,1384,1,1,5,7,3313,0,0,0,NA,0,M17,CENTRAL AV,DE ANZA AV,327,W,N,A,-,N,NA,NA,NA,NA,NA,NA,NA,NA,NA,Y,3,0,1,2,A,-,09,21801,A,N,D,C,A,A,H,-,A,A,0,NA,NA,NA,NA,Y,NA,A,01,0,1,0,0,0,0,0,0,0,-,-,33.952388763427734,-117.39341735839844,RIVERSIDE,RIVERSIDE,-117.39449310302734,33.95353698730469
8959852,2019,2019-11-06,3308,2019-08-28,1226,10610,537,3,5,5,3308,0,0,0,NA,0,SOUTH,STATE ST,JOHNSTON AV,344,N,N,A,-,N,NA,NA,NA,NA,NA,NA,NA,NA,NA,Y,4,0,2,2,A,-,08,22107,NA,N,D,C,A,A,H,-,A,A,0,NA,NA,NA,NA,Y,NA,A,07,0,0,2,0,0,0,0,0,0,-,-,33.7330207824707,-116.97158050537108,RIVERSIDE,HEMET,-116.97158050537108,33.733943939208984
8962239,2019,2019-10-23,3301,2019-08-14,0446,U453,22,3,5,4,3301,0,0,0,NA,0,002,4TH ST,KING ST,0,NA,Y,A,-,N,NA,NA,NA,NA,NA,NA,NA,NA,NA,Y,2,0,2,2,A,-,01,23152,NA,N,A,C,A,A,H,-,C,D,0,NA,NA,NA,NA,Y,Y,A,01,1,1,0,0,0,0,0,0,0,-,-,33.93513107299805,-116.881591796875,RIVERSIDE,BANNING,-116.88157653808594,33.93505859375
8962437,2019,2019-10-23,3311,2019-09-23,2254,16144,NA,1,5,4,3311,0,0,0,NA,0,NA,RAMON RD,RT 111,800,E,N,A,-,N,NA,NA,NA,NA,NA,NA,NA,NA,NA,Y,3,0,1,2,A,-,03,22350,NA,M,C,C,A,A,H,-,C,D,0,NA,NA,NA,NA,Y,NA,A,01,0,1,0,0,0,0,0,0,0,-,-,33.815879821777344,-116.49288177490234,RIVERSIDE,PALM SPRINGS,-116.490188,33.815887
8962671,2019,2019-10-30,3300,2019-06-15,1313,N4508,920C,6,5,4,3314,0,0,0,NA,0,070,7TH ST,FOX GLEN DR,0,NA,Y,A,-,N,NA,NA,NA,NA,NA,NA,NA,NA,NA,Y,4,0,1,1,A,-,08,22107,NA,N,E,I,A,A,H,-,A,D,0,NA,NA,NA,NA,Y,NA,D,22,0,0,1,0,0,0,0,0,0,-,-,33.78023910522461,-116.99131774902344,RIVERSIDE,SAN JACINTO,-116.99134063720705,33.78007125854492
8963017,2019,2019-10-25,3311,2019-09-26,1641,15953,NA,4,5,4,3311,0,0,0,NA,0,BIK,ARENAS RD,CALLE ENCILIA,0,NA,Y,A,-,N,NA,NA,NA,NA,NA,NA,NA,NA,NA,N,4,0,1,2,A,-,09,21802,A,N,D,C,A,A,H,-,A,D,0,NA,NA,NA,NA,Y,NA,A,01,0,0,1,0,0,0,0,0,0,-,-,33.82126998901367,-116.54364013671876,RIVERSIDE,PALM SPRINGS,-116.54373168945313,33.821189880371094