CASE_ID,ACCIDENT_YEAR,PROC_DATE,JURIS,COLLISION_DATE,COLLISION_TIME,OFFICER_ID,REPORTING_DISTRICT,DAY_OF_WEEK,CHP_SHIFT,POPULATION,CNTY_CITY_LOC,SPECIAL_COND,BEAT_TYPE,CHP_BEAT_TYPE,CITY_DIVISION_LAPD,CHP_BEAT_CLASS,BEAT_NUMBER,PRIMARY_RD,SECONDARY_RD,DISTANCE,DIRECTION,INTERSECTION,WEATHER_1,WEATHER_2,STATE_HWY_IND,CALTRANS_COUNTY,CALTRANS_DISTRICT,STATE_ROUTE,ROUTE_SUFFIX,POSTMILE_PREFIX,POSTMILE,LOCATION_TYPE,RAMP_INTERSECTION,SIDE_OF_HWY,TOW_AWAY,COLLISION_SEVERITY,NUMBER_KILLED,NUMBER_INJURED,PARTY_COUNT,PRIMARY_COLL_FACTOR,PCF_CODE_OF_VIOL,PCF_VIOL_CATEGORY,PCF_VIOLATION,PCF_VIOL_SUBSECTION,HIT_AND_RUN,TYPE_OF_COLLISION,MVIW,PED_ACTION,ROAD_SURFACE,ROAD_COND_1,ROAD_COND_2,LIGHTING,CONTROL_DEVICE,CHP_ROAD_TYPE,PEDESTRIAN_ACCIDENT,BICYCLE_ACCIDENT,MOTORCYCLE_ACCIDENT,TRUCK_ACCIDENT,NOT_PRIVATE_PROPERTY,ALCOHOL_INVOLVED,STWD_VEHTYPE_AT_FAULT,CHP_VEHTYPE_AT_FAULT,COUNT_SEVERE_INJ,COUNT_VISIBLE_INJ,COUNT_COMPLAINT_PAIN,COUNT_PED_KILLED,COUNT_PED_INJURED,COUNT_BICYCLIST_KILLED,COUNT_BICYCLIST_INJURED,COUNT_MC_KILLED,COUNT_MC_INJURED,PRIMARY_RAMP,SECONDARY_RAMP,LATITUDE,LONGITUDE,COUNTY,CITY,POINT_X,POINT_Y
90029384,2015,2015-10-19,9655,2015-10-04,0400,019234,9655,7,3,9,3300,0,3,5,NA,2,002,RAILROAD AVE,I-10 E/B,160,S,N,B,G,N,NA,NA,NA,NA,NA,NA,NA,NA,NA,Y,3,0,1,1,A,-,01,23152,A,N,F,I,A,A,H,-,D,D,0,NA,NA,NA,NA,Y,Y,A,07,0,1,0,0,0,0,0,0,0,-,-,NA,NA,RIVERSIDE,UNINCORPORATED,NA,NA
90030801,2015,2015-10-19,9840,2015-10-05,1758,014335,NA,1,2,9,3300,0,3,5,NA,2,002,SYCAMORE CANYON BLVD,CENTRAL AVE,150,E,N,C,-,N,NA,NA,NA,NA,NA,NA,NA,NA,NA,Y,4,0,1,3,A,-,03,22350,NA,N,C,C,A,A,H,-,A,A,0,NA,NA,NA,NA,Y,NA,A,01,0,0,1,0,0,0,0,0,0,-,-,NA,NA,RIVERSIDE,UNINCORPORATED,-117.3107695,33.9576495
90031434,2015,2015-10-19,9655,2015-10-13,1750,016442,NA,2,2,4,3301,0,1,1,NA,2,204,I-10 W/B,22ND ST,18,W,N,A,-,Y,NA,NA,10,NA,NA,NA,NA,NA,W,Y,3,0,1,1,A,-,08,22107,NA,N,E,I,A,A,H,-,A,D,0,NA,NA,NA,NA,Y,NA,A,07,0,1,0,0,0,0,0,0,0,-,-,33.92449,-116.90172,RIVERSIDE,BANNING,-116.90171997,33.92446296
90032274,2015,2015-10-19,9685,2015-10-13,0735,014349,NA,2,1,5,3335,0,1,1,NA,2,030,INTERSTATE 15 SOUTHBOUND,WINCHESTER ROAD,1515,N,N,A,-,Y,NA,NA,15,NA,NA,NA,NA,NA,S,Y,4,0,3,2,A,-,03,22350,NA,N,C,C,A,A,H,-,A,D,0,NA,NA,NA,NA,Y,NA,A,08,0,0,3,0,0,0,0,0,0,-,-,33.52603,-117.1657,RIVERSIDE,TEMECULA,-117.16559911,33.52609743
90032441,2015,2015-10-19,9685,2015-10-13,1135,012190,NA,2,1,5,3341,0,1,1,NA,2,034,I-215 S/B,SCOTT RD,1818,S,N,A,-,Y,NA,NA,NA,NA,NA,NA,NA,NA,NA,Y,4,0,1,3,A,-,08,22107,NA,N,D,C,A,A,H,-,A,D,0,NA,NA,NA,NA,Y,NA,A,01,0,0,1,0,0,0,0,0,0,-,-,NA,NA,RIVERSIDE,MENIFEE,-117.171306,33.63657009
90033049,2015,2015-10-19,9630,2015-10-09,2135,015339,NA,5,2,9,3300,0,2,4,NA,2,029,WASHINGTON ST. (N/B),AVE. 38,1056,N,N,A,-,N,NA,NA,NA,NA,NA,NA,NA,NA,NA,Y,2,0,1,1,A,-,01,23152,A,N,E,I,A,A,H,-,D,D,0,NA,NA,NA,NA,Y,Y,A,01,1,0,0,0,0,0,0,0,0,-,-,33.77571,-116.3013,RIVERSIDE,UNINCORPORATED,-116.30130921,33.77500936
90033718,2015,2015-10-19,9685,2015-10-14,1455,016502,NA,3,2,9,3300,0,3,5,NA,2,003,BUTTERFIELD STAGE RD.,SAN SIMEON ST.,5,S,N,A,-,N,NA,NA,NA,NA,NA,NA,NA,NA,NA,Y,4,0,1,1,A,-,08,22107,NA,N,E,J,A,A,H,-,A,D,0,NA,NA,NA,NA,Y,NA,A,01,0,0,1,0,0,0,0,0,0,-,-,33.4743,-117.06422,RIVERSIDE,UNINCORPORATED,-117.06440225,33.47455794
90034424,2015,2015-10-20,9840,2015-09-27,0010,019017,NA,7,3,4,3312,0,1,1,NA,2,041,INTERSTATE  215 SB,PLACENTIA,1000,S,N,A,-,Y,NA,NA,215,NA,NA,NA,NA,NA,S,Y,3,0,1,1,A,-,01,23152,A,N,E,I,A,A,H,-,C,D,0,NA,NA,NA,NA,Y,Y,A,01,0,1,0,0,0,0,0,0,0,-,-,33.8189,-117.24018,RIVERSIDE,PERRIS,-117.24029766,33.81887834
90034607,2015,2015-10-20,9685,2015-10-14,1855,015757,NA,3,2,5,3335,0,1,1,NA,2,030,I-15 N/B (TEMECULA VALLEY FWY),WINCHESTER RD,2640,S,N,A,-,Y,NA,NA,15,NA,NA,NA,NA,NA,N,Y,4,0,1,2,A,-,03,22350,NA,N,C,C,A,A,H,-,A,D,0,NA,NA,NA,NA,Y,NA,B,01,0,0,1,0,0,0,0,0,0,-,-,33.5195,-117.1605,RIVERSIDE,TEMECULA,-117.16065685,33.51939475
90037505,2015,2015-10-26,9630,2015-10-13,1815,015339,NA,2,2,9,3300,0,2,4,NA,2,029,42ND AVE,WASHINGTON ST,0,NA,Y,A,-,N,NA,NA,NA,NA,NA,NA,NA,NA,NA,Y,4,0,1,2,A,-,01,23152,A,M,D,C,A,A,H,-,C,A,0,NA,NA,NA,NA,Y,Y,A,01,0,0,1,0,0,0,0,0,0,-,-,33.74365,-116.30378,RIVERSIDE,UNINCORPORATED,-116.30393,33.74360005
90038254,2015,2015-10-26,9685,2015-09-28,1715,015757,NA,1,2,4,3342,0,1,1,NA,2,034,I-215 N/B (ESCONDIDO FWY),LOS ALAMOS RD,340,S,N,A,-,Y,NA,NA,215,NA,NA,NA,NA,NA,N,Y,4,0,1,2,A,-,03,22350,NA,N,C,C,A,A,H,-,A,D,0,NA,NA,NA,NA,Y,NA,A,01,0,0,1,0,0,0,0,0,0,-,-,33.5775,-117.1815,RIVERSIDE,MURRIETA,-117.18076587,33.57750139
90038844,2015,2015-10-27,9685,2015-10-25,2050,013925,NA,7,2,5,3335,0,1,1,NA,2,030,I-15 N/B FROM TEMECULA PARKWAY,TEMECULA PARKWAY,300,N,N,A,-,Y,NA,NA,NA,NA,NA,NA,NA,NA,NA,N,4,0,1,2,A,-,03,22350,NA,N,C,C,A,A,H,-,D,D,0,NA,NA,NA,NA,Y,NA,A,07,0,0,1,0,0,0,0,0,0,-,-,NA,NA,RIVERSIDE,TEMECULA,NA,NA
90041240,2015,2015-10-29,9685,2015-10-22,2120,013376,NA,4,2,5,3341,0,1,1,NA,2,020,I-215 NORTHBOUND,MCCALL BOULEVARD,2498,N,N,A,-,Y,NA,NA,215,NA,NA,NA,NA,NA,N,Y,3,0,5,5,A,-,03,22350,NA,F,C,C,A,A,D,-,C,D,0,NA,NA,NA,NA,Y,NA,D,22,0,1,4,0,0,0,0,0,0,-,-,33.72184,-117.18894,RIVERSIDE,MENIFEE,-117.18897628,33.72183934
9004160,2019,2020-02-19,3300,2019-12-01,1734,4713,910F,7,5,5,3335,0,0,0,NA,0,062,RANCHO CALIFORNIA RD,LYNDIE LN,51,E,N,A,-,N,NA,NA,NA,NA,NA,NA,NA,NA,NA,N,4,0,1,2,A,-,03,22350,NA,N,C,C,A,A,H,-,C,A,0,NA,NA,NA,NA,Y,NA,A,01,0,0,1,0,0,0,0,0,0,-,-,33.506778717041016,-117.14203643798828,RIVERSIDE,TEMECULA,-117.14197540283205,33.50690460205078
90042610,2015,2015-11-02,9685,2015-10-31,1930,015857,NA,6,2,9,3300,0,2,4,NA,2,016,GRAND AVE,SANGSTON DR,120,N,N,A,-,N,NA,NA,NA,NA,NA,NA,NA,NA,NA,N,3,0,1,2,A,-,11,21954,A,F,G,B,D,A,H,-,C,D,0,Y,NA,NA,NA,Y,Y,N,60,0,1,0,0,1,0,0,0,0,-,-,33.65419,-117.36902,RIVERSIDE,UNINCORPORATED,-117.36898471,33.65405706
90044996,2015,2015-11-05,9655,2015-10-30,0533,019234,9655,5,3,9,3300,0,2,4,NA,2,322,STETSON AVE,CORNELL ST.,0,NA,Y,A,-,N,NA,NA,NA,NA,NA,NA,NA,NA,NA,Y,4,0,2,2,A,-,09,21802,A,N,D,C,A,A,H,-,B,A,0,NA,NA,NA,NA,Y,NA,A,07,0,0,2,0,0,0,0,0,0,-,-,33.72953,-116.94112,RIVERSIDE,UNINCORPORATED,-116.94113008,33.72954012
90045171,2015,2015-11-05,9660,2015-10-22,1445,021146,NA,4,2,9,3300,0,1,1,NA,2,030,I-10 E/B,PALEN DITCH,100,E,N,A,-,Y,NA,NA,10,NA,NA,NA,NA,NA,E,Y,4,0,1,1,A,-,08,22107,NA,N,E,I,A,A,H,-,A,D,0,NA,NA,NA,NA,Y,NA,A,01,0,0,1,0,0,0,0,0,0,-,-,33.70086,-115.30704,RIVERSIDE,UNINCORPORATED,-115.30702381,33.70092243
90047262,2015,2015-11-09,9685,2015-10-28,1540,016185,NA,3,2,9,3300,0,3,5,NA,2,003,BAXTER ROAD,PRARIE SUN WAY,12,W,N,B,-,N,NA,NA,NA,NA,NA,NA,NA,NA,NA,N,3,0,1,2,D,-,00,NA,NA,N,D,G,A,A,H,-,A,A,0,NA,Y,NA,NA,Y,NA,-,-,0,1,0,0,0,0,1,0,0,-,-,33.4647,-117.84457,RIVERSIDE,UNINCORPORATED,-117.12598928,33.61246933
90048590,2015,2015-11-11,9655,2015-11-10,0650,013757,NA,2,1,9,3300,0,1,3,NA,2,213,SR-79 S/B,CALIFORNIA AVE,3356,S,N,B,-,Y,NA,NA,79,NA,NA,NA,NA,NA,S,Y,3,0,2,1,A,-,08,22107,NA,N,E,I,A,A,H,-,A,D,0,NA,NA,NA,NA,Y,NA,A,01,0,1,1,0,0,0,0,0,0,-,-,33.90368,-116.98517,RIVERSIDE,UNINCORPORATED,-116.98499499,33.90364568
9004957,2019,2020-02-19,3300,2019-12-01,1814,3552,916C,7,5,4,3312,0,0,0,NA,0,1814,4TH ST,PARK AV,0,E,N,B,-,N,NA,NA,NA,NA,NA,NA,NA,NA,NA,Y,4,0,2,2,A,-,01,23152,B,N,C,C,A,A,H,-,C,A,0,NA,NA,NA,NA,Y,Y,A,01,0,0,2,0,0,0,0,0,0,-,-,NA,NA,RIVERSIDE,PERRIS,-117.23693084716795,33.78234100341797
90050295,2015,2016-02-02,9840,2015-10-30,1345,016342,NA,5,1,6,3394,0,1,3,NA,2,251,SR-60 W/B,FREDERICK ST.,500,W,N,A,G,Y,NA,NA,60,NA,NA,NA,NA,NA,W,N,3,0,1,1,A,-,00,22017,NA,N,F,A,A,A,H,-,A,D,0,NA,NA,Y,NA,Y,NA,C,02,0,1,0,0,0,0,0,0,1,-,-,33.94091,-117.26861,RIVERSIDE,MORENO VALLEY,-117.26860136,33.94099443
90051119,2015,2015-11-16,9840,2015-10-09,1428,016497,NA,5,2,7,3313,0,1,1,NA,2,023,I-215 S/B TO SR-60 E/B,FAIR ISLE DR,3000,S,N,A,-,Y,NA,NA,215,NA,NA,NA,R,NA,S,Y,3,0,1,1,A,-,08,22107,NA,N,F,A,A,A,H,-,A,D,0,NA,NA,NA,NA,Y,NA,A,07,0,1,0,0,0,0,0,0,0,-,-,33.94296,-117.2937,RIVERSIDE,RIVERSIDE,-117.2937,33.94296
90051124,2015,2015-11-16,9655,2015-07-13,1300,014421,NA,1,1,3,3302,0,1,1,NA,2,202,I-10 EASTBOUND TO HIGHLAND SPRINGS AVE,HIGHLAND SPRINGS AVE,40,W,N,A,-,Y,NA,NA,10,NA,NA,NA,R,NA,E,N,4,0,1,2,A,-,21,22106,NA,N,C,C,A,A,H,-,A,A,0,NA,NA,NA,NA,Y,NA,A,01,0,0,1,0,0,0,0,0,0,-,-,33.92635,-116.94707,RIVERSIDE,BEAUMONT,-116.94707,33.92635
90051545,2015,2015-11-16,9685,2015-11-08,1635,013165,NA,7,2,9,3300,0,3,5,NA,2,003,LEON STREET,FRETWELL AVENUE,100,N,N,A,-,N,NA,NA,NA,NA,NA,NA,NA,NA,NA,N,4,0,1,2,A,-,08,22107,NA,N,D,G,A,A,H,-,A,D,0,NA,Y,NA,NA,Y,NA,L,04,0,0,1,0,0,0,1,0,0,-,-,33.73902,-117.11933,RIVERSIDE,UNINCORPORATED,-117.1192354,33.73886388
90052956,2015,2015-11-17,9685,2015-11-16,1655,014349,NA,1,2,5,3335,0,1,1,NA,2,030,INTERSTATE 15 NORTHBOUND,WARM SPRINS CREEK,900,S,N,A,-,Y,NA,NA,15,NA,NA,NA,NA,NA,N,Y,4,0,1,2,A,-,08,22107,NA,N,D,C,A,A,C,-,A,D,0,NA,NA,NA,NA,Y,NA,A,07,0,0,1,0,0,0,0,0,0,-,-,33.53487,-117.17034,RIVERSIDE,TEMECULA,-117.17075543,33.53458971
90053808,2015,2015-11-18,9630,2015-11-10,1110,018811,NA,2,1,9,3300,0,2,4,NA,2,029,WASHINGTON STREET N/B,EASTHAVEN ROAD,0,NA,Y,A,-,N,NA,NA,NA,NA,NA,NA,NA,NA,NA,Y,4,0,2,2,A,-,09,21804,A,N,D,C,A,A,H,-,A,D,0,NA,NA,NA,NA,Y,NA,A,01,0,0,2,0,0,0,0,0,0,-,-,33.7466,-116.30371,RIVERSIDE,UNINCORPORATED,-116.30390008,33.74548012
90056511,2015,2015-11-20,9840,2015-11-13,1720,016342,NA,5,2,6,3315,0,1,3,NA,2,030,SR-91 W/B,SERFAS CLUB DR,2112,W,N,A,-,Y,NA,NA,91,NA,NA,NA,NA,NA,W,Y,4,0,1,3,A,-,03,22350,NA,N,C,C,A,A,D,-,D,D,0,NA,NA,NA,NA,Y,NA,A,01,0,0,1,0,0,0,0,0,0,-,-,33.88448,-117.62938,RIVERSIDE,CORONA,-117.62939883,33.88440843
90057759,2015,2015-11-23,9685,2015-10-29,1725,012752,NA,4,2,5,3335,0,1,1,NA,2,030,I-15 NORTHBOUND,SANTIAGO ROAD,1848,N,N,A,-,Y,NA,NA,NA,NA,NA,NA,NA,NA,NA,Y,3,0,1,2,D,-,00,NA,NA,N,H,C,A,A,H,-,E,D,0,NA,NA,Y,NA,Y,NA,-,-,0,1,0,0,0,0,0,0,1,-,-,NA,NA,RIVERSIDE,TEMECULA,-117.14623879,33.49473167
90059153,2015,2015-11-24,9840,2015-11-11,1825,014571,NA,3,2,6,3345,0,1,1,NA,2,011,I-15 N/B,MISSION BLVD.,343,N,N,A,-,Y,NA,NA,15,NA,NA,NA,NA,NA,N,Y,4,0,1,2,A,-,03,22350,NA,N,B,C,A,A,H,-,C,D,0,NA,NA,Y,NA,Y,NA,C,02,0,0,1,0,0,0,0,0,1,-,-,34.03067,-117.55021,RIVERSIDE,JURUPA VALLEY,-117.55002454,34.03067442
90059521,2015,2015-11-25,9840,2015-11-10,1831,020210,NA,2,2,7,3313,0,1,1,NA,2,023,I-215 S/B,BLAINE ST,700,S,N,A,-,Y,NA,NA,215,NA,NA,NA,NA,NA,S,N,4,0,1,2,A,-,03,22350,NA,N,C,C,A,A,H,-,D,D,0,NA,NA,NA,NA,Y,NA,A,01,0,0,1,0,0,0,0,0,0,-,-,33.98028,-117.34043,RIVERSIDE,RIVERSIDE,-117.34031378,33.98040509
90061615,2015,2015-11-30,9655,2015-11-21,1450,015892,NA,6,2,9,3300,0,1,3,NA,1,116,STATE ROUTE 74,STATE ROUTE 243,1584,E,N,A,-,Y,NA,NA,74,NA,NA,NA,NA,NA,NA,Y,2,0,1,1,A,-,08,22107,NA,N,F,A,A,A,H,-,A,D,0,NA,NA,Y,NA,Y,NA,C,02,1,0,0,0,0,0,0,0,1,-,-,33.70232,-116.72072,RIVERSIDE,UNINCORPORATED,-116.72075943,33.702275
90062439,2015,2015-12-01,9685,2015-11-23,1930,012466,NA,1,2,9,3300,0,3,5,NA,2,001,SOUTH MAIN DIVIDE,SR-74 (ORTEGA HIGHWAY),18480,S,N,A,-,N,NA,NA,NA,NA,NA,NA,NA,NA,NA,Y,2,0,2,1,A,-,05,21650,NA,N,F,A,A,A,H,-,D,D,0,NA,NA,NA,NA,Y,NA,A,01,1,1,0,0,0,0,0,0,0,-,-,33.62715,-117.3692,RIVERSIDE,UNINCORPORATED,NA,NA
90062500,2015,2017-01-06,9660,2015-11-08,2245,021051,NA,7,3,9,3300,0,1,2,NA,2,038,US-95,2ND AVE.,4224,N,N,A,F,Y,NA,NA,95,NA,NA,NA,NA,NA,NA,Y,2,0,1,1,A,-,08,22107,NA,N,E,I,A,A,H,-,D,D,0,NA,NA,NA,NA,Y,NA,D,22,1,0,0,0,0,0,0,0,0,-,-,33.70194,-114.57189,RIVERSIDE,UNINCORPORATED,-114.57189801,33.70195163
90063370,2015,2015-12-02,9840,2015-11-11,2136,015663,NA,3,2,9,3300,0,1,1,NA,2,034,I-15 S/B,EL CERRITO RD.,550,S,N,A,-,Y,NA,NA,15,NA,NA,NA,NA,NA,S,Y,4,0,2,2,A,-,07,21658,A,N,C,C,A,A,H,-,D,D,0,NA,NA,NA,NA,Y,NA,D,22,0,0,2,0,0,0,0,0,0,-,-,33.82574,-117.5251,RIVERSIDE,UNINCORPORATED,-117.52476416,33.82614055
90063404,2015,2015-12-02,9655,2015-11-27,1442,019393,NA,5,2,9,3300,0,1,1,NA,2,206,I-10 W/B,SR-62,6336,W,N,B,-,Y,NA,NA,10,NA,NA,NA,NA,NA,W,N,4,0,2,2,A,-,07,21658,A,N,B,C,A,A,H,-,A,D,0,NA,NA,NA,NA,Y,NA,A,01,0,0,2,0,0,0,0,0,0,-,-,33.91933,-116.62733,RIVERSIDE,UNINCORPORATED,-116.62728261,33.91943928
90063446,2015,2015-12-02,9840,2015-11-19,0820,014916,9840,4,1,7,3313,0,1,1,NA,2,023,I215 N/B,MARTIN LUTHER KING BLVD,1584,S,N,A,-,Y,NA,NA,NA,NA,NA,NA,NA,NA,NA,Y,4,0,1,3,A,-,03,22350,NA,N,C,C,A,A,H,-,A,D,0,NA,NA,NA,NA,Y,NA,A,01,0,0,1,0,0,0,0,0,0,-,-,33.96736,-117.32764,RIVERSIDE,RIVERSIDE,NA,NA
90067197,2015,2015-12-07,9685,2015-11-29,0001,14338,NA,7,3,9,3300,0,1,3,NA,1,039,SR-79,PAUBA ROAD,10560,S,N,A,-,Y,NA,NA,79,NA,NA,NA,NA,NA,NA,Y,3,0,1,1,A,-,08,22107,NA,N,F,A,A,A,H,-,D,D,0,NA,NA,NA,NA,Y,NA,A,07,0,1,0,0,0,0,0,0,0,-,-,33.4678,-116.9909,RIVERSIDE,UNINCORPORATED,-116.99090951,33.46792073
90071955,2015,2015-12-14,9655,2015-12-04,2118,019234,NA,5,2,9,3300,0,3,5,NA,2,002,BEAUMONT AVE,CHERRY VALLEY BLVD,0,NA,Y,A,-,N,NA,NA,NA,NA,NA,NA,NA,NA,NA,Y,4,0,1,2,A,-,09,21800,D,N,D,C,A,A,H,-,C,B,0,NA,NA,NA,NA,Y,NA,A,07,0,0,1,0,0,0,0,0,0,-,-,33.96867,-116.97728,RIVERSIDE,UNINCORPORATED,-116.97732013,33.9687201
90072038,2015,2015-12-14,9840,2015-11-19,2330,015957,NA,4,3,7,3313,0,1,1,NA,2,023,I-215 N/B,CENTRAL AVE,150,N,N,A,-,Y,NA,NA,215,NA,NA,NA,NA,NA,N,Y,3,0,1,2,A,-,01,23152,A,N,C,C,A,A,H,-,C,D,0,NA,NA,NA,NA,Y,Y,A,01,0,1,0,0,0,0,0,0,0,-,-,33.95874,-117.31002,RIVERSIDE,RIVERSIDE,-117.30966573,33.95920555
90072698,2015,2015-12-14,9685,2015-12-03,1240,013562,NA,4,1,9,3300,0,3,5,NA,2,003,RANCHO CALIFORNIA ROAD,CALLE CONTENTO,1056,W,N,A,-,N,NA,NA,NA,NA,NA,NA,NA,NA,NA,Y,3,0,2,2,A,-,09,21801,A,N,A,C,A,A,H,-,A,D,0,NA,NA,NA,NA,Y,NA,A,01,0,1,1,0,0,0,0,0,0,-,-,33.52626,-117.07295,RIVERSIDE,UNINCORPORATED,-117.07145849,33.52663871
90075017,2015,2015-12-16,9655,2015-12-07,2126,018336,NA,1,2,9,3300,0,1,3,NA,1,314,SR-74,7TH ST,0,NA,Y,A,-,Y,NA,NA,74,NA,NA,NA,NA,NA,NA,Y,3,0,1,2,A,-,09,21801,A,N,D,C,A,A,H,-,D,D,0,NA,NA,NA,NA,Y,Y,A,01,0,1,0,0,0,0,0,0,0,-,-,33.74783,-116.89675,RIVERSIDE,UNINCORPORATED,-116.89675013,33.7478383
90075580,2015,2015-12-16,9840,2015-12-02,0531,015663,NA,3,3,6,3345,0,1,3,NA,2,010,SR-60 W/B,COUNTRY VILLAGE RD.,300,W,N,A,-,Y,NA,NA,60,NA,NA,NA,NA,NA,W,Y,4,0,2,3,A,-,07,21658,A,N,B,C,A,A,H,-,D,D,0,NA,NA,NA,Y,Y,NA,-,-,0,0,2,0,0,0,0,0,0,-,-,34.01899,-117.50891,RIVERSIDE,JURUPA VALLEY,-117.50890653,34.01891349
9007564,2019,2019-12-23,3342,2019-08-30,1725,898,495,5,5,4,3342,0,0,0,NA,0,00D,JEFFERSON AV,DATE ST,272,S,N,A,-,N,NA,NA,NA,NA,NA,NA,NA,NA,NA,N,4,0,2,2,A,-,09,21804,A,N,D,C,A,A,H,-,A,A,0,NA,NA,NA,Y,Y,NA,F,26,0,0,2,0,0,0,0,0,0,-,-,33.52960968017578,-117.17543792724608,RIVERSIDE,MURRIETA,-117.17479705810548,33.52898406982422
9007568,2019,2019-12-23,3342,2019-08-27,0752,1150,287,2,5,4,3342,0,0,0,NA,0,002,LINCOLN AV,ALONDRA DR,0,NA,Y,A,-,N,NA,NA,NA,NA,NA,NA,NA,NA,NA,N,3,0,1,2,A,-,09,21802,A,N,H,G,A,A,H,-,A,A,0,NA,Y,NA,NA,Y,NA,D,22,0,1,0,0,0,0,1,0,0,-,-,33.56731033325195,-117.19367980957033,RIVERSIDE,MURRIETA,-117.1936492919922,33.5672607421875
90081098,2015,2015-12-23,9655,2015-12-22,0420,016564,NA,2,3,9,3300,0,1,3,NA,2,212,SR-60 E/B,JACK RABBIT TRAIL,8448,W,N,C,-,Y,NA,NA,60,NA,NA,NA,NA,NA,E,Y,3,0,1,1,A,-,03,22350,NA,N,E,I,A,B,H,-,D,D,0,NA,NA,NA,NA,Y,NA,A,01,0,1,0,0,0,0,0,0,0,-,-,33.94677,-117.0594,RIVERSIDE,UNINCORPORATED,-117.05941165,33.94673577
90081961,2015,2015-12-24,9685,2015-12-18,1210,012775,NA,5,1,9,3300,0,1,3,NA,1,045,SR-371 S/B,CARY ROAD,5280,W,N,A,-,Y,NA,NA,NA,NA,NA,NA,NA,NA,NA,Y,4,0,1,2,A,-,03,22350,NA,N,C,C,A,A,H,-,A,D,0,NA,NA,NA,NA,Y,NA,A,01,0,0,1,0,0,0,0,0,0,-,-,33.5412,-116.74371,RIVERSIDE,UNINCORPORATED,NA,NA
90082286,2015,2015-12-24,9685,2015-12-22,1705,013165,NA,2,2,5,3341,0,1,1,NA,2,020,INTERSTATE 215 N/B TO NEWPORT ROAD,NEWPORT ROAD,1200,S,N,B,-,Y,NA,NA,215,NA,NA,NA,R,NA,N,N,4,0,1,3,A,-,03,22350,NA,M,C,C,A,A,H,-,D,D,0,NA,NA,NA,NA,Y,NA,A,01,0,0,1,0,0,0,0,0,0,-,-,33.68051,-117.17069,RIVERSIDE,MENIFEE,-117.17069,33.68051
90082304,2015,2015-12-24,9685,2015-12-23,0901,17285,NA,3,1,9,3300,0,3,5,NA,2,003,BUCK ROAD,RANCHO CALIFORNIA ROAD,1600,E,N,B,C,N,NA,NA,NA,NA,NA,NA,NA,NA,NA,Y,2,0,3,2,A,-,03,22350,NA,N,A,C,A,B,H,-,A,D,0,NA,NA,NA,NA,Y,NA,A,01,1,1,1,0,0,0,0,0,0,-,-,33.55525,-117.03159,RIVERSIDE,UNINCORPORATED,-117.03269,33.55468
90083575,2015,2015-12-28,9840,2015-11-26,2155,019527,NA,4,2,7,3313,0,1,3,NA,2,021,SR-91 E/B,IVY ST.,80,E,N,A,-,Y,NA,NA,91,NA,NA,NA,NA,NA,E,Y,4,0,1,1,A,-,08,22107,NA,N,E,I,A,A,D,-,C,D,0,NA,NA,NA,NA,Y,NA,A,01,0,0,1,0,0,0,0,0,0,-,-,33.95997,-117.37749,RIVERSIDE,RIVERSIDE,-117.37770018,33.9600136
90086747,2015,2016-01-01,9685,2015-12-28,0710,012190,NA,1,1,5,3341,0,1,1,NA,2,034,I-215 S/B FROM SCOTT RD,SCOTT RD,35,S,N,A,-,Y,NA,NA,NA,NA,NA,NA,NA,NA,NA,N,4,0,1,1,A,-,03,22350,NA,N,F,A,A,A,H,-,A,D,0,NA,NA,Y,NA,Y,NA,C,02,0,0,1,0,0,0,0,0,1,-,-,NA,NA,RIVERSIDE,MENIFEE,-117.17132,33.64145413
90088678,2015,2016-01-05,9685,2015-12-31,1700,015757,NA,4,2,5,3335,0,1,1,NA,2,030,I-15 S/B (TEMECULA VALLEY FWY),SANTIAGO RD O/C,350,N,N,A,-,Y,NA,NA,15,NA,NA,NA,NA,NA,S,N,4,0,3,3,A,-,03,22350,NA,N,C,C,A,A,H,-,D,D,0,NA,NA,NA,NA,Y,NA,A,01,0,0,3,0,0,0,0,0,0,-,-,33.4914,-117.1448,RIVERSIDE,TEMECULA,-117.14479148,33.49140319
90091082,2015,2016-01-19,9840,2015-12-19,1805,019527,NA,6,2,7,3313,0,1,3,NA,2,021,SR-91 E/B,ADAMS ST,1000,E,N,C,-,Y,NA,NA,NA,NA,NA,NA,NA,NA,NA,Y,3,0,3,2,A,-,01,23152,A,N,C,C,A,B,D,-,C,D,0,NA,NA,NA,NA,Y,NA,A,01,0,1,2,0,0,0,0,0,0,-,-,33.93523,-117.40372,RIVERSIDE,RIVERSIDE,-117.41698618,33.92890361
9009203,2019,2020-02-19,3300,2019-12-22,1915,4649,806A,7,5,3,3343,0,0,0,NA,0,086,CLINTON KEITH RD,GEORGE AV,15,W,N,A,-,N,NA,NA,NA,NA,NA,NA,NA,NA,NA,Y,4,0,2,2,A,-,03,22350,NA,N,C,C,A,A,H,-,C,A,0,NA,NA,NA,NA,Y,NA,D,22,0,0,2,0,0,0,0,0,0,-,-,33.59775924682617,-117.24115753173828,RIVERSIDE,WILDOMAR,-117.24087524414063,33.59770584106445
90095798,2015,2016-01-14,9840,2015-12-09,2153,018498,NA,3,2,9,3300,0,2,4,NA,2,042,VAN BUREN BLVD.,KING AVE.,540,E,N,A,-,N,NA,NA,NA,NA,NA,NA,NA,NA,NA,Y,4,0,2,2,A,-,09,21801,A,F,D,C,A,A,H,-,D,D,0,NA,NA,NA,NA,Y,NA,D,22,0,0,2,0,0,0,0,0,0,-,-,NA,NA,RIVERSIDE,UNINCORPORATED,-117.36872621,33.88237136
90097008,2016,2016-01-18,9655,2016-01-16,1815,019462,NA,6,2,9,3300,0,3,5,NA,2,003,STANFORD ST,WHITTIER AVE,25,N,N,A,-,N,NA,NA,NA,NA,NA,NA,NA,NA,NA,Y,4,0,1,2,A,-,01,23152,A,N,C,C,A,A,H,-,C,A,0,NA,NA,NA,NA,Y,Y,D,22,0,0,1,0,0,0,0,0,0,-,-,33.73704,-116.93253,RIVERSIDE,UNINCORPORATED,-116.93250047,33.73688846