CASE_ID,ACCIDENT_YEAR,PROC_DATE,JURIS,COLLISION_DATE,COLLISION_TIME,OFFICER_ID,REPORTING_DISTRICT,DAY_OF_WEEK,CHP_SHIFT,POPULATION,CNTY_CITY_LOC,SPECIAL_COND,BEAT_TYPE,CHP_BEAT_TYPE,CITY_DIVISION_LAPD,CHP_BEAT_CLASS,BEAT_NUMBER,PRIMARY_RD,SECONDARY_RD,DISTANCE,DIRECTION,INTERSECTION,WEATHER_1,WEATHER_2,STATE_HWY_IND,CALTRANS_COUNTY,CALTRANS_DISTRICT,STATE_ROUTE,ROUTE_SUFFIX,POSTMILE_PREFIX,POSTMILE,LOCATION_TYPE,RAMP_INTERSECTION,SIDE_OF_HWY,TOW_AWAY,COLLISION_SEVERITY,NUMBER_KILLED,NUMBER_INJURED,PARTY_COUNT,PRIMARY_COLL_FACTOR,PCF_CODE_OF_VIOL,PCF_VIOL_CATEGORY,PCF_VIOLATION,PCF_VIOL_SUBSECTION,HIT_AND_RUN,TYPE_OF_COLLISION,MVIW,PED_ACTION,ROAD_SURFACE,ROAD_COND_1,ROAD_COND_2,LIGHTING,CONTROL_DEVICE,CHP_ROAD_TYPE,PEDESTRIAN_ACCIDENT,BICYCLE_ACCIDENT,MOTORCYCLE_ACCIDENT,TRUCK_ACCIDENT,NOT_PRIVATE_PROPERTY,ALCOHOL_INVOLVED,STWD_VEHTYPE_AT_FAULT,CHP_VEHTYPE_AT_FAULT,COUNT_SEVERE_INJ,COUNT_VISIBLE_INJ,COUNT_COMPLAINT_PAIN,COUNT_PED_KILLED,COUNT_PED_INJURED,COUNT_BICYCLIST_KILLED,COUNT_BICYCLIST_INJURED,COUNT_MC_KILLED,COUNT_MC_INJURED,PRIMARY_RAMP,SECONDARY_RAMP,LATITUDE,LONGITUDE,COUNTY,CITY,POINT_X,POINT_Y
90447142,2017,2017-05-02,9685,2017-04-22,1519,016944,NA,6,2,5,3335,0,1,1,NA,2,030,I-15 N/B TO TEMECULA PKWY.,TEMECULA PKWY.,100,S,N,A,-,Y,NA,NA,15,NA,NA,NA,R,NA,N,Y,4,0,2,3,A,-,03,22350,NA,N,C,C,A,A,H,-,A,D,0,NA,NA,NA,NA,Y,NA,A,01,0,0,2,0,0,0,0,0,0,-,-,33.47944,-117.1395,RIVERSIDE,TEMECULA,-117.1395,33.47944
90447548,2017,2017-05-02,9655,2017-04-26,1425,018587,NA,3,2,9,3300,0,1,3,NA,2,315,SR-79 N/B,DOMENIGONI PKY,20,S,N,A,-,Y,NA,NA,79,NA,NA,NA,NA,NA,N,N,4,0,1,2,A,-,21,22106,NA,F,C,C,A,A,H,-,A,A,0,NA,NA,NA,NA,Y,NA,A,01,0,0,1,0,0,0,0,0,0,-,-,33.6959,-117.08473,RIVERSIDE,UNINCORPORATED,-117.08486803,33.6958986
90449411,2017,2017-05-04,9655,2017-03-02,1410,018587,NA,4,2,9,3300,0,1,3,NA,2,213,STATE ROUTE 79,GILMAN SPRINGS ROAD,2288,S,N,A,-,Y,NA,NA,79,NA,NA,NA,NA,NA,NA,Y,1,2,1,2,A,-,08,22107,NA,N,B,C,A,A,H,-,A,D,0,NA,NA,NA,NA,Y,NA,A,01,0,0,1,0,0,0,0,0,0,-,-,33.83948,-117.0037,RIVERSIDE,UNINCORPORATED,-117.00358759,33.83947992
90449589,2017,2017-05-04,9630,2017-04-24,2256,021298,NA,1,3,9,3300,0,1,1,NA,2,302,I-10 W/B,RICE RD,4752,W,N,A,-,Y,NA,NA,10,NA,NA,NA,NA,NA,W,Y,4,0,2,2,A,-,08,22107,NA,N,B,C,A,A,H,-,D,D,0,NA,NA,NA,NA,Y,NA,A,01,0,0,2,0,0,0,0,0,0,-,-,33.71061,-115.41295,RIVERSIDE,UNINCORPORATED,-115.41294905,33.71056557
90449799,2017,2017-05-05,9840,2017-05-01,1427,017504,NA,1,2,7,3313,0,1,3,NA,2,020,SR-91 W/B,VAN BUREN BLVD.,600,E,N,A,-,Y,NA,NA,91,NA,NA,NA,NA,NA,W,Y,4,0,1,3,A,-,03,22350,NA,N,C,C,A,A,H,-,A,D,0,NA,NA,NA,NA,Y,NA,A,07,0,0,1,0,0,0,0,0,0,-,-,33.91553,-117.44152,RIVERSIDE,RIVERSIDE,-117.44134668,33.91523481
9045006,2019,2020-03-04,3300,2019-09-07,0306,4546,910P,6,5,5,3335,0,0,0,NA,0,070,TEMECULA PKWY,APIS RD,0,NA,Y,A,-,N,NA,NA,NA,NA,NA,NA,NA,NA,NA,N,2,0,1,2,A,-,06,21760,B,F,H,G,A,A,H,-,C,A,0,NA,Y,NA,NA,Y,Y,A,01,1,0,0,0,0,0,1,0,0,-,-,33.48244857788086,-117.09368896484376,RIVERSIDE,TEMECULA,-117.09365,33.48225
9045200,2020,2020-03-02,3315,2020-01-12,1913,3227,3A,7,5,6,3315,0,0,0,NA,0,003,MAGNOLIA AV,GARRETSON CIR,0,NA,Y,A,-,N,NA,NA,NA,NA,NA,NA,NA,NA,NA,Y,4,0,1,2,A,-,09,21801,A,N,D,C,A,A,H,-,C,A,0,NA,NA,NA,NA,Y,NA,A,01,0,0,1,0,0,0,0,0,0,-,-,33.8559684753418,-117.55964660644533,RIVERSIDE,CORONA,-117.55970764160156,33.85601043701172
90452354,2017,2017-05-09,9685,2017-05-01,0357,017399,NA,1,3,4,3307,0,1,1,NA,2,010,I-15 S/B,CENTRAL AVENUE,2000,S,N,A,-,Y,NA,NA,15,NA,NA,NA,NA,NA,S,Y,4,0,1,2,A,-,03,22350,NA,N,C,C,A,A,H,-,D,D,0,NA,NA,NA,Y,Y,NA,A,01,0,0,1,0,0,0,0,0,0,-,-,33.68663,-117.33284,RIVERSIDE,LAKE ELSINORE,-117.33281341,33.68665413
90452745,2017,2017-05-10,9840,2017-04-10,1554,017441,NA,1,2,9,3300,0,3,5,NA,2,003,CAJALCO RD.,LA SIERRA AVE,3440,W,N,A,-,N,NA,NA,NA,NA,NA,NA,NA,NA,NA,Y,2,0,2,3,A,-,05,21460,A,N,A,C,A,A,H,-,A,D,0,NA,NA,NA,Y,Y,NA,G,27,1,1,0,0,0,0,0,0,0,-,-,33.8307,-117.46896,RIVERSIDE,UNINCORPORATED,-117.47077234,33.83009305
90453729,2017,2017-05-11,9840,2017-05-10,0950,017802,NA,3,1,6,3345,0,1,3,NA,2,010,SR-60 W/B,PEDLEY RD.,600,W,N,A,-,Y,NA,NA,60,NA,NA,NA,NA,NA,W,N,4,0,1,3,A,-,03,22350,NA,N,C,C,A,A,H,-,A,D,0,NA,NA,NA,NA,Y,NA,A,01,0,0,1,0,0,0,0,0,0,-,-,34.01949,-117.4827,RIVERSIDE,JURUPA VALLEY,-117.48269431,34.01957472
90458943,2017,2017-05-18,9685,2017-05-09,0830,015757,NA,2,1,4,3342,0,1,1,NA,2,034,I-215 S/B FROM LOS ALAMOS RD ON RAMP,LOS ALAMOS RD,550,S,N,A,-,Y,NA,NA,NA,NA,NA,NA,NA,NA,NA,Y,4,0,1,2,A,-,03,22350,NA,N,C,C,A,A,H,-,A,A,0,NA,NA,NA,NA,Y,NA,A,01,0,0,1,0,0,0,0,0,0,-,-,33.57083,-117.13139,RIVERSIDE,MURRIETA,-117.181,33.57134339
90460243,2017,2017-05-22,9655,2017-05-12,0723,018320,NA,5,1,9,3300,0,3,5,NA,2,003,STETSON AVE,DARTMOUTH ST,12,E,N,A,-,N,NA,NA,NA,NA,NA,NA,NA,NA,NA,N,4,0,1,2,A,-,09,21453,B,N,G,B,B,A,H,-,A,A,0,Y,NA,NA,NA,Y,NA,A,01,0,0,1,0,1,0,0,0,0,-,-,33.72974,-116.93684,RIVERSIDE,UNINCORPORATED,-116.93675068,33.72955053
90460299,2017,2017-05-22,9655,2017-04-25,0752,014743,NA,2,1,9,3300,0,3,5,NA,2,002,TO MORONGO TRAIL,MORONGO TRAIL,0,NA,Y,A,-,Y,NA,NA,NA,NA,NA,NA,NA,NA,NA,Y,3,0,2,1,A,-,01,23152,A,F,F,A,A,A,H,-,A,A,0,NA,NA,Y,NA,Y,Y,C,02,0,2,0,0,0,0,0,0,2,-,-,33.92082,-116.80697,RIVERSIDE,UNINCORPORATED,NA,NA
90460898,2017,2017-05-22,9685,2017-05-13,0915,015757,NA,6,1,9,3300,0,1,3,NA,2,011,SR-74(ORTEGA HWY),MPM 74RIV4.50,430,W,N,A,-,Y,NA,NA,74,NA,NA,NA,NA,NA,NA,Y,2,0,2,2,A,-,08,22107,NA,N,D,C,A,A,H,-,A,D,0,NA,NA,Y,NA,Y,NA,C,02,1,1,0,0,0,0,0,0,1,-,-,33.62589,-117.42611,RIVERSIDE,UNINCORPORATED,-117.42612943,33.62589143
90461068,2017,2017-05-22,9685,2017-05-13,1430,016113,NA,6,2,5,3341,0,1,1,NA,2,020,I-215 SOUTHBOUND,SCOTT ROAD O/C,5808,N,N,A,-,Y,NA,NA,215,NA,NA,NA,NA,NA,S,Y,3,0,2,2,A,-,03,22350,NA,N,C,C,A,A,H,-,A,D,0,NA,NA,NA,NA,Y,NA,A,01,0,2,0,0,0,0,0,0,0,-,-,33.66144,-117.17112,RIVERSIDE,MENIFEE,-117.1711032,33.66143917
90461869,2017,2017-05-23,9840,2017-05-18,1853,015744,NA,4,2,7,3313,0,1,1,NA,2,023,I-215 S/B,SR-91 E/B,20,N,N,A,-,Y,NA,NA,NA,NA,NA,NA,NA,NA,NA,Y,3,0,1,2,A,-,07,21658,A,N,B,C,A,A,H,-,A,D,0,NA,NA,Y,NA,Y,NA,-,-,0,1,0,0,0,0,0,0,1,-,-,33.99324,-117.35732,RIVERSIDE,RIVERSIDE,NA,NA
90462180,2017,2017-05-23,9840,2017-05-17,0555,015663,NA,3,3,6,3345,0,1,3,NA,2,010,SR-60 W/B,PYRITE ST,200,E,N,A,-,Y,NA,NA,NA,NA,NA,NA,NA,NA,NA,Y,4,0,2,2,A,-,03,22350,NA,N,C,C,A,A,H,-,B,D,0,NA,NA,NA,Y,Y,NA,A,01,0,0,2,0,0,0,0,0,0,-,-,33.054,-117.2741,RIVERSIDE,JURUPA VALLEY,-117.46173433,34.01627393
9046232,2019,2020-02-20,3313,2019-12-14,0503,1706,4,6,5,7,3313,0,0,0,NA,0,1R49,CALIFORNIA AV,MELROSE ST,30,W,N,E,F,N,NA,NA,NA,NA,NA,NA,NA,NA,NA,NA,2,0,1,5,A,-,03,22350,NA,N,E,I,A,B,H,-,C,D,0,NA,NA,NA,NA,Y,NA,A,01,1,0,0,0,0,0,0,0,0,-,-,33.94464111328125,-117.41844940185548,RIVERSIDE,RIVERSIDE,-117.41857147216795,33.9454231262207
90465396,2017,2017-05-26,9685,2017-05-19,2130,012775,NA,5,2,5,3335,0,1,1,NA,2,030,I-15 N/B,WINCHESTER ROAD,2112,N,N,A,-,Y,NA,NA,15,NA,NA,NA,NA,NA,N,N,3,0,1,2,A,-,03,22350,NA,N,C,C,A,A,H,-,D,D,0,NA,NA,NA,NA,Y,NA,A,01,0,1,0,0,0,0,0,0,0,-,-,33.52696,-117.16566,RIVERSIDE,TEMECULA,-117.1656931,33.52693799
90465513,2017,2017-05-26,9685,2017-05-20,1807,017285,NA,6,2,9,3300,0,2,4,NA,2,016,GRAND AVENUE,TRINITY WAY,500,S,N,A,-,N,NA,NA,NA,NA,NA,NA,NA,NA,NA,N,4,0,2,2,A,-,09,21801,A,N,A,C,A,A,H,-,A,D,0,NA,NA,NA,NA,Y,NA,A,01,0,0,2,0,0,0,0,0,0,-,-,33.45686,-117.22064,RIVERSIDE,UNINCORPORATED,-117.32755736,33.62842106
9046747,2020,2020-02-20,3300,2020-01-10,1857,4024,WI806,5,5,3,3343,0,0,0,NA,0,086,LA ESTRELLA ST,CREST MEADOW DR,0,NA,Y,A,-,N,NA,NA,NA,NA,NA,NA,NA,NA,NA,Y,2,0,1,2,A,-,12,22450,A,N,A,C,A,A,H,-,C,A,0,NA,NA,Y,NA,Y,NA,A,01,1,0,0,0,0,0,0,0,1,-,-,33.60478973388672,-117.22528839111328,RIVERSIDE,WILDOMAR,-117.22482299804688,33.60483932495117
9046751,2020,2020-02-20,3300,2020-01-22,1504,4254,905K,3,5,4,3307,0,0,0,NA,0,094,LAKE ST,TEMESCAL CANYON RD,0,NA,Y,A,-,N,NA,NA,NA,NA,NA,NA,NA,NA,NA,NA,3,0,1,2,A,-,06,21750,NA,N,D,C,A,A,H,-,A,A,0,NA,NA,Y,NA,Y,NA,C,02,0,1,0,0,0,0,0,0,1,-,-,33.728939056396484,-117.39212036132813,RIVERSIDE,LAKE ELSINORE,-117.3930892944336,33.726898193359375
90467621,2017,2017-05-31,9655,2017-05-17,1254,013757,NA,3,1,9,3300,0,3,5,NA,2,003,MERIDIAN ST.,STETSON AVE.,0,NA,Y,B,-,N,NA,NA,NA,NA,NA,NA,NA,NA,NA,Y,4,0,1,2,A,-,12,22450,A,N,D,C,A,A,H,-,A,A,0,NA,NA,NA,NA,Y,NA,A,07,0,0,1,0,0,0,0,0,0,-,-,33.72966,-116.92815,RIVERSIDE,UNINCORPORATED,-116.92814005,33.72958011
90469620,2017,2017-06-02,9660,2017-05-27,1350,021657,NA,6,1,9,3300,0,1,3,NA,1,034,SR-78,35TH AVE,4224,W,N,A,-,Y,NA,NA,78,NA,NA,NA,NA,NA,NA,Y,4,0,1,1,A,-,08,22107,NA,N,F,A,A,A,H,-,A,A,0,NA,NA,NA,NA,Y,NA,A,01,0,0,1,0,0,0,0,0,0,-,-,33.44431,-114.73148,RIVERSIDE,UNINCORPORATED,-114.73209602,33.44436804
90471143,2017,2017-06-05,9840,2017-05-27,1540,017802,NA,6,2,6,3345,0,1,3,NA,2,010,SR-60 E/B,VALLEY WAY,2100,E,N,A,-,Y,NA,NA,60,NA,NA,NA,NA,NA,E,Y,3,0,1,1,A,-,03,22350,NA,N,F,A,A,A,H,-,A,D,0,NA,NA,Y,NA,Y,NA,C,02,0,1,0,0,0,0,0,0,1,-,-,34.00928,-117.42607,RIVERSIDE,JURUPA VALLEY,-117.42606731,34.00928859
90471251,2017,2017-06-05,9840,2017-06-01,1600,015705,NA,4,2,7,3313,0,1,3,NA,2,020,SR-91 E/B,BUCHANAN ST,520,E,N,A,-,Y,NA,NA,91,NA,NA,NA,NA,NA,E,Y,4,0,1,3,A,-,03,22350,NA,N,C,C,A,A,H,-,A,D,0,NA,NA,NA,NA,Y,NA,D,22,0,0,1,0,0,0,0,0,0,-,-,33.89435,-117.50053,RIVERSIDE,RIVERSIDE,-117.50055979,33.894414
90471784,2017,2017-06-06,9685,2017-05-27,0825,013148,NA,6,1,4,3312,0,1,1,NA,2,020,INTERSTATE 215,SR 74 (EAST),4224,N,N,A,-,Y,NA,NA,215,NA,NA,NA,NA,NA,NA,Y,3,0,1,2,A,-,08,22107,NA,N,B,C,A,A,H,-,A,D,0,NA,NA,Y,NA,Y,NA,C,02,0,1,0,0,0,0,0,0,1,-,-,33.76576,-117.19002,RIVERSIDE,PERRIS,-117.19001056,33.76576503
90472236,2017,2017-06-06,9840,2017-06-05,0850,012208,NA,1,1,6,3315,0,1,1,NA,2,034,INTERSTATE-15 N/B {CORONA MALL FREEWAY},TEMESCAL CANYON ROAD,2915,N,N,A,-,Y,NA,NA,NA,NA,NA,NA,NA,NA,NA,Y,4,0,2,2,A,-,04,21703,NA,N,C,C,A,A,H,-,A,D,0,NA,NA,NA,NA,Y,NA,A,07,0,0,2,0,0,0,0,0,0,-,-,33.78411,-117.74917,RIVERSIDE,CORONA,NA,NA
90472790,2017,2017-06-07,9840,2017-06-02,1440,015705,NA,5,2,6,3345,0,1,3,NA,2,010,SR-60 E/B,RUBIDOUX BLVD,778,W,N,A,-,Y,NA,NA,60,NA,NA,NA,NA,NA,E,Y,4,0,2,3,A,-,03,22350,NA,N,C,C,A,A,H,-,A,D,0,NA,NA,NA,NA,Y,NA,A,01,0,0,2,0,0,0,0,0,0,-,-,34.00417,-117.4031,RIVERSIDE,JURUPA VALLEY,-117.40310812,34.00426357
90473520,2017,2017-06-08,9840,2017-06-01,1445,015705,NA,4,2,7,3313,0,1,3,NA,2,020,SR-91 E/B,JACKSON ST.,994,E,N,A,-,Y,NA,NA,91,NA,NA,NA,NA,NA,E,Y,3,0,1,2,A,-,07,21658,A,N,B,C,A,A,H,-,A,D,0,NA,NA,Y,NA,Y,NA,A,01,0,1,0,0,0,0,0,0,1,-,-,33.91928,-117.43385,RIVERSIDE,RIVERSIDE,-117.43387241,33.91932023
90473720,2017,2017-06-08,9840,2017-05-29,1505,014640,NA,1,2,6,3394,0,1,3,NA,2,025,SR-60 W/B,60 RIV 22.10,500,W,N,A,-,Y,NA,NA,60,NA,NA,NA,NA,NA,W,N,4,0,4,2,A,-,03,22350,NA,N,C,C,A,A,H,-,A,D,0,NA,NA,NA,NA,Y,NA,A,07,0,0,4,0,0,0,0,0,0,-,-,33.93819,-117.12853,RIVERSIDE,MORENO VALLEY,-117.12852914,33.93822997
90474589,2017,2017-06-09,9840,2017-05-29,2144,015663,NA,1,2,4,3310,0,1,1,NA,2,011,I-15 N/B,SIXTH ST.,345,N,N,A,-,Y,NA,NA,15,NA,NA,NA,NA,NA,N,Y,1,1,0,3,A,-,01,23152,A,N,C,C,A,A,H,-,D,D,0,NA,NA,Y,NA,Y,Y,A,01,0,0,0,0,0,0,0,1,0,-,-,33.93826,-117.55578,RIVERSIDE,NORCO,-117.55575971,33.93825818
90476001,2017,2017-06-12,9655,2017-06-05,2100,017720,NA,1,2,9,3300,0,3,5,NA,2,002,LINCOLN STREET,CHERRY AVENUE,515,W,N,A,-,N,NA,NA,NA,NA,NA,NA,NA,NA,NA,Y,2,0,1,1,C,-,18,NA,NA,N,H,H,A,A,H,-,C,D,0,NA,NA,Y,NA,Y,NA,-,-,1,0,0,0,0,0,0,0,1,-,-,33.96423,-116.9656,RIVERSIDE,UNINCORPORATED,-116.96583257,33.96420613
90476844,2017,2017-06-13,9840,2017-06-09,1751,018248,NA,5,2,6,3315,0,1,3,NA,2,030,SR-91 W/B,SERFAS CLUB DR,500,E,N,A,-,Y,NA,NA,91,NA,NA,NA,NA,NA,W,Y,4,0,1,2,A,-,03,22350,NA,N,C,C,A,A,H,-,A,D,0,NA,NA,Y,NA,Y,NA,C,02,0,0,1,0,0,0,0,0,1,-,-,33.88084,-117.6129,RIVERSIDE,CORONA,-117.61290356,33.88081422
90477428,2017,2017-06-14,9840,2017-06-08,1115,014366,NA,4,1,4,3307,0,1,1,NA,2,037,I-15 N/B,NICHOLS RD,735,S,N,A,-,Y,NA,NA,15,NA,NA,NA,NA,NA,N,Y,4,0,1,3,A,-,03,22350,NA,N,C,C,A,A,H,-,A,D,0,NA,NA,NA,NA,Y,NA,A,07,0,0,1,0,0,0,0,0,0,-,-,33.70365,-117.3537,RIVERSIDE,LAKE ELSINORE,-117.35369324,33.70366016
90477958,2017,2017-06-14,9840,2017-06-13,1640,017441,NA,2,2,7,3313,0,1,1,NA,2,023,I-215 N/B,CENTRAL AVE,100,N,N,A,-,Y,NA,NA,215,NA,NA,NA,NA,NA,N,Y,4,0,1,2,A,-,03,22350,NA,N,C,C,A,A,H,-,A,D,0,NA,NA,NA,NA,Y,NA,D,22,0,0,1,0,0,0,0,0,0,-,-,33.95912,-117.30971,RIVERSIDE,RIVERSIDE,-117.30965254,33.95919551
90478293,2017,2017-06-14,9655,2017-06-08,1407,018320,NA,4,2,9,3300,0,1,3,NA,2,212,SR-60 E/B,GILMAN SPRINGS RD,4224,E,N,A,-,Y,NA,NA,60,NA,NA,NA,NA,NA,E,Y,3,0,1,1,A,-,08,22107,NA,N,E,I,A,A,H,-,A,D,0,NA,NA,NA,NA,Y,NA,D,22,0,1,0,0,0,0,0,0,0,-,-,33.93547,-117.11258,RIVERSIDE,UNINCORPORATED,-117.11257568,33.9354818
90481577,2017,2017-06-20,9840,2017-06-08,0149,018072,NA,4,3,9,3300,0,1,1,NA,2,037,I-15 N/B,TEMESCAL CANYON RD,500,S,N,A,-,Y,NA,NA,15,NA,NA,NA,NA,NA,N,Y,3,0,1,1,A,-,01,23152,A,N,E,I,A,A,H,-,D,D,0,NA,NA,NA,NA,Y,Y,D,22,0,1,0,0,0,0,0,0,0,-,-,33.77677,-117.48703,RIVERSIDE,UNINCORPORATED,-117.48706115,33.77675125
9048221,2019,2020-03-04,3313,2019-11-14,0410,1961,4,4,5,7,3313,0,0,0,NA,0,T78,INDIANA AV,VAN BUREN BL,30,E,N,F,-,N,NA,NA,NA,NA,NA,NA,NA,NA,NA,N,4,0,1,2,A,-,03,22350,NA,N,C,C,A,A,H,-,B,A,0,NA,NA,NA,NA,Y,NA,A,01,0,0,1,0,0,0,0,0,0,-,-,33.91400146484375,-117.44100189208984,RIVERSIDE,RIVERSIDE,-117.44142150878906,33.91411209106445
9048227,2019,2020-02-25,3300,2019-12-20,1752,N6426,910I,5,5,5,3335,0,0,0,NA,0,063,BUTTERFIELD STAGE RD,CHEMIN CLINET,0,NA,Y,A,-,N,NA,NA,NA,NA,NA,NA,NA,NA,NA,N,3,0,1,2,A,-,09,21802,A,F,B,C,A,A,H,-,D,A,0,NA,NA,Y,NA,Y,NA,-,99,0,1,0,0,0,0,0,0,1,-,-,33.522178649902344,-117.09744262695313,RIVERSIDE,TEMECULA,-117.09752655029295,33.52212905883789
90483186,2017,2017-06-21,9655,2017-06-14,1530,17000,NA,3,2,9,3300,0,3,5,NA,2,002,GILMAN SPRINGS ROAD,JACK RABBIT TRAIL,7392,W,N,A,-,N,NA,NA,NA,NA,NA,NA,NA,NA,NA,Y,3,0,2,3,A,-,05,21650,NA,N,A,C,A,A,H,-,A,D,0,NA,NA,NA,NA,Y,NA,A,07,0,2,0,0,0,0,0,0,0,-,-,33.90269,-117.08763,RIVERSIDE,UNINCORPORATED,-117.0874278,33.90255393
9048348,2019,2020-02-25,3300,2019-10-20,1501,2880,910Q,7,5,5,3335,0,0,0,NA,0,069,DEER HOLLOW WY,PECHANGA PKWY,700,E,N,A,-,N,NA,NA,NA,NA,NA,NA,NA,NA,NA,N,4,0,1,2,A,-,21,22106,NA,N,D,C,A,A,G,H,A,D,0,NA,NA,NA,NA,Y,NA,A,01,0,0,1,0,0,0,0,0,0,-,-,33.4498405456543,-117.09673309326172,RIVERSIDE,TEMECULA,-117.09453582763672,33.45170211791992
90483939,2017,2017-06-22,9840,2017-06-17,1240,019893,NA,6,1,7,3313,0,1,1,NA,2,023,I-215 N/B,UNIVERSITY AVENUE,200,N,N,A,-,Y,NA,NA,215,NA,NA,NA,NA,NA,N,N,4,0,1,2,A,-,03,22350,NA,N,C,C,A,A,H,-,A,D,0,NA,NA,NA,NA,Y,NA,A,01,0,0,1,0,0,0,0,0,0,-,-,33.97596,-117.33548,RIVERSIDE,RIVERSIDE,-117.33552907,33.97591487
90486216,2017,2017-06-23,9840,2017-06-09,0524,021218,NA,5,3,7,3313,0,1,1,NA,2,023,I-215 N/B,CANYON CREST DR.,1000,N,N,A,-,Y,NA,NA,215,NA,NA,NA,NA,NA,N,Y,4,0,1,4,A,-,03,22350,NA,F,C,C,A,A,H,-,A,D,0,NA,NA,NA,NA,Y,NA,A,07,0,0,1,0,0,0,0,0,0,-,-,33.97245,-117.33192,RIVERSIDE,RIVERSIDE,-117.33189427,33.9724756
90487041,2017,2017-06-26,9840,2017-06-23,0912,017802,NA,5,1,6,3345,0,1,3,NA,2,010,SR-60 W/B,PYRITE ST.,2200,W,N,A,-,Y,NA,NA,60,NA,NA,NA,NA,NA,W,Y,3,0,2,2,A,-,01,23152,A,N,C,C,A,A,H,-,A,D,0,NA,NA,NA,Y,Y,Y,A,01,0,1,1,0,0,0,0,0,0,-,-,34.01797,-117.47203,RIVERSIDE,JURUPA VALLEY,-117.47205018,34.01786723
90487538,2017,2017-06-26,9630,2017-06-14,1110,013022,NA,3,1,9,3300,0,1,1,NA,2,301,I-10 E/B,DILLON RD.,63888,E,N,A,-,Y,NA,NA,10,NA,NA,NA,NA,NA,E,N,4,0,1,1,A,-,08,22107,NA,N,E,I,A,A,H,-,A,D,0,NA,NA,NA,NA,Y,NA,A,07,0,0,1,0,0,0,0,0,0,-,-,33.68006,-115.97777,RIVERSIDE,UNINCORPORATED,-115.97774974,33.67978957
90489090,2017,2017-06-27,9685,2017-06-12,1355,017740,NA,1,1,5,3335,0,1,1,NA,2,030,I-15 NORTHBOUND,RAINBOW VALLEY BLVD WEST,6811,N,N,A,-,Y,NA,NA,15,NA,NA,NA,NA,NA,N,Y,3,0,1,1,A,-,08,22107,NA,N,E,I,A,A,H,-,A,D,0,NA,NA,NA,NA,Y,NA,A,01,0,1,0,0,0,0,0,0,0,-,-,33.44798,-117.13584,RIVERSIDE,TEMECULA,-117.13567654,33.44792977
90489437,2017,2017-06-28,9840,2017-06-20,1145,014980,NA,2,1,6,3345,0,1,3,NA,2,010,SR-60 W/B,WINEVILLE RD,100,W,N,A,-,Y,NA,NA,NA,NA,NA,NA,NA,NA,NA,Y,4,0,1,6,A,-,03,22350,NA,N,C,C,A,A,H,-,A,D,0,NA,NA,NA,NA,Y,NA,A,01,0,0,1,0,0,0,0,0,0,-,-,34.09937,-117.54341,RIVERSIDE,JURUPA VALLEY,-117.54222194,34.01966734
90490827,2017,2017-06-29,9685,2017-06-19,1657,017535,NA,1,2,5,3335,0,1,1,NA,2,030,I-15 NORTHBOUND,RANCHO CALIFORNIA ROAD,600,S,N,A,-,Y,NA,NA,15,NA,NA,NA,NA,NA,N,Y,3,0,1,2,A,-,03,22350,NA,N,B,C,A,A,H,-,A,D,0,NA,NA,Y,NA,Y,NA,C,02,0,1,0,0,0,0,0,0,1,-,-,33.49715,-117.1487,RIVERSIDE,TEMECULA,-117.14858593,33.49725443
90492948,2017,2017-07-03,9655,2017-06-23,1438,016607,NA,5,2,9,3300,0,1,1,NA,2,206,I-10 E/B,HAUGEN-LEHMANN WAY,1500,W,N,A,-,Y,NA,NA,10,NA,NA,NA,NA,NA,E,Y,4,0,2,3,A,-,03,22350,NA,N,C,C,A,A,H,-,A,D,0,NA,NA,NA,NA,Y,NA,A,01,0,0,2,0,0,0,0,0,0,-,-,33.92454,-116.6944,RIVERSIDE,UNINCORPORATED,-116.6943996,33.92454217
90496197,2017,2017-07-07,9655,2017-06-27,1940,021652,NA,2,2,9,3300,0,1,3,NA,1,118,SR-74,CARRIZO RD,3696,W,N,A,-,Y,NA,NA,74,NA,NA,NA,NA,NA,NA,N,3,0,1,1,A,-,08,22107,NA,N,F,A,A,A,H,-,B,D,0,NA,NA,Y,NA,Y,NA,C,02,0,1,0,0,0,0,0,0,1,-,-,33.60121,-116.42143,RIVERSIDE,UNINCORPORATED,-116.42142636,33.60120666
90497735,2017,2017-07-11,9840,2017-06-15,0020,019844,NA,4,3,7,3313,0,1,1,NA,2,023,I-215 S/B TO SR-60 E/B,FAIR ISLE DR,2950,S,N,A,-,Y,NA,NA,215,NA,NA,NA,R,NA,S,Y,4,0,1,2,A,-,03,22350,NA,F,C,C,A,A,D,-,C,A,0,NA,NA,NA,NA,Y,NA,A,01,0,0,1,0,0,0,0,0,0,-,-,33.94408,-117.293,RIVERSIDE,RIVERSIDE,-117.293,33.94408
90497931,2017,2017-07-11,9655,2017-05-08,1740,018336,NA,1,2,9,3300,0,1,3,NA,1,316,STATE ROUTE 74,DOE CANYON ROAD,528,W,N,A,-,Y,NA,NA,74,NA,NA,NA,NA,NA,NA,Y,1,1,1,2,A,-,08,22107,NA,N,A,C,A,A,H,-,A,D,0,NA,NA,NA,NA,Y,NA,D,22,0,0,1,0,0,0,0,0,0,-,-,33.73701,-116.83353,RIVERSIDE,UNINCORPORATED,-116.83352898,33.73701705
90499517,2017,2017-07-13,9840,2017-06-28,0514,018849,NA,3,3,9,3300,0,3,5,NA,2,003,CAJALCO RD.,LA SIERRA AVE.,1000,W,N,A,-,N,NA,NA,NA,NA,NA,NA,NA,NA,NA,Y,3,0,1,1,A,-,08,22107,NA,N,E,I,A,A,H,-,B,D,0,NA,NA,NA,NA,Y,NA,A,01,0,1,0,0,0,0,0,0,0,-,-,33.82952,-117.4671,RIVERSIDE,UNINCORPORATED,-117.46365309,33.82928
90500064,2017,2017-07-13,9685,2017-07-08,1405,016502,NA,6,2,3,3343,0,1,1,NA,2,010,I-15 S/B,BAXTER RD,300,N,N,A,-,Y,NA,NA,15,NA,NA,NA,NA,NA,S,Y,3,0,1,2,A,-,07,21658,A,N,B,C,A,A,H,-,A,D,0,NA,NA,NA,NA,Y,NA,A,07,0,1,0,0,0,0,0,0,0,-,-,33.61451,-117.26245,RIVERSIDE,WILDOMAR,-117.26238119,33.61457138