CASE_ID,ACCIDENT_YEAR,PROC_DATE,JURIS,COLLISION_DATE,COLLISION_TIME,OFFICER_ID,REPORTING_DISTRICT,DAY_OF_WEEK,CHP_SHIFT,POPULATION,CNTY_CITY_LOC,SPECIAL_COND,BEAT_TYPE,CHP_BEAT_TYPE,CITY_DIVISION_LAPD,CHP_BEAT_CLASS,BEAT_NUMBER,PRIMARY_RD,SECONDARY_RD,DISTANCE,DIRECTION,INTERSECTION,WEATHER_1,WEATHER_2,STATE_HWY_IND,CALTRANS_COUNTY,CALTRANS_DISTRICT,STATE_ROUTE,ROUTE_SUFFIX,POSTMILE_PREFIX,POSTMILE,LOCATION_TYPE,RAMP_INTERSECTION,SIDE_OF_HWY,TOW_AWAY,COLLISION_SEVERITY,NUMBER_KILLED,NUMBER_INJURED,PARTY_COUNT,PRIMARY_COLL_FACTOR,PCF_CODE_OF_VIOL,PCF_VIOL_CATEGORY,PCF_VIOLATION,PCF_VIOL_SUBSECTION,HIT_AND_RUN,TYPE_OF_COLLISION,MVIW,PED_ACTION,ROAD_SURFACE,ROAD_COND_1,ROAD_COND_2,LIGHTING,CONTROL_DEVICE,CHP_ROAD_TYPE,PEDESTRIAN_ACCIDENT,BICYCLE_ACCIDENT,MOTORCYCLE_ACCIDENT,TRUCK_ACCIDENT,NOT_PRIVATE_PROPERTY,ALCOHOL_INVOLVED,STWD_VEHTYPE_AT_FAULT,CHP_VEHTYPE_AT_FAULT,COUNT_SEVERE_INJ,COUNT_VISIBLE_INJ,COUNT_COMPLAINT_PAIN,COUNT_PED_KILLED,COUNT_PED_INJURED,COUNT_BICYCLIST_KILLED,COUNT_BICYCLIST_INJURED,COUNT_MC_KILLED,COUNT_MC_INJURED,PRIMARY_RAMP,SECONDARY_RAMP,LATITUDE,LONGITUDE,COUNTY,CITY,POINT_X,POINT_Y
90973318,2019,2019-04-23,9655,2019-04-16,0100,015795,NA,2,3,9,3300,0,1,1,NA,2,204,I-10 E/B,RAMSEY STREET,5280,E,N,B,-,Y,NA,NA,NA,NA,NA,NA,NA,NA,NA,Y,2,0,2,1,A,-,08,22107,NA,N,F,A,A,A,H,-,D,D,0,NA,NA,NA,NA,Y,NA,A,01,2,0,0,0,0,0,0,0,0,-,-,33.92626190185547,-116.85146331787108,RIVERSIDE,UNINCORPORATED,NA,NA
90973890,2019,2019-04-24,9655,2019-04-16,1720,018444,NA,2,2,9,3300,0,3,5,NA,2,003,HOWARD DRIVE,MARLENE STREET,80,S,N,B,-,N,NA,NA,NA,NA,NA,NA,NA,NA,NA,N,3,0,1,1,A,-,08,22107,NA,N,E,I,A,A,H,-,A,D,0,NA,NA,NA,NA,Y,NA,A,01,0,1,0,0,0,0,0,0,0,-,-,33.75625991821289,-116.9049072265625,RIVERSIDE,UNINCORPORATED,-116.90486907958984,33.756282806396484
90974331,2019,2019-04-24,9840,2019-04-21,2158,018072,NA,7,2,4,3344,0,1,1,NA,2,011,I-15 S/B,CANTU GALLEANO RANCH ROAD,300,S,N,A,-,Y,NA,NA,15,NA,NA,NA,NA,NA,S,Y,4,0,1,2,A,-,01,23152,A,N,B,D,A,A,D,-,D,D,0,NA,NA,NA,NA,Y,Y,A,01,0,0,1,0,0,0,0,0,0,-,-,33.99686813354492,-117.5504913330078,RIVERSIDE,EASTVALE,-117.5505142211914,33.99686813354492
90974771,2019,2019-04-25,9685,2019-04-16,1130,016838,NA,2,1,9,3300,0,2,S,NA,2,904,HAMMACK AVE,VISTA AVE,200,N,N,B,-,N,NA,NA,NA,NA,NA,NA,NA,NA,NA,Y,4,0,1,1,A,-,01,23152,F,N,E,I,A,A,H,-,A,D,0,NA,NA,NA,NA,Y,NA,A,01,0,0,1,0,0,0,0,0,0,-,-,33.72344970703125,-117.30547332763672,RIVERSIDE,UNINCORPORATED,-117.30529022216795,33.72309112548828
90974888,2019,2019-04-25,9840,2019-04-10,0642,016754,NA,3,1,6,3315,0,1,3,NA,2,030,SR-91 W/B,GREEN RIVER RD,4000,W,N,A,-,Y,NA,NA,91,NA,NA,NA,NA,NA,W,Y,4,0,1,2,A,-,03,22350,NA,N,C,C,A,A,H,-,A,D,0,NA,NA,NA,Y,Y,NA,G,27,0,0,1,0,0,0,0,0,0,-,-,33.87076187133789,-117.66911315917967,RIVERSIDE,CORONA,-117.66909027099608,33.87070083618164
90975095,2019,2019-04-25,9655,2019-04-24,0735,015795,NA,3,1,9,3300,0,1,3,NA,2,315,SR-79 S/B,DOMENIGONI PARKWAY,20,N,N,A,-,Y,NA,NA,79,NA,NA,NA,NA,NA,S,N,4,0,1,2,A,-,03,22350,NA,M,C,C,A,A,H,-,A,A,0,NA,NA,NA,NA,Y,NA,A,01,0,0,1,0,0,0,0,0,0,-,-,33.6962890625,-117.08489990234376,RIVERSIDE,UNINCORPORATED,-117.08486938476563,33.6962890625
90975227,2019,2019-04-25,9655,2019-04-24,0925,014421,NA,3,1,2,3336,0,1,1,NA,2,202,I-10 WESTBOUND,BROOKSIDE DR,257,E,N,A,-,Y,NA,NA,10,NA,NA,NA,NA,NA,W,Y,2,0,1,2,A,-,03,22350,NA,N,C,C,A,A,H,-,A,D,0,NA,NA,NA,Y,Y,NA,A,01,1,0,0,0,0,0,0,0,0,-,-,33.96046829223633,-117.02362060546876,RIVERSIDE,CALIMESA,-117.02364349365234,33.96043395996094
9097760,2019,2020-06-03,3342,2019-11-20,0737,1151,341,3,5,4,3342,0,0,0,NA,0,003,CLINTON KEITH RD,MURRIETA OAKS AV,430,E,N,C,-,N,NA,NA,NA,NA,NA,NA,NA,NA,NA,Y,4,0,1,2,A,-,03,22350,NA,N,C,C,A,B,H,-,A,A,0,NA,NA,NA,NA,Y,NA,A,01,0,0,1,0,0,0,0,0,0,-,-,33.59764099121094,-117.18122100830078,RIVERSIDE,MURRIETA,-117.18534088134766,33.59672546386719
90979631,2019,2019-05-01,9840,2019-04-23,1500,020535,NA,2,2,4,3307,0,1,1,NA,2,037,I-15 S/B,CENTRAL AVE,1500,N,N,A,-,Y,NA,NA,15,NA,NA,NA,NA,NA,S,Y,4,0,1,2,A,-,03,22350,NA,N,C,C,A,A,H,-,A,D,0,NA,NA,NA,NA,Y,NA,A,01,0,0,1,0,0,0,0,0,0,-,-,33.6953010559082,-117.34169006347656,RIVERSIDE,LAKE ELSINORE,-117.34169006347656,33.69529724121094
9098143,2020,2020-07-15,3311,2020-03-19,1334,15842,NA,4,5,4,3311,0,0,0,NA,0,005,SUNRISE WY,MESQUITE AV,0,NA,Y,A,-,N,NA,NA,NA,NA,NA,NA,NA,NA,NA,N,3,0,3,2,A,-,12,21453,A,N,D,C,A,-,H,-,A,A,0,NA,NA,NA,NA,Y,NA,A,01,0,1,2,0,0,0,0,0,0,-,-,33.80870056152344,-116.52822875976563,RIVERSIDE,PALM SPRINGS,-116.52822113037108,33.808650970458984
90982132,2019,2019-05-06,9840,2019-04-21,1310,017162,NA,7,1,7,3313,0,1,3,NA,2,020,SR-91 E/B,VAN BUREN BLVD,500,W,N,A,-,Y,NA,NA,91,NA,NA,NA,NA,NA,E,Y,4,0,2,4,A,-,03,22350,NA,N,C,C,A,A,H,-,A,D,0,NA,NA,NA,NA,Y,NA,A,07,0,0,2,0,0,0,0,0,0,-,-,33.91191101074219,-117.44680786132813,RIVERSIDE,RIVERSIDE,-117.4468231201172,33.91193389892578
90982362,2019,2019-05-06,9840,2019-04-25,1630,015705,NA,4,2,6,3315,0,1,3,NA,2,311,SR-91 E/B,LINCOLN AVE.,250,W,N,A,-,Y,NA,NA,91,NA,NA,NA,NA,NA,E,Y,3,0,1,2,A,-,03,22350,NA,N,C,C,A,A,H,-,A,D,0,NA,NA,NA,NA,Y,NA,A,01,0,1,0,0,0,0,0,0,0,-,-,33.881858825683594,-117.583251953125,RIVERSIDE,CORONA,-117.583251953125,33.881858825683594
90982539,2019,2019-05-06,9840,2019-04-29,1303,018248,NA,1,1,6,3394,0,1,3,NA,2,025,SR-60 W/B,PIGEON PASS RD,500,W,N,A,-,Y,NA,NA,60,NA,NA,NA,NA,NA,W,Y,4,0,1,3,A,-,03,22350,NA,N,C,C,A,A,H,-,A,D,0,NA,NA,NA,NA,Y,NA,A,01,0,0,1,0,0,0,0,0,0,-,-,33.941001892089844,-117.26619720458984,RIVERSIDE,MORENO VALLEY,-117.26619720458984,33.94086456298828
90982857,2019,2019-05-06,9685,2019-04-26,2005,015957,NA,5,2,9,3300,0,1,3,NA,1,031,WINCHESTER RD,SPARKMAN WAY,500,S,N,A,-,Y,NA,NA,79,NA,NA,NA,NA,NA,NA,Y,4,0,1,2,A,-,03,22350,NA,N,C,C,A,A,H,-,C,A,0,NA,NA,NA,NA,Y,NA,D,22,0,0,1,0,0,0,0,0,0,-,-,33.574920654296875,-117.1352996826172,RIVERSIDE,UNINCORPORATED,-117.1349639892578,33.5748291015625
9098384,2020,2020-07-20,3300,2020-03-13,0906,N4225,905D,5,5,4,3307,0,0,0,NA,0,091,DIAMOND DR,BASSWOOD ST,142,S,N,B,C,N,NA,NA,NA,NA,NA,NA,NA,NA,NA,Y,4,0,1,1,A,-,03,22350,NA,N,E,I,A,B,H,-,A,D,0,NA,NA,NA,NA,Y,NA,A,01,0,0,1,0,0,0,0,0,0,-,-,NA,NA,RIVERSIDE,LAKE ELSINORE,NA,NA
90984097,2019,2019-05-08,9630,2019-04-27,0303,021908,NA,6,3,9,3300,0,1,1,NA,2,021,I-10 E/B,WASHINGTON ST,3168,W,N,A,-,Y,NA,NA,10,NA,NA,NA,NA,NA,E,Y,3,0,1,1,A,-,08,22107,NA,N,E,I,A,A,H,-,D,D,0,NA,NA,NA,NA,Y,NA,A,01,0,1,0,0,0,0,0,0,0,-,-,33.76155090332031,-116.30905151367188,RIVERSIDE,UNINCORPORATED,-116.30891418457033,33.76204299926758
90984733,2019,2019-05-08,9660,2019-05-01,1846,020863,NA,3,2,9,3300,0,1,1,NA,2,030,INTERSTATE 10 EASTBOUND,FORD DRY LAKE RD,21648,W,N,A,-,Y,NA,NA,10,NA,NA,NA,NA,NA,E,Y,3,0,2,3,A,-,03,22350,NA,N,C,C,A,A,H,-,A,D,0,NA,NA,NA,Y,Y,NA,G,25,0,1,1,0,0,0,0,0,0,-,-,33.62620162963867,-115.05783081054688,RIVERSIDE,UNINCORPORATED,-115.05782318115234,33.626220703125
90986175,2019,2019-05-10,9685,2019-05-07,0700,015757,NA,2,1,5,3335,0,1,1,NA,2,030,I-15 S/B (TEMECULA VALLEY FWY),RANCHO CALIFORNIA RD,2640,S,N,B,-,Y,NA,NA,15,NA,NA,NA,NA,NA,S,N,4,0,1,3,A,-,03,22350,NA,N,C,C,A,A,H,-,A,D,0,NA,NA,NA,NA,Y,NA,A,01,0,0,1,0,0,0,0,0,0,-,-,33.494388580322266,-117.14624786376952,RIVERSIDE,TEMECULA,-117.14633941650392,33.494319915771484
90986615,2019,2019-08-05,9630,2019-05-04,0839,021128,NA,6,1,9,3300,0,1,3,NA,2,014,SR-111 S/B,OVERTURE DR,6336,S,N,A,G,Y,NA,NA,111,NA,NA,NA,NA,NA,S,Y,3,0,1,2,A,-,08,22107,NA,N,F,A,A,A,H,-,A,D,0,NA,NA,NA,NA,Y,NA,A,07,0,1,0,0,0,0,0,0,0,-,-,33.883731842041016,-116.59767150878906,RIVERSIDE,UNINCORPORATED,-116.59762573242188,33.8838005065918
90987002,2019,2019-06-07,9655,2019-05-03,0615,014421,NA,5,1,3,3302,0,1,1,NA,2,202,I-10 EASTBOUND,BROOKSIDE AVE,4330,E,N,A,-,Y,NA,NA,10,NA,NA,NA,NA,NA,E,Y,4,0,2,2,A,-,08,22107,NA,N,B,E,A,A,H,-,A,D,0,NA,NA,NA,Y,Y,NA,F,26,0,0,2,0,0,0,0,0,0,-,-,33.95254135131836,-117.0124969482422,RIVERSIDE,BEAUMONT,-117.01253509521484,33.952484130859375
90988107,2019,2019-05-14,9685,2019-05-12,1210,017285,NA,7,1,9,3300,0,2,4,NA,2,016,GRAND AVENUE,ADELFA STREET,1170,N,N,A,-,N,NA,NA,NA,NA,NA,NA,NA,NA,NA,Y,4,0,1,1,A,-,01,23152,F,N,F,A,A,A,H,-,A,D,0,NA,NA,Y,NA,Y,NA,C,02,0,0,1,0,0,0,0,0,1,-,-,33.64537048339844,-117.35507965087892,RIVERSIDE,UNINCORPORATED,-117.3547821044922,33.645286560058594
90988862,2019,2019-05-15,9685,2019-05-08,0405,013376,NA,3,3,9,3300,0,2,4,NA,2,016,GRAND AVENUE,SANGSTON DRIVE,85,N,N,B,-,N,NA,NA,NA,NA,NA,NA,NA,NA,NA,Y,4,0,2,2,A,-,09,21801,A,N,C,C,A,A,H,-,C,D,0,NA,NA,NA,NA,Y,NA,D,22,0,0,2,0,0,0,0,0,0,-,-,33.654090881347656,-117.36898040771484,RIVERSIDE,UNINCORPORATED,-117.368896484375,33.65399932861328
90989148,2019,2019-05-15,9685,2019-05-09,0820,017285,NA,4,1,5,3335,0,1,1,NA,2,030,I-15 S/B,TEMECULA PARKWAY,1500,S,N,B,-,Y,NA,NA,NA,NA,NA,NA,NA,NA,NA,Y,4,0,1,1,C,-,18,NA,NA,N,E,I,A,A,H,-,A,D,0,NA,NA,NA,NA,Y,NA,-,-,0,0,1,0,0,0,0,0,0,-,-,NA,NA,RIVERSIDE,TEMECULA,NA,NA
90989422,2019,2019-05-15,9840,2019-05-03,1135,017504,NA,5,1,6,3345,0,1,1,NA,2,011,I-15 N/B,RIVERSIDE DR.,3055,S,N,A,-,Y,NA,NA,15,NA,NA,NA,NA,NA,N,Y,4,0,1,3,A,-,03,22350,NA,N,C,C,A,A,H,-,A,D,0,NA,NA,NA,NA,Y,NA,D,22,0,0,1,0,0,0,0,0,0,-,-,34.01169967651367,-117.55055236816406,RIVERSIDE,JURUPA VALLEY,-117.5500717163086,34.011695861816406
90989680,2019,2019-05-16,9840,2019-05-06,0650,015705,NA,1,1,7,3313,0,1,3,NA,2,021,SR-91 W/B,MADISON ST.,650,W,N,B,-,Y,NA,NA,91,NA,NA,NA,NA,NA,W,Y,3,0,1,2,A,-,08,22107,NA,F,B,C,A,A,H,-,A,D,0,NA,NA,Y,NA,Y,NA,C,02,0,1,0,0,0,0,0,0,1,-,-,33.93402862548828,-117.40834045410156,RIVERSIDE,RIVERSIDE,-117.40833282470705,33.93401336669922
90990356,2019,2019-05-16,9630,2019-04-16,1414,021513,NA,2,2,9,3300,0,3,5,NA,2,001,MOUNTAIN VIEW ROAD,CLUB HOUSE DR,520,N,N,A,G,N,NA,NA,NA,NA,NA,NA,NA,NA,NA,Y,1,1,3,2,A,-,01,23152,A,N,A,C,A,A,H,-,A,D,0,NA,NA,NA,NA,Y,Y,A,07,3,0,0,0,0,0,0,0,0,-,-,33.91149139404297,-116.4755630493164,RIVERSIDE,UNINCORPORATED,-116.99319458007813,33.765228271484375
90990759,2019,2019-05-17,9840,2019-05-01,1252,015705,NA,3,1,7,3313,0,1,1,NA,2,023,I-215 S/B,THIRD ST.,792,N,N,A,-,Y,NA,NA,215,NA,NA,NA,NA,NA,S,Y,2,0,1,2,A,-,03,22350,NA,N,C,C,A,A,H,-,A,D,0,NA,NA,Y,NA,Y,NA,C,02,1,0,0,0,0,0,0,0,1,-,-,33.9846305847168,-117.34484100341795,RIVERSIDE,RIVERSIDE,-117.3447494506836,33.98472213745117
90993060,2019,2019-05-21,9840,2019-04-28,0440,019501,NA,7,3,7,3313,0,1,3,NA,2,021,SR-91 E/B,CRIDGE ST,235,W,N,A,-,Y,NA,NA,91,NA,NA,NA,NA,NA,E,Y,2,0,1,1,A,-,01,23152,G,N,E,I,A,A,H,-,D,D,0,NA,NA,NA,NA,Y,Y,A,01,1,0,0,0,0,0,0,0,0,-,-,33.96834945678711,-117.37667846679688,RIVERSIDE,RIVERSIDE,-117.37661743164063,33.968318939208984
90995452,2019,2019-05-24,9630,2019-05-19,1800,021556,NA,7,2,9,3300,0,3,5,NA,2,505,MECCA COPIA TRAIL,COACHELLA CANAL,2640,W,N,A,-,N,NA,NA,NA,NA,NA,NA,NA,NA,NA,N,2,0,1,1,B,-,22,NA,NA,N,F,A,A,A,H,-,A,D,0,NA,NA,Y,NA,Y,NA,C,06,1,0,0,0,0,0,0,0,1,-,-,33.55632019042969,-115.9416732788086,RIVERSIDE,UNINCORPORATED,-115.9131317138672,33.532718658447266
90995811,2019,2019-05-24,9660,2019-05-22,0810,017464,NA,3,1,9,3300,0,1,1,NA,2,032,I-10 WESTBOUND,MESA DR,1056,E,N,A,-,Y,NA,NA,10,NA,NA,NA,NA,NA,W,Y,4,0,1,2,C,-,18,NA,NA,N,C,C,A,A,H,-,A,D,0,NA,NA,NA,Y,Y,NA,-,-,0,0,1,0,0,0,0,0,0,-,-,33.60934066772461,-114.7226104736328,RIVERSIDE,UNINCORPORATED,-114.72261810302734,33.60926818847656
90995976,2019,2019-05-24,9840,2019-05-23,2050,018498,NA,4,2,9,3300,0,2,4,NA,2,045,CAJALCO EXPY.,I-215,460,W,N,B,-,N,NA,NA,NA,NA,NA,NA,NA,NA,NA,Y,4,0,1,3,A,-,03,22350,NA,N,C,C,A,A,H,-,C,D,0,NA,NA,NA,NA,Y,NA,A,01,0,0,1,0,0,0,0,0,0,-,-,33.8432502746582,-117.25244903564452,RIVERSIDE,UNINCORPORATED,-117.2524185180664,33.84333801269531
9099694,2020,2020-06-16,3313,2020-01-17,0810,1963,5,5,5,7,3313,0,0,0,NA,0,2R59,RIVERWALK PKWY,PIERCE ST,0,NA,Y,A,-,N,NA,NA,NA,NA,NA,NA,NA,NA,NA,N,4,0,1,2,A,-,12,21453,A,N,D,C,A,A,H,-,A,A,0,NA,NA,NA,NA,Y,NA,A,08,0,0,1,0,0,0,0,0,0,-,-,33.901180267333984,-117.49469757080078,RIVERSIDE,RIVERSIDE,-117.49488067626952,33.901119232177734
9099782,2020,2020-11-09,3300,2020-05-09,1635,N2171,24C7,6,5,3,3317,0,0,0,NA,0,5S372,RAMON RD,LOS ALAMOS RD,0,NA,Y,A,-,N,NA,NA,NA,NA,NA,NA,NA,NA,NA,Y,3,0,3,2,A,-,12,21453,A,N,D,C,A,A,H,-,A,A,0,NA,NA,NA,NA,Y,NA,-,-,0,3,0,0,0,0,0,0,0,-,-,33.81618881225586,-116.42324829101563,RIVERSIDE,RANCHO MIRAGE,-116.42334747314452,33.816280364990234
90998957,2019,2019-05-30,9840,2019-05-23,0740,016356,NA,4,1,9,3300,0,2,4,NA,2,039,MAGNOLIA AVE,BLAIR ST,50,E,N,B,-,N,NA,NA,NA,NA,NA,NA,NA,NA,NA,N,4,0,1,2,A,-,03,22350,NA,N,C,C,A,A,H,-,A,D,0,NA,NA,Y,NA,Y,NA,C,02,0,0,1,0,0,0,0,0,1,-,-,33.875789642333984,-117.52517700195313,RIVERSIDE,UNINCORPORATED,-117.52532196044922,33.87568664550781
90999306,2019,2019-05-30,9840,2019-05-26,0610,019566,NA,7,1,6,3394,0,1,3,NA,2,025,SR-60 E/B,NASON ST,2644,W,N,B,-,Y,NA,NA,60,NA,NA,NA,NA,NA,E,Y,2,0,1,1,A,-,08,22107,NA,N,E,I,A,A,H,-,B,D,0,NA,NA,NA,NA,Y,NA,A,01,1,0,0,0,0,0,0,0,0,-,-,33.93907928466797,-117.20101165771484,RIVERSIDE,MORENO VALLEY,-117.20101165771484,33.93915939331055
91000737,2019,2019-05-31,9840,2019-05-29,1740,017546,NA,3,2,9,3300,0,3,5,NA,2,004,CARROLL ST,CAJALCO RD,460,S,N,A,-,N,NA,NA,NA,NA,NA,NA,NA,NA,NA,Y,4,0,1,2,A,-,08,22107,NA,N,B,C,A,A,H,-,A,D,0,NA,NA,NA,NA,Y,NA,E,22,0,0,1,0,0,0,0,0,0,-,-,33.835899353027344,-117.28330230712892,RIVERSIDE,UNINCORPORATED,-117.28346252441406,33.83726119995117
91002659,2019,2019-06-04,9840,2019-03-13,1132,017441,NA,3,1,6,3394,0,1,3,NA,2,025,SR-60 E/B TO NASON ST.,NASON ST.,23,W,N,A,-,Y,NA,NA,60,NA,NA,NA,R,NA,E,Y,3,0,2,3,C,-,18,NA,NA,N,C,C,A,A,H,-,A,A,0,NA,NA,NA,NA,Y,NA,-,-,0,2,0,0,0,0,0,0,0,-,-,33.93859100341797,-117.19180297851563,RIVERSIDE,MORENO VALLEY,-117.19180297851563,33.93859100341797
91011456,2019,2019-06-17,9685,2019-05-31,2130,015360,NA,5,2,9,3300,0,1,3,NA,2,011,SR-74,GRAND AVE.,10560,W,N,A,-,Y,NA,NA,NA,NA,NA,NA,NA,NA,NA,Y,3,0,1,1,A,-,08,22107,NA,N,E,I,A,A,H,-,D,D,0,NA,NA,Y,NA,Y,NA,C,02,0,1,0,0,0,0,0,0,1,-,-,33.04523849487305,-117.54325103759766,RIVERSIDE,UNINCORPORATED,-116.91031646728516,33.74778366088867
91011553,2019,2019-06-17,9685,2019-05-31,1855,017833,NA,5,2,9,3300,0,3,5,NA,2,003,GLEN OAKS RD.,MESA RD.,0,NA,Y,A,-,N,NA,NA,NA,NA,NA,NA,NA,NA,NA,Y,4,0,1,2,A,-,09,21802,A,N,D,C,A,A,H,-,A,A,0,NA,NA,NA,NA,Y,NA,A,01,0,0,1,0,0,0,0,0,0,-,-,33.5560302734375,-117.0048828125,RIVERSIDE,UNINCORPORATED,-117.0049285888672,33.55598068237305
91012736,2019,2019-06-18,9655,2019-06-11,1515,018444,NA,2,2,9,3300,0,1,3,NA,2,315,SR-79,STRATTON RD,0,NA,N,A,-,Y,NA,NA,79,NA,NA,NA,NA,NA,NA,Y,4,0,1,2,A,-,08,22107,NA,N,D,C,A,A,H,-,A,D,0,NA,NA,NA,NA,Y,NA,A,01,0,0,1,0,0,0,0,0,0,-,-,33.71464920043945,-117.07887268066406,RIVERSIDE,UNINCORPORATED,-117.07882690429688,33.71453857421875
91013748,2019,2019-06-20,9655,2019-06-12,1910,018383,NA,3,2,3,3302,0,1,1,NA,2,202,I-10 W/B TO SR-60 W/B,I-10,1275,E,N,A,-,Y,NA,NA,10,NA,NA,NA,R,NA,W,Y,4,0,1,3,A,-,07,21658,A,N,B,C,A,A,H,-,A,D,0,NA,NA,NA,Y,Y,NA,G,25,0,0,1,0,0,0,0,0,0,-,-,33.93326187133789,-116.99324035644533,RIVERSIDE,BEAUMONT,-116.99324035644533,33.93326187133789
91013962,2019,2019-06-20,9840,2019-06-17,1355,014571,NA,1,1,9,3300,0,3,5,NA,2,004,MARKHAM ST.,CLARK ST.,1200,E,N,A,-,N,NA,NA,NA,NA,NA,NA,NA,NA,NA,Y,3,0,1,2,A,-,05,21650,NA,N,B,C,A,A,H,-,A,D,0,NA,NA,NA,NA,Y,NA,A,01,0,1,0,0,0,0,0,0,0,-,-,33.85179901123047,-117.28700256347656,RIVERSIDE,UNINCORPORATED,-117.28367614746094,33.85182571411133
91015342,2019,2019-06-21,9660,2019-06-15,1429,021189,NA,6,2,9,3300,0,1,3,NA,1,034,SR-78,LUDY BLVD.,528,E,N,A,-,Y,NA,NA,78,NA,NA,NA,NA,NA,NA,Y,3,0,1,1,A,-,08,22107,NA,N,F,A,A,A,H,-,A,D,0,NA,NA,Y,NA,Y,NA,C,02,0,1,0,0,0,0,0,0,1,-,-,33.47819137573242,-114.7260284423828,RIVERSIDE,UNINCORPORATED,-114.7260284423828,33.47806167602539
91017520,2019,2019-06-25,9655,2019-06-17,1020,015892,NA,1,1,9,3300,0,1,3,NA,1,117,STATE ROUTE 74,KEEN CAMP ROAD,8976,E,N,A,-,Y,NA,NA,74,NA,NA,NA,NA,NA,NA,Y,3,0,3,1,C,-,18,NA,NA,N,E,I,A,A,H,-,A,D,0,NA,NA,NA,NA,Y,NA,-,-,0,3,0,0,0,0,0,0,0,-,-,33.68547058105469,-116.69985198974608,RIVERSIDE,UNINCORPORATED,-116.69989776611328,33.685428619384766
91019219,2019,2019-06-27,9840,2019-06-23,1530,019566,NA,7,2,9,3300,0,1,1,NA,2,037,I-15 N/B,TEMESCAL CANYON RD,850,N,N,A,-,Y,NA,NA,15,NA,NA,NA,NA,NA,N,Y,3,0,1,2,A,-,08,22107,NA,N,B,C,A,A,H,-,A,D,0,NA,NA,NA,NA,Y,NA,A,01,0,1,0,0,0,0,0,0,0,-,-,33.76382827758789,-117.4744110107422,RIVERSIDE,UNINCORPORATED,-117.47431182861328,33.76394271850586
91020664,2019,2019-06-28,9840,2019-06-25,2035,017546,NA,2,2,7,3313,0,1,3,NA,2,020,SR-91 W/B,MAGNOLIA AVE,550,E,N,A,-,Y,NA,NA,91,NA,NA,NA,NA,NA,W,Y,4,0,1,1,A,-,08,22107,NA,N,E,I,A,A,H,-,C,D,0,NA,NA,NA,NA,Y,NA,A,01,0,0,1,0,0,0,0,0,0,-,-,33.89693832397461,-117.48500061035156,RIVERSIDE,RIVERSIDE,-117.48500823974608,33.896820068359375
91020675,2019,2019-06-28,9685,2019-06-18,0605,015757,NA,2,1,5,3335,0,1,1,NA,2,030,I-15 S/B (TEMECULA VALLEY FWY),WINCHESTER RD,1320,S,N,A,-,Y,NA,NA,15,NA,NA,NA,NA,NA,S,N,4,0,1,2,A,-,07,21658,A,N,B,C,A,A,H,-,A,D,0,NA,NA,Y,NA,Y,NA,A,01,0,0,1,0,0,0,0,0,1,-,-,33.51924133300781,-117.16100311279295,RIVERSIDE,TEMECULA,-117.1610107421875,33.51923370361328
91023953,2019,2019-07-03,9840,2019-06-28,1505,019219,NA,5,2,9,3300,0,1,1,NA,2,040,I-215 NORTHBOUND,HARLEY KNOX BLVD.,600,S,N,A,-,Y,NA,NA,215,NA,NA,NA,NA,NA,N,N,4,0,1,2,A,-,03,22350,NA,N,C,A,A,A,H,-,A,D,0,NA,NA,Y,NA,Y,NA,C,02,0,0,1,0,0,0,0,0,1,-,-,33.86069869995117,-117.2586669921875,RIVERSIDE,UNINCORPORATED,-117.25872802734376,33.86067581176758
91028149,2019,2019-07-10,9630,2019-06-30,1130,021128,NA,7,1,9,3300,0,1,3,NA,2,014,SR-111 S/B,OVERTURE DR,6864,N,N,A,-,Y,NA,NA,NA,NA,NA,NA,NA,NA,NA,Y,4,0,1,2,A,-,09,21804,A,N,D,C,A,A,H,-,A,D,0,NA,NA,NA,NA,Y,NA,A,01,0,0,1,0,0,0,0,0,0,-,-,33.96841812133789,-116.3548583984375,RIVERSIDE,UNINCORPORATED,NA,NA
91029277,2019,2019-07-11,9630,2019-07-01,0120,021908,NA,1,3,9,3300,0,1,1,NA,2,020,I-10 E/B,MONTERY AVE,500,W,N,A,-,Y,NA,NA,10,NA,NA,NA,NA,NA,E,Y,3,0,1,1,A,-,01,23152,A,N,E,I,A,A,H,-,C,A,0,NA,NA,NA,NA,Y,Y,A,01,0,1,0,0,0,0,0,0,0,-,-,33.806739807128906,-116.38957977294922,RIVERSIDE,UNINCORPORATED,-116.3895263671875,33.806861877441406