CASE_ID,ACCIDENT_YEAR,PROC_DATE,JURIS,COLLISION_DATE,COLLISION_TIME,OFFICER_ID,REPORTING_DISTRICT,DAY_OF_WEEK,CHP_SHIFT,POPULATION,CNTY_CITY_LOC,SPECIAL_COND,BEAT_TYPE,CHP_BEAT_TYPE,CITY_DIVISION_LAPD,CHP_BEAT_CLASS,BEAT_NUMBER,PRIMARY_RD,SECONDARY_RD,DISTANCE,DIRECTION,INTERSECTION,WEATHER_1,WEATHER_2,STATE_HWY_IND,CALTRANS_COUNTY,CALTRANS_DISTRICT,STATE_ROUTE,ROUTE_SUFFIX,POSTMILE_PREFIX,POSTMILE,LOCATION_TYPE,RAMP_INTERSECTION,SIDE_OF_HWY,TOW_AWAY,COLLISION_SEVERITY,NUMBER_KILLED,NUMBER_INJURED,PARTY_COUNT,PRIMARY_COLL_FACTOR,PCF_CODE_OF_VIOL,PCF_VIOL_CATEGORY,PCF_VIOLATION,PCF_VIOL_SUBSECTION,HIT_AND_RUN,TYPE_OF_COLLISION,MVIW,PED_ACTION,ROAD_SURFACE,ROAD_COND_1,ROAD_COND_2,LIGHTING,CONTROL_DEVICE,CHP_ROAD_TYPE,PEDESTRIAN_ACCIDENT,BICYCLE_ACCIDENT,MOTORCYCLE_ACCIDENT,TRUCK_ACCIDENT,NOT_PRIVATE_PROPERTY,ALCOHOL_INVOLVED,STWD_VEHTYPE_AT_FAULT,CHP_VEHTYPE_AT_FAULT,COUNT_SEVERE_INJ,COUNT_VISIBLE_INJ,COUNT_COMPLAINT_PAIN,COUNT_PED_KILLED,COUNT_PED_INJURED,COUNT_BICYCLIST_KILLED,COUNT_BICYCLIST_INJURED,COUNT_MC_KILLED,COUNT_MC_INJURED,PRIMARY_RAMP,SECONDARY_RAMP,LATITUDE,LONGITUDE,COUNTY,CITY,POINT_X,POINT_Y
91137626,2019,2020-04-09,9840,2019-11-27,1901,017802,NA,3,2,9,3300,0,1,1,NA,2,024,I-215 S/B,EASTRIDGE AVE.,50,N,N,A,-,Y,NA,NA,NA,NA,NA,NA,NA,NA,NA,Y,3,0,3,2,A,-,08,22107,NA,N,B,C,A,A,H,-,C,D,0,NA,NA,NA,NA,Y,NA,A,07,0,2,1,0,0,0,0,0,0,-,-,33.93144989013672,-117.28907012939452,RIVERSIDE,UNINCORPORATED,NA,NA
91137767,2019,2019-12-06,9655,2019-11-28,1252,014743,NA,4,1,9,3300,0,1,1,NA,2,206,I-10 E/B,MAIN STREET,11616,E,N,C,-,Y,NA,NA,10,NA,NA,NA,NA,NA,E,Y,3,0,3,1,A,-,03,22350,NA,N,E,I,A,B,H,-,A,D,0,NA,NA,NA,NA,Y,NA,J,48,0,2,1,0,0,0,0,0,0,-,-,33.92441940307617,-116.73819732666016,RIVERSIDE,UNINCORPORATED,-116.73822784423828,33.924537658691406
91138015,2019,2019-12-06,9630,2019-12-03,0650,021513,NA,2,1,9,3300,0,1,3,NA,2,015,SR-62 E/B,DILLON RD,3168,S,N,A,-,Y,NA,NA,62,NA,NA,NA,NA,NA,E,Y,2,0,3,2,A,-,05,21651,C,N,A,C,A,A,H,-,A,D,0,NA,NA,NA,NA,Y,NA,A,01,2,1,0,0,0,0,0,0,0,-,-,33.917598724365234,-116.60189819335938,RIVERSIDE,UNINCORPORATED,-116.60186767578124,33.91759490966797
91138867,2019,2019-12-10,9655,2019-11-27,2030,019630,NA,3,2,9,3300,0,1,3,NA,2,213,SR-79 S/B,COUNTY LANDFILL RD,6336,S,N,B,-,Y,NA,NA,79,NA,NA,NA,NA,NA,S,Y,4,0,1,1,A,-,03,22350,NA,N,E,J,A,B,H,-,D,D,0,NA,NA,NA,NA,Y,NA,D,22,0,0,1,0,0,0,0,0,0,-,-,33.8685302734375,-117.00186920166016,RIVERSIDE,UNINCORPORATED,-117.00186920166016,33.86835861206055
91139078,2019,2019-12-10,9840,2019-12-01,1355,020058,NA,7,1,6,3315,0,1,1,NA,2,034,I-15 N/B FROM TEMESCAL CANYON RD.,TEMESCAL CANYON RD,700,N,N,B,-,Y,NA,NA,NA,NA,NA,NA,NA,NA,NA,Y,4,0,2,3,A,-,03,22350,NA,N,C,C,A,A,H,-,A,A,0,NA,NA,NA,NA,Y,NA,A,01,0,0,2,0,0,0,0,0,0,-,-,33.77925109863281,-117.48831176757813,RIVERSIDE,CORONA,-117.48820495605467,33.778621673583984
91139868,2019,2019-12-10,9840,2019-12-03,1444,019527,NA,2,2,7,3313,0,1,3,NA,2,020,SR-91 EB,VAN BUREN BLVD,600,W,N,A,-,Y,NA,NA,91,NA,NA,NA,NA,NA,E,Y,4,0,3,4,A,-,03,22350,NA,N,C,C,A,A,H,-,A,D,0,NA,NA,NA,NA,Y,NA,A,01,0,0,3,0,0,0,0,0,0,-,-,33.913719177246094,-117.44370269775392,RIVERSIDE,RIVERSIDE,-117.44369506835938,33.9137077331543
91140325,2019,2019-12-10,9840,2019-12-05,0935,018221,NA,4,1,9,3300,0,1,1,NA,2,034,I-15 N/B,DOS LAGOS DR.,3400,S,N,B,-,Y,NA,NA,15,NA,NA,NA,NA,NA,N,Y,4,0,2,2,A,-,03,22350,NA,N,C,C,A,A,D,-,A,D,0,NA,NA,NA,NA,Y,NA,A,01,0,0,2,0,0,0,0,0,0,-,-,33.79846954345703,-117.50244903564452,RIVERSIDE,UNINCORPORATED,-117.50232696533205,33.79854965209961
91141698,2019,2019-12-12,9840,2019-11-29,0426,021047,NA,5,3,7,3313,0,1,3,NA,2,021,SR-91 W/B,MADISON ST.,55,E,N,B,-,Y,NA,NA,91,NA,NA,NA,NA,NA,W,Y,2,0,1,1,A,-,03,22350,NA,N,E,I,A,B,H,-,C,D,0,NA,NA,Y,NA,Y,NA,C,02,1,0,0,0,0,0,0,0,1,-,-,33.93622970581055,-117.40489196777344,RIVERSIDE,RIVERSIDE,-117.40475463867188,33.935997009277344
91142999,2019,2019-12-13,9630,2019-12-06,0412,021928,NA,5,3,9,3300,0,1,1,NA,2,301,I-10 W/B,DILLON RD,46992,E,N,A,-,Y,NA,NA,10,NA,NA,NA,NA,NA,W,Y,3,0,1,1,A,-,01,23152,F,N,E,I,A,A,H,-,D,D,0,NA,NA,NA,NA,Y,NA,A,01,0,1,0,0,0,0,0,0,0,-,-,33.692779541015625,-116.05117034912108,RIVERSIDE,UNINCORPORATED,-116.0510482788086,33.693023681640625
91148780,2019,2019-12-20,9840,2019-12-10,1616,019719,NA,2,2,7,3313,0,1,1,NA,2,040,I-215S/B TO CACTUS AVENUE,CACTUS AVENUE,15,N,N,A,-,Y,NA,NA,NA,NA,NA,NA,NA,NA,NA,N,4,0,1,2,A,-,06,21755,NA,N,B,C,A,A,H,-,B,A,0,NA,NA,NA,Y,Y,NA,A,01,0,0,1,0,0,0,0,0,0,-,-,33.90895080566406,-117.28272247314452,RIVERSIDE,RIVERSIDE,NA,NA
91149138,2019,2019-12-20,9840,2019-12-07,0232,020210,NA,6,3,6,3394,0,1,3,NA,2,025,SR-60 E/B,NASON ST,770,W,N,B,C,Y,NA,NA,60,NA,NA,NA,NA,NA,E,Y,4,0,1,2,A,-,03,22350,NA,F,C,C,A,B,H,-,D,D,0,NA,NA,NA,NA,Y,NA,-,99,0,0,1,0,0,0,0,0,0,-,-,33.93914031982422,-117.19448089599608,RIVERSIDE,MORENO VALLEY,-117.19448089599608,33.939144134521484
91149476,2019,2019-12-20,9655,2019-12-14,1628,019049,NA,6,2,4,3301,0,1,1,NA,2,204,I-10 W/B,22ND STREET,528,E,N,B,-,Y,NA,NA,10,NA,NA,NA,NA,NA,W,Y,3,0,1,2,A,-,08,22107,NA,N,B,C,A,A,H,-,A,D,0,NA,NA,NA,NA,Y,NA,A,07,0,1,0,0,0,0,0,0,0,-,-,33.92462921142578,-116.89888763427734,RIVERSIDE,BANNING,-116.89889526367188,33.9244270324707
91149516,2019,2019-12-20,9655,2019-12-15,1205,015892,NA,7,1,9,3300,0,1,3,NA,1,116,STATE ROUTE 74,MCCALL PARK ROAD,4752,W,N,A,-,Y,NA,NA,74,NA,NA,NA,NA,NA,NA,Y,2,0,1,1,A,-,08,22107,NA,N,F,A,A,A,H,-,A,D,0,NA,NA,Y,NA,Y,NA,C,02,1,0,0,0,0,0,0,0,1,-,-,33.70143127441406,-116.74295806884766,RIVERSIDE,UNINCORPORATED,-116.74298858642578,33.70132064819336
91150861,2019,2020-03-06,9655,2019-12-15,1420,018383,NA,7,2,9,3300,0,3,5,NA,2,003,SR-74 E/B,SR-79,233,W,N,A,-,Y,NA,NA,74,NA,NA,NA,NA,NA,E,Y,4,0,2,2,A,-,07,21658,A,N,B,C,A,A,H,-,A,A,0,NA,NA,NA,NA,Y,NA,A,07,0,0,2,0,0,0,0,0,0,-,-,33.739009857177734,-117.07733154296876,RIVERSIDE,UNINCORPORATED,-117.07733154296876,33.73903274536133
91150869,2019,2019-12-23,9840,2019-12-15,1645,021096,NA,7,2,9,3300,0,1,1,NA,2,041,I-215 N/B,NUEVO RD,2200,N,N,A,-,Y,NA,NA,215,NA,NA,NA,NA,NA,N,N,4,0,1,2,A,-,03,22350,NA,N,C,C,A,A,H,-,D,D,0,NA,NA,NA,NA,Y,NA,D,22,0,0,1,0,0,0,0,0,0,-,-,33.808189392089844,-117.23516082763672,RIVERSIDE,UNINCORPORATED,-117.23518371582033,33.80817413330078
91151893,2019,2019-12-24,9840,2019-12-19,0750,012208,NA,4,1,9,3300,0,3,5,NA,2,004,CAJALCO ROAD,HARVILL AVE.,0,NA,Y,B,-,N,NA,NA,NA,NA,NA,NA,NA,NA,NA,Y,4,0,1,2,A,-,12,22450,A,N,D,C,A,A,H,-,A,A,0,NA,NA,NA,NA,Y,NA,A,07,0,0,1,0,0,0,0,0,0,-,-,33.837589263916016,-117.25163269042967,RIVERSIDE,UNINCORPORATED,-117.25157165527344,33.83760070800781
91151934,2019,2019-12-24,9840,2019-12-20,1440,020058,NA,5,2,7,3313,0,1,3,NA,2,021,SR-91 W/B,14TH STREET,3000,W,N,A,-,Y,NA,NA,91,NA,NA,NA,NA,NA,W,N,4,0,2,2,A,-,03,22350,NA,N,C,C,A,A,H,-,A,D,0,NA,NA,NA,NA,Y,NA,A,01,0,0,2,0,0,0,0,0,0,-,-,33.962799072265625,-117.37774658203124,RIVERSIDE,RIVERSIDE,-117.3776397705078,33.96279525756836
9115196,2020,2020-09-15,3300,2020-06-19,1847,4579,916A,5,5,4,3312,0,0,0,NA,0,031,HARLEY KNOX BL,INDIAN ST,0,NA,Y,A,-,N,NA,NA,NA,NA,NA,NA,NA,NA,NA,Y,4,0,1,2,A,-,17,23109,A,N,D,C,A,A,H,-,A,A,0,NA,NA,NA,NA,Y,NA,D,22,0,0,1,0,0,0,0,0,0,-,-,33.85734939575195,-117.23454284667967,RIVERSIDE,PERRIS,-117.23484802246094,33.85725021362305
91153206,2019,2019-12-26,9840,2019-12-17,1740,021862,NA,2,2,7,3313,0,1,3,NA,2,020,SR-91 E/B,BUCHANAN ST,300,E,N,A,-,Y,NA,NA,91,NA,NA,NA,NA,NA,E,Y,4,0,1,3,A,-,03,22350,NA,N,C,C,A,A,H,-,C,D,0,NA,NA,NA,NA,Y,NA,D,22,0,0,1,0,0,0,0,0,0,-,-,33.894500732421875,-117.50039672851563,RIVERSIDE,RIVERSIDE,-117.50039672851563,33.89448928833008
91154101,2019,2019-12-27,9655,2019-12-22,1100,018320,NA,7,1,9,3300,0,1,1,NA,2,206,I-10 E/B,MAIN STREET,10560,E,N,B,-,Y,NA,NA,10,NA,NA,NA,NA,NA,E,Y,4,0,1,2,C,-,18,NA,NA,N,F,A,A,A,H,-,A,D,0,NA,NA,NA,NA,Y,NA,-,-,0,0,1,0,0,0,0,0,0,-,-,33.92298889160156,-116.7426986694336,RIVERSIDE,UNINCORPORATED,-116.74266052246094,33.92289352416992
91156263,2019,2019-12-31,9655,2019-12-25,1745,018444,NA,3,2,9,3300,0,1,3,NA,2,213,SR-79 SB,CALIFORNIA AVE,4224,S,N,B,C,Y,NA,NA,79,NA,NA,NA,NA,NA,S,Y,4,0,1,1,A,-,08,22107,NA,N,E,I,A,B,H,-,D,D,0,NA,NA,NA,NA,Y,NA,A,01,0,0,1,0,0,0,0,0,0,-,-,33.90003967285156,-116.98616790771484,RIVERSIDE,UNINCORPORATED,-116.98623657226563,33.90010452270508
9115726,2020,2020-08-28,3313,2020-06-08,1125,1999,2,1,5,7,3313,0,0,0,NA,0,2R25,CRANFORD AV,17TH ST,78,N,N,A,-,N,NA,NA,NA,NA,NA,NA,NA,NA,NA,NA,3,0,1,2,A,-,09,21804,A,N,D,C,A,A,H,-,A,A,0,NA,NA,NA,NA,Y,NA,A,01,0,1,0,0,0,0,0,0,0,-,-,33.976951599121094,-117.34409332275392,RIVERSIDE,RIVERSIDE,NA,NA
91157932,2019,2020-01-02,9685,2019-12-21,1440,015050,NA,6,2,9,3300,0,3,5,NA,2,001,MAPES RD.,MCPHERSON RD.,0,NA,Y,A,-,N,NA,NA,NA,NA,NA,NA,NA,NA,NA,Y,4,0,1,2,A,-,08,22107,NA,N,D,C,A,A,H,-,A,A,0,NA,NA,NA,NA,Y,NA,A,01,0,0,1,0,0,0,0,0,0,-,-,33.75748062133789,-117.2498016357422,RIVERSIDE,UNINCORPORATED,-117.2497329711914,33.757469177246094
91158663,2019,2020-01-03,9655,2019-12-25,0948,013757,NA,3,1,9,3300,0,3,5,NA,2,003,SAN JACINTO ST.,DIXIE DR.,326,N,N,A,-,N,NA,NA,NA,NA,NA,NA,NA,NA,NA,Y,4,0,1,2,A,-,08,22107,NA,N,D,C,A,A,H,-,A,D,0,NA,NA,NA,NA,Y,NA,A,01,0,0,1,0,0,0,0,0,0,-,-,33.731258392333984,-116.95852661132813,RIVERSIDE,UNINCORPORATED,-116.9585418701172,33.73112106323242
91158895,2019,2020-01-03,9840,2019-12-26,1703,019719,NA,4,2,4,3344,0,1,1,NA,2,011,I-15 N/B,CANTU-GALLEANO RANCH RD,1557,N,N,A,-,Y,NA,NA,15,NA,NA,NA,NA,NA,N,Y,3,0,1,1,A,-,08,22107,NA,N,E,I,A,B,H,-,C,D,0,NA,NA,NA,NA,Y,NA,A,01,0,1,0,0,0,0,0,0,0,-,-,33.997840881347656,-117.5500717163086,RIVERSIDE,EASTVALE,-117.55014801025392,33.997840881347656
91159881,2019,2020-01-06,9685,2019-12-23,1300,015906,NA,1,1,4,3342,0,1,1,NA,2,034,I-215 SOUTHBOUND,LOS ALAMOS ROAD O/C,2640,N,N,B,C,Y,NA,NA,215,NA,NA,NA,NA,NA,S,Y,4,0,3,2,A,-,03,22350,NA,N,C,C,A,B,H,-,A,D,0,NA,NA,NA,NA,Y,NA,A,07,0,0,3,0,0,0,0,0,0,-,-,33.58042907714844,-117.18096923828124,RIVERSIDE,MURRIETA,-117.18105316162108,33.58042907714844
91160868,2020,2020-01-07,9685,2020-01-02,1455,016502,NA,4,2,9,3300,0,3,5,NA,2,003,RANCHO CALIFORNIA RD.,BUTTERFIELD STAGE RD.,250,E,N,A,-,N,NA,NA,NA,NA,NA,NA,NA,NA,NA,Y,4,0,1,2,A,-,01,23152,A,N,C,C,A,A,H,-,A,A,0,NA,NA,NA,NA,Y,Y,A,01,0,0,1,0,0,0,0,0,0,-,-,33.51969909667969,-117.09359741210938,RIVERSIDE,UNINCORPORATED,-117.0937271118164,33.519630432128906
91162003,2020,2020-01-08,9655,2020-01-03,1500,019440,NA,5,2,3,3302,0,1,1,NA,2,202,I-10 W/B,PENNSYLVANIA AVE,1110,E,N,A,-,Y,NA,NA,10,NA,NA,NA,NA,NA,W,N,4,0,4,2,A,-,03,22350,NA,N,C,C,A,A,H,-,A,D,0,NA,NA,NA,NA,Y,NA,D,22,0,0,4,0,0,0,0,0,0,-,-,33.927391052246094,-116.96233367919922,RIVERSIDE,BEAUMONT,-116.96233367919922,33.927371978759766
91162121,2019,2020-01-09,9840,2019-12-30,2140,016358,NA,1,2,9,3300,0,3,5,NA,2,004,MENIFEE RD,ELLIS AVE,150,N,N,B,-,N,NA,NA,NA,NA,NA,NA,NA,NA,NA,Y,4,0,2,2,A,-,03,22350,NA,F,C,C,A,A,H,-,C,D,0,NA,NA,NA,NA,Y,NA,A,01,0,0,2,0,0,0,0,0,0,-,-,33.77231979370117,-117.15640258789063,RIVERSIDE,UNINCORPORATED,-117.15638732910156,33.77252960205078
91162286,2019,2020-01-09,9840,2019-12-27,2245,019893,NA,5,3,6,3315,0,1,1,NA,2,034,I-15 N/B,HIDDEN VALLEY PARKWAY,1889,S,N,A,-,Y,NA,NA,15,NA,NA,NA,NA,NA,N,Y,4,0,4,4,A,-,03,22350,NA,N,C,C,A,A,C,-,D,D,0,NA,NA,NA,NA,Y,NA,A,01,0,0,4,0,0,0,0,0,0,-,-,33.89384841918945,-117.55702209472656,RIVERSIDE,CORONA,-117.55704498291016,33.893829345703125
91162490,2020,2020-01-09,9840,2020-01-06,1755,014571,NA,1,2,9,3300,0,2,4,NA,2,045,CAJALCO RD.,WOOD RD.,1222,W,N,A,-,N,NA,NA,NA,NA,NA,NA,NA,NA,NA,N,4,0,1,2,A,-,03,22350,NA,N,C,C,A,A,H,-,D,D,0,NA,NA,NA,NA,Y,NA,A,01,0,0,1,0,0,0,0,0,0,-,-,33.83639907836914,-117.33499908447266,RIVERSIDE,UNINCORPORATED,-117.33512878417967,33.83644104003906
9116312,2020,2020-08-27,3300,2020-06-08,1720,N4187,916A,1,5,4,3312,0,0,0,NA,0,031,BRADLEY RD,MARIGOLD DR,98,S,N,A,-,N,NA,NA,NA,NA,NA,NA,NA,NA,NA,NA,4,0,1,1,A,-,08,22107,NA,N,E,I,A,A,H,-,A,D,0,NA,NA,NA,NA,Y,NA,A,01,0,0,1,0,0,0,0,0,0,-,-,NA,NA,RIVERSIDE,PERRIS,-117.19124603271484,33.831851959228516
91164020,2020,2020-01-13,9840,2020-01-03,0915,018949,NA,5,1,7,3313,0,1,1,NA,2,022,I-215 S/B,COLUMBIA AVE,3000,N,N,A,-,Y,NA,NA,NA,NA,NA,NA,NA,NA,NA,Y,4,0,1,2,A,-,08,22107,NA,N,B,C,A,A,H,-,A,D,0,NA,NA,NA,NA,Y,NA,A,07,0,0,1,0,0,0,0,0,0,-,-,33.00857925415039,-117.34726715087892,RIVERSIDE,RIVERSIDE,-117.34725189208984,34.00853729248047
91164103,2019,2020-01-13,9655,2019-11-17,1335,020350,NA,7,1,9,3300,0,1,3,NA,1,115,SR-243,MARIAN VIEW DRIVE,528,S,N,A,-,Y,NA,NA,NA,NA,NA,NA,NA,NA,NA,N,1,2,0,2,A,-,05,21460,A,N,F,A,A,A,H,-,A,D,0,NA,NA,Y,NA,Y,Y,C,02,0,0,0,0,0,0,0,2,0,-,-,33.75474166870117,-116.72400665283205,RIVERSIDE,UNINCORPORATED,-116.72284698486328,33.73468017578125
91164213,2020,2020-01-13,9840,2020-01-06,1733,019719,NA,1,2,7,3313,0,1,3,NA,2,025,SR-60 W/B,DAY ST,1536,W,N,A,-,Y,NA,NA,60,NA,NA,NA,NA,NA,W,Y,4,0,1,2,A,-,03,22350,NA,N,C,C,A,A,H,-,C,D,0,NA,NA,NA,NA,Y,NA,A,01,0,0,1,0,0,0,0,0,0,-,-,33.94356918334961,-117.28401184082033,RIVERSIDE,RIVERSIDE,-117.28401184082033,33.94357681274414
91164512,2019,2020-01-13,9840,2019-12-21,0530,014868,NA,6,3,7,3313,0,1,1,NA,2,022,I-215 S/B,CENTER ST,300,S,N,A,-,Y,NA,NA,215,NA,NA,NA,NA,NA,S,Y,4,0,3,2,C,-,18,NA,NA,N,A,C,A,A,H,-,C,D,0,NA,NA,NA,NA,Y,NA,-,-,0,0,3,0,0,0,0,0,0,-,-,34.0129508972168,-117.34426879882813,RIVERSIDE,RIVERSIDE,-117.34432220458984,34.01298522949219
91165587,2020,2020-01-15,9630,2020-01-06,1800,020445,NA,1,2,9,3300,0,1,3,NA,2,015,SR-62 E/B,N. INDIAN CANYON DRIVE,3696,E,N,A,-,Y,NA,NA,62,NA,NA,NA,NA,NA,E,Y,4,0,1,2,A,-,07,21658,A,N,C,C,A,A,H,-,D,D,0,NA,NA,NA,NA,Y,NA,A,01,0,0,1,0,0,0,0,0,0,-,-,34.013858795166016,-116.57631683349608,RIVERSIDE,UNINCORPORATED,-116.57633972167967,34.01384735107422
91169953,2020,2020-01-22,9840,2020-01-17,0540,015705,NA,5,3,7,3313,0,1,1,NA,2,023,I-215 N/B,CENTRAL AVE.,750,S,N,C,-,Y,NA,NA,NA,NA,NA,NA,NA,NA,NA,Y,3,0,1,3,A,-,07,21658,A,F,B,C,A,B,H,-,D,D,0,NA,NA,NA,NA,Y,NA,-,99,0,1,0,0,0,0,0,0,0,-,-,33.95635986328125,-117.30629730224608,RIVERSIDE,RIVERSIDE,NA,NA
91170254,2020,2020-01-22,9840,2020-01-22,0600,017162,NA,3,1,6,3315,0,1,3,NA,1,038,SR-71 N/B,SR-91 W/B,2300,N,N,A,-,Y,NA,NA,NA,NA,NA,NA,NA,NA,NA,Y,4,0,2,2,A,-,03,22350,NA,N,C,C,A,A,H,-,B,D,0,NA,NA,NA,NA,Y,NA,D,22,0,0,2,0,0,0,0,0,0,-,-,33.88549041748047,-117.64438629150392,RIVERSIDE,CORONA,NA,NA
91170673,2019,2020-01-22,9685,2019-09-25,1310,015757,NA,3,1,9,3300,0,1,3,NA,1,031,STATE ROUTE 79 SOUTHBOUND,THOMPSON ROAD,2376,N,N,A,-,Y,NA,NA,79,NA,NA,NA,NA,NA,S,Y,1,1,0,1,A,-,08,22107,NA,N,E,I,A,A,H,-,A,A,0,NA,NA,NA,NA,Y,NA,A,01,0,0,0,0,0,0,0,0,0,-,-,33.603450775146484,-117.11390686035156,RIVERSIDE,UNINCORPORATED,-117.1138916015625,33.60343551635742
91172781,2020,2020-01-24,9685,2020-01-17,1520,015360,NA,5,2,5,3335,0,1,1,NA,2,030,I-15 NORTHBOUND,RANCHO CALIFORNIA RD.,1584,N,N,A,-,Y,NA,NA,NA,NA,NA,NA,NA,NA,NA,Y,4,0,1,3,A,-,03,22350,NA,N,C,C,A,A,H,-,A,D,0,NA,NA,NA,NA,Y,NA,A,07,0,0,1,0,0,0,0,0,0,-,-,33.263179779052734,-117.3218002319336,RIVERSIDE,TEMECULA,-117.15311431884766,33.50496292114258
91173831,2020,2020-01-27,9840,2020-01-11,1625,021831,NA,6,2,6,3315,0,1,1,NA,2,034,I-15 NB,ONTARIO AVE,550,N,N,A,-,Y,NA,NA,15,NA,NA,NA,NA,NA,N,Y,3,0,3,2,A,-,07,21658,A,N,C,C,A,A,H,-,A,D,0,NA,NA,NA,NA,Y,Y,A,07,0,1,2,0,0,0,0,0,0,-,-,33.8467903137207,-117.53443145751952,RIVERSIDE,CORONA,-117.53435516357422,33.84677505493164
91174464,2020,2020-01-27,9840,2020-01-26,0805,017546,NA,7,1,6,3394,0,1,3,NA,2,025,SR-60 E/B,NASON ST,2900,W,N,E,-,Y,NA,NA,60,NA,NA,NA,NA,NA,E,Y,4,0,1,2,A,-,03,22350,NA,N,C,C,A,A,H,-,A,D,0,NA,NA,NA,NA,Y,NA,A,01,0,0,1,0,0,0,0,0,0,-,-,33.939170837402344,-117.20127105712892,RIVERSIDE,MORENO VALLEY,-117.20127105712892,33.93915939331055
91174939,2020,2020-01-28,9685,2020-01-23,1750,016096,NA,4,2,9,3300,0,1,3,NA,1,012,STATE ROUTE 74,ETHANAC ROAD,0,NA,Y,A,-,Y,NA,NA,74,NA,NA,NA,NA,NA,NA,N,2,0,1,2,A,-,11,21954,A,N,G,B,D,A,H,-,D,A,0,Y,NA,NA,NA,Y,Y,N,60,1,0,0,0,1,0,0,0,0,-,-,33.74293899536133,-117.28106689453124,RIVERSIDE,UNINCORPORATED,-117.28110504150392,33.74297332763672
91175725,2020,2020-01-29,9630,2020-01-20,1400,021515,NA,1,2,9,3300,0,3,5,NA,2,405,SPARKEY WAY,EASTHAVEN RD,720,N,N,A,-,N,NA,NA,NA,NA,NA,NA,NA,NA,NA,N,2,0,2,1,A,-,17,21701,NA,N,F,A,A,A,H,-,A,D,0,NA,NA,NA,NA,Y,NA,M,96,1,1,0,0,0,0,0,0,0,-,-,33.745521545410156,-116.30249786376952,RIVERSIDE,UNINCORPORATED,-116.3025131225586,33.74747085571289
91176270,2020,2020-01-29,9840,2020-01-16,1340,017504,NA,4,1,9,3300,0,1,1,NA,2,041,I-215 N/B,CAJALCO EXPRESSWAY,2972,S,N,A,-,Y,NA,NA,215,NA,NA,NA,NA,NA,N,Y,3,0,2,5,A,-,03,22350,NA,N,C,C,A,A,H,-,A,D,0,NA,NA,NA,NA,Y,NA,A,01,0,1,1,0,0,0,0,0,0,-,-,33.83586883544922,-117.24794769287108,RIVERSIDE,UNINCORPORATED,-117.24790954589844,33.83588790893555
91177084,2020,2020-03-18,9685,2020-01-28,0855,014267,NA,2,1,9,3300,0,1,3,NA,1,045,SR-371,STATE ROUTE 79,7920,N,N,A,-,Y,NA,NA,371,NA,NA,NA,NA,NA,NA,Y,4,0,2,2,A,-,03,22350,NA,N,D,C,A,A,H,-,A,D,0,NA,NA,NA,NA,Y,NA,D,22,0,0,2,0,0,0,0,0,0,-,-,33.46213912963867,-116.85880279541016,RIVERSIDE,UNINCORPORATED,-116.85881042480467,33.4621467590332
91177565,2020,2020-01-31,9840,2020-01-25,1710,021311,NA,6,2,6,3315,0,1,1,NA,2,034,I-15 S/B,CAJALCO RD,2500,S,N,A,-,Y,NA,NA,15,NA,NA,NA,NA,NA,S,N,4,0,2,2,A,-,03,22350,NA,N,C,C,A,A,D,-,A,D,0,NA,NA,NA,NA,Y,NA,A,01,0,0,2,0,0,0,0,0,0,-,-,33.816410064697266,-117.51332092285156,RIVERSIDE,CORONA,-117.51319885253906,33.81652069091797
91178167,2020,2020-02-03,9840,2020-01-28,1000,017893,NA,2,1,6,3315,0,1,1,NA,2,034,I-15 N/B,DOS LAGOS DR,1878,S,N,A,-,Y,NA,NA,NA,NA,NA,NA,NA,NA,NA,Y,3,0,1,2,A,-,03,22350,NA,N,C,C,A,A,H,-,A,D,0,NA,NA,NA,NA,Y,NA,A,01,0,1,0,0,0,0,0,0,0,-,-,33.799598693847656,-117.50299835205078,RIVERSIDE,CORONA,-117.50479125976563,33.80236053466797
91179366,2020,2020-02-04,9685,2020-01-23,1805,016113,NA,4,2,9,3300,0,1,3,NA,1,045,SR-371 SOUTHBOUND,SORENSEN ROAD,40,N,N,A,-,Y,NA,NA,NA,NA,NA,NA,NA,NA,NA,N,2,0,1,2,A,-,02,22400,A,N,C,C,A,A,H,-,D,D,0,NA,NA,Y,NA,Y,NA,C,06,1,0,0,0,0,0,0,0,1,-,-,33.49628829956055,-117.81433868408205,RIVERSIDE,UNINCORPORATED,NA,NA
91180303,2020,2020-02-05,9685,2020-01-28,2106,015050,NA,2,2,4,3342,0,1,1,NA,2,034,I-215 SOUTHBOUND,CLINTON KEITH RD.,1314,S,N,A,-,Y,NA,NA,215,NA,NA,NA,NA,NA,S,Y,2,0,1,2,A,-,03,22350,NA,N,C,C,A,A,H,-,C,A,0,NA,NA,Y,NA,Y,NA,C,02,1,0,0,0,0,0,0,0,1,-,-,33.59408950805664,-117.17816925048828,RIVERSIDE,MURRIETA,-117.17812347412108,33.59405517578125