CASE_ID,ACCIDENT_YEAR,PROC_DATE,JURIS,COLLISION_DATE,COLLISION_TIME,OFFICER_ID,REPORTING_DISTRICT,DAY_OF_WEEK,CHP_SHIFT,POPULATION,CNTY_CITY_LOC,SPECIAL_COND,BEAT_TYPE,CHP_BEAT_TYPE,CITY_DIVISION_LAPD,CHP_BEAT_CLASS,BEAT_NUMBER,PRIMARY_RD,SECONDARY_RD,DISTANCE,DIRECTION,INTERSECTION,WEATHER_1,WEATHER_2,STATE_HWY_IND,CALTRANS_COUNTY,CALTRANS_DISTRICT,STATE_ROUTE,ROUTE_SUFFIX,POSTMILE_PREFIX,POSTMILE,LOCATION_TYPE,RAMP_INTERSECTION,SIDE_OF_HWY,TOW_AWAY,COLLISION_SEVERITY,NUMBER_KILLED,NUMBER_INJURED,PARTY_COUNT,PRIMARY_COLL_FACTOR,PCF_CODE_OF_VIOL,PCF_VIOL_CATEGORY,PCF_VIOLATION,PCF_VIOL_SUBSECTION,HIT_AND_RUN,TYPE_OF_COLLISION,MVIW,PED_ACTION,ROAD_SURFACE,ROAD_COND_1,ROAD_COND_2,LIGHTING,CONTROL_DEVICE,CHP_ROAD_TYPE,PEDESTRIAN_ACCIDENT,BICYCLE_ACCIDENT,MOTORCYCLE_ACCIDENT,TRUCK_ACCIDENT,NOT_PRIVATE_PROPERTY,ALCOHOL_INVOLVED,STWD_VEHTYPE_AT_FAULT,CHP_VEHTYPE_AT_FAULT,COUNT_SEVERE_INJ,COUNT_VISIBLE_INJ,COUNT_COMPLAINT_PAIN,COUNT_PED_KILLED,COUNT_PED_INJURED,COUNT_BICYCLIST_KILLED,COUNT_BICYCLIST_INJURED,COUNT_MC_KILLED,COUNT_MC_INJURED,PRIMARY_RAMP,SECONDARY_RAMP,LATITUDE,LONGITUDE,COUNTY,CITY,POINT_X,POINT_Y
91276594,2020,2020-07-29,9685,2020-07-23,0940,015295,NA,4,1,9,3300,0,1,3,NA,1,012,STATE ROUTE 74,THEDA STREET,318,E,N,A,-,Y,NA,NA,74,NA,NA,NA,NA,NA,NA,Y,3,0,2,2,A,-,08,22107,NA,N,D,C,A,A,H,-,A,D,0,NA,NA,NA,Y,Y,NA,A,01,0,2,0,0,0,0,0,0,0,-,-,33.75701904296875,-117.27239227294922,RIVERSIDE,UNINCORPORATED,-117.2724609375,33.757080078125
91279603,2020,2020-08-03,9685,2020-07-26,1830,016113,NA,7,2,4,3312,0,1,1,NA,2,020,I-215 SOUTHBOUND,SR-74 (LOWER),3500,N,N,A,-,Y,NA,NA,215,NA,NA,NA,NA,NA,S,Y,3,0,2,1,A,-,08,22107,NA,N,E,I,A,A,H,-,A,D,0,NA,NA,NA,NA,Y,NA,A,01,0,1,1,0,0,0,0,0,0,-,-,33.76443862915039,-117.18962860107422,RIVERSIDE,PERRIS,-117.18951416015624,33.764461517333984
91283750,2020,2020-08-11,9655,2020-07-30,2118,018708,NA,4,2,3,3302,0,1,1,NA,2,202,I-10 W/B,HIGHLAND SPRINGS AVE,722,W,N,A,-,Y,NA,NA,10,NA,NA,NA,NA,NA,W,Y,3,0,1,1,A,-,08,22107,NA,N,B,B,A,A,H,-,D,D,0,NA,NA,NA,NA,Y,NA,A,01,0,1,0,0,0,0,0,0,0,-,-,33.92728042602539,-116.94960021972656,RIVERSIDE,BEAUMONT,-116.94960021972656,33.9271125793457
91284475,2020,2020-08-11,9655,2020-08-03,2010,020669,NA,1,2,9,3300,0,1,3,NA,1,118,SR-74,CARRIZO RD,1056,W,N,A,-,Y,NA,NA,74,NA,NA,NA,NA,NA,NA,Y,3,0,2,2,A,-,05,21460,A,N,A,C,A,A,H,-,B,D,0,NA,NA,NA,NA,Y,NA,-,-,0,1,1,0,0,0,0,0,0,-,-,33.603050231933594,-116.4191436767578,RIVERSIDE,UNINCORPORATED,-116.41917419433594,33.60306167602539
91285982,2020,2020-08-14,9655,2020-08-09,1753,020774,NA,7,2,4,3301,0,1,1,NA,2,204,I-10 E/B,8TH AVE,10,E,N,A,-,Y,NA,NA,10,NA,NA,NA,NA,NA,E,Y,4,0,1,2,A,-,03,22350,NA,N,C,C,A,A,D,-,A,D,0,NA,NA,NA,NA,Y,NA,A,01,0,0,1,0,0,0,0,0,0,-,-,33.924320220947266,-116.88565826416016,RIVERSIDE,BANNING,-116.88565826416016,33.924198150634766
91287574,2020,2020-08-17,9840,2020-08-14,1442,018611,NA,5,2,6,3315,0,1,1,NA,2,034,I-15 S/B,SR-91,1280,N,N,A,-,Y,NA,NA,15,NA,NA,NA,NA,NA,S,N,4,0,2,2,A,-,03,22350,NA,N,C,C,A,A,D,-,A,D,0,NA,NA,NA,NA,Y,NA,A,07,0,0,2,0,0,0,0,0,0,-,-,33.88541030883789,-117.550048828125,RIVERSIDE,CORONA,-117.55001068115234,33.885440826416016
9128759,2020,2020-09-29,3300,2020-07-05,0957,3146,916A,7,5,4,3312,0,0,0,NA,0,031,PERRIS BL,PERRY ST,218,S,N,A,-,N,NA,NA,NA,NA,NA,NA,NA,NA,NA,Y,3,0,1,2,A,-,03,22350,NA,N,C,C,A,A,H,-,A,D,0,NA,NA,Y,NA,Y,NA,C,02,0,1,0,0,0,0,0,0,1,-,-,33.848209381103516,-117.22595977783205,RIVERSIDE,PERRIS,-117.22606658935548,33.84760284423828
91287802,2020,2020-08-18,9630,2020-08-08,1623,021796,NA,6,2,9,3300,0,1,1,NA,2,020,I-10 E/B,BOB HOPE DR,102,E,N,A,-,Y,NA,NA,10,NA,NA,NA,NA,NA,E,Y,3,0,1,1,A,-,08,22107,NA,N,F,A,A,A,H,-,A,D,0,NA,NA,NA,NA,Y,NA,A,01,0,1,0,0,0,0,0,0,0,-,-,33.81977844238281,-116.40898895263672,RIVERSIDE,UNINCORPORATED,-116.40896606445313,33.81982421875
91287872,2020,2020-08-18,9655,2020-08-13,1310,016885,NA,4,1,9,3300,0,1,3,NA,2,213,SR-79 S/B,LANDFILL ROAD,25,N,N,A,-,Y,NA,NA,79,NA,NA,NA,NA,NA,S,Y,4,0,1,2,A,-,03,22350,NA,N,C,C,A,A,H,-,A,A,0,NA,NA,NA,NA,Y,NA,A,01,0,0,1,0,0,0,0,0,0,-,-,33.88365173339844,-116.99079895019533,RIVERSIDE,UNINCORPORATED,-116.99075317382813,33.883644104003906
91289087,2020,2020-08-19,9630,2020-08-13,1638,021796,NA,4,2,9,3300,0,1,1,NA,2,021,I-10 W/B,JEFFERSON ST,3696,E,N,A,-,Y,NA,NA,NA,NA,NA,NA,NA,NA,NA,Y,4,0,1,2,A,-,08,22107,NA,N,B,C,A,A,H,-,A,D,0,NA,NA,NA,Y,Y,NA,G,27,0,0,1,0,0,0,0,0,0,-,-,33.74449920654297,-116.26081085205078,RIVERSIDE,UNINCORPORATED,-116.26593780517578,33.748008728027344
91290398,2020,2020-08-21,9840,2020-08-13,1335,022457,NA,4,1,7,3313,0,1,1,NA,2,022,I-215 N/B,CENTER ST,1600,S,N,A,-,Y,NA,NA,215,NA,NA,NA,NA,NA,N,N,4,0,1,3,A,-,07,21658,A,F,B,C,A,A,H,-,A,D,0,NA,NA,NA,NA,Y,NA,A,07,0,0,1,0,0,0,0,0,0,-,-,34.011348724365234,-117.34517669677734,RIVERSIDE,RIVERSIDE,-117.34519958496094,34.0113639831543
91291399,2020,2020-08-24,9685,2020-08-13,1640,016113,NA,4,2,9,3300,0,1,3,NA,1,039,SR-79 WESTBOUND,VAIL OAK ROAD,280,E,N,A,-,Y,NA,NA,NA,NA,NA,NA,NA,NA,NA,Y,3,0,1,1,A,-,08,22107,NA,N,E,I,A,A,H,-,A,D,0,NA,NA,NA,NA,Y,NA,D,23,0,1,0,0,0,0,0,0,0,-,-,33.470130920410156,-117.95246887207033,RIVERSIDE,UNINCORPORATED,NA,NA
91291853,2020,2020-08-25,9840,2020-08-16,0052,021218,NA,7,3,6,3315,0,1,3,NA,2,031,SR-91 W/B CONNECTOR RD,MAIN ST,2600,E,N,A,-,Y,NA,NA,91,NA,NA,NA,NA,NA,W,Y,4,0,2,3,A,-,08,22107,NA,F,B,C,A,A,H,-,D,D,0,NA,NA,NA,NA,Y,NA,A,01,0,0,2,0,0,0,0,0,0,-,-,33.880191802978516,-117.56201934814452,RIVERSIDE,CORONA,-117.56204986572266,33.879756927490234
9129237,2020,2020-08-07,3301,2020-06-29,2019,U453,18,1,5,4,3301,0,0,0,NA,0,002,VICTORY ST,LOVELL ST,1426,W,N,A,-,N,NA,NA,NA,NA,NA,NA,NA,NA,NA,N,2,0,1,1,A,-,03,22350,NA,N,E,J,A,D,G,-,B,D,0,NA,NA,Y,NA,Y,NA,C,02,1,0,0,0,0,0,0,0,1,-,-,33.917991638183594,-116.8965072631836,RIVERSIDE,BANNING,-116.90080261230467,33.914371490478516
91292713,2020,2020-08-26,9685,2020-08-14,0245,017013,NA,5,3,9,3300,0,1,3,NA,2,011,SR-74 E/B (ORTEGA HWY),EL CARISO ROAD,56,W,N,A,-,Y,NA,NA,74,NA,NA,NA,NA,NA,E,Y,3,0,2,1,A,-,08,22107,NA,N,E,J,A,A,H,-,D,D,0,NA,NA,NA,NA,Y,NA,A,01,0,2,0,0,0,0,0,0,0,-,-,33.64582824707031,-117.41826629638672,RIVERSIDE,UNINCORPORATED,-117.41835021972656,33.645931243896484
91293722,2020,2020-08-27,9660,2020-08-21,0020,019623,NA,5,3,9,3300,0,1,1,NA,2,030,I-10 E/B,FORD DRY LAKE RD. O/C,9504,W,N,A,-,Y,NA,NA,10,NA,NA,NA,NA,NA,E,Y,3,0,1,2,A,-,08,22107,NA,N,B,E,A,A,H,-,D,D,0,NA,NA,NA,Y,Y,NA,G,25,0,1,0,0,0,0,0,0,0,-,-,33.616310119628906,-115.02104949951172,RIVERSIDE,UNINCORPORATED,-115.02102661132813,33.61639404296875
91296426,2020,2020-08-31,9630,2020-08-20,1120,021128,NA,4,1,9,3300,0,3,5,NA,2,003,BOX CANYON RD,PINTO RD,42240,S,N,A,-,N,NA,NA,NA,NA,NA,NA,NA,NA,NA,Y,4,0,1,1,A,-,08,22107,NA,N,F,A,A,A,H,-,A,D,0,NA,NA,Y,NA,Y,NA,C,02,0,0,1,0,0,0,0,0,1,-,-,33.61724853515625,-115.91742706298828,RIVERSIDE,UNINCORPORATED,-115.91735076904295,33.60761260986328
91296476,2020,2020-08-31,9630,2020-08-20,1840,021513,NA,4,2,9,3300,0,1,1,NA,2,302,I-10 W/B,COTTONWOOD SPRING RD,2587,E,N,A,-,Y,NA,NA,10,NA,NA,NA,NA,NA,W,Y,3,0,2,1,A,-,08,22107,NA,N,F,A,A,A,C,-,A,D,0,NA,NA,NA,NA,Y,NA,A,07,0,2,0,0,0,0,0,0,0,-,-,33.66035079956055,-115.79351806640624,RIVERSIDE,UNINCORPORATED,-115.79351806640624,33.66040802001953
91296631,2020,2020-09-01,9630,2020-08-22,2153,021897,NA,6,2,9,3300,0,1,1,NA,2,010,I-10 W/B,INDIAN CANYON DR,525,E,N,A,-,Y,NA,NA,NA,NA,NA,NA,NA,NA,NA,Y,3,0,1,1,A,-,01,23152,A,N,E,I,A,A,H,-,D,D,0,NA,NA,NA,NA,Y,Y,A,01,0,1,0,0,0,0,0,0,0,-,-,33.904659271240234,-116.5434799194336,RIVERSIDE,UNINCORPORATED,-116.54379272460938,33.90449905395508
91296843,2020,2020-09-01,9685,2020-08-16,0200,017833,NA,7,3,9,3300,0,1,1,NA,2,034,SR-371 SOUTHBOUND,BARBARA TRAIL,1214,S,N,A,-,Y,NA,NA,NA,NA,NA,NA,NA,NA,NA,Y,2,0,1,1,A,-,01,23152,A,N,F,A,A,A,H,-,D,D,0,NA,NA,NA,NA,Y,Y,A,01,1,0,0,0,0,0,0,0,0,-,-,33.49863052368164,-116.80970001220705,RIVERSIDE,UNINCORPORATED,NA,NA
91297131,2020,2020-09-01,9655,2020-08-20,1830,017263,NA,4,2,9,3300,0,1,1,NA,2,206,I-10 E/B,HAUGEN-LEHMANN WAY,2112,W,N,A,-,Y,NA,NA,10,NA,NA,NA,NA,NA,E,Y,2,0,1,1,A,-,03,22350,NA,N,F,A,A,A,H,-,A,D,0,NA,NA,Y,NA,Y,NA,C,02,1,0,0,0,0,0,0,0,1,-,-,33.92449188232422,-116.69441223144533,RIVERSIDE,UNINCORPORATED,-116.69439697265624,33.92454147338867
91297479,2020,2020-09-02,9840,2020-08-25,1354,021872,NA,2,1,9,3300,0,2,4,NA,2,043,RAMONA EXPY,RESERVOIR RD,10,W,N,A,-,N,NA,NA,NA,NA,NA,NA,NA,NA,NA,N,3,0,1,2,A,-,06,21755,NA,N,B,C,A,A,H,-,A,D,0,NA,NA,Y,NA,Y,NA,C,02,0,1,0,0,0,0,0,0,1,-,-,33.84003829956055,-117.08817291259766,RIVERSIDE,UNINCORPORATED,-117.08809661865234,33.839969635009766
91297526,2020,2020-09-02,9840,2020-08-27,2200,021047,NA,4,3,6,3345,0,1,3,NA,2,010,SR-60 W/B,COUNTRY VILLAGE RD,700,W,N,A,-,Y,NA,NA,60,NA,NA,NA,NA,NA,W,Y,4,0,1,2,A,-,07,21658,A,N,C,C,A,A,D,-,C,D,0,NA,NA,NA,NA,Y,NA,A,08,0,0,1,0,0,0,0,0,0,-,-,34.018798828125,-117.50923919677734,RIVERSIDE,JURUPA VALLEY,-117.50924682617188,34.018898010253906
91297874,2020,2020-09-18,9840,2020-08-28,1516,018611,NA,5,2,7,3313,0,1,3,NA,2,010,SR-60 E/B,MAIN ST,1280,W,N,A,-,Y,NA,NA,60,NA,NA,NA,NA,NA,E,N,4,0,1,2,A,-,03,22350,NA,N,C,C,A,A,H,-,A,D,0,NA,NA,Y,NA,Y,NA,C,02,0,0,1,0,0,0,0,0,1,-,-,33.99782943725586,-117.36840057373048,RIVERSIDE,RIVERSIDE,-117.36839294433594,33.99784851074219
91299425,2020,2020-09-04,9655,2020-09-03,0055,019462,NA,4,3,9,3300,0,1,3,NA,2,315,SR-74 E/B,CALIFORNIA AVE,50,W,N,A,-,Y,NA,NA,74,NA,NA,NA,NA,NA,E,Y,4,0,1,4,A,-,03,22350,NA,N,C,C,A,A,D,-,D,A,0,NA,NA,NA,NA,Y,NA,A,01,0,0,1,0,0,0,0,0,0,-,-,33.74380874633789,-117.05048370361328,RIVERSIDE,UNINCORPORATED,-117.05048370361328,33.74380111694336
91299880,2020,2020-09-07,9840,2020-08-31,0535,018949,NA,1,3,9,3300,0,3,5,NA,2,003,ESTELLE ST,MCKINLEY ST,750,W,N,A,-,N,NA,NA,NA,NA,NA,NA,NA,NA,NA,Y,3,0,2,2,A,-,03,22350,NA,N,C,C,A,A,H,-,D,D,0,NA,NA,NA,NA,Y,NA,A,01,0,2,0,0,0,0,0,0,0,-,-,33.88193893432617,-117.51773834228516,RIVERSIDE,UNINCORPORATED,-117.5173110961914,33.88206481933594
9130054,2020,2020-11-20,3300,2020-07-30,0739,5774,916C,4,5,4,3312,0,0,0,NA,0,031,RIDER ST,SHERMAN RD,32,E,N,A,-,N,NA,NA,NA,NA,NA,NA,NA,NA,NA,N,4,0,1,2,A,-,03,22350,NA,N,C,C,A,A,H,-,A,A,0,NA,NA,NA,NA,Y,NA,A,01,0,0,1,0,0,0,0,0,0,-,-,NA,NA,RIVERSIDE,PERRIS,-117.1824951171875,33.830326080322266
91300707,2020,2020-09-08,9840,2020-08-29,0300,019017,NA,6,3,6,3315,0,1,3,NA,2,031,SR-91 W//B TO MCKINLEY ST S/B,MCKINLEY STREET,237,W,N,A,-,Y,NA,NA,91,NA,NA,NA,R,NA,W,Y,3,0,1,1,A,-,01,23152,A,N,E,I,A,A,H,-,C,D,0,NA,NA,Y,NA,Y,Y,C,02,0,1,0,0,0,0,0,0,1,-,-,33.88618850708008,-117.51880645751952,RIVERSIDE,CORONA,-117.51880645751952,33.88618850708008
91302186,2020,2020-09-10,9840,2020-09-03,2235,021943,NA,4,3,7,3313,0,1,3,NA,2,020,STATE ROUTE 91 W/B,JACKSON ST,375,E,N,A,-,Y,NA,NA,91,NA,NA,NA,NA,NA,W,Y,3,0,2,2,A,-,03,22350,NA,F,C,C,A,A,H,-,D,D,0,NA,NA,NA,NA,Y,NA,A,01,0,1,1,0,0,0,0,0,0,-,-,33.91958999633789,-117.43377685546876,RIVERSIDE,RIVERSIDE,-117.43377685546876,33.919586181640625
91304701,2020,2020-09-15,9840,2020-09-06,2255,021037,NA,7,3,7,3313,0,1,1,NA,2,023,I-215 SB TO BLAINE ST.,BLAINE ST.,40,N,N,A,-,N,NA,NA,215,NA,NA,NA,R,NA,S,N,4,0,1,2,A,-,21,22106,NA,N,C,C,A,A,H,-,C,A,0,NA,NA,NA,NA,Y,NA,A,07,0,0,1,0,0,0,0,0,0,-,-,33.983219146728516,-117.34365081787108,RIVERSIDE,RIVERSIDE,-117.34365081787108,33.983219146728516
91305188,2020,2020-09-15,9655,2020-09-14,1330,015795,NA,1,1,9,3300,0,1,1,NA,2,204,I-10 W/B,MORONGO TRAIL,500,W,N,A,-,Y,NA,NA,10,NA,NA,NA,NA,NA,W,Y,3,0,2,1,C,-,18,NA,NA,N,E,J,A,A,H,-,A,D,0,NA,NA,NA,NA,Y,NA,-,-,0,2,0,0,0,0,0,0,0,-,-,33.92361068725586,-116.81053924560548,RIVERSIDE,UNINCORPORATED,-116.81050872802734,33.92365264892578
91305215,2020,2020-09-15,9685,2020-09-06,1140,017013,NA,7,1,9,3300,0,3,5,NA,2,003,DE PORTOLA ROAD,AVENIDA BRAVURA,0,NA,Y,A,-,N,NA,NA,NA,NA,NA,NA,NA,NA,NA,Y,3,0,3,2,A,-,09,21802,A,N,D,C,A,A,H,-,A,A,0,NA,NA,NA,NA,Y,NA,A,01,0,3,0,0,0,0,0,0,0,-,-,33.53668975830078,-117.0123291015625,RIVERSIDE,UNINCORPORATED,-117.01242065429688,33.53667068481445
91306334,2020,2021-03-08,9840,2020-09-11,1925,021311,NA,5,2,4,3344,0,1,3,NA,2,010,SR-60 E/B,I-15,400,W,N,A,-,Y,NA,NA,60,NA,NA,NA,NA,NA,E,Y,4,0,1,3,A,-,01,23152,A,N,C,C,A,A,D,-,B,D,0,NA,NA,NA,NA,Y,Y,A,01,0,0,1,0,0,0,0,0,0,-,-,34.021949768066406,-117.5518035888672,RIVERSIDE,EASTVALE,-117.55177307128906,34.02205276489258
91306752,2020,2020-09-17,9685,2020-09-10,0501,015958,NA,4,3,3,3343,0,1,1,NA,2,010,INTERSTATE 15 SOUTHBOUND,CLINTON KETH ROAD,3960,N,N,A,-,Y,NA,NA,15,NA,NA,NA,NA,NA,S,Y,3,0,1,2,A,-,07,21658,A,N,C,C,A,A,H,-,C,D,0,NA,NA,NA,Y,Y,NA,A,07,0,1,0,0,0,0,0,0,0,-,-,33.60457992553711,-117.25328826904295,RIVERSIDE,WILDOMAR,-117.25327301025392,33.60459899902344
91306944,2020,2020-09-18,9840,2020-09-14,0700,018949,NA,1,1,7,3313,0,1,3,NA,2,020,SR-91 W/B,MAGNOLIA AVE,100,W,N,B,-,Y,NA,NA,91,NA,NA,NA,NA,NA,W,Y,3,0,4,3,A,-,08,22107,NA,N,B,C,A,A,H,-,A,D,0,NA,NA,NA,NA,Y,NA,A,01,0,1,3,0,0,0,0,0,0,-,-,33.89719009399414,-117.48805236816406,RIVERSIDE,RIVERSIDE,-117.48804473876952,33.8972282409668
91307465,2020,2020-09-18,9840,2020-09-16,0920,019242,NA,3,1,7,3313,0,1,3,NA,2,021,SR-91 W/B,CENTRAL AVE,1000,E,N,A,-,Y,NA,NA,91,NA,NA,NA,NA,NA,W,N,4,0,1,2,A,-,08,22107,NA,N,E,I,A,A,H,-,A,D,0,NA,NA,NA,NA,Y,NA,A,01,0,0,1,0,0,0,0,0,0,-,-,33.957000732421875,-117.37969970703124,RIVERSIDE,RIVERSIDE,-117.3796844482422,33.95698165893555
91307497,2020,2020-09-18,9660,2020-09-13,1755,019456,NA,7,2,9,3300,0,1,1,NA,2,031,I-10 WESTBOUND,FORD DRY LAKE ROAD,1056,E,N,A,-,Y,NA,NA,10,NA,NA,NA,NA,NA,W,Y,3,0,1,1,A,-,08,22107,NA,N,F,A,A,A,H,-,A,D,0,NA,NA,NA,NA,Y,NA,A,07,0,1,0,0,0,0,0,0,0,-,-,33.607120513916016,-114.98657989501952,RIVERSIDE,UNINCORPORATED,-114.98660278320313,33.60698699951172
91307814,2020,2020-09-21,9840,2020-09-15,2210,019017,NA,2,3,6,3315,0,1,3,NA,2,031,STATE ROUTE91 W/B,MCKINLEY ST,1000,W,N,A,-,Y,NA,NA,NA,NA,NA,NA,NA,NA,NA,Y,4,0,1,2,A,-,03,22350,NA,N,C,C,A,A,H,-,C,D,0,NA,NA,NA,NA,Y,NA,A,01,0,0,1,0,0,0,0,0,0,-,-,33.884281158447266,-117.52439880371094,RIVERSIDE,CORONA,NA,NA
91308523,2020,2020-09-21,9685,2020-09-05,0400,016986,NA,6,3,5,3335,0,1,1,NA,2,030,I-15 SOUTHBOUND,RANCHO CALIFORNIA RD.,1584,N,N,A,-,Y,NA,NA,15,NA,NA,NA,NA,NA,S,Y,3,0,5,2,A,-,01,23152,A,N,B,C,A,A,H,-,D,D,0,NA,NA,NA,NA,Y,Y,A,01,0,3,2,0,0,0,0,0,0,-,-,33.50522994995117,-117.1535186767578,RIVERSIDE,TEMECULA,-117.15359497070313,33.50519561767578
91308774,2020,2020-09-22,9840,2020-09-13,1525,021873,NA,7,2,9,3300,0,1,1,NA,2,034,I-15 S/B,EL CERRITO RD,290,N,N,A,-,Y,NA,NA,15,NA,NA,NA,NA,NA,S,Y,4,0,1,1,A,-,07,21658,A,N,F,I,A,A,H,-,A,D,0,NA,NA,NA,NA,Y,NA,D,22,0,0,1,0,0,0,0,0,0,-,-,33.83271026611328,-117.53044128417967,RIVERSIDE,UNINCORPORATED,-117.5303192138672,33.83277893066406
91308933,2020,2020-09-22,9685,2020-09-13,1950,016113,NA,7,2,9,3300,0,3,5,NA,2,003,LEON ROAD,BRIGGS ROAD,0,NA,Y,A,-,N,NA,NA,NA,NA,NA,NA,NA,NA,NA,Y,4,0,2,2,A,-,09,21453,C,N,D,C,A,A,H,-,C,A,0,NA,NA,NA,NA,Y,NA,A,08,0,0,2,0,0,0,0,0,0,-,-,33.602298736572266,-117.12383270263672,RIVERSIDE,UNINCORPORATED,-117.12705993652344,33.60129165649414
91310065,2020,2020-09-23,9840,2020-09-18,1205,018221,NA,5,1,6,3394,0,1,3,NA,2,025,SR-60 W/B,NASON ST.,1800,W,N,A,-,Y,NA,NA,60,NA,NA,NA,NA,NA,W,Y,3,0,1,2,A,-,07,21658,A,N,B,C,A,A,H,-,A,D,0,NA,NA,NA,NA,Y,NA,A,01,0,1,0,0,0,0,0,0,0,-,-,33.939361572265625,-117.1974868774414,RIVERSIDE,MORENO VALLEY,-117.1974868774414,33.93935775756836
9131132,2020,2020-09-15,3300,2020-06-26,2001,4076,84A4,5,5,3,3305,0,0,0,NA,0,Y84,DILLON RD,VISTA DEL NORTE,35,W,N,A,-,N,NA,NA,NA,NA,NA,NA,NA,NA,NA,NA,4,0,1,2,A,-,08,22100,B,N,C,C,A,A,H,-,C,D,0,NA,NA,NA,Y,Y,NA,G,25,0,0,1,0,0,0,0,0,0,-,-,33.71649932861328,-118.17096710205078,RIVERSIDE,COACHELLA,-116.17112731933594,33.71641159057617
91313451,2020,2020-09-28,9655,2020-08-09,1240,020350,NA,7,1,9,3300,0,1,3,NA,1,116,STATE ROUTE 74,MCGAUGH ROAD,8976,W,N,A,-,Y,NA,NA,74,NA,NA,NA,NA,NA,NA,Y,1,1,2,2,A,-,05,21460,A,N,A,C,A,A,H,-,A,D,0,NA,NA,Y,NA,Y,NA,C,02,2,0,0,0,0,0,0,1,2,-,-,33.701141357421875,-116.76203918457033,RIVERSIDE,UNINCORPORATED,-116.76206207275392,33.70108413696289
91315169,2020,2020-09-30,9840,2020-09-28,2000,016619,NA,1,2,6,3345,0,1,3,NA,2,010,SR-60 W/B,COUNTRY VILLAGE RD,528,W,N,A,-,Y,NA,NA,60,NA,NA,NA,NA,NA,W,Y,4,0,1,2,A,-,07,21658,A,F,B,C,A,A,D,-,D,D,0,NA,NA,NA,NA,Y,Y,-,99,0,0,1,0,0,0,0,0,0,-,-,34.01860046386719,-117.51447296142578,RIVERSIDE,JURUPA VALLEY,-117.51447296142578,34.018733978271484
9131607,2020,2020-10-06,3300,2020-07-10,1519,3775,601C5,5,5,6,3394,0,0,0,NA,0,MV14,DAY ST,IRONWOOD AV,585,S,N,A,-,N,NA,NA,NA,NA,NA,NA,NA,NA,NA,NA,4,0,3,3,A,-,03,22350,NA,N,C,C,A,A,H,-,A,D,0,NA,NA,NA,NA,Y,NA,A,01,0,0,3,0,0,0,0,0,0,-,-,33.94681930541992,-117.27866363525392,RIVERSIDE,MORENO VALLEY,-117.27897644042967,33.94498825073242
9131644,2020,2020-09-15,3300,2020-06-22,0125,4867,602E2,1,5,6,3394,0,0,0,NA,0,NMV28,LASSELLE ST,EUCALYPTUS AV,117,S,N,A,-,N,NA,NA,NA,NA,NA,NA,NA,NA,NA,Y,4,0,1,1,A,-,01,23152,A,N,E,I,A,A,H,-,C,D,0,NA,NA,NA,NA,Y,Y,A,01,0,0,1,0,0,0,0,0,0,-,-,33.93183135986328,-117.20883941650392,RIVERSIDE,MORENO VALLEY,-117.2089385986328,33.93149948120117
91316846,2020,2020-10-02,9685,2020-09-28,1535,015957,NA,1,2,9,3300,0,1,3,NA,1,031,WINCHESTER RD,BENTON RD,500,N,N,A,-,Y,NA,NA,79,NA,NA,NA,NA,NA,NA,N,3,0,1,2,A,-,03,22350,NA,N,C,C,A,A,H,-,A,D,0,NA,NA,Y,NA,Y,NA,C,02,0,1,0,0,0,0,0,0,1,-,-,33.59379959106445,-117.12287139892578,RIVERSIDE,UNINCORPORATED,-117.12288665771484,33.59382629394531
9131915,2020,2020-10-13,3313,2020-07-23,1915,1384,2,4,5,7,3313,0,0,0,NA,0,M17,HOWARD AV,DATE ST,127,N,N,A,-,N,NA,NA,NA,NA,NA,NA,NA,NA,NA,N,4,0,1,1,A,-,08,22107,NA,N,E,I,A,A,H,-,A,D,0,NA,NA,NA,NA,Y,NA,A,01,0,0,1,0,0,0,0,0,0,-,-,33.96670913696289,-117.3736572265625,RIVERSIDE,RIVERSIDE,-117.37344360351563,33.9669303894043
9132112,2020,2020-09-14,3300,2020-06-13,1419,5237,905K,6,5,4,3307,0,0,0,NA,0,094,DRYDEN ST,LAKESHORE DR,231,E,N,A,-,N,NA,NA,NA,NA,NA,NA,NA,NA,NA,NA,3,0,1,1,B,-,22,NA,NA,N,F,A,A,A,G,-,A,A,0,NA,NA,Y,NA,Y,NA,C,06,0,1,0,0,0,0,0,0,1,-,-,33.692108154296875,-117.37882232666016,RIVERSIDE,LAKE ELSINORE,-117.37843322753906,33.692684173583984