CASE_ID,ACCIDENT_YEAR,PROC_DATE,JURIS,COLLISION_DATE,COLLISION_TIME,OFFICER_ID,REPORTING_DISTRICT,DAY_OF_WEEK,CHP_SHIFT,POPULATION,CNTY_CITY_LOC,SPECIAL_COND,BEAT_TYPE,CHP_BEAT_TYPE,CITY_DIVISION_LAPD,CHP_BEAT_CLASS,BEAT_NUMBER,PRIMARY_RD,SECONDARY_RD,DISTANCE,DIRECTION,INTERSECTION,WEATHER_1,WEATHER_2,STATE_HWY_IND,CALTRANS_COUNTY,CALTRANS_DISTRICT,STATE_ROUTE,ROUTE_SUFFIX,POSTMILE_PREFIX,POSTMILE,LOCATION_TYPE,RAMP_INTERSECTION,SIDE_OF_HWY,TOW_AWAY,COLLISION_SEVERITY,NUMBER_KILLED,NUMBER_INJURED,PARTY_COUNT,PRIMARY_COLL_FACTOR,PCF_CODE_OF_VIOL,PCF_VIOL_CATEGORY,PCF_VIOLATION,PCF_VIOL_SUBSECTION,HIT_AND_RUN,TYPE_OF_COLLISION,MVIW,PED_ACTION,ROAD_SURFACE,ROAD_COND_1,ROAD_COND_2,LIGHTING,CONTROL_DEVICE,CHP_ROAD_TYPE,PEDESTRIAN_ACCIDENT,BICYCLE_ACCIDENT,MOTORCYCLE_ACCIDENT,TRUCK_ACCIDENT,NOT_PRIVATE_PROPERTY,ALCOHOL_INVOLVED,STWD_VEHTYPE_AT_FAULT,CHP_VEHTYPE_AT_FAULT,COUNT_SEVERE_INJ,COUNT_VISIBLE_INJ,COUNT_COMPLAINT_PAIN,COUNT_PED_KILLED,COUNT_PED_INJURED,COUNT_BICYCLIST_KILLED,COUNT_BICYCLIST_INJURED,COUNT_MC_KILLED,COUNT_MC_INJURED,PRIMARY_RAMP,SECONDARY_RAMP,LATITUDE,LONGITUDE,COUNTY,CITY,POINT_X,POINT_Y
91380015,2020,2021-01-04,9630,2020-11-24,1717,021162,NA,2,2,9,3300,0,3,5,NA,2,502,GRAPEFRUIT BOULEVARD,60TH AVENUE,470,S,N,A,-,N,NA,NA,NA,NA,NA,NA,NA,NA,NA,Y,1,1,1,2,A,-,05,21650,NA,N,A,C,A,A,H,-,D,D,0,NA,NA,NA,NA,Y,Y,D,22,1,0,0,0,0,0,0,0,0,-,-,33.61199951171875,-116.11476135253906,RIVERSIDE,UNINCORPORATED,-116.11484,33.612006
91380235,2020,2021-01-04,9685,2020-12-31,1614,015957,NA,4,2,9,3300,0,1,3,NA,1,012,SR-74,ELLIS AVE,0,NA,Y,A,-,Y,NA,NA,74,NA,NA,NA,NA,NA,NA,Y,4,0,2,2,A,-,12,21453,A,N,A,C,A,A,H,-,A,D,0,NA,NA,NA,NA,Y,NA,A,01,0,0,2,0,0,0,0,0,0,-,-,33.77157974243164,-117.25125885009766,RIVERSIDE,UNINCORPORATED,-117.25127410888672,33.7715950012207
91381732,2020,2021-01-06,9840,2020-12-28,0650,012208,NA,1,1,9,3300,0,2,4,NA,2,042,VAN BUREN BOULEVARD {E/B},CANYON VIEW DRIVE,0,NA,Y,B,C,N,NA,NA,NA,NA,NA,NA,NA,NA,NA,Y,4,0,1,2,A,-,09,21453,C,N,D,C,A,B,H,-,B,A,0,NA,NA,NA,NA,Y,NA,A,08,0,0,1,0,0,0,0,0,0,-,-,33.882198333740234,-117.38813018798828,RIVERSIDE,UNINCORPORATED,-117.388173,33.882222
91385916,2021,2021-01-12,9840,2021-01-11,1741,020535,NA,1,2,7,3313,0,1,1,NA,2,024,I-215 N/B,ALESSANDRO BLVD,1500,N,N,A,-,Y,NA,NA,215,NA,NA,NA,NA,NA,N,Y,4,0,2,2,A,-,03,22350,NA,N,C,C,A,A,H,-,C,D,0,NA,NA,NA,NA,Y,NA,D,22,0,0,2,0,0,0,0,0,0,-,-,33.92189025878906,-117.28845977783205,RIVERSIDE,RIVERSIDE,-117.28844451904295,33.92189025878906
9138773,2020,2020-10-09,3313,2020-07-28,1735,0282,4,2,5,7,3313,0,0,0,NA,0,T48,MADISON ST,POTOMAC ST,152,N,N,A,-,N,NA,NA,NA,NA,NA,NA,NA,NA,NA,Y,3,0,1,2,A,-,09,21804,A,N,D,C,A,A,H,-,A,D,0,NA,NA,NA,NA,Y,NA,A,07,0,1,0,0,0,0,0,0,0,-,-,33.94076156616211,-117.4087371826172,RIVERSIDE,RIVERSIDE,-117.40899658203124,33.94085693359375
91388036,2020,2021-01-15,9660,2020-10-02,0052,022508,NA,5,3,3,3303,0,1,1,NA,2,032,I-10 WESTBOUND,NEIGHBOURS,6336,W,N,A,-,Y,NA,NA,10,NA,NA,NA,NA,NA,W,Y,1,1,0,1,A,-,08,22107,NA,N,F,A,A,A,H,-,D,D,0,NA,NA,NA,NA,Y,NA,A,07,0,0,0,0,0,0,0,0,0,-,-,33.60660171508789,-114.6060028076172,RIVERSIDE,BLYTHE,-114.6060028076172,33.60716247558594
91388137,2021,2021-01-15,9840,2021-01-14,1241,012208,NA,4,1,9,3300,0,2,4,NA,2,042,VAN BUREN BOULEVARD W/B {16801 BLOCK},KING AVENUE,354,E,N,A,-,N,NA,NA,NA,NA,NA,NA,NA,NA,NA,Y,3,0,1,3,A,-,03,22350,NA,N,C,C,A,A,H,-,A,A,0,NA,NA,NA,NA,Y,NA,D,22,0,1,0,0,0,0,0,0,0,-,-,33.88240051269531,-117.36929321289063,RIVERSIDE,UNINCORPORATED,-117.3693389892578,33.882362365722656
91388872,2021,2021-01-18,9840,2021-01-10,0512,021218,NA,7,3,9,3300,0,1,1,NA,2,037,I-15 N/B,TEMESCAL CANYON RD,750,S,N,A,-,Y,NA,NA,15,NA,NA,NA,NA,NA,N,Y,4,0,1,1,A,-,08,22107,NA,N,E,I,A,A,H,-,D,D,0,NA,NA,NA,NA,Y,NA,A,07,0,0,1,0,0,0,0,0,0,-,-,33.77505874633789,-117.48618316650392,RIVERSIDE,UNINCORPORATED,-117.48609161376952,33.77511215209961
91389537,2021,2021-03-15,9840,2021-01-12,2120,021311,NA,2,2,6,3345,0,1,3,NA,2,010,SR-60 E/B,WINEVILLE RD,1400,E,N,A,-,Y,NA,NA,60,NA,NA,NA,NA,NA,E,N,4,0,3,2,A,-,07,21658,A,N,C,C,A,A,D,H,C,D,0,NA,NA,NA,NA,Y,NA,A,01,0,0,3,0,0,0,0,0,0,-,-,34.01839828491211,-117.53865814208984,RIVERSIDE,JURUPA VALLEY,-117.53865051269533,34.0184440612793
91390909,2021,2021-01-19,9685,2021-01-15,0440,017304,NA,5,3,4,3342,0,1,1,NA,2,030,I-215 SOUTHBOUND,MURRIETA HOT SPRINGS,2904,S,N,A,-,Y,NA,NA,215,NA,NA,NA,NA,NA,S,Y,4,0,1,2,A,-,08,22107,NA,N,B,C,A,A,H,-,D,D,0,NA,NA,NA,NA,Y,NA,A,07,0,0,1,0,0,0,0,0,0,-,-,33.54750061035156,-117.18109893798828,RIVERSIDE,MURRIETA,-117.18116760253906,33.5474739074707
91392221,2021,2021-01-21,9840,2021-01-12,0700,014366,NA,2,1,7,3313,0,1,3,NA,2,010,SR-60 W/B,ORANGE AVE,510,E,N,A,-,Y,NA,NA,60,NA,NA,NA,NA,NA,W,Y,4,0,1,4,A,-,03,22350,NA,N,C,C,A,A,H,-,A,D,0,NA,NA,NA,NA,Y,NA,A,01,0,0,1,0,0,0,0,0,0,-,-,33.99620056152344,-117.36419677734376,RIVERSIDE,RIVERSIDE,-117.36415100097656,33.996334075927734
91392343,2021,2021-01-21,9630,2021-01-14,0445,021897,NA,4,3,9,3300,0,3,5,NA,2,504,66TH AVE,SR-86,2112,W,N,A,-,N,NA,NA,NA,NA,NA,NA,NA,NA,NA,N,3,0,1,2,A,-,08,22107,NA,F,G,B,E,A,H,-,D,D,0,Y,NA,NA,NA,Y,NA,A,01,0,1,0,0,1,0,0,0,0,-,-,33.569400787353516,-116.09911346435548,RIVERSIDE,UNINCORPORATED,-116.09966278076172,33.5693359375
91393316,2021,2021-01-25,9655,2021-01-13,1123,015795,NA,3,1,9,3300,0,1,1,NA,2,204,I-10 W/B,SUNSET AVENUE,1584,W,N,A,-,Y,NA,NA,NA,NA,NA,NA,NA,NA,NA,Y,3,0,1,1,A,-,08,22107,NA,N,E,I,A,A,H,-,A,D,0,NA,NA,NA,Y,Y,NA,G,25,0,1,0,0,0,0,0,0,0,-,-,33.92544937133789,-116.91558837890624,RIVERSIDE,UNINCORPORATED,-116.91426849365234,33.92510986328125
9139469,2020,2020-09-21,3300,2020-07-21,1509,4996,603B1,2,5,6,3394,0,0,0,NA,0,034,INDIAN ST,GENTIAN AV,0,NA,Y,-,-,N,NA,NA,NA,NA,NA,NA,NA,NA,NA,Y,4,0,1,2,A,-,09,21802,A,N,D,C,A,A,H,-,A,A,0,NA,NA,NA,NA,Y,NA,-,-,0,0,1,0,0,0,0,0,0,-,-,33.89556121826172,-117.23487854003906,RIVERSIDE,MORENO VALLEY,-117.23497772216795,33.8955192565918
91395219,2021,2021-01-27,9840,2021-01-26,1440,017546,NA,2,2,9,3300,0,2,4,NA,2,043,RAMONA EXPRESSWAY E/B,RESERVOIR AVE,750,W,N,A,-,N,NA,NA,NA,NA,NA,NA,NA,NA,NA,Y,3,0,1,2,A,-,03,22350,NA,F,C,C,A,A,H,-,A,D,0,NA,NA,NA,NA,Y,NA,A,07,0,1,0,0,0,0,0,0,0,-,-,33.889930725097656,-117.09063720703124,RIVERSIDE,UNINCORPORATED,-117.11971282958984,33.83810043334961
91398907,2021,2021-01-29,9840,2021-01-24,1556,020220,NA,7,2,9,3300,0,2,4,NA,2,043,RAMONA EXPRESSWAY,BERNASCONI ROAD,0,NA,Y,B,-,N,NA,NA,NA,NA,NA,NA,NA,NA,NA,Y,4,0,1,2,A,-,08,22107,NA,N,D,C,A,A,H,-,A,A,0,NA,NA,NA,NA,Y,NA,A,08,0,0,1,0,0,0,0,0,0,-,-,33.83892822265625,-117.15364074707033,RIVERSIDE,UNINCORPORATED,-117.1536102294922,33.83892822265625
91399750,2021,2021-02-08,9630,2021-01-22,1825,019228,NA,5,2,3,3305,0,1,1,NA,2,301,I-10 W/B,DILLON RD,13728,E,N,B,-,Y,NA,NA,10,NA,NA,NA,NA,NA,W,Y,3,0,1,1,A,-,08,22107,NA,N,F,A,A,A,H,-,D,D,0,NA,NA,NA,NA,Y,NA,A,01,0,1,0,0,0,0,0,0,0,-,-,33.703468322753906,-116.12899017333984,RIVERSIDE,COACHELLA,-116.12893676757813,33.70364761352539
91400796,2021,2021-02-02,9685,2021-01-28,1825,016185,NA,4,2,4,3342,0,1,1,NA,2,030,I-15 N/B,I-215 NORTHBOUND,1224,S,N,B,-,Y,NA,NA,15,NA,NA,NA,NA,NA,N,Y,3,0,2,5,A,-,03,22350,NA,N,C,C,A,A,H,-,D,D,0,NA,NA,NA,Y,Y,NA,G,25,0,2,0,0,0,0,0,0,0,-,-,33.54119873046875,-117.17510223388672,RIVERSIDE,MURRIETA,-117.17514038085938,33.54117202758789
91400834,2021,2021-02-02,9840,2021-01-31,1813,021047,NA,7,2,6,3345,0,1,3,NA,2,010,SR-60 E/B,I-15,3080,E,N,B,-,Y,NA,NA,60,NA,NA,NA,NA,NA,E,Y,4,0,1,2,A,-,03,22350,NA,F,C,C,A,A,H,-,C,D,0,NA,NA,NA,NA,Y,NA,A,01,0,0,1,0,0,0,0,0,0,-,-,34.018638610839844,-117.53936004638672,RIVERSIDE,JURUPA VALLEY,-117.53936767578124,34.01860427856445
91400944,2021,2021-02-02,9655,2021-01-26,1200,015795,NA,2,1,9,3300,0,1,3,NA,1,116,SR-74 E/B,MCGAUGH ROAD,7392,W,N,B,-,Y,NA,NA,74,NA,NA,NA,NA,NA,E,Y,3,0,1,3,A,-,03,22350,NA,N,G,B,E,C,H,-,A,D,0,Y,NA,NA,NA,Y,NA,A,01,0,1,0,0,1,0,0,0,0,-,-,33.698238372802734,-116.76171875,RIVERSIDE,UNINCORPORATED,-116.76170349121094,33.69817352294922
91401176,2021,2021-02-02,9655,2021-01-21,1348,017263,NA,4,1,9,3300,0,3,5,NA,2,002,LIVE OAK CANYON RD,OAK GROVE DR,632,W,N,A,-,N,NA,NA,NA,NA,NA,NA,NA,NA,NA,Y,2,0,1,1,A,-,01,23152,A,M,F,A,A,A,H,-,A,D,0,NA,NA,NA,NA,Y,Y,D,22,1,0,0,0,0,0,0,0,0,-,-,34.00436019897461,-117.14132690429688,RIVERSIDE,UNINCORPORATED,-117.13838958740234,34.00349044799805
9140142,2020,2020-08-25,3309,2020-06-27,1926,2009,3309,6,5,4,3309,0,0,0,NA,0,001,MONROE ST,HOOVER ST,0,NA,Y,A,-,N,NA,NA,NA,NA,NA,NA,NA,NA,NA,N,4,0,1,2,A,-,12,21453,A,N,D,C,A,A,H,-,A,A,0,NA,NA,NA,NA,Y,NA,A,01,0,0,1,0,0,0,0,0,0,-,-,NA,NA,RIVERSIDE,INDIO,-116.23377227783205,33.726768493652344
91402334,2021,2021-04-26,9840,2021-01-29,0109,021261,NA,5,3,6,3345,0,1,3,NA,2,010,SR-60 E/B,COUNTRY VILLAGE RD,1600,W,N,C,-,Y,NA,NA,60,NA,NA,NA,NA,NA,E,Y,2,0,1,2,A,-,03,22350,NA,N,C,C,A,B,H,-,C,D,0,NA,NA,NA,Y,Y,NA,A,01,1,0,0,0,0,0,0,0,0,-,-,34.01856994628906,-117.51236724853516,RIVERSIDE,JURUPA VALLEY,-117.51236724853516,34.018524169921875
91402679,2021,2021-02-04,9655,2021-01-29,0830,014743,NA,5,1,9,3300,0,1,3,NA,2,213,SR-79 N/B,COUNTY LANDFILL ROAD,1584,N,N,C,-,Y,NA,NA,79,NA,NA,NA,NA,NA,N,Y,4,0,1,1,A,-,03,22350,NA,N,E,I,A,B,H,-,A,D,0,NA,NA,NA,NA,Y,NA,A,01,0,0,1,0,0,0,0,0,0,-,-,33.88869094848633,-116.98963928222656,RIVERSIDE,UNINCORPORATED,-116.98971557617188,33.88872146606445
91404017,2021,2021-02-08,9840,2021-02-03,1459,020058,NA,3,2,6,3394,0,1,3,NA,2,025,SR-60 E/B,PERRIS BOULEVARD,3000,E,N,A,-,Y,NA,NA,60,NA,NA,NA,NA,NA,E,Y,2,0,3,2,A,-,07,21658,A,N,B,C,A,A,H,-,A,D,0,NA,NA,NA,Y,Y,NA,G,25,1,1,1,0,0,0,0,0,0,-,-,33.93912124633789,-117.2162628173828,RIVERSIDE,MORENO VALLEY,-117.2162628173828,33.93914031982422
91405600,2021,2021-02-10,9655,2021-01-29,0409,017263,NA,5,3,4,3301,0,1,1,NA,2,204,I-10 E/B,8TH ST,300,E,N,C,-,Y,NA,NA,10,NA,NA,NA,NA,NA,E,Y,4,0,1,2,A,-,03,22350,NA,N,E,I,A,B,D,E,D,D,0,NA,NA,NA,NA,Y,NA,D,22,0,0,1,0,0,0,0,0,0,-,-,33.92422866821289,-116.89923858642578,RIVERSIDE,BANNING,-116.89923858642578,33.92421340942383
91406387,2021,2021-02-10,9685,2021-02-02,1735,013925,NA,2,2,4,3307,0,1,1,NA,2,010,INTERSTATE 15 NORTHBOUND,RAILROAD CANYON ROAD,1964,S,N,A,-,Y,NA,NA,15,NA,NA,NA,NA,NA,N,Y,4,0,1,2,A,-,03,22350,NA,N,C,C,A,A,D,-,A,D,0,NA,NA,NA,NA,Y,NA,A,01,0,0,1,0,0,0,0,0,0,-,-,33.658111572265625,-117.29447174072266,RIVERSIDE,LAKE ELSINORE,-117.29454803466795,33.65804672241211
91408593,2021,2021-02-16,9840,2021-02-06,0140,019576,NA,6,3,7,3313,0,1,3,NA,2,020,SR-91 W/B,LA SIERRA AVE,400,E,N,A,-,Y,NA,NA,91,NA,NA,NA,NA,NA,W,Y,2,0,1,1,A,-,08,22107,NA,N,E,I,A,A,H,-,C,D,0,NA,NA,NA,NA,Y,NA,A,01,1,0,0,0,0,0,0,0,0,-,-,33.901058197021484,-117.47052764892578,RIVERSIDE,RIVERSIDE,-117.47051239013672,33.900943756103516
91408682,2021,2021-02-16,9630,2021-02-05,0330,021604,NA,5,3,9,3300,0,3,5,NA,2,404,SIERRA DEL SOL,RAMON RD,0,NA,Y,A,-,N,NA,NA,NA,NA,NA,NA,NA,NA,NA,Y,3,0,1,1,A,-,08,22107,NA,N,E,I,A,A,H,-,C,A,0,NA,NA,NA,NA,Y,NA,A,01,0,1,0,0,0,0,0,0,0,-,-,33.81660842895508,-116.3880615234375,RIVERSIDE,UNINCORPORATED,-116.38818359375,33.816402435302734
91408937,2021,2021-02-16,9685,2021-02-08,1630,016113,NA,1,2,9,3300,0,1,3,NA,1,045,SR-371 N/B,TRIBAL ROAD,3696,S,N,A,-,Y,NA,NA,NA,NA,NA,NA,NA,NA,NA,Y,2,0,2,2,A,-,03,22350,NA,N,C,C,A,A,H,-,A,D,0,NA,NA,NA,NA,Y,NA,A,01,1,0,1,0,0,0,0,0,0,-,-,33.54018020629883,-117.75357055664063,RIVERSIDE,UNINCORPORATED,-116.74383544921876,33.54097366333008
91409373,2021,2021-02-16,9840,2021-02-14,1740,021481,NA,7,2,6,3315,0,1,1,NA,2,034,I-15 N/B,MAGDALENA AVE,1584,N,N,A,-,Y,NA,NA,15,NA,NA,NA,NA,NA,N,N,4,0,1,2,A,-,03,22350,NA,N,C,C,A,A,H,-,C,D,0,NA,NA,NA,NA,Y,NA,A,01,0,0,1,0,0,0,0,0,0,-,-,33.870609283447266,-117.54428100585938,RIVERSIDE,CORONA,-117.54422760009766,33.87062072753906
91409818,2021,2021-02-22,9685,2021-02-13,0355,015800,NA,6,3,9,3300,0,3,5,NA,2,003,THOMPSON ROAD,LEON ROAD,312,E,N,A,-,N,NA,NA,NA,NA,NA,NA,NA,NA,NA,Y,3,0,1,1,A,-,08,22107,NA,N,F,A,A,A,H,-,C,D,0,NA,NA,NA,NA,Y,NA,A,07,0,1,0,0,0,0,0,0,0,-,-,33.59772872924805,-117.11422729492188,RIVERSIDE,UNINCORPORATED,-117.11759948730467,33.59757614135742
91415177,2021,2021-02-25,9655,2021-02-20,1613,018320,NA,6,2,4,3301,0,1,1,NA,2,204,I-10 E/B,SUNSET AVE,360,W,N,A,-,Y,NA,NA,10,NA,NA,NA,NA,NA,E,Y,4,0,1,2,A,-,03,22350,NA,N,C,C,A,A,D,E,A,D,0,NA,NA,NA,NA,Y,NA,A,01,0,0,1,0,0,0,0,0,0,-,-,33.92470932006836,-116.91303253173828,RIVERSIDE,BANNING,-116.9130401611328,33.924659729003906
91415224,2021,2021-02-25,9840,2021-02-24,1551,018611,NA,3,2,9,3300,0,3,5,NA,2,003,TEMESCAL CANYON ROAD,LAWSON ROAD,530,N,N,A,-,Y,NA,NA,NA,NA,NA,NA,NA,NA,NA,Y,4,0,2,2,A,-,09,21804,A,N,D,C,A,A,H,-,A,D,0,NA,NA,NA,NA,Y,NA,A,07,0,0,2,0,0,0,0,0,0,-,-,33.772178649902344,-117.48789215087892,RIVERSIDE,UNINCORPORATED,-117.48790740966795,33.77206802368164
91415332,2021,2021-02-25,9655,2021-02-23,1250,016885,NA,2,1,4,3301,0,1,1,NA,2,204,I-10 E/B,22ND STREET,2000,W,N,A,-,Y,NA,NA,10,NA,NA,NA,NA,NA,E,N,4,0,1,2,A,-,03,22350,NA,N,C,C,A,A,D,-,A,D,0,NA,NA,NA,NA,Y,NA,A,01,0,0,1,0,0,0,0,0,0,-,-,33.92422866821289,-116.90612030029295,RIVERSIDE,BANNING,-116.90612030029295,33.924198150634766
91416906,2021,2021-02-26,9655,2021-02-11,1947,019440,NA,4,2,9,3300,0,3,5,NA,2,003,RAMONA EXPY,ALESSANDRO AVE,500,W,N,A,-,N,NA,NA,NA,NA,NA,NA,NA,NA,NA,Y,4,0,1,3,A,-,01,23152,A,N,C,C,A,A,H,-,C,D,0,NA,NA,NA,NA,Y,Y,D,22,0,0,1,0,0,0,0,0,0,-,-,33.801048278808594,-116.95636749267578,RIVERSIDE,UNINCORPORATED,-116.95626831054688,33.80107879638672
91418733,2021,2021-03-02,9840,2021-02-25,1658,017546,NA,4,2,4,3312,0,1,1,NA,2,041,I-215 N/B,PERRIS BLVD,590,N,N,A,-,Y,NA,NA,215,NA,NA,NA,NA,NA,N,Y,4,0,1,1,A,-,08,22107,NA,N,E,I,A,A,H,-,B,D,0,NA,NA,NA,NA,Y,NA,A,07,0,0,1,0,0,0,0,0,0,-,-,33.791751861572266,-117.22775268554688,RIVERSIDE,PERRIS,-117.2278060913086,33.79166793823242
91419984,2021,2021-03-03,9840,2021-02-26,1925,020455,NA,5,2,6,3315,0,1,S,NA,2,310,SR-91 E/B TOLL LANES,MAIN ST,350,W,N,A,-,Y,NA,NA,91,NA,NA,NA,NA,NA,E,N,4,0,1,2,A,-,03,22350,NA,N,C,C,A,A,H,-,C,D,0,NA,NA,NA,NA,Y,NA,A,01,0,0,1,0,0,0,0,0,0,-,-,33.88008117675781,-117.56694793701172,RIVERSIDE,CORONA,-117.56694793701172,33.88011169433594
91420965,2021,2021-03-04,9685,2021-02-28,1920,017833,NA,7,2,5,3341,0,1,1,NA,2,020,I-215 N/B TO MCCALL BLVD,MCCALL BLVD.,341,S,N,A,-,Y,NA,NA,215,NA,NA,NA,R,NA,N,Y,4,0,1,2,A,-,03,22350,NA,N,C,E,A,A,H,-,D,D,0,NA,NA,NA,NA,Y,NA,A,01,0,0,1,0,0,0,0,0,0,-,-,33.714111328125,-117.18798828125,RIVERSIDE,MENIFEE,-117.18798828125,33.714111328125
91421361,2021,2021-03-05,9840,2021-02-26,1640,021481,NA,5,2,9,3300,0,1,1,NA,2,040,I-215 S/B,CACTUS AVE,1056,N,N,A,-,Y,NA,NA,NA,NA,NA,NA,NA,NA,NA,N,4,0,1,2,A,-,03,22350,NA,N,C,C,A,A,H,-,A,D,0,NA,NA,NA,NA,Y,NA,D,22,0,0,1,0,0,0,0,0,0,-,-,33.010860443115234,-117.28295135498048,RIVERSIDE,UNINCORPORATED,-117.28328704833984,33.911224365234375
91423118,2021,2021-03-09,9630,2021-02-28,1512,021162,NA,7,2,9,3300,0,1,1,NA,2,010,I-10 W/B,SR-62,2640,E,N,A,-,Y,NA,NA,10,NA,NA,NA,NA,NA,W,Y,3,0,2,5,A,-,03,22350,NA,N,C,C,A,A,H,-,A,D,0,NA,NA,NA,NA,Y,NA,D,22,0,2,0,0,0,0,0,0,0,-,-,33.9127082824707,-116.59557342529295,RIVERSIDE,UNINCORPORATED,-116.59555053710938,33.91280746459961
91423210,2021,2021-03-09,9655,2021-03-01,1404,019630,NA,1,2,9,3300,0,1,3,NA,1,312,SR-74 W/B,CALVERT AVE,580,E,N,A,-,Y,NA,NA,74,NA,NA,NA,NA,NA,W,Y,4,0,3,2,A,-,01,23152,F,N,D,C,A,A,D,-,A,D,0,NA,NA,NA,NA,Y,Y,A,01,0,0,3,0,0,0,0,0,0,-,-,33.74095153808594,-117.06578826904295,RIVERSIDE,UNINCORPORATED,-117.0657958984375,33.74095916748047
91423712,2021,2021-03-09,9840,2021-02-01,1255,017802,NA,1,1,7,3313,0,1,3,NA,2,021,SR-91 E/B TO ARLINGTON AVE.,INDIANA AVE.,25,N,N,A,-,Y,NA,NA,91,NA,NA,NA,R,NA,E,Y,4,0,2,4,A,-,03,22350,NA,N,B,C,A,A,H,-,A,A,0,NA,NA,NA,NA,Y,NA,A,01,0,0,2,0,0,0,0,0,0,-,-,33.94438171386719,-117.39086151123048,RIVERSIDE,RIVERSIDE,-117.39086151123048,33.94438171386719
91423759,2021,2021-03-09,9840,2021-03-07,1622,021873,NA,7,2,6,3315,0,1,1,NA,2,034,I-15 N/B,MAGNOLIA AVE,2000,S,N,B,-,Y,NA,NA,15,NA,NA,NA,NA,NA,N,Y,4,0,1,2,A,-,08,22107,NA,N,B,C,A,A,H,-,A,D,0,NA,NA,Y,NA,Y,NA,A,07,0,0,1,0,0,0,0,0,1,-,-,33.86091995239258,-117.53717803955078,RIVERSIDE,CORONA,-117.53712463378906,33.8609619140625
91427929,2021,2021-03-16,9840,2021-03-14,1925,021297,NA,7,2,9,3300,0,3,5,NA,2,004,SAN JACINTO AVE,OLD ELSINORE RD,0,NA,Y,A,-,N,NA,NA,NA,NA,NA,NA,NA,NA,NA,Y,3,0,5,6,A,-,01,23153,A,F,C,C,A,A,H,-,D,D,0,NA,NA,NA,NA,Y,Y,A,08,0,1,4,0,0,0,0,0,0,-,-,33.7865104675293,-117.27316284179688,RIVERSIDE,UNINCORPORATED,-117.27339935302734,33.786521911621094
91429515,2021,2021-03-17,9840,2021-03-16,0525,021311,NA,2,3,6,3315,0,1,3,NA,2,030,SR-91 W/B,GREEN RIVER RD,1500,W,N,A,-,Y,NA,NA,91,NA,NA,NA,NA,NA,W,Y,4,0,1,2,A,-,03,22350,NA,N,C,C,A,A,H,-,C,D,0,NA,NA,NA,NA,Y,NA,A,01,0,0,1,0,0,0,0,0,0,-,-,33.87590026855469,-117.66107177734376,RIVERSIDE,CORONA,-117.6611099243164,33.87594223022461
91431638,2021,2021-07-05,9840,2021-03-16,1400,021311,NA,2,2,6,3315,0,1,3,NA,2,030,SR-91 W/B,AUTO CENTER DR,2000,W,N,A,-,Y,NA,NA,91,NA,NA,NA,NA,NA,W,Y,4,0,1,3,A,-,08,22107,NA,N,B,C,A,A,D,H,A,D,0,NA,NA,NA,Y,Y,NA,A,01,0,0,1,0,0,0,0,0,0,-,-,33.88161087036133,-117.619873046875,RIVERSIDE,CORONA,-117.61986541748048,33.881675720214844
91431827,2021,2021-03-22,9685,2021-03-15,1624,013925,NA,1,2,4,3342,0,1,1,NA,2,034,INTERSTATE 215 NORTHBOUND,KELLER ROAD,400,S,N,B,C,Y,NA,NA,215,NA,NA,NA,NA,NA,N,Y,4,0,1,2,A,-,07,21658,A,N,B,C,A,B,H,-,A,D,0,NA,NA,NA,NA,Y,NA,-,-,0,0,1,0,0,0,0,0,0,-,-,33.62527847290039,-117.17105865478516,RIVERSIDE,MURRIETA,-117.17105865478516,33.62527847290039
91438575,2021,2021-03-29,9655,2021-03-22,1807,019346,NA,1,2,9,3300,0,1,1,NA,2,206,I-10 W/B,HAUGEN-LEHMANN WAY,5280,W,N,B,-,Y,NA,NA,10,NA,NA,NA,NA,NA,W,Y,4,0,1,3,A,-,03,22350,NA,N,C,C,A,A,D,-,A,D,0,NA,NA,NA,NA,Y,NA,A,01,0,0,1,0,0,0,0,0,0,-,-,33.923301696777344,-116.70108795166016,RIVERSIDE,UNINCORPORATED,-116.70111846923828,33.92340850830078
91438700,2021,2021-03-29,9630,2021-03-22,1305,019943,NA,1,1,9,3300,0,3,5,NA,2,002,VAN BUREN ST,CORREGIDOR AVE,70,N,N,A,-,N,NA,NA,NA,NA,NA,NA,NA,NA,NA,Y,3,0,1,2,A,-,08,22107,NA,N,B,C,A,A,H,-,A,D,0,NA,NA,NA,NA,Y,NA,A,01,0,1,0,0,0,0,0,0,0,-,-,33.702598571777344,-116.1989974975586,RIVERSIDE,UNINCORPORATED,-116.19905853271484,33.702491760253906