CASE_ID,ACCIDENT_YEAR,PROC_DATE,JURIS,COLLISION_DATE,COLLISION_TIME,OFFICER_ID,REPORTING_DISTRICT,DAY_OF_WEEK,CHP_SHIFT,POPULATION,CNTY_CITY_LOC,SPECIAL_COND,BEAT_TYPE,CHP_BEAT_TYPE,CITY_DIVISION_LAPD,CHP_BEAT_CLASS,BEAT_NUMBER,PRIMARY_RD,SECONDARY_RD,DISTANCE,DIRECTION,INTERSECTION,WEATHER_1,WEATHER_2,STATE_HWY_IND,CALTRANS_COUNTY,CALTRANS_DISTRICT,STATE_ROUTE,ROUTE_SUFFIX,POSTMILE_PREFIX,POSTMILE,LOCATION_TYPE,RAMP_INTERSECTION,SIDE_OF_HWY,TOW_AWAY,COLLISION_SEVERITY,NUMBER_KILLED,NUMBER_INJURED,PARTY_COUNT,PRIMARY_COLL_FACTOR,PCF_CODE_OF_VIOL,PCF_VIOL_CATEGORY,PCF_VIOLATION,PCF_VIOL_SUBSECTION,HIT_AND_RUN,TYPE_OF_COLLISION,MVIW,PED_ACTION,ROAD_SURFACE,ROAD_COND_1,ROAD_COND_2,LIGHTING,CONTROL_DEVICE,CHP_ROAD_TYPE,PEDESTRIAN_ACCIDENT,BICYCLE_ACCIDENT,MOTORCYCLE_ACCIDENT,TRUCK_ACCIDENT,NOT_PRIVATE_PROPERTY,ALCOHOL_INVOLVED,STWD_VEHTYPE_AT_FAULT,CHP_VEHTYPE_AT_FAULT,COUNT_SEVERE_INJ,COUNT_VISIBLE_INJ,COUNT_COMPLAINT_PAIN,COUNT_PED_KILLED,COUNT_PED_INJURED,COUNT_BICYCLIST_KILLED,COUNT_BICYCLIST_INJURED,COUNT_MC_KILLED,COUNT_MC_INJURED,PRIMARY_RAMP,SECONDARY_RAMP,LATITUDE,LONGITUDE,COUNTY,CITY,POINT_X,POINT_Y
91495361,2021,2021-06-11,9630,2021-03-30,2012,020445,NA,2,2,9,3300,0,3,5,NA,2,402,DILLON ROAD,LAMEL ROAD,528,E,N,A,-,N,NA,NA,NA,NA,NA,NA,NA,NA,NA,Y,1,1,2,4,A,-,08,22107,NA,N,C,E,F,A,H,-,D,D,0,Y,NA,NA,NA,Y,NA,D,22,1,1,0,1,1,0,0,0,0,-,-,33.88383865356445,-116.32087707519533,RIVERSIDE,UNINCORPORATED,-116.321533203125,33.88404846191406
91500590,2021,2021-06-18,9630,2021-06-14,1810,019484,NA,1,2,9,3300,0,1,1,NA,2,302,I-10 W/B,HAYFIELD RD.,2640,E,N,A,-,Y,NA,NA,10,NA,NA,NA,NA,NA,W,Y,3,0,1,1,A,-,08,22107,NA,N,E,I,A,A,H,-,A,D,0,NA,NA,NA,Y,Y,NA,G,25,0,1,0,0,0,0,0,0,0,-,-,33.669151306152344,-115.64515686035156,RIVERSIDE,UNINCORPORATED,-115.64515686035156,33.66910934448242
9150259,2020,2020-09-21,3300,2020-07-30,1549,N6635,002U',4,5,6,3345,0,0,0,NA,0,024,BAKER ST,64TH ST,0,NA,Y,A,-,N,NA,NA,NA,NA,NA,NA,NA,NA,NA,NA,3,0,2,3,A,-,09,21802,A,N,D,C,A,A,H,-,A,A,0,NA,NA,NA,NA,Y,NA,A,01,0,1,1,0,0,0,0,0,0,-,-,33.97053909301758,-117.48152923583984,RIVERSIDE,JURUPA VALLEY,-117.48198699951172,33.97174072265625
91502904,2021,2021-06-22,9630,2021-06-05,0213,021908,NA,6,3,9,3300,0,1,1,NA,2,021,I-10 E/B,MONROE STREET,150,E,N,A,-,Y,NA,NA,NA,NA,NA,NA,NA,NA,NA,Y,2,0,1,1,A,-,01,23152,A,N,E,I,A,A,H,-,C,D,0,NA,NA,NA,NA,Y,Y,A,01,1,0,0,0,0,0,0,0,0,-,-,33.739158630371094,-116.23307800292967,RIVERSIDE,UNINCORPORATED,-116.23618316650392,33.73904800415039
91502942,2021,2021-06-22,9840,2021-06-19,1622,020220,NA,6,2,9,3300,0,3,5,NA,2,004,PINEWOOD STREET,CARROLL STREET,0,NA,Y,A,-,N,NA,NA,NA,NA,NA,NA,NA,NA,NA,Y,3,0,1,4,A,-,12,22450,A,N,D,C,A,A,H,-,A,A,0,NA,NA,NA,NA,Y,NA,A,07,0,1,0,0,0,0,0,0,0,-,-,33.83184814453125,-117.28324127197266,RIVERSIDE,UNINCORPORATED,-117.28327941894533,33.831817626953125
91503240,2021,2021-06-22,9685,2021-06-16,0603,017285,NA,3,1,5,3335,0,1,1,NA,2,030,I-15 S/B,RANCHO CALIFORNIA ROAD,890,N,N,A,-,Y,NA,NA,15,NA,NA,NA,NA,NA,S,Y,3,0,1,2,A,-,03,22350,NA,N,F,A,A,A,H,-,A,D,0,NA,NA,Y,NA,Y,NA,C,02,0,1,0,0,0,0,0,0,1,-,-,33.50284957885742,-117.15245819091795,RIVERSIDE,TEMECULA,-117.15253448486328,33.50281524658203
91504386,2021,2021-06-23,9630,2021-06-07,2205,021908,NA,1,3,9,3300,0,3,5,NA,2,504,JOHNSON STREET,66TH AVENUE,5280,S,N,A,-,N,NA,NA,NA,NA,NA,NA,NA,NA,NA,Y,4,0,1,1,C,-,18,NA,NA,N,E,I,A,A,H,-,D,D,0,NA,NA,NA,NA,Y,NA,-,-,0,0,1,0,0,0,0,0,0,-,-,33.566219329833984,-116.06163787841795,RIVERSIDE,UNINCORPORATED,-116.06166076660156,33.55559158325195
91505092,2021,2021-06-24,9840,2021-06-23,1420,021194,NA,3,2,6,3394,0,1,3,NA,2,025,SR-60 W?B,NASON STREET,2640,W,N,B,C,Y,NA,NA,60,NA,NA,NA,NA,NA,NA,Y,4,0,1,2,A,-,03,22350,NA,N,C,C,A,B,H,-,A,D,0,NA,NA,NA,NA,Y,NA,A,01,0,0,1,0,0,0,0,0,0,-,-,33.9393310546875,-117.20098876953124,RIVERSIDE,MORENO VALLEY,-117.20098876953124,33.939353942871094
91508107,2021,2021-06-28,9655,2021-06-16,1609,017263,NA,3,2,9,3300,0,1,3,NA,2,213,SR-79,COUNTY LANDFILL RD,126,N,N,A,-,Y,NA,NA,79,NA,NA,NA,NA,NA,NA,Y,4,0,1,2,A,-,01,23152,A,N,E,I,A,A,H,-,A,A,0,NA,NA,NA,NA,Y,Y,A,01,0,0,1,0,0,0,0,0,0,-,-,33.883460998535156,-116.99076080322266,RIVERSIDE,UNINCORPORATED,-116.99077606201172,33.883460998535156
91508633,2021,2021-06-29,9840,2021-06-20,0035,022180,NA,7,3,9,3300,0,2,4,NA,2,039,GRANT ST,HARLOW AVE,175,S,N,A,-,N,NA,NA,NA,NA,NA,NA,NA,NA,NA,Y,2,0,1,2,A,-,01,23152,A,M,C,C,A,A,H,-,C,D,0,NA,NA,NA,NA,Y,Y,A,01,1,0,0,0,0,0,0,0,0,-,-,33.87583923339844,-117.51931762695313,RIVERSIDE,UNINCORPORATED,-117.51905822753906,33.87606430053711
91510962,2021,2021-07-01,9630,2021-06-20,0250,021652,NA,7,3,9,3300,0,3,5,NA,2,403,DILLON RD,BERDOO CANYON RD,245,W,N,A,-,N,NA,NA,NA,NA,NA,NA,NA,NA,NA,Y,4,0,1,1,A,-,01,23152,A,N,F,A,A,A,H,-,D,D,0,NA,NA,NA,NA,Y,Y,A,01,0,0,1,0,0,0,0,0,0,-,-,33.80033874511719,-116.18602752685548,RIVERSIDE,UNINCORPORATED,-116.18607330322266,33.800289154052734
91512197,2021,2021-07-02,9840,2021-06-26,1910,021481,NA,6,2,7,3313,0,1,3,NA,2,020,SR-91 W/B TO LA SIERRA AVE,LA SIERRA AVE,40,E,N,A,-,Y,NA,NA,91,NA,NA,NA,R,NA,W,N,4,0,3,2,A,-,03,22350,NA,N,C,C,A,A,H,-,A,A,0,NA,NA,NA,NA,Y,NA,A,01,0,0,3,0,0,0,0,0,0,-,-,33.90092086791992,-117.47370147705078,RIVERSIDE,RIVERSIDE,-117.47370147705078,33.90092086791992
91512339,2021,2021-07-02,9655,2021-07-01,0625,018168,NA,4,1,9,3300,0,1,3,NA,1,215,SR-243,MOUNT EDNA ROAD,2112,N,N,A,-,N,NA,NA,NA,NA,NA,NA,NA,NA,NA,Y,2,0,1,1,A,-,08,22107,NA,N,E,I,A,A,H,-,A,D,0,NA,NA,Y,NA,Y,NA,C,02,1,0,0,0,0,0,0,0,1,-,-,33.08900833129883,-116.85590362548828,RIVERSIDE,UNINCORPORATED,-116.85408782958984,33.88844680786133
91513170,2021,2021-07-06,9840,2021-07-03,0335,021943,NA,6,3,7,3313,0,3,5,NA,2,002,SYCAMORE CANYON BOULEVARD,MINNESOTA WAY,0,NA,Y,A,-,N,NA,NA,NA,NA,NA,NA,NA,NA,NA,Y,3,0,3,2,A,-,09,21801,A,F,B,C,A,A,H,-,C,A,0,NA,NA,NA,NA,Y,Y,A,01,0,3,0,0,0,0,0,0,0,-,-,33.956268310546875,-117.30684661865234,RIVERSIDE,RIVERSIDE,-117.30681610107422,33.956260681152344
91513307,2021,2021-07-06,9630,2021-06-25,2052,021162,NA,5,2,9,3300,0,3,5,NA,2,502,CALHOUN STREET,AVENUE 54,1320,N,N,A,-,N,NA,NA,NA,NA,NA,NA,NA,NA,NA,Y,3,0,1,2,A,-,06,21750,A,N,B,C,A,A,H,-,D,D,0,NA,NA,Y,NA,Y,NA,C,02,0,1,0,0,0,0,0,0,1,-,-,33.65998840332031,-116.20783996582033,RIVERSIDE,UNINCORPORATED,-116.20791625976563,33.660179138183594
91514712,2021,2021-07-07,9840,2021-07-03,0941,017802,NA,6,1,6,3345,0,1,1,NA,2,011,I-15 N/B,MISSION BLVD.,1800,S,N,A,-,Y,NA,NA,15,NA,NA,NA,NA,NA,N,N,4,0,3,2,A,-,08,22107,NA,N,B,2,A,A,H,-,A,D,0,NA,NA,NA,NA,Y,NA,D,22,0,0,3,0,0,0,0,0,0,-,-,34.02648162841797,-117.54972839355467,RIVERSIDE,JURUPA VALLEY,-117.5500946044922,34.02650833129883
91515422,2021,2021-07-08,9840,2021-06-25,0154,022316,NA,5,3,9,3300,0,1,1,NA,2,037,I-15 S/B,INDIAN TRUCK TRAIL,4300,S,N,A,-,Y,NA,NA,15,NA,NA,NA,NA,NA,S,Y,3,0,1,1,A,-,01,23152,A,N,E,I,A,A,H,-,D,D,0,NA,NA,NA,NA,Y,Y,A,01,0,1,0,0,0,0,0,0,0,-,-,33.743011474609375,-117.44056701660156,RIVERSIDE,UNINCORPORATED,-117.44058227539063,33.74296188354492
91516166,2021,2021-07-08,9685,2021-06-27,1040,017903,NA,7,1,9,3300,0,1,3,NA,2,011,SR-74,ORANGE COUNTY LINE,2640,E,N,A,-,Y,NA,NA,74,NA,NA,NA,NA,NA,NA,Y,2,0,1,1,A,-,03,22350,NA,N,F,A,A,A,A,D,A,A,0,NA,NA,Y,NA,Y,NA,C,02,1,0,0,0,0,0,0,0,1,-,-,33.603179931640625,-117.45099639892578,RIVERSIDE,UNINCORPORATED,-117.45099639892578,33.60318374633789
91519253,2021,2021-07-13,9685,2021-07-10,1030,016113,NA,6,1,4,3342,0,1,1,NA,2,030,I-15 SOUTHBOUND,CLINTON KEITH ROAD,1426,S,N,A,-,Y,NA,NA,NA,NA,NA,NA,NA,NA,NA,Y,4,0,1,2,A,-,03,22350,NA,N,C,C,A,A,H,-,A,D,0,NA,NA,NA,NA,Y,NA,D,22,0,0,1,0,0,0,0,0,0,-,-,33.592529296875,-117.24220275878906,RIVERSIDE,MURRIETA,-117.24365997314452,33.59407043457031
91519264,2021,2021-07-13,9685,2021-07-09,1100,017285,NA,5,1,5,3335,0,1,1,NA,2,030,I-15 S/B,TEMECULA PARKWAY,4752,S,N,A,-,Y,NA,NA,15,NA,NA,NA,NA,NA,S,N,4,0,1,2,A,-,03,22350,NA,N,C,C,A,A,H,-,A,D,0,NA,NA,NA,NA,Y,NA,A,07,0,0,1,0,0,0,0,0,0,-,-,33.46900177001953,-117.13681793212892,RIVERSIDE,TEMECULA,-117.13687133789063,33.46898651123047
9151993,2020,2020-10-24,3308,2020-08-01,1456,10801,504,6,5,5,3308,0,0,0,NA,0,NORTH,SANDERSON AV,MENLO AV,40,S,N,A,-,N,NA,NA,NA,NA,NA,NA,NA,NA,NA,Y,4,0,2,2,A,-,03,22350,NA,N,C,C,A,A,H,-,A,A,0,NA,NA,NA,NA,Y,NA,D,22,0,0,2,0,0,0,0,0,0,-,-,33.7584114074707,-117.00657653808594,RIVERSIDE,HEMET,-117.00659942626952,33.75811004638672
91521483,2021,2021-07-15,9660,2021-07-03,1129,022508,NA,6,1,9,3300,0,1,1,NA,2,032,E/B I-10,MESA DR,3168,E,N,A,-,Y,NA,NA,10,NA,NA,NA,NA,NA,NA,Y,2,0,1,1,A,-,08,22107,NA,N,F,A,A,A,H,-,A,D,0,NA,NA,NA,NA,Y,NA,A,01,1,0,0,0,0,0,0,0,0,-,-,33.60702133178711,-114.71282196044922,RIVERSIDE,UNINCORPORATED,-114.71282196044922,33.60700607299805
9152205,2020,2020-11-30,3300,2020-09-02,1118,3553,910D,3,5,5,3335,0,0,0,NA,0,062,RANCHO CALIFORNIA RD,RT 15,66,E,N,A,-,Y,RIV,8,15,-,-,5.13,R,4,N,NA,4,0,1,2,A,-,21,22106,NA,N,C,C,A,A,H,-,A,A,0,NA,NA,NA,NA,Y,NA,A,07,0,0,1,0,0,0,0,0,0,-,NO,33.51995086669922,-117.09163665771484,RIVERSIDE,TEMECULA,-117.15218353271484,33.50300216674805
91523153,2021,2021-07-19,9840,2021-07-08,1003,020455,NA,4,1,6,3315,0,1,3,NA,2,030,SR-91 W/B,LINCOLN AVE,2000,W,N,A,-,Y,NA,NA,91,NA,NA,NA,NA,NA,W,Y,3,0,1,2,A,-,08,22107,NA,N,B,2,A,A,H,-,A,D,0,NA,NA,NA,NA,Y,NA,A,01,0,1,0,0,0,0,0,0,0,-,-,33.88256072998047,-117.58930206298828,RIVERSIDE,CORONA,-117.58929443359376,33.882423400878906
91524450,2021,2021-07-20,9685,2021-07-16,1251,017285,NA,5,1,4,3342,0,1,1,NA,2,030,I-15 S/B,WINCHESTER ROAD,5808,N,N,A,-,Y,NA,NA,15,NA,NA,NA,NA,NA,S,Y,4,0,2,3,A,-,07,21658,A,N,B,C,A,A,H,-,A,D,0,NA,NA,NA,NA,Y,NA,A,01,0,0,2,0,0,0,0,0,0,-,-,33.537811279296875,-117.17328643798828,RIVERSIDE,MURRIETA,-117.17337036132813,33.53775405883789
91525533,2021,2021-07-21,9630,2021-07-09,1652,019228,NA,5,2,9,3300,0,1,1,NA,2,302,INTERSTATE 10 E/B,EAGLE MOUNTAIN ROAD,600,E,N,B,-,Y,NA,NA,10,NA,NA,NA,NA,NA,E,Y,3,0,4,3,A,-,03,22350,NA,N,C,C,A,A,H,-,A,D,0,NA,NA,NA,NA,Y,NA,A,07,0,2,2,0,0,0,0,0,0,-,-,33.70146179199219,-115.4542999267578,RIVERSIDE,UNINCORPORATED,-115.45429229736328,33.701438903808594
9152643,2020,2020-11-23,3313,2020-09-15,0648,1389,4,2,5,7,3313,0,0,0,NA,0,T53,JACKSON ST,COLORADO AV,157,N,N,A,-,N,NA,NA,NA,NA,NA,NA,NA,NA,NA,Y,3,0,1,2,A,-,08,22107,NA,N,B,E,A,A,H,-,A,D,0,NA,NA,NA,NA,Y,NA,A,01,0,1,0,0,0,0,0,0,0,-,-,33.937049865722656,-117.44921112060548,RIVERSIDE,RIVERSIDE,-117.4495849609375,33.93732833862305
91526882,2021,2021-07-22,9630,2021-07-13,0710,017467,NA,2,1,9,3300,0,1,1,NA,2,021,INTERSTATE 10 WESTBOUND,DILLON ROAD,1439,E,N,A,-,Y,NA,NA,NA,NA,NA,NA,NA,NA,NA,Y,3,0,2,2,A,-,08,22107,NA,N,D,C,A,A,H,-,A,D,0,NA,NA,NA,Y,Y,NA,D,22,0,2,0,0,0,0,0,0,0,-,-,33.71506118774414,-116.16761779785156,RIVERSIDE,UNINCORPORATED,-116.17050170898438,33.71520233154297
91527798,2021,2021-07-23,9840,2021-07-16,1641,021194,NA,5,2,9,3300,0,1,3,NA,2,025,SR-60 W/B,THEODORE ST,1584,E,N,A,-,Y,NA,NA,60,NA,NA,NA,NA,NA,W,N,4,0,1,2,A,-,03,22350,NA,N,C,C,A,A,H,-,A,D,0,NA,NA,NA,NA,Y,NA,A,01,0,0,1,0,0,0,0,0,0,-,-,33.93870162963867,-117.1348876953125,RIVERSIDE,UNINCORPORATED,-117.13488006591795,33.938724517822266
91527895,2021,2021-07-23,9840,2021-07-13,1915,022028,NA,2,2,7,3313,0,1,1,NA,2,023,I-215 NB,FAIR ISLE DR,1954,N,N,A,-,Y,NA,NA,215,NA,NA,NA,NA,NA,N,N,3,0,3,3,A,-,08,22107,NA,N,B,C,A,A,H,-,A,D,0,NA,NA,NA,NA,Y,NA,A,07,0,3,0,0,0,0,0,0,0,-,-,33.95310974121094,-117.30378723144533,RIVERSIDE,RIVERSIDE,-117.30384063720705,33.95307922363281
91527959,2021,2021-07-26,9655,2021-07-14,1955,019440,NA,3,2,9,3300,0,1,3,NA,1,314,SR-74,MARSHALL STREET,0,NA,Y,A,-,N,NA,NA,74,NA,NA,NA,NA,NA,NA,Y,2,0,2,2,A,-,09,21800,A,N,D,C,A,A,H,-,A,A,0,NA,NA,NA,NA,Y,NA,A,01,1,0,1,0,0,0,0,0,0,-,-,33.744239807128906,-116.86269378662108,RIVERSIDE,UNINCORPORATED,-116.86268615722656,33.744258880615234
9152835,2020,2020-12-02,3313,2020-09-11,1931,1499,1,5,5,7,3313,0,0,0,NA,0,M34,UNIVERSITY AV,CEDAR ST,12,E,N,A,-,N,NA,NA,NA,NA,NA,NA,NA,NA,NA,N,4,0,1,2,A,-,03,22350,NA,N,C,C,A,A,H,-,C,D,0,NA,NA,NA,NA,Y,NA,D,22,0,0,1,0,0,0,0,0,0,-,-,33.983909606933594,-117.38105010986328,RIVERSIDE,RIVERSIDE,-117.38146209716795,33.98515319824219
91528571,2021,2021-07-26,9840,2021-07-14,1515,019361,NA,3,2,7,3313,0,1,3,NA,2,021,SR-91 (W/B),ADAMS STREET,100,E,N,A,-,Y,NA,NA,91,NA,NA,NA,NA,NA,NA,N,4,0,1,3,A,-,08,22107,NA,N,B,C,A,A,H,-,A,D,0,NA,NA,Y,NA,Y,NA,C,02,0,0,1,0,0,0,0,0,1,-,-,33.928009033203125,-117.41880035400392,RIVERSIDE,RIVERSIDE,-117.41880798339844,33.92803192138672
91529049,2021,2021-07-26,9840,2021-07-18,0015,022180,NA,7,3,6,3315,0,1,3,NA,2,031,W/B SR-91,MAIN STREET,500,E,N,A,-,Y,NA,NA,91,NA,NA,NA,NA,NA,NA,Y,3,0,4,2,A,-,08,22107,NA,F,B,2,A,A,H,-,A,D,0,NA,NA,NA,NA,Y,NA,A,01,0,4,0,0,0,0,0,0,0,-,-,33.879581451416016,-117.56461334228516,RIVERSIDE,CORONA,-117.5645751953125,33.87984085083008
91529887,2021,2021-07-27,9655,2021-07-06,1905,019630,NA,2,2,9,3300,0,1,3,NA,1,314,STATE ROUTE 74,NEW CHICAGO AVE,25,E,N,A,-,Y,NA,NA,74,NA,NA,NA,NA,NA,NA,Y,4,0,2,3,A,-,03,22350,NA,M,C,C,A,A,H,-,A,A,0,NA,NA,NA,NA,Y,NA,-,99,0,0,2,0,0,0,0,0,0,-,-,33.74782943725586,-116.90499877929688,RIVERSIDE,UNINCORPORATED,-116.90499877929688,33.74781036376953
91530383,2021,2021-07-28,9840,2021-07-17,1740,021311,NA,6,2,6,3315,0,1,3,NA,2,030,SR-91 W/B,AUTO CENTER DR.,1400,W,N,A,-,Y,NA,NA,91,NA,NA,NA,NA,NA,W,Y,4,0,2,3,A,-,03,22350,NA,N,C,C,A,A,H,-,A,D,0,NA,NA,NA,NA,Y,NA,A,01,0,0,2,0,0,0,0,0,0,-,-,33.88125991821289,-117.6164779663086,RIVERSIDE,CORONA,-117.6164779663086,33.88127136230469
91530673,2021,2021-07-28,9630,2021-07-18,2007,021128,NA,7,2,9,3300,0,1,3,NA,2,014,SR-111,TIPTON RD,4224,S,N,A,-,Y,NA,NA,111,NA,NA,NA,NA,NA,NA,Y,3,0,1,1,A,-,01,23152,A,N,E,I,A,A,H,-,C,D,0,NA,NA,NA,NA,Y,Y,A,01,0,1,0,0,0,0,0,0,0,-,-,33.89891815185547,-116.6305923461914,RIVERSIDE,UNINCORPORATED,-116.63057708740234,33.89902114868164
91533879,2021,2021-07-30,9685,2021-07-21,0625,015757,NA,3,1,4,3342,0,1,1,NA,2,034,I-215 S/B (ESCONDIDO FWY),CLINTON KEITH RD,3960,S,N,A,-,Y,NA,NA,215,NA,NA,NA,NA,NA,S,Y,4,0,1,1,C,-,18,NA,NA,N,F,A,A,A,H,-,A,D,0,NA,NA,NA,NA,Y,NA,-,-,0,0,1,0,0,0,0,0,0,-,-,33.58966827392578,-117.18045043945313,RIVERSIDE,MURRIETA,-117.18038177490234,33.58965301513672
9153595,2020,2020-09-23,3300,2020-07-18,1349,5237,905K,6,5,4,3307,0,0,0,NA,0,094,GRAND AV,LINCOLN ST,0,NA,Y,A,-,N,NA,NA,NA,NA,NA,NA,NA,NA,NA,Y,4,0,1,3,A,-,12,21453,A,N,D,C,A,A,H,-,A,A,0,NA,NA,NA,NA,Y,NA,A,01,0,0,1,0,0,0,0,0,0,-,-,33.687538146972656,-117.39373779296876,RIVERSIDE,LAKE ELSINORE,-117.39378356933594,33.68758010864258
91535968,2021,2021-08-03,9685,2021-07-21,2310,017169,NA,3,3,9,3300,0,3,5,NA,2,001,RIVER ROAD,RACICOT ROAD,100,N,N,A,-,N,NA,NA,NA,NA,NA,NA,NA,NA,NA,Y,4,0,1,1,A,-,03,22350,NA,N,E,J,A,A,H,-,D,D,0,NA,NA,NA,NA,Y,NA,A,01,0,0,1,0,0,0,0,0,0,-,-,33.725341796875,-117.27304840087892,RIVERSIDE,UNINCORPORATED,NA,NA
91536117,2021,2021-08-03,9630,2021-07-25,1400,021409,NA,7,2,9,3300,0,1,1,NA,2,302,I-10 E/B,HAYFIELD RD,8448,W,N,C,-,Y,NA,NA,10,NA,NA,NA,NA,NA,E,Y,4,0,1,1,A,-,03,22350,NA,N,F,A,A,B,H,-,A,D,0,NA,NA,NA,NA,Y,NA,A,01,0,0,1,0,0,0,0,0,0,-,-,33.665931701660156,-115.68199920654295,RIVERSIDE,UNINCORPORATED,-115.6820068359375,33.665977478027344
91536811,2021,2021-08-04,9630,2021-07-22,1858,021162,NA,4,2,9,3300,0,1,1,NA,2,020,I-10 E/B,DATE PALM DR,6864,W,N,A,-,Y,NA,NA,NA,NA,NA,NA,NA,NA,NA,Y,3,0,2,1,A,-,08,22107,NA,N,F,A,A,A,H,-,A,D,0,NA,NA,NA,NA,Y,NA,A,01,0,2,0,0,0,0,0,0,0,-,-,33.86048889160156,-116.47770690917967,RIVERSIDE,UNINCORPORATED,-116.44273376464844,33.83993148803711
91537675,2021,2021-08-05,9655,2021-07-28,1556,017263,NA,3,2,9,3300,0,3,5,NA,2,003,SOBOBA ROAD,GILMAN SPRINGS ROAD,4224,E,N,A,-,N,NA,NA,NA,NA,NA,NA,NA,NA,NA,Y,4,0,2,1,A,-,08,22107,NA,N,E,I,A,A,H,-,A,D,0,NA,NA,NA,NA,Y,NA,A,01,0,0,2,0,0,0,0,0,0,-,-,33.81776809692383,-116.96182250976563,RIVERSIDE,UNINCORPORATED,-116.96258544921876,33.81816482543945
9153890,2020,2020-11-14,3313,2020-09-02,1200,1686,2,3,5,7,3313,0,0,0,NA,0,T58,CHICAGO AV,MASSACHUSETTS AV,0,NA,Y,A,-,N,NA,NA,NA,NA,NA,NA,NA,NA,NA,Y,3,0,2,2,A,-,09,21801,A,N,C,A,A,A,D,-,A,D,0,NA,NA,NA,NA,Y,NA,A,07,0,1,1,0,0,0,0,0,0,-,-,33.986778259277344,-117.34860229492188,RIVERSIDE,RIVERSIDE,-117.34847259521484,33.98664093017578
9153913,2020,2020-12-02,3300,2020-08-24,1515,N4187,916C,1,5,4,3312,0,0,0,NA,0,034,BOND DR,WESTON RD,511,N,N,A,-,N,NA,NA,NA,NA,NA,NA,NA,NA,NA,N,3,0,1,1,A,-,03,22350,NA,N,E,J,A,A,H,-,A,D,0,NA,NA,Y,NA,Y,NA,C,02,0,1,0,0,0,0,0,0,1,-,-,33.79029083251953,-117.25331878662108,RIVERSIDE,PERRIS,-117.25357055664063,33.791500091552734
91540469,2021,2021-08-09,9840,2021-07-28,0935,019042,NA,3,1,9,3300,0,3,5,NA,2,002,IOWA AVE,CENTER ST.,90,S,N,A,-,N,NA,NA,NA,NA,NA,NA,NA,NA,NA,N,4,0,1,2,A,-,03,22350,NA,N,C,C,A,A,H,-,A,A,0,NA,NA,NA,Y,Y,NA,A,01,0,0,1,0,0,0,0,0,0,-,-,34.01544189453125,-117.33979034423828,RIVERSIDE,UNINCORPORATED,-117.33995819091795,34.015464782714844
91542754,2021,2021-08-11,9840,2021-08-03,1621,018611,NA,2,2,6,3315,0,1,1,NA,2,034,I-15 S/B,PARKRIDGE AVENUE,800,S,N,A,-,Y,NA,NA,15,NA,NA,NA,NA,NA,S,Y,4,0,1,2,A,-,07,21658,A,N,B,C,A,A,H,-,A,D,0,NA,NA,NA,NA,Y,NA,A,01,0,0,1,0,0,0,0,0,0,-,-,33.884239196777344,-117.54900360107422,RIVERSIDE,CORONA,-117.54898071289063,33.884254455566406
91544665,2021,2021-08-13,9840,2021-07-28,1650,022316,NA,3,2,7,3313,0,1,1,NA,2,022,I-215 S/B,COLUMBIA AVE,2200,N,N,A,-,Y,NA,NA,215,NA,NA,NA,NA,NA,S,Y,3,0,1,3,A,-,08,22107,NA,N,C,C,A,A,H,-,A,D,0,NA,NA,Y,NA,Y,NA,C,02,0,1,0,0,0,0,0,0,1,-,-,34.00682830810547,-117.34838104248048,RIVERSIDE,RIVERSIDE,-117.34842681884766,34.006858825683594
91545021,2021,2021-08-16,9655,2021-08-08,0230,021177,NA,7,3,9,3300,0,1,3,NA,2,315,STATE ROUTE 79,GARBANI ROAD,640,N,N,A,-,Y,NA,NA,79,NA,NA,NA,NA,NA,NA,Y,3,0,1,1,A,-,01,23152,A,N,E,I,A,A,H,-,C,D,0,NA,NA,NA,NA,Y,Y,A,01,0,1,0,0,0,0,0,0,0,-,-,33.658660888671875,-117.08461761474608,RIVERSIDE,UNINCORPORATED,-117.0844955444336,33.65866470336914
91548137,2021,2021-08-18,9840,2021-08-13,1349,015663,NA,5,1,9,3300,0,1,3,NA,1,038,SR-71 S/B,SR-91,1800,N,N,A,-,Y,NA,NA,71,NA,NA,NA,NA,NA,S,N,3,0,1,2,A,-,03,22350,NA,N,C,C,A,A,H,-,A,D,0,NA,NA,NA,NA,Y,NA,A,01,0,1,0,0,0,0,0,0,0,-,-,33.88766098022461,-117.64568328857422,RIVERSIDE,UNINCORPORATED,-117.64565277099608,33.88766860961914