CASE_ID,ACCIDENT_YEAR,PROC_DATE,JURIS,COLLISION_DATE,COLLISION_TIME,OFFICER_ID,REPORTING_DISTRICT,DAY_OF_WEEK,CHP_SHIFT,POPULATION,CNTY_CITY_LOC,SPECIAL_COND,BEAT_TYPE,CHP_BEAT_TYPE,CITY_DIVISION_LAPD,CHP_BEAT_CLASS,BEAT_NUMBER,PRIMARY_RD,SECONDARY_RD,DISTANCE,DIRECTION,INTERSECTION,WEATHER_1,WEATHER_2,STATE_HWY_IND,CALTRANS_COUNTY,CALTRANS_DISTRICT,STATE_ROUTE,ROUTE_SUFFIX,POSTMILE_PREFIX,POSTMILE,LOCATION_TYPE,RAMP_INTERSECTION,SIDE_OF_HWY,TOW_AWAY,COLLISION_SEVERITY,NUMBER_KILLED,NUMBER_INJURED,PARTY_COUNT,PRIMARY_COLL_FACTOR,PCF_CODE_OF_VIOL,PCF_VIOL_CATEGORY,PCF_VIOLATION,PCF_VIOL_SUBSECTION,HIT_AND_RUN,TYPE_OF_COLLISION,MVIW,PED_ACTION,ROAD_SURFACE,ROAD_COND_1,ROAD_COND_2,LIGHTING,CONTROL_DEVICE,CHP_ROAD_TYPE,PEDESTRIAN_ACCIDENT,BICYCLE_ACCIDENT,MOTORCYCLE_ACCIDENT,TRUCK_ACCIDENT,NOT_PRIVATE_PROPERTY,ALCOHOL_INVOLVED,STWD_VEHTYPE_AT_FAULT,CHP_VEHTYPE_AT_FAULT,COUNT_SEVERE_INJ,COUNT_VISIBLE_INJ,COUNT_COMPLAINT_PAIN,COUNT_PED_KILLED,COUNT_PED_INJURED,COUNT_BICYCLIST_KILLED,COUNT_BICYCLIST_INJURED,COUNT_MC_KILLED,COUNT_MC_INJURED,PRIMARY_RAMP,SECONDARY_RAMP,LATITUDE,LONGITUDE,COUNTY,CITY,POINT_X,POINT_Y
91549751,2021,2021-08-19,9630,2021-08-06,1810,021409,NA,5,2,9,3300,0,1,1,NA,2,021,I-10 W/B,MONTEREY AVE,3696,E,N,A,-,Y,NA,NA,10,NA,NA,NA,NA,NA,W,N,4,0,1,3,A,-,17,22109,NA,N,C,C,A,A,H,-,A,D,0,NA,NA,NA,NA,Y,NA,A,01,0,0,1,0,0,0,0,0,0,-,-,33.7996711730957,-116.37728118896484,RIVERSIDE,UNINCORPORATED,-116.37730407714844,33.79962158203125
91551085,2021,2021-08-23,9840,2021-08-07,0655,019042,NA,6,1,7,3313,0,1,3,NA,2,021,SR-91 W/B,ARLINGTON AVE,1270,W,N,A,-,Y,NA,NA,91,NA,NA,NA,NA,NA,W,Y,3,0,1,3,A,-,03,22350,NA,N,C,C,A,A,H,-,A,D,0,NA,NA,NA,NA,Y,NA,A,01,0,1,0,0,0,0,0,0,0,-,-,33.94392013549805,-117.39225006103516,RIVERSIDE,RIVERSIDE,-117.39225769042967,33.94393539428711
91551100,2021,2021-08-23,9840,2021-08-13,2129,018949,NA,5,2,6,3315,0,1,3,NA,2,031,SR-91 W/B,MCKINLEY ST.,155,W,N,A,-,Y,NA,NA,91,NA,NA,NA,NA,NA,W,Y,4,0,1,1,A,-,08,22107,NA,N,F,A,A,A,H,-,C,D,0,NA,NA,NA,NA,Y,NA,A,01,0,0,1,0,0,0,0,0,0,-,-,33.8862190246582,-117.5185317993164,RIVERSIDE,CORONA,-117.51848602294922,33.88612747192383
9155134,2020,2020-11-23,3300,2020-08-23,0830,5832,Y84,7,5,3,3305,0,0,0,NA,0,Y84,DILLON RD,RT 865,220,W,N,A,-,N,NA,NA,NA,NA,NA,NA,NA,NA,NA,Y,4,0,1,1,A,-,07,21658,A,N,E,I,A,A,H,-,A,A,0,NA,NA,NA,NA,Y,NA,A,07,0,0,1,0,0,0,0,0,0,-,-,33.70798110961914,-116.1814422607422,RIVERSIDE,COACHELLA,NA,NA
9155140,2020,2020-10-27,3313,2020-08-23,1152,1905,1,7,5,7,3313,0,0,0,NA,0,2R15,MARKET ST,6TH ST,0,NA,Y,A,-,N,NA,NA,NA,NA,NA,NA,NA,NA,NA,Y,3,0,1,2,A,-,09,21801,A,N,D,C,A,A,H,-,A,A,0,NA,NA,Y,NA,Y,NA,A,01,0,1,0,0,0,0,0,0,1,-,-,33.98318862915039,-117.37394714355467,RIVERSIDE,RIVERSIDE,-117.3743896484375,33.98448944091797
91551548,2021,2021-08-23,9630,2021-05-14,1503,019153,NA,5,2,9,3300,0,3,5,NA,2,404,RAMON ROAD,VISTA DE ORO,2640,E,N,A,-,N,NA,NA,NA,NA,NA,NA,NA,NA,NA,Y,1,1,2,2,A,-,01,23152,G,N,A,C,A,A,H,-,A,D,0,NA,NA,NA,NA,Y,Y,A,01,1,1,0,0,0,0,0,0,0,-,-,33.81650161743164,-116.36337280273438,RIVERSIDE,UNINCORPORATED,-116.3625946044922,33.8165168762207
91551944,2021,2021-08-23,9685,2021-08-04,0000,016986,NA,3,3,9,3300,0,3,5,NA,2,003,SR-79,ANZA RD.,1584,N,N,A,-,N,NA,NA,79,NA,NA,NA,NA,NA,NA,N,2,0,2,1,A,-,01,23152,A,N,F,A,A,A,H,-,D,D,0,NA,NA,NA,NA,Y,Y,D,22,1,1,0,0,0,0,0,0,0,-,-,33.49073028564453,-117.0613021850586,RIVERSIDE,UNINCORPORATED,-117.06128692626952,33.490692138671875
91552491,2021,2021-08-24,9630,2021-08-14,1846,020445,NA,6,2,9,3300,0,1,1,NA,2,301,I-10 E/B,BROWN ARROYO,2640,W,N,A,-,Y,NA,NA,10,NA,NA,NA,NA,NA,E,Y,3,0,1,2,A,-,08,22107,NA,N,B,C,A,A,H,-,A,D,0,NA,NA,NA,NA,Y,NA,E,22,0,1,0,0,0,0,0,0,0,-,-,33.6888313293457,-116.03810119628906,RIVERSIDE,UNINCORPORATED,-116.03810119628906,33.68881607055664
9155275,2020,2020-11-20,3300,2020-09-03,0723,N4225,905I,4,5,4,3307,0,0,0,NA,0,095,COLLIER AV,CENTRAL AV,327,S,N,A,-,N,NA,NA,NA,NA,NA,NA,NA,NA,NA,Y,4,0,2,2,A,-,09,21801,A,N,D,C,A,A,H,-,A,D,0,NA,NA,NA,NA,Y,NA,A,01,0,0,2,0,0,0,0,0,0,-,-,33.69169998168945,-117.3392333984375,RIVERSIDE,LAKE ELSINORE,-117.33905029296876,33.68941116333008
91552945,2021,2021-08-24,9685,2021-08-05,0845,015880,NA,4,1,5,3335,0,1,1,NA,2,030,INTERSTATE 15 N/B,TEMECULA PARKWAY,2400,S,N,A,-,Y,NA,NA,15,NA,NA,NA,NA,NA,N,Y,2,0,1,2,A,-,07,21658,A,F,B,C,A,A,D,-,A,D,0,NA,NA,NA,NA,Y,NA,A,01,1,0,0,0,0,0,0,0,0,-,-,33.47401809692383,-117.13818359375,RIVERSIDE,TEMECULA,-117.13817596435548,33.474021911621094
91553064,2021,2021-08-24,9655,2021-08-18,1840,017263,NA,3,2,9,3300,0,1,1,NA,2,202,I-10 W/B,BEAUMONT AVE,2640,E,N,A,-,Y,NA,NA,NA,NA,NA,NA,NA,NA,NA,N,4,0,1,2,A,-,03,22350,NA,N,C,C,A,A,D,-,A,D,0,NA,NA,NA,NA,Y,NA,D,22,0,0,1,0,0,0,0,0,0,-,-,33.9273796081543,-116.96868133544922,RIVERSIDE,UNINCORPORATED,-116.97718811035156,33.92732238769531
91553071,2020,2021-08-24,9840,2020-10-25,0324,021042,NA,7,3,7,3313,0,1,1,NA,2,023,I-215 N/B,UNIVERSITY AVE,30,S,N,B,-,Y,NA,NA,215,NA,NA,NA,NA,NA,N,Y,3,0,2,3,A,-,01,23152,A,N,C,C,A,B,H,-,C,D,0,NA,NA,NA,Y,Y,Y,A,01,0,2,0,0,0,0,0,0,0,-,-,33.975528717041016,-117.33499145507813,RIVERSIDE,RIVERSIDE,-117.33502960205078,33.975486755371094
91553894,2021,2021-08-25,9840,2021-08-22,0404,021872,NA,7,3,6,3345,0,1,3,NA,2,010,SR-60 E/B,WINEVILLE RD,1500,E,N,A,-,Y,NA,NA,60,NA,NA,NA,NA,NA,E,Y,3,0,1,2,A,-,03,22350,NA,N,C,2,A,A,H,-,D,D,0,NA,NA,NA,NA,Y,NA,A,01,0,1,0,0,0,0,0,0,0,-,-,34.01826095581055,-117.53727722167967,RIVERSIDE,JURUPA VALLEY,-117.53729248046876,34.0181884765625
91554137,2021,2021-08-25,9685,2021-08-14,2345,016986,NA,6,3,4,3342,0,3,5,NA,2,003,BAXTER RD.,BRIGGS RD.,46,E,N,A,-,N,NA,NA,NA,NA,NA,NA,NA,NA,NA,N,3,0,1,1,A,-,01,23152,A,N,E,I,A,A,H,-,C,A,0,NA,NA,NA,NA,Y,Y,A,01,0,1,0,0,0,0,0,0,0,-,-,33.61077117919922,-117.13021087646484,RIVERSIDE,MURRIETA,-117.13027191162108,33.61087417602539
91554413,2021,2021-08-25,9630,2021-08-22,1400,019943,NA,7,2,9,3300,0,3,5,NA,2,404,MONTEREY AVE,I-10 EB TO MONTEREY AVENUE OFF-RAMP,20,N,N,A,-,N,NA,NA,NA,NA,NA,NA,NA,NA,NA,Y,3,0,2,2,A,-,03,22350,NA,N,C,C,A,A,H,-,A,A,0,NA,NA,NA,NA,Y,NA,A,01,0,1,1,0,0,0,0,0,0,-,-,33.48210144042969,-116.23179626464844,RIVERSIDE,UNINCORPORATED,-116.38817,33.805903
91555170,2021,2021-08-26,9685,2021-08-11,1127,017833,NA,3,1,5,3341,0,1,1,NA,2,020,I-215 SOUTHBOUND,NEWPORT RD.,1003,S,N,B,-,Y,NA,NA,215,NA,NA,NA,NA,NA,S,Y,4,0,1,2,A,-,07,21658,A,N,B,E,A,A,H,-,A,D,0,NA,NA,NA,Y,Y,NA,G,25,0,0,1,0,0,0,0,0,0,-,-,33.68217086791992,-117.17102813720705,RIVERSIDE,MENIFEE,-117.17102813720705,33.68217086791992
91557151,2021,2021-08-27,9685,2021-08-23,1605,015757,NA,1,2,5,3335,0,1,1,NA,2,030,I-15 N/B (TEMECULA VALLEY FWY),RANCHO CALIFORNIA RD,1320,N,N,A,-,Y,NA,NA,15,NA,NA,NA,NA,NA,N,Y,3,0,1,1,A,-,03,22350,NA,N,F,A,A,A,H,-,A,D,0,NA,NA,Y,NA,Y,NA,C,02,0,1,0,0,0,0,0,0,1,-,-,33.504390716552734,-117.15287017822266,RIVERSIDE,TEMECULA,-117.15283203125,33.5044059753418
91558499,2021,2021-08-30,9655,2021-08-22,0055,021048,NA,7,3,9,3300,0,1,3,NA,2,311,GILMAN SPRINGS ROAD,JACK RABBIT TRAIL,40,S,N,A,-,N,NA,NA,NA,NA,NA,NA,NA,NA,NA,N,4,0,1,2,A,-,03,22350,NA,M,C,C,A,A,H,-,D,D,0,NA,NA,NA,NA,Y,NA,-,99,0,0,1,0,0,0,0,0,0,-,-,33.88943099975586,-117.07066345214844,RIVERSIDE,UNINCORPORATED,-117.07070922851563,33.88948059082031
91558726,2021,2021-08-30,9840,2021-08-17,1925,019361,NA,2,2,7,3313,0,1,1,NA,2,024,I-215 (S/B),EASTRIDGE AVENUE,1800,N,N,A,-,Y,NA,NA,215,NA,NA,NA,NA,NA,NA,N,4,0,1,1,A,-,08,22107,NA,N,E,I,A,A,H,-,C,D,0,NA,NA,NA,NA,Y,NA,A,01,0,0,1,0,0,0,0,0,0,-,-,33.93648910522461,-117.2906494140625,RIVERSIDE,RIVERSIDE,-117.29061889648438,33.93649673461914
91558781,2021,2021-08-30,9840,2021-08-27,0610,019527,NA,5,1,7,3313,0,1,3,NA,2,030,SR-91 W/B,SERFSA CLUB DR,1100,W,N,A,-,Y,NA,NA,NA,NA,NA,NA,NA,NA,NA,Y,4,0,1,2,A,-,07,21658,A,F,C,C,A,A,H,-,A,D,0,NA,NA,NA,NA,Y,NA,-,99,0,0,1,0,0,0,0,0,0,-,-,33.88039016723633,-117.60936737060548,RIVERSIDE,RIVERSIDE,-117.61320495605467,33.880287170410156
9155960,2020,2021-01-19,3300,2020-09-14,1144,5531,011A,1,5,4,3344,0,0,0,NA,0,060,HAMNER AV,CANTU GALLEANO RANCH RD,46,S,N,A,-,N,NA,NA,NA,NA,NA,NA,NA,NA,NA,Y,4,0,1,2,A,-,03,22350,NA,N,C,C,A,A,H,-,A,A,0,NA,NA,NA,NA,Y,NA,A,01,0,0,1,0,0,0,0,0,0,-,-,NA,NA,RIVERSIDE,EASTVALE,-117.55834197998048,34.00077438354492
91559774,2021,2021-08-31,9655,2021-08-29,0716,016885,NA,7,1,9,3300,0,1,3,NA,2,311,GILMAN SPRINGS RD,KEVIN ROAD,400,E,N,A,-,N,NA,NA,NA,NA,NA,NA,NA,NA,NA,N,3,0,1,1,A,-,08,22107,NA,N,E,I,A,A,H,-,A,D,0,NA,NA,NA,NA,Y,NA,A,01,0,1,0,0,0,0,0,0,0,-,-,33.924198150634766,-117.11293029785156,RIVERSIDE,UNINCORPORATED,-117.11337280273438,33.92433547973633
91560115,2021,2021-09-01,9840,2021-08-25,1520,014868,NA,3,2,4,3310,0,1,1,NA,2,011,I-15 S/B,SECOND ST,1100,N,N,A,-,Y,NA,NA,15,NA,NA,NA,NA,NA,S,N,4,0,1,3,A,-,03,22350,NA,N,C,C,A,A,H,-,A,D,0,NA,NA,NA,NA,Y,NA,A,01,0,0,1,0,0,0,0,0,0,-,-,33.9109001159668,-117.55854034423828,RIVERSIDE,NORCO,-117.5585479736328,33.91090393066406
91564185,2021,2021-09-07,9685,2021-08-20,2320,017013,NA,5,3,9,3300,0,1,1,NA,2,020,I-215 N/B,KELLER ROAD,710,N,N,A,-,Y,NA,NA,215,NA,NA,NA,NA,NA,N,Y,3,0,4,2,A,-,01,23152,A,N,C,C,A,A,H,-,D,D,0,NA,NA,NA,NA,Y,Y,A,01,0,4,0,0,0,0,0,0,0,-,-,33.629051208496094,-117.17105102539063,RIVERSIDE,UNINCORPORATED,-117.17102813720705,33.629051208496094
9156469,2020,2020-10-07,3308,2020-07-27,1801,10688,516,1,5,5,3308,0,0,0,NA,0,NORTH,DEVONSHIRE AV,GILBERT ST,0,NA,Y,A,-,N,NA,NA,NA,NA,NA,NA,NA,NA,NA,Y,4,0,1,2,A,-,09,21802,A,N,D,C,A,A,H,-,A,A,0,NA,NA,NA,NA,Y,NA,A,01,0,0,1,0,0,0,0,0,0,-,-,33.751129150390625,-116.97608947753906,RIVERSIDE,HEMET,-116.97604370117188,33.751129150390625
91564732,2021,2021-09-07,9840,2021-08-31,1730,021198,NA,2,2,9,3300,0,3,5,NA,2,002,E. LA CADENA DR. TO IOWA AVE,E. LA CADENA AVE,0,NA,Y,A,-,N,NA,NA,NA,NA,NA,NA,NA,NA,NA,N,3,0,3,2,A,-,09,21801,A,N,D,C,A,A,H,-,A,A,0,NA,NA,NA,NA,Y,NA,A,01,0,2,1,0,0,0,0,0,0,-,-,34.01823043823242,-117.33995056152344,RIVERSIDE,UNINCORPORATED,-117.34024047851563,34.01863098144531
91564938,2021,2021-09-08,9840,2021-09-02,0750,018248,NA,4,1,6,3315,0,1,1,NA,2,034,I-15 N/B,MAGNOLIA AVE,334,N,N,B,-,Y,NA,NA,15,NA,NA,NA,NA,NA,N,N,4,0,1,2,A,-,03,22350,NA,N,C,C,A,A,H,-,A,D,0,NA,NA,NA,NA,Y,NA,D,22,0,0,1,0,0,0,0,0,0,-,-,33.866859436035156,-117.54279327392578,RIVERSIDE,CORONA,-117.54273986816406,33.86689376831055
91567638,2021,2021-09-10,9840,2021-08-29,1935,022028,NA,7,2,6,3315,0,1,1,NA,2,034,I-15 NB,EL CERRITO RD,633,S,N,A,-,Y,NA,NA,15,NA,NA,NA,NA,NA,N,N,4,0,1,3,A,-,08,22107,NA,N,G,C,F,A,H,-,C,D,0,Y,NA,NA,NA,Y,Y,D,22,0,0,1,0,1,0,0,0,0,-,-,33.82992935180664,-117.52819061279295,RIVERSIDE,CORONA,-117.52823638916016,33.829891204833984
91567796,2021,2021-09-10,9685,2021-09-03,0700,015757,NA,5,1,9,3300,0,1,3,NA,1,026,SR-74,CREAG AVE,220,W,N,A,-,Y,NA,NA,74,NA,NA,NA,NA,NA,NA,N,3,0,1,1,C,-,18,NA,NA,N,F,A,A,A,D,-,A,A,0,NA,Y,NA,NA,Y,NA,-,-,0,1,0,0,0,0,1,0,0,-,-,33.74348068237305,-117.1076202392578,RIVERSIDE,UNINCORPORATED,-117.1076202392578,33.74343490600586
91568546,2021,2021-09-13,9840,2021-09-04,0800,017882,NA,6,1,9,3300,0,2,4,NA,2,045,CAJALCO RD,DECKER RD,200,W,N,A,-,N,NA,NA,NA,NA,NA,NA,NA,NA,NA,Y,3,0,1,2,A,-,06,21750,A,N,B,C,A,A,H,-,A,D,0,NA,NA,Y,NA,Y,NA,C,02,0,1,0,0,0,0,0,0,1,-,-,33.83736038208008,-117.26883697509766,RIVERSIDE,UNINCORPORATED,-117.26880645751952,33.83735656738281
9157017,2020,2021-01-26,3313,2020-09-02,0520,1783,1,3,5,7,3313,0,0,0,NA,0,M18,IOWA AV,COLUMBIA AV,0,NA,Y,A,-,N,NA,NA,NA,NA,NA,NA,NA,NA,NA,N,4,0,1,2,A,-,03,22350,NA,M,C,C,A,A,H,-,C,A,0,NA,NA,NA,NA,Y,NA,D,22,0,0,1,0,0,0,0,0,0,-,-,34.0012092590332,-117.3397979736328,RIVERSIDE,RIVERSIDE,-117.33981323242188,34.00115966796875
91570638,2021,2021-09-15,9840,2021-09-09,0812,018221,NA,4,1,7,3313,0,1,3,NA,2,020,SR 91 EB,"LA SIERRA AVE.,",3200,E,N,A,-,Y,NA,NA,91,NA,NA,NA,NA,NA,E,N,3,0,1,2,A,-,08,22107,NA,N,B,C,A,A,H,-,A,D,0,NA,NA,Y,NA,Y,NA,A,01,0,1,0,0,0,0,0,0,1,-,-,33.90298843383789,-117.46276092529295,RIVERSIDE,RIVERSIDE,-117.46278381347656,33.903053283691406
91571726,2021,2021-09-16,9840,2021-09-08,0001,021037,NA,3,3,9,3300,0,3,5,NA,2,003,TEMESCAL CANYON RD.,LAWSON RD.,3340,N,N,A,-,N,NA,NA,NA,NA,NA,NA,NA,NA,NA,Y,4,0,1,1,A,-,01,23152,A,N,E,I,A,A,H,-,A,D,0,NA,NA,NA,NA,Y,Y,A,07,0,0,1,0,0,0,0,0,0,-,-,33.779441833496094,-117.48657989501952,RIVERSIDE,UNINCORPORATED,-117.48638153076172,33.77933120727539
91571957,2021,2021-09-16,9840,2021-09-05,0725,019527,NA,7,1,7,3313,0,1,3,NA,2,021,SR-91 E/B,14TH ST,300,E,N,A,-,Y,NA,NA,91,NA,NA,NA,NA,NA,E,N,4,0,1,2,A,-,08,22107,NA,F,B,C,A,A,H,-,A,D,0,NA,NA,NA,NA,Y,NA,-,99,0,0,1,0,0,0,0,0,0,-,-,33.97454833984375,-117.37252044677734,RIVERSIDE,RIVERSIDE,-117.37262725830078,33.97462463378906
9157197,2020,2020-11-17,3300,2020-09-28,1419,5127,LA41,1,5,3,3392,0,0,0,NA,0,LA41,JEFFERSON ST,AVE 28,0,NA,Y,A,-,N,NA,NA,NA,NA,NA,NA,NA,NA,NA,Y,4,0,1,3,A,-,21,22106,NA,N,C,C,A,A,D,-,A,A,0,NA,NA,NA,Y,Y,NA,A,01,0,0,1,0,0,0,0,0,0,-,-,33.699798583984375,-116.26873016357422,RIVERSIDE,LA QUINTA,NA,NA
91572234,2021,2021-09-16,9685,2021-09-02,2150,015743,NA,4,2,5,3335,0,1,1,NA,2,030,I-15,RANCHO CALIFORNIA,1738,S,N,A,-,Y,NA,NA,15,NA,NA,NA,NA,NA,NA,Y,3,0,3,5,A,-,03,22350,NA,N,C,C,A,A,G,-,C,D,0,NA,NA,NA,NA,Y,NA,A,01,0,2,1,0,0,0,0,0,0,-,-,33.496490478515625,-117.1484832763672,RIVERSIDE,TEMECULA,-117.14844512939452,33.496524810791016
91572888,2021,2021-09-17,9840,2021-09-07,0115,022616,NA,2,3,7,3313,0,1,3,NA,2,020,STATE ROUTE 91 WESTBOUND,TYLER STREET,1200,E,N,A,-,Y,NA,NA,91,NA,NA,NA,NA,NA,W,Y,3,0,1,3,A,-,03,22350,NA,N,C,C,A,A,H,-,D,D,0,NA,NA,NA,NA,Y,NA,A,01,0,1,0,0,0,0,0,0,0,-,-,33.90840148925781,-117.45336151123048,RIVERSIDE,RIVERSIDE,-117.45336151123048,33.908409118652344
91573024,2021,2021-09-17,9840,2021-09-11,1605,019361,NA,6,2,4,3310,0,1,1,NA,2,011,I-15 (S/B),HIDDEN VALLEY PARKWAY,1800,N,N,A,-,Y,NA,NA,15,NA,NA,NA,NA,NA,NA,N,3,0,1,3,A,-,08,22107,NA,N,B,C,A,A,H,-,A,D,0,NA,NA,NA,Y,Y,NA,A,01,0,1,0,0,0,0,0,0,0,-,-,33.90388870239258,-117.5602569580078,RIVERSIDE,NORCO,-117.56022644042967,33.90388107299805
91573243,2021,2021-09-17,9840,2021-08-22,0237,021037,NA,7,3,9,3300,0,3,5,NA,2,004,KRAMERIA AVE,WASHINGTON BLVD.,821,E,N,A,-,N,NA,NA,NA,NA,NA,NA,NA,NA,NA,Y,3,0,1,2,A,-,01,23152,A,F,B,C,A,A,H,-,D,D,0,NA,NA,NA,NA,Y,Y,A,07,0,1,0,0,0,0,0,0,0,-,-,33.87989044189453,-117.36331939697266,RIVERSIDE,UNINCORPORATED,-117.36347198486328,33.879852294921875
91575394,2021,2021-09-21,9840,2021-09-14,1720,022028,NA,2,2,7,3313,0,1,3,NA,2,020,SR-91 E/B,PIERCE ST,1320,W,N,A,-,Y,NA,NA,91,NA,NA,NA,NA,NA,E,N,4,0,1,2,A,-,03,22350,NA,N,C,C,A,A,H,-,A,D,0,NA,NA,NA,NA,Y,NA,A,08,0,0,1,0,0,0,0,0,0,-,-,33.895301818847656,-117.49868011474608,RIVERSIDE,RIVERSIDE,-117.49867248535156,33.89529037475586
91581940,2021,2021-09-28,9655,2021-09-26,1224,019630,NA,7,1,9,3300,0,1,3,NA,2,212,STATE ROUTE 60 W/B,GILMAN SPRINGS ROAD,5280,E,N,A,-,Y,NA,NA,60,NA,NA,NA,NA,NA,W,N,4,0,2,2,A,-,03,22350,NA,N,C,C,A,A,D,-,A,D,0,NA,NA,NA,NA,Y,NA,A,01,0,0,2,0,0,0,0,0,0,-,-,33.935279846191406,-117.10929870605467,RIVERSIDE,UNINCORPORATED,-117.10929870605467,33.93525695800781
91582376,2021,2021-09-29,9840,2021-09-16,1320,013968,NA,4,1,9,3300,0,2,4,NA,2,045,CAJALCO RD,KIRKPATRICK RD,140,E,N,A,-,N,NA,NA,NA,NA,NA,NA,NA,NA,NA,Y,4,0,1,1,A,-,08,22107,NA,N,E,J,A,A,H,-,A,D,0,NA,NA,NA,NA,Y,NA,A,01,0,0,1,0,0,0,0,0,0,-,-,33.83454895019531,-117.3727798461914,RIVERSIDE,UNINCORPORATED,-117.37286376953124,33.834476470947266
91582817,2021,2021-09-29,9840,2021-09-26,0434,021872,NA,7,3,6,3345,0,1,3,NA,2,010,SR-60 W/B,CAMINO REAL,1500,W,N,A,-,Y,NA,NA,60,NA,NA,NA,NA,NA,W,Y,4,0,2,2,A,-,03,22350,NA,N,C,C,A,A,H,-,C,D,0,NA,NA,NA,NA,Y,NA,A,01,0,0,2,0,0,0,0,0,0,-,-,34.015140533447266,-117.45506286621094,RIVERSIDE,JURUPA VALLEY,-117.45504760742188,34.01522445678711
91583061,2021,2021-09-29,9630,2021-09-17,0527,022321,NA,5,3,9,3300,0,3,5,NA,2,001,NORTH INDIAN CANYON DR,16TH AVENUE,1440,N,N,A,-,N,NA,NA,NA,NA,NA,NA,NA,NA,NA,Y,4,0,1,1,A,-,01,23152,A,N,E,I,A,A,H,-,D,D,0,NA,NA,NA,NA,Y,Y,D,22,0,0,1,0,0,0,0,0,0,-,-,33.9356803894043,-116.54528045654295,RIVERSIDE,UNINCORPORATED,-116.54517364501952,33.935691833496094
9158362,2020,2020-11-20,3311,2020-09-20,1204,16210,NA,7,5,4,3311,0,0,0,NA,0,004,GENE AUTRY TR,VIA ESCUELA,5623,N,N,A,-,N,NA,NA,NA,NA,NA,NA,NA,NA,NA,Y,4,0,1,1,-,-,-,NA,A,N,F,A,A,A,H,-,A,D,0,NA,NA,NA,NA,Y,NA,A,01,0,0,1,0,0,0,0,0,0,-,-,33.848358154296875,-116.50579071044922,RIVERSIDE,PALM SPRINGS,-116.5058135986328,33.86389923095703
91586915,2021,2021-10-04,9685,2021-09-23,0240,015800,NA,4,3,5,3335,0,1,1,NA,2,030,I-15 SOUTHBOUND,FRENCH VALLEY PARKWAY,2800,N,N,A,-,Y,NA,NA,15,NA,NA,NA,NA,NA,S,Y,3,0,1,1,A,-,01,23152,F,N,E,I,A,A,H,-,C,D,0,NA,NA,NA,NA,Y,NA,A,01,0,1,0,0,0,0,0,0,0,-,-,33.53804016113281,-117.1734619140625,RIVERSIDE,TEMECULA,-117.17353057861328,33.537994384765625
91587509,2021,2021-10-04,9685,2021-09-27,1050,018539,NA,1,1,9,3300,0,3,5,NA,2,002,LOS GATOS ROAD N/B,CARANCHO ROAD,2367,N,N,B,-,N,NA,NA,NA,NA,NA,NA,NA,NA,NA,Y,4,0,2,1,A,-,08,22107,NA,N,E,I,A,A,H,-,A,D,0,NA,NA,NA,Y,Y,NA,F,26,0,0,2,0,0,0,0,0,0,-,-,33.497440338134766,-117.28495025634766,RIVERSIDE,UNINCORPORATED,-117.28522491455078,33.49692153930664
91588489,2021,2021-10-05,9655,2021-10-02,0615,016885,NA,6,1,9,3300,0,3,5,NA,2,003,ACACIA AVENUE,WILLOW STREET,67,E,N,A,-,N,NA,NA,NA,NA,NA,NA,NA,NA,NA,Y,2,0,1,1,A,-,08,22107,NA,N,E,I,A,A,H,-,B,D,0,NA,NA,NA,NA,Y,NA,A,01,1,0,0,0,0,0,0,0,0,-,-,33.743961334228516,-116.95146942138672,RIVERSIDE,UNINCORPORATED,-116.95145416259766,33.74399185180664
91589272,2021,2021-10-06,9840,2021-08-27,1050,017893,NA,5,1,6,3315,0,1,3,NA,2,031,SR-91 E/B,MAIN ST,200,W,N,A,-,Y,NA,NA,91,NA,NA,NA,NA,NA,E,Y,4,0,1,2,A,-,03,22350,NA,N,C,C,A,A,H,-,A,D,0,NA,NA,NA,Y,Y,NA,F,25,0,0,1,0,0,0,0,0,0,-,-,33.87982177734375,-117.56604766845705,RIVERSIDE,CORONA,-117.56603240966795,33.88001251220703
91593045,2021,2021-10-11,9685,2021-09-19,0345,017013,NA,7,3,5,3335,0,1,1,NA,2,030,I-15 N/B,OVERLAND DRIVE,2112,S,N,A,-,Y,NA,NA,15,NA,NA,NA,NA,NA,N,N,2,0,1,2,A,-,08,22107,NA,F,G,B,E,A,H,-,D,D,0,Y,NA,NA,NA,Y,Y,-,99,1,0,0,0,1,0,0,0,0,-,-,33.51247024536133,-117.1564483642578,RIVERSIDE,TEMECULA,-117.15648651123048,33.512451171875
91595103,2021,2021-10-13,9840,2021-10-08,1750,020455,NA,5,2,9,3300,0,3,5,NA,2,003,ONTARIO AVE,RUDELL RD,0,NA,Y,A,-,N,NA,NA,NA,NA,NA,NA,NA,NA,NA,Y,3,0,2,2,A,-,09,21801,A,N,D,C,A,A,H,-,A,D,0,NA,NA,NA,NA,Y,NA,A,01,0,2,0,0,0,0,0,0,0,-,-,33.83647155761719,-117.5237274169922,RIVERSIDE,UNINCORPORATED,-117.52368927001952,33.836490631103516