CASE_ID,ACCIDENT_YEAR,PROC_DATE,JURIS,COLLISION_DATE,COLLISION_TIME,OFFICER_ID,REPORTING_DISTRICT,DAY_OF_WEEK,CHP_SHIFT,POPULATION,CNTY_CITY_LOC,SPECIAL_COND,BEAT_TYPE,CHP_BEAT_TYPE,CITY_DIVISION_LAPD,CHP_BEAT_CLASS,BEAT_NUMBER,PRIMARY_RD,SECONDARY_RD,DISTANCE,DIRECTION,INTERSECTION,WEATHER_1,WEATHER_2,STATE_HWY_IND,CALTRANS_COUNTY,CALTRANS_DISTRICT,STATE_ROUTE,ROUTE_SUFFIX,POSTMILE_PREFIX,POSTMILE,LOCATION_TYPE,RAMP_INTERSECTION,SIDE_OF_HWY,TOW_AWAY,COLLISION_SEVERITY,NUMBER_KILLED,NUMBER_INJURED,PARTY_COUNT,PRIMARY_COLL_FACTOR,PCF_CODE_OF_VIOL,PCF_VIOL_CATEGORY,PCF_VIOLATION,PCF_VIOL_SUBSECTION,HIT_AND_RUN,TYPE_OF_COLLISION,MVIW,PED_ACTION,ROAD_SURFACE,ROAD_COND_1,ROAD_COND_2,LIGHTING,CONTROL_DEVICE,CHP_ROAD_TYPE,PEDESTRIAN_ACCIDENT,BICYCLE_ACCIDENT,MOTORCYCLE_ACCIDENT,TRUCK_ACCIDENT,NOT_PRIVATE_PROPERTY,ALCOHOL_INVOLVED,STWD_VEHTYPE_AT_FAULT,CHP_VEHTYPE_AT_FAULT,COUNT_SEVERE_INJ,COUNT_VISIBLE_INJ,COUNT_COMPLAINT_PAIN,COUNT_PED_KILLED,COUNT_PED_INJURED,COUNT_BICYCLIST_KILLED,COUNT_BICYCLIST_INJURED,COUNT_MC_KILLED,COUNT_MC_INJURED,PRIMARY_RAMP,SECONDARY_RAMP,LATITUDE,LONGITUDE,COUNTY,CITY,POINT_X,POINT_Y
92334345,2024,2024-03-11,9630,2024-02-27,134,021416,NA,2,3,9,3300,0,1,1,NA,2,301,I-10 E/B,FRONTAGE RD,7920,W,N,A,-,Y,RIV,NA,10,NA,R,73.449,H,NA,R,Y,3,0,1,2,A,-,08,22107,NA,N,B,2,A,A,D,-,D,D,0,NA,NA,NA,Y,Y,NA,-,-,0,1,0,0,0,0,0,0,0,-,-,33.67441177368164,-115.94136810302734,RIVERSIDE,UNINCORPORATED,-115.94139099121094,33.67433547973633
92335148,2024,2024-03-11,9840,2024-02-25,247,023615,NA,7,3,7,3313,0,1,1,NA,2,023,INTERSTATE 215 SOUTHBOUND,FAIR ISLE DRIVE,1090,N,N,A,-,Y,RIV,NA,215,NA,NA,38.835,H,NA,L,N,3,0,1,2,A,-,03,22350,NA,N,C,C,A,A,H,-,D,D,0,NA,NA,NA,NA,Y,Y,E,22,0,1,0,0,0,0,0,0,0,-,-,33.95096969604492,-117.30332183837892,RIVERSIDE,RIVERSIDE,-117.30333709716795,33.950965881347656
92335250,2024,2024-03-11,9655,2024-03-04,2155,023543,NA,1,2,4,3301,0,1,1,NA,2,204,I-10 W/B,22ND ST,105,E,N,A,-,Y,RIV,NA,10,NA,R,11.996,H,NA,L,Y,3,0,1,1,A,-,01,23152,A,N,E,I,A,A,H,-,D,D,0,NA,NA,NA,NA,Y,Y,A,01,0,1,0,0,0,0,0,0,0,-,-,33.92451858520508,-116.90042877197266,RIVERSIDE,BANNING,-116.90042877197266,33.92445755004883
92336129,2024,2024-03-12,9685,2024-03-05,1835,016096,NA,2,2,9,3300,0,2,4,NA,2,016,GRAND AVE,ROSE AVE.,6,S,N,A,-,N,NA,NA,NA,NA,NA,NA,NA,NA,NA,Y,3,0,2,2,A,-,08,22107,NA,N,A,C,A,A,H,-,D,D,0,NA,NA,NA,NA,Y,NA,A,07,0,2,0,0,0,0,0,0,0,-,-,33.64255142211914,-117.3503189086914,RIVERSIDE,UNINCORPORATED,-117.35026550292967,33.642478942871094
92337523,2024,2024-03-13,9840,2024-03-02,115,021308,NA,6,3,7,3313,0,1,1,NA,2,023,I-215 S/B,MARTIN LUTHER KING BLVD,1056,S,N,B,-,Y,RIV,NA,215,NA,NA,40.506,H,NA,L,N,3,0,1,2,A,-,03,22350,NA,N,C,C,A,A,H,-,C,D,0,NA,NA,NA,Y,Y,NA,A,01,0,1,0,0,0,0,0,0,0,-,-,33.96398162841797,-117.32554626464844,RIVERSIDE,RIVERSIDE,-117.3254623413086,33.964054107666016
92338382,2024,2024-04-01,9685,2024-03-08,1530,016113,NA,5,2,4,3312,0,1,1,NA,2,020,I-215 SOUTHBOUND,REDLANDS AVENUE,6706,S,N,A,-,Y,RIV,NA,215,NA,NA,25.042,H,NA,L,Y,4,0,1,2,A,-,03,22350,NA,N,C,C,A,A,H,-,A,D,0,NA,NA,NA,NA,Y,NA,A,08,0,0,1,0,0,0,0,0,0,-,-,33.77251052856445,-117.19889831542967,RIVERSIDE,PERRIS,-117.19890594482422,33.77250671386719
92338572,2024,2024-03-14,9685,2024-03-10,130,021828,NA,7,3,4,3342,0,1,1,NA,2,034,I-215 SOUTHBOUND,LOS ALAMOS RD.,2640,N,N,A,-,Y,RIV,NA,215,NA,R,11.196,H,NA,L,N,4,0,2,2,A,-,03,22350,NA,N,B,C,A,A,H,-,D,D,0,NA,NA,NA,NA,Y,NA,A,07,0,0,2,0,0,0,0,0,0,-,-,33.58100128173828,-117.18099975585938,RIVERSIDE,MURRIETA,-117.18105316162108,33.58100128173828
92339437,2024,2024-03-15,9840,2024-03-06,1812,019650,NA,3,2,7,3313,0,2,4,NA,2,042,VAN BUREN BLVD.,OPPORTUNITY WAY,45,E,N,B,C,N,NA,NA,NA,NA,NA,NA,NA,NA,NA,Y,4,0,1,2,A,-,08,22107,NA,N,D,2,A,B,H,-,C,A,0,NA,NA,NA,NA,Y,NA,A,07,0,0,1,0,0,0,0,0,0,-,-,33.888099670410156,-117.27533721923828,RIVERSIDE,RIVERSIDE,-117.27569580078124,33.887969970703125
92340513,2024,2024-03-18,9655,2024-03-08,1315,019466,NA,5,1,9,3300,0,1,1,NA,2,206,I-10 WESTBOUND,MAIN STREET,8976,E,N,A,-,Y,RIV,NA,10,NA,R,21.134,H,NA,L,N,4,0,1,3,A,-,08,22107,NA,M,B,C,A,A,H,-,A,D,0,NA,NA,NA,Y,Y,NA,-,99,0,0,1,0,0,0,0,0,0,-,-,33.9216194152832,-116.74716186523438,RIVERSIDE,UNINCORPORATED,-116.74717712402344,33.92170333862305
92341284,2024,2024-03-19,9630,2024-03-05,325,021416,NA,2,3,9,3300,0,1,1,NA,2,302,I-10 E/B,RED CLOUD MINE RD,5280,W,N,A,-,Y,RIV,NA,10,NA,R,94.425,H,NA,R,Y,2,0,1,1,A,-,01,23152,A,N,E,J,A,A,H,-,D,D,0,NA,NA,NA,NA,Y,Y,A,07,1,0,0,0,0,0,0,0,0,-,-,33.673648834228516,-115.5797882080078,RIVERSIDE,UNINCORPORATED,-115.5798110961914,33.67374038696289
92341749,2024,2024-03-19,9840,2024-03-08,1651,018611,NA,5,2,6,3315,0,1,3,NA,2,031,SR-91 E/B,BUCHANAN STREET,876,W,N,A,-,Y,RIV,NA,91,NA,NA,10.117,H,NA,R,Y,2,0,1,3,A,-,03,22350,NA,N,C,2,A,A,H,-,A,D,0,NA,NA,Y,NA,Y,NA,C,02,1,0,0,0,0,0,0,0,1,-,-,33.892948150634766,-117.50377655029295,RIVERSIDE,CORONA,-117.50374603271484,33.89289855957031
92343689,2024,2024-03-21,9630,2024-03-10,1935,021652,NA,7,2,9,3300,0,1,1,NA,2,021,I-10 E/B,WASHINGTON ST,4752,W,N,A,-,Y,RIV,NA,10,NA,NA,49.507,H,NA,R,Y,3,0,1,1,A,-,01,23152,F,N,E,I,A,A,H,-,D,D,0,NA,NA,NA,NA,Y,NA,A,01,0,1,0,0,0,0,0,0,0,-,-,33.76454162597656,-116.31710815429688,RIVERSIDE,UNINCORPORATED,-116.31712341308594,33.76450729370117
92343837,2024,2024-03-21,9685,2024-03-14,835,015906,NA,4,1,9,3300,0,1,3,NA,1,012,SR-74,BETTY ROAD,0,NA,Y,A,-,Y,NA,NA,NA,NA,NA,NA,NA,NA,NA,N,4,0,1,2,A,-,09,21802,A,F,D,C,A,A,H,-,A,A,0,NA,NA,NA,NA,Y,NA,-,99,0,0,1,0,0,0,0,0,0,-,-,33.76219177246094,-117.26480865478516,RIVERSIDE,UNINCORPORATED,-117.26995086669922,33.759117126464844
92343851,2024,2024-03-21,9840,2024-03-12,1750,019650,NA,2,2,6,3345,0,1,1,NA,2,011,I-15 N/B,68TH ST.,650,S,N,A,-,Y,RIV,NA,15,NA,NA,47.302,H,NA,R,Y,2,0,1,2,A,-,03,22350,NA,N,C,C,A,A,H,-,A,D,0,NA,NA,NA,Y,Y,NA,A,01,1,0,0,0,0,0,0,0,0,-,-,33.961360931396484,-117.54865264892578,RIVERSIDE,JURUPA VALLEY,-117.54873657226563,33.961360931396484
92344149,2024,2024-03-21,9840,2024-03-19,845,017247,NA,2,1,9,3300,0,3,5,NA,2,004,EL SOBRANTE RD,MOCKINGBIRD CANYON RD,0,NA,Y,A,-,N,NA,NA,NA,NA,NA,NA,NA,NA,NA,Y,4,0,1,3,A,-,09,21801,B,N,D,C,A,A,H,-,A,A,0,NA,NA,NA,Y,Y,NA,A,07,0,0,1,0,0,0,0,0,0,-,-,33.84579849243164,-117.37545776367188,RIVERSIDE,UNINCORPORATED,-117.37541961669922,33.845760345458984
92344171,2024,2024-03-21,9840,2024-03-19,1334,017481,NA,2,1,6,3345,0,1,3,NA,2,010,SR-60 W/B,PEDLEY RD,2275,E,N,A,-,Y,RIV,NA,60,NA,R,4.977,H,NA,L,N,3,0,1,1,A,-,03,22350,NA,N,E,J,A,A,H,-,A,D,0,NA,NA,Y,NA,Y,NA,C,02,0,1,0,0,0,0,0,0,1,-,-,34.01803970336914,-117.47296142578124,RIVERSIDE,JURUPA VALLEY,-117.47295379638672,34.01808166503906
92345056,2024,2024-03-22,9630,2024-03-18,752,019758,NA,1,1,9,3300,0,3,5,NA,2,503,76TH AVE,HARRISON ST,1056,E,N,B,-,N,NA,NA,NA,NA,NA,NA,NA,NA,NA,N,4,0,1,2,A,-,06,21750,A,N,D,C,A,A,H,-,A,D,0,NA,NA,NA,NA,Y,NA,A,07,0,0,1,0,0,0,0,0,0,-,-,33.498939514160156,-116.11579895019533,RIVERSIDE,UNINCORPORATED,-116.11587524414063,33.49890899658203
92346022,2024,2024-03-25,9840,2024-02-10,20,023114,NA,6,3,6,3315,0,1,3,NA,2,031,SR-91 W/B TO MCKINLEY AVE NORTH,NORTH MCKINLEY STREET,85,E,N,A,-,Y,NA,NA,NA,NA,NA,NA,NA,NA,NA,N,4,0,1,2,A,-,11,21954,A,N,G,B,C,A,H,-,C,D,0,Y,NA,NA,NA,Y,NA,N,60,0,0,1,0,1,0,0,0,0,-,-,33.88690948486328,-117.51786041259766,RIVERSIDE,CORONA,-117.51786041259766,33.88690948486328
92346490,2024,2024-03-25,9840,2024-02-27,1820,023615,NA,2,2,6,3394,0,1,3,NA,2,025,STATE ROUTE 60 EASTBOUND,PERRIS BOULEVARD,3696,E,N,A,-,Y,RIV,NA,60,NA,NA,17.097,H,NA,R,Y,2,0,2,3,A,-,02,22400,A,F,C,C,A,A,H,-,D,D,0,NA,NA,NA,Y,Y,NA,-,99,1,0,1,0,0,0,0,0,0,-,-,33.9390983581543,-117.21372222900392,RIVERSIDE,MORENO VALLEY,-117.21372222900392,33.93913650512695
92349778,2024,2024-03-28,9655,2024-03-23,1325,020695,NA,6,1,9,3300,0,1,3,NA,2,213,SR-79 S/B,COUNTY LANDFILL RD.,245,N,N,B,-,Y,RIV,NA,79,NA,NA,37.316,H,NA,L,Y,3,0,1,3,A,-,03,22350,NA,N,C,C,A,B,H,-,A,D,0,NA,NA,NA,NA,Y,NA,A,07,0,1,0,0,0,0,0,0,0,-,-,33.88414001464844,-116.99073791503906,RIVERSIDE,UNINCORPORATED,-116.99069213867188,33.88413619995117
92350358,2024,2024-03-29,9630,2024-03-22,615,019758,NA,5,1,9,3300,0,3,5,NA,2,502,60TH AVE,HARRISON ST,0,NA,Y,A,-,N,NA,NA,NA,NA,NA,NA,NA,NA,NA,Y,3,0,1,2,A,-,09,21802,A,N,D,C,A,A,H,-,A,A,0,NA,NA,NA,NA,Y,NA,D,22,0,1,0,0,0,0,0,0,0,-,-,33.61288070678711,-116.18128204345705,RIVERSIDE,UNINCORPORATED,-116.18122863769533,33.612876892089844
92350636,2024,2024-03-29,9685,2024-03-23,1325,016885,NA,6,1,4,3342,0,1,1,NA,2,030,I-15 SOUTHBOUND,SR-79 (WINCHESTER ROAD),6300,N,N,B,C,Y,RIV,NA,15,NA,NA,7.754,H,NA,R,N,4,0,1,2,A,-,03,22350,NA,N,C,C,A,B,H,-,A,D,0,NA,NA,NA,NA,Y,NA,A,07,0,0,1,0,0,0,0,0,0,-,-,33.537078857421875,-117.17237091064452,RIVERSIDE,MURRIETA,-117.17242431640624,33.53705596923828
92351356,2024,2024-04-01,9840,2024-03-24,1409,019527,NA,7,2,6,3315,0,1,3,NA,2,030,SR-91 W/B,GREEN RIVER RD,1645,W,N,B,-,Y,RIV,NA,91,NA,R,0.724,H,NA,L,Y,4,0,2,3,A,-,08,22107,NA,N,B,C,A,A,H,-,A,D,0,NA,NA,NA,NA,Y,NA,A,01,0,0,2,0,0,0,0,0,0,-,-,33.87543869018555,-117.66162872314452,RIVERSIDE,CORONA,-117.66165924072266,33.87546157836914
92354939,2024,2024-04-03,9655,2024-03-28,34,021784,NA,4,3,9,3300,0,3,5,NA,2,003,MAYBERRY AVE,HEMET ST.,196,E,N,A,-,N,NA,NA,NA,NA,NA,NA,NA,NA,NA,N,4,0,1,4,A,-,01,23152,A,N,A,E,A,A,H,-,C,D,0,NA,NA,Y,NA,Y,Y,D,22,0,0,1,0,0,0,0,0,0,-,-,33.74055099487305,-116.97310638427734,RIVERSIDE,UNINCORPORATED,-116.92317962646484,33.740509033203125
92356498,2024,2024-04-04,9655,2024-04-01,1630,018383,NA,1,2,9,3300,0,1,3,NA,2,315,SR-79 S/B,OLD STATE HIGHWAY,0,NA,Y,B,-,Y,RIV,NA,79,NA,R,19.103,H,NA,L,N,4,0,1,2,A,-,12,22450,A,N,D,C,A,A,H,-,A,D,0,NA,NA,NA,NA,Y,NA,D,22,0,0,1,0,0,0,0,0,0,-,-,33.738258361816406,-117.07656860351563,RIVERSIDE,UNINCORPORATED,-117.07652282714844,33.73826217651367
9235701,2021,2021-04-19,3302,2021-02-23,1509,1046,NA,2,5,3,3302,0,0,0,NA,0,003,EUCLID AV,6TH ST,90,N,N,A,-,N,NA,NA,NA,NA,NA,NA,NA,NA,NA,Y,2,0,1,2,A,-,09,21801,A,N,A,C,A,A,H,-,A,D,0,NA,NA,Y,NA,Y,NA,-,NA,1,0,0,0,0,0,0,0,1,-,-,33.92940902709961,-116.97860717773438,RIVERSIDE,BEAUMONT,-116.97857666015624,33.92963790893555
92357097,2024,2024-04-05,9840,2024-03-28,853,018611,NA,4,1,9,3300,0,1,3,NA,2,030,SR-91 W/B,SR-71,500,W,N,B,-,Y,RIV,NA,91,NA,R,2.025,H,NA,L,N,3,0,1,2,A,-,08,22107,NA,N,B,C,A,A,H,-,A,D,0,NA,NA,NA,NA,Y,NA,D,22,0,1,0,0,0,0,0,0,0,-,-,33.88346862792969,-117.64179229736328,RIVERSIDE,UNINCORPORATED,-117.64176940917967,33.88340759277344
92357110,2024,2024-04-05,9840,2024-04-04,1756,021218,NA,4,2,7,3313,0,1,3,NA,2,010,SR-60 W/B,MARKET ST,1320,E,N,A,-,Y,RIV,NA,60,NA,NA,11.374,H,NA,L,N,4,0,1,2,A,-,03,22350,NA,N,C,C,A,A,H,-,A,D,0,NA,NA,NA,NA,Y,NA,A,01,0,0,1,0,0,0,0,0,0,-,-,33.998809814453125,-117.37042236328124,RIVERSIDE,RIVERSIDE,-117.37039947509766,33.99885177612305
9235835,2021,2021-03-19,3325,2021-01-15,1221,C538,DESER,5,5,4,3325,0,0,0,NA,0,002,RAMON RD,DESERT VISTA DR,0,NA,Y,A,-,N,NA,NA,NA,NA,NA,NA,NA,NA,NA,Y,4,0,1,3,A,-,08,22107,NA,N,B,C,A,A,H,-,A,A,0,NA,NA,NA,NA,Y,NA,A,01,0,0,1,0,0,0,0,0,0,-,-,NA,NA,RIVERSIDE,CATHEDRAL CITY,-116.46166229248048,33.81587219238281
92359211,2024,2024-04-09,9685,2024-04-03,1110,015757,NA,3,1,5,3335,0,1,1,NA,2,030,I-15 N/B (TEMECULA VALLEY FWY),WINCHESTER RD,1056,N,N,A,-,Y,RIV,NA,15,NA,NA,6.836,H,NA,R,Y,4,0,2,2,A,-,03,22350,NA,N,C,C,A,A,D,-,A,D,0,NA,NA,NA,NA,Y,NA,A,07,0,0,2,0,0,0,0,0,0,-,-,33.5253791809082,-117.16461181640624,RIVERSIDE,TEMECULA,-117.16464996337892,33.52536392211914
9236119,2021,2021-03-19,3308,2021-01-26,0716,10610,544,2,5,5,3308,0,0,0,NA,0,SOUTH,SANDERSON AV,JOHNSTON AV,0,NA,Y,A,-,N,NA,NA,NA,NA,NA,NA,NA,NA,NA,Y,4,0,1,2,A,-,12,21453,A,N,D,C,A,A,H,-,A,A,0,NA,NA,NA,NA,Y,NA,A,01,0,0,1,0,0,0,0,0,0,-,-,33.73234939575195,-117.00657653808594,RIVERSIDE,HEMET,-117.00666809082033,33.73237609863281
9236464,2020,2021-03-08,3342,2020-09-03,1025,1024,643,4,5,4,3342,0,0,0,NA,0,006,MURRIETA HOT SPRINGS RD,VIA PRINCESA,335,E,N,A,-,N,NA,NA,NA,NA,NA,NA,NA,NA,NA,N,3,0,1,1,D,-,00,NA,NA,N,H,A,A,A,H,-,A,A,0,NA,NA,Y,NA,Y,NA,-,-,0,1,0,0,0,0,0,0,1,-,-,33.55540084838867,-117.15373229980467,RIVERSIDE,MURRIETA,-117.15923309326172,33.55695724487305
9236476,2020,2021-03-08,3342,2020-09-23,0557,898,287,3,5,4,3342,0,0,0,NA,0,002,LOS ALAMOS RD,VISTA MURRIETA RD,0,NA,Y,A,-,N,NA,NA,NA,NA,NA,NA,NA,NA,NA,N,4,0,1,2,A,-,12,21453,A,N,D,C,A,A,H,-,C,A,0,NA,NA,NA,NA,Y,NA,-,-,0,0,1,0,0,0,0,0,0,-,-,33.565921783447266,-117.19046020507813,RIVERSIDE,MURRIETA,-117.19051361083984,33.5659294128418
92366478,2024,2024-04-17,9840,2024-04-16,1309,017481,NA,2,1,9,3300,0,3,5,NA,2,003,MOUNTAIN AVENUE,COBBLE DRIVE,513,E,N,A,-,N,NA,NA,NA,NA,NA,NA,NA,NA,NA,Y,3,0,1,2,A,-,08,22107,NA,N,C,C,A,A,H,-,A,D,0,NA,NA,NA,NA,Y,NA,A,07,0,1,0,0,0,0,0,0,0,-,-,33.725929260253906,-117.42521667480467,RIVERSIDE,UNINCORPORATED,-117.42194366455078,33.7249641418457
92367199,2024,2024-04-18,9840,2024-04-17,806,017481,NA,3,1,6,3345,0,1,3,NA,2,010,SR-60 W/B,WINEVILLE ROAD,843,E,N,A,-,Y,RIV,NA,60,NA,R,1.164,H,NA,L,Y,3,0,1,3,A,-,03,22350,NA,N,C,C,A,A,H,-,A,D,0,NA,NA,NA,NA,Y,NA,D,22,0,1,0,0,0,0,0,0,0,-,-,34.01884841918945,-117.53914642333984,RIVERSIDE,JURUPA VALLEY,-117.5391845703125,34.018760681152344
92367985,2024,2024-04-18,9685,2024-04-12,1940,018041,NA,5,2,3,3343,0,1,1,NA,2,030,I-15 SOUTHBOUND,CLINTON KEITH ROAD,5755,S,N,A,-,Y,RIV,NA,15,NA,NA,12.576,H,NA,L,Y,3,0,1,2,A,-,01,23152,A,M,C,C,A,A,H,-,D,D,0,NA,NA,NA,Y,Y,Y,D,22,0,1,0,0,0,0,0,0,0,-,-,33.58451843261719,-117.23252105712892,RIVERSIDE,WILDOMAR,-117.23241424560548,33.584617614746094
9236869,2021,2021-04-02,3313,2021-02-20,0951,1880,3,6,5,7,3313,0,0,0,NA,0,T40,VAN BUREN PL,DAUCHY AV,0,NA,Y,A,-,NA,NA,NA,NA,NA,NA,NA,NA,NA,NA,NA,4,0,1,2,A,-,09,21453,C,N,C,C,A,A,H,-,A,A,0,NA,NA,NA,NA,Y,NA,A,01,0,0,1,0,0,0,0,0,0,-,-,33.88555908203125,-117.3410873413086,RIVERSIDE,RIVERSIDE,-117.34009552001952,33.887107849121094
92373004,2024,2024-04-23,9840,2024-04-16,1900,019650,NA,2,2,7,3313,0,1,1,NA,2,040,I-215 N/B,ALESSANDRO BLVD.,15,N,N,A,-,Y,NA,NA,NA,NA,NA,NA,NA,NA,NA,N,2,0,1,2,D,-,00,NA,NA,N,H,G,A,A,H,-,A,A,0,NA,Y,NA,NA,Y,NA,-,-,1,0,0,0,0,0,1,0,0,-,-,33.916961669921875,-117.28687286376952,RIVERSIDE,RIVERSIDE,-117.28746795654295,33.916900634765625
92374550,2024,2024-04-25,9840,2024-04-18,1754,018611,NA,4,2,6,3315,0,1,3,NA,2,030,SR-91 E/B,MAPLE STREET,2200,E,N,A,-,Y,RIV,NA,91,NA,NA,4.568,H,NA,R,Y,3,0,2,2,A,-,03,22350,NA,N,C,C,A,A,H,-,A,D,0,NA,NA,NA,NA,Y,NA,A,01,0,1,1,0,0,0,0,0,0,-,-,33.881099700927734,-117.59654235839844,RIVERSIDE,CORONA,-117.59657287597656,33.8812370300293
92374873,2024,2024-04-25,9630,2024-04-16,2030,021409,NA,2,2,9,3300,0,3,5,NA,2,504,66TH AVE,SR-86,2112,E,N,A,-,N,NA,NA,NA,NA,NA,NA,NA,NA,NA,N,2,0,1,2,A,-,00,21760,B,N,H,G,A,A,H,-,D,D,0,NA,Y,NA,NA,Y,NA,A,01,1,0,0,0,0,0,1,0,0,-,-,33.56930160522461,-116.08525848388672,RIVERSIDE,UNINCORPORATED,-116.08586120605467,33.569339752197266
92377588,2024,2024-04-29,9685,2024-04-20,1844,019860,NA,6,2,9,3300,0,1,3,NA,1,012,SR-74,GREENWALD RD,0,NA,Y,A,-,Y,NA,NA,NA,NA,NA,NA,NA,NA,NA,Y,3,0,1,2,A,-,09,21453,B,N,D,C,A,A,H,-,A,A,0,NA,NA,NA,Y,Y,NA,A,07,0,1,0,0,0,0,0,0,0,-,-,33.72505187988281,-117.29268646240234,RIVERSIDE,UNINCORPORATED,-117.29276275634766,33.724979400634766
92378861,2024,2024-04-30,9840,2024-04-10,1200,016284,NA,3,1,6,3315,0,1,1,NA,2,034,I-15 N/B,MAGNOLIA AVENUE,507,N,N,A,-,Y,RIV,NA,15,NA,NA,40.456,H,NA,R,Y,4,0,2,4,A,-,07,21658,A,N,C,C,A,A,H,-,A,D,0,NA,NA,NA,NA,Y,NA,A,01,0,0,2,0,0,0,0,0,0,-,-,33.86717987060547,-117.54315185546876,RIVERSIDE,CORONA,-117.54299926757813,33.86725616455078
92379397,2024,2024-05-01,9685,2024-04-25,1535,016885,NA,4,2,9,3300,0,1,3,NA,1,040,SR-79,SR-371,2000,N,N,A,-,Y,RIV,NA,79,NA,NA,2.646,H,NA,R,Y,4,0,1,2,A,-,08,22107,NA,N,C,C,A,A,D,-,A,D,0,NA,NA,NA,NA,Y,NA,A,01,0,0,1,0,0,0,0,0,0,-,-,33.44367980957031,-116.86801910400392,RIVERSIDE,UNINCORPORATED,-116.86799621582033,33.443729400634766
92379760,2024,2024-05-01,9630,2024-04-22,545,017467,NA,1,3,9,3300,0,3,5,NA,2,404,VARNER RD,38TH AVE,3871,E,N,A,-,N,NA,NA,NA,NA,NA,NA,NA,NA,NA,Y,2,0,1,2,A,-,11,21954,A,N,G,B,E,A,H,-,B,D,0,Y,NA,NA,NA,Y,NA,N,60,1,0,0,0,1,0,0,0,0,-,-,33.766300201416016,-116.32063293457033,RIVERSIDE,UNINCORPORATED,-116.32083129882813,33.76644515991211
92381353,2023,2024-05-03,9840,2023-11-03,2314,021862,NA,5,3,9,3300,0,2,4,NA,2,045,CAJALCO ROAD,BROWN STREET,0,NA,Y,A,-,N,NA,NA,NA,NA,NA,NA,NA,NA,NA,Y,1,1,0,2,A,-,01,23152,G,N,D,2,A,A,H,-,C,A,0,NA,NA,Y,NA,Y,Y,C,06,0,0,0,0,0,0,0,1,0,-,-,33.8371696472168,-117.2964324951172,RIVERSIDE,UNINCORPORATED,-117.29637908935548,33.837127685546875
92382499,2024,2024-05-06,9840,2024-04-25,2025,021872,NA,4,2,9,3300,0,2,4,NA,2,045,CAJALCO EXPY,HARVILL AVE,0,NA,Y,A,-,N,NA,NA,NA,NA,NA,NA,NA,NA,NA,Y,3,0,2,3,A,-,09,21453,C,N,A,C,A,A,H,-,C,A,0,NA,NA,NA,NA,Y,NA,D,22,0,1,1,0,0,0,0,0,0,-,-,33.841400146484375,-117.25553131103516,RIVERSIDE,UNINCORPORATED,-117.25553894042967,33.84144973754883
92382504,2024,2024-11-07,9840,2024-04-25,2159,021218,NA,4,2,9,3300,0,1,3,NA,2,025,SR-60 E/B,GILMAN SPRINGS RD,1373,E,N,A,-,Y,RIV,NA,60,NA,NA,22.365,H,NA,R,Y,4,0,1,2,A,-,03,22350,NA,N,C,C,A,A,H,-,D,D,0,NA,NA,NA,NA,Y,NA,A,01,0,0,1,0,0,0,0,0,0,-,-,33.937110900878906,-117.12232208251952,RIVERSIDE,UNINCORPORATED,-117.122314453125,33.9371223449707
92383037,2024,2024-05-06,9655,2024-04-25,2021,021399,NA,4,2,9,3300,0,1,3,NA,2,213,SR-79 S/B,CALIFORNIA AVE,1584,S,N,A,-,Y,RIV,NA,79,NA,NA,38.58,H,NA,L,Y,4,0,1,1,A,-,08,22107,NA,N,F,A,A,A,H,-,D,D,0,NA,NA,NA,NA,Y,NA,A,01,0,0,1,0,0,0,0,0,0,-,-,33.90155029296875,-116.98558807373048,RIVERSIDE,UNINCORPORATED,-116.98552703857422,33.90153884887695
92383531,2024,2024-05-07,9840,2024-05-03,1430,023501,NA,5,2,6,3315,0,3,5,NA,2,003,KNABE ROAD,CLAYSTONE AVE,5,N,N,A,-,N,NA,NA,NA,NA,NA,NA,NA,NA,NA,Y,4,0,1,2,A,-,03,22350,NA,N,C,C,A,A,H,-,A,A,0,NA,NA,NA,NA,Y,NA,A,01,0,0,1,0,0,0,0,0,0,-,-,33.78934860229492,-117.49891662597656,RIVERSIDE,CORONA,-117.49894714355467,33.78921890258789