CASE_ID,ACCIDENT_YEAR,PROC_DATE,JURIS,COLLISION_DATE,COLLISION_TIME,OFFICER_ID,REPORTING_DISTRICT,DAY_OF_WEEK,CHP_SHIFT,POPULATION,CNTY_CITY_LOC,SPECIAL_COND,BEAT_TYPE,CHP_BEAT_TYPE,CITY_DIVISION_LAPD,CHP_BEAT_CLASS,BEAT_NUMBER,PRIMARY_RD,SECONDARY_RD,DISTANCE,DIRECTION,INTERSECTION,WEATHER_1,WEATHER_2,STATE_HWY_IND,CALTRANS_COUNTY,CALTRANS_DISTRICT,STATE_ROUTE,ROUTE_SUFFIX,POSTMILE_PREFIX,POSTMILE,LOCATION_TYPE,RAMP_INTERSECTION,SIDE_OF_HWY,TOW_AWAY,COLLISION_SEVERITY,NUMBER_KILLED,NUMBER_INJURED,PARTY_COUNT,PRIMARY_COLL_FACTOR,PCF_CODE_OF_VIOL,PCF_VIOL_CATEGORY,PCF_VIOLATION,PCF_VIOL_SUBSECTION,HIT_AND_RUN,TYPE_OF_COLLISION,MVIW,PED_ACTION,ROAD_SURFACE,ROAD_COND_1,ROAD_COND_2,LIGHTING,CONTROL_DEVICE,CHP_ROAD_TYPE,PEDESTRIAN_ACCIDENT,BICYCLE_ACCIDENT,MOTORCYCLE_ACCIDENT,TRUCK_ACCIDENT,NOT_PRIVATE_PROPERTY,ALCOHOL_INVOLVED,STWD_VEHTYPE_AT_FAULT,CHP_VEHTYPE_AT_FAULT,COUNT_SEVERE_INJ,COUNT_VISIBLE_INJ,COUNT_COMPLAINT_PAIN,COUNT_PED_KILLED,COUNT_PED_INJURED,COUNT_BICYCLIST_KILLED,COUNT_BICYCLIST_INJURED,COUNT_MC_KILLED,COUNT_MC_INJURED,PRIMARY_RAMP,SECONDARY_RAMP,LATITUDE,LONGITUDE,COUNTY,CITY,POINT_X,POINT_Y
9256291,2020,2022-06-11,3300,2020-01-02,0038,3455,603C5,4,5,6,3394,0,0,0,NA,0,MV36,LASSELLE ST,MARGARET AV,0,NA,Y,A,-,N,NA,NA,NA,NA,NA,NA,NA,NA,NA,Y,1,1,0,1,A,-,01,23152,A,N,E,I,A,A,H,-,C,A,0,NA,NA,NA,NA,Y,Y,A,01,0,0,0,0,0,0,0,0,0,-,-,33.89957046508789,-117.20922088623048,RIVERSIDE,MORENO VALLEY,-117.20890045166016,33.89958190917969
9259594,2021,2021-05-21,3309,2021-04-15,0720,2019,3309,4,5,4,3309,0,0,0,NA,0,005,HOOVER ST,FRED WARING DR,12,E,N,A,-,N,NA,NA,NA,NA,NA,NA,NA,NA,NA,N,4,0,1,2,A,-,12,21453,A,N,D,C,A,A,H,-,A,A,0,NA,NA,NA,NA,Y,NA,D,22,0,0,1,0,0,0,0,0,0,-,-,NA,NA,RIVERSIDE,INDIO,-116.23800659179688,33.729469299316406
9259730,2021,2021-06-01,3313,2021-05-08,2232,1809,5,6,5,7,3313,0,0,0,NA,0,1R57,MAGNOLIA AV,PARK SIERRA DR,0,NA,Y,A,-,N,NA,NA,NA,NA,NA,NA,NA,NA,NA,Y,3,0,6,2,A,-,12,21453,A,N,D,C,A,A,H,-,C,A,0,NA,NA,NA,NA,Y,NA,-,-,0,1,5,0,0,0,0,0,0,-,-,33.905418395996094,-117.4723663330078,RIVERSIDE,RIVERSIDE,-117.47258758544922,33.90568161010742
9262336,2021,2021-05-17,3302,2021-03-17,1619,764,3302,3,5,3,3302,0,0,0,NA,0,004,OAK VALLEY PKWY,POTRERO BL,0,NA,Y,A,-,N,NA,NA,NA,NA,NA,NA,NA,NA,NA,Y,4,0,1,2,A,-,03,22350,NA,N,B,C,A,A,H,-,A,D,0,NA,NA,NA,Y,Y,NA,A,01,0,0,1,0,0,0,0,0,0,-,-,33.944271087646484,-117.0168914794922,RIVERSIDE,BEAUMONT,-117.01687622070313,33.944210052490234
9263427,2021,2021-05-13,3301,2021-03-28,0726,U495,9,7,5,4,3301,0,0,0,NA,0,001,EAST WILLIAMS,MARTIN ST,662,E,N,A,-,N,NA,NA,NA,NA,NA,NA,NA,NA,NA,Y,3,0,2,2,A,-,08,22107,NA,N,C,C,A,A,H,-,A,D,0,NA,NA,NA,NA,Y,NA,A,01,0,2,0,0,0,0,0,0,0,-,-,33.927188873291016,-116.86795806884766,RIVERSIDE,BANNING,-116.87141418457033,33.92716979980469
9264676,2021,2021-05-20,3313,2021-05-09,1603,2041,2,7,5,7,3313,0,0,0,NA,0,T48,UNIVERSTIY AV,MULBERRY ST,0,NA,Y,A,-,N,NA,NA,NA,NA,NA,NA,NA,NA,NA,Y,4,0,1,2,-,-,-,NA,A,N,D,C,A,A,H,-,A,A,0,NA,NA,NA,NA,Y,NA,A,01,0,0,1,0,0,0,0,0,0,-,-,33.97840118408203,-117.36947631835938,RIVERSIDE,RIVERSIDE,-117.3698272705078,33.97975158691406
9265689,2021,2021-05-26,3313,2021-05-11,1750,1477,2,2,5,7,3313,0,0,0,NA,0,M27,CHICAGO AV,COUNTRY CLUB DR,900,N,N,A,-,N,NA,NA,NA,NA,NA,NA,NA,NA,NA,N,4,0,1,2,A,-,03,22350,NA,N,C,C,A,A,H,-,A,D,0,NA,NA,NA,NA,Y,NA,A,07,0,0,1,0,0,0,0,0,0,-,-,33.9500617980957,-117.34660339355467,RIVERSIDE,RIVERSIDE,-117.34635925292967,33.95254898071289
92700303,2024,2024-08-07,9840,2024-07-25,1921,021096,NA,4,2,9,3300,0,3,5,NA,2,004,MOCKINGBIRD CANYON RD.,MARIPOSA AVE.,0,NA,Y,A,-,N,NA,NA,NA,NA,NA,NA,NA,NA,NA,N,3,0,1,2,A,-,09,21800,A,N,D,C,A,A,D,-,D,D,0,NA,NA,NA,NA,Y,NA,-,-,0,1,0,0,0,0,0,0,0,-,-,33.864891052246094,-117.38229370117188,RIVERSIDE,UNINCORPORATED,-117.38220977783205,33.86482238769531
9272752,2021,2021-07-12,3308,2021-01-09,1842,10800,527,6,5,5,3308,0,0,0,NA,0,SOUTH,ACACIA AV,SAN JACINTO ST,0,NA,Y,A,-,N,NA,NA,NA,NA,NA,NA,NA,NA,NA,N,4,0,1,2,D,-,00,NA,NA,N,D,G,A,A,H,-,B,A,0,NA,Y,NA,NA,Y,NA,-,-,0,0,1,0,0,0,1,0,0,-,-,33.743900299072266,-116.95855712890624,RIVERSIDE,HEMET,-116.9586181640625,33.74396896362305
9274756,2021,2021-07-14,3313,2021-06-15,0207,1509,4,2,5,7,3313,0,0,0,NA,0,1R43,ADAMS ST,CALIFORNIA AV,310,S,N,A,-,N,NA,NA,NA,NA,NA,NA,NA,NA,NA,NA,3,0,1,3,A,-,01,23152,A,M,C,E,A,A,H,-,C,D,0,NA,NA,NA,NA,Y,Y,A,01,0,1,0,0,0,0,0,0,0,-,-,33.939109802246094,-117.42926788330078,RIVERSIDE,RIVERSIDE,-117.4288330078125,33.93854904174805
9274905,2021,2021-07-09,3313,2021-06-18,1918,1523,4,5,5,7,3313,0,0,0,NA,0,M22,MADISON ST,INDIANA AV,44,N,N,A,-,N,NA,NA,NA,NA,NA,NA,NA,NA,NA,NA,4,0,1,3,A,-,08,22107,NA,N,B,C,A,A,H,-,A,A,0,NA,NA,Y,NA,Y,NA,-,-,0,0,1,0,0,0,0,0,1,-,-,33.93415069580078,-117.40463256835938,RIVERSIDE,RIVERSIDE,-117.40444946289063,33.935302734375
9278743,2021,2021-06-17,3308,2021-04-22,1756,10801,285,4,5,5,3308,0,0,0,NA,0,NORTH,LYON AV,COMMONWEALTH AV,0,NA,Y,B,-,N,NA,NA,NA,NA,NA,NA,NA,NA,NA,N,3,0,4,2,A,-,09,21802,A,N,D,C,A,A,H,-,A,A,0,NA,NA,NA,NA,Y,NA,A,01,0,2,2,0,0,0,0,0,0,-,-,33.769290924072266,-116.98914337158205,RIVERSIDE,HEMET,-116.98927307128906,33.769161224365234
9279572,2021,2021-06-18,3308,2021-05-27,1634,10610,515,4,5,5,3308,0,0,0,NA,0,NORTH,LYON AV,DEVONSHIRE AV,0,NA,Y,A,-,N,NA,NA,NA,NA,NA,NA,NA,NA,NA,N,4,0,1,2,A,-,09,21800,A,N,D,C,A,A,H,-,A,A,0,NA,NA,NA,NA,Y,NA,A,08,0,0,1,0,0,0,0,0,0,-,-,33.749080657958984,-116.98564910888672,RIVERSIDE,HEMET,-116.98915100097656,33.75104522705078
9279573,2021,2021-06-18,3308,2021-05-29,0735,10801,516,6,5,5,3308,0,0,0,NA,0,NORTH,LATHAM AV,ELK ST,24,E,N,B,-,N,NA,NA,NA,NA,NA,NA,NA,NA,NA,Y,3,0,1,1,A,-,08,22107,NA,N,E,I,A,A,H,-,A,D,0,NA,NA,NA,NA,Y,NA,A,01,0,1,0,0,0,0,0,0,0,-,-,33.74930953979492,-116.98483276367188,RIVERSIDE,HEMET,-116.98470306396484,33.74924850463867
9280103,2021,2021-06-18,3313,2021-03-12,1113,1848,2,5,5,7,3313,0,0,0,NA,0,2R23,UNIVERSITY AV,CHICAGO AV,56,S,N,A,-,N,NA,NA,NA,NA,NA,NA,NA,NA,NA,N,4,0,1,2,A,-,08,22107,NA,N,D,D,A,A,H,-,A,A,0,NA,NA,NA,NA,Y,NA,A,01,0,0,1,0,0,0,0,0,0,-,-,33.97557067871094,-117.348388671875,RIVERSIDE,RIVERSIDE,-117.34850311279295,33.975589752197266
9280211,2021,2021-06-24,3308,2021-05-28,2050,10686,518,5,5,5,3308,0,0,0,NA,0,NORTH,FLORIDA AV,GIRARD ST,33,E,N,A,-,Y,RIV,8,74,-,-,41.6,H,-,W,Y,4,0,1,2,A,-,03,22350,NA,N,C,C,A,A,H,-,C,A,0,NA,NA,NA,NA,Y,NA,A,01,0,0,1,0,0,0,0,0,0,-,-,33.747501373291016,-116.95417785644533,RIVERSIDE,HEMET,-116.95409393310548,33.74764633178711
9284218,2021,2021-07-21,3313,2021-06-28,1405,1827,1,1,5,7,3313,0,0,0,NA,0,T43,MARKET ST,9TH ST,0,NA,Y,A,-,N,NA,NA,NA,NA,NA,NA,NA,NA,NA,NA,4,0,4,2,A,-,09,21801,A,N,D,C,A,A,H,-,A,A,0,NA,NA,NA,NA,Y,NA,A,01,0,0,4,0,0,0,0,0,0,-,-,33.98149871826172,-117.37651824951172,RIVERSIDE,RIVERSIDE,-117.37641143798828,33.98147964477539
9284802,2021,2021-06-22,3313,2021-02-22,1029,1016,2,1,5,7,3313,0,0,0,NA,0,M28,SYCAMORE CANYON BL,LOCHMOOR DR,235,W,N,A,-,N,NA,NA,NA,NA,NA,NA,NA,NA,NA,NA,3,0,1,1,A,-,08,22107,NA,N,E,I,A,A,H,-,A,D,0,NA,NA,NA,NA,Y,NA,A,01,0,1,0,0,0,0,0,0,0,-,-,33.9451904296875,-117.30007934570313,RIVERSIDE,RIVERSIDE,-117.30068206787108,33.9456672668457
9285241,2021,2021-07-09,3313,2021-04-29,0832,1026,4,4,5,7,3313,0,0,0,NA,0,T52,ARLINGTON AV,ADEN WY,289,E,N,A,-,N,NA,NA,NA,NA,NA,NA,NA,NA,NA,N,3,0,1,2,A,-,03,22350,NA,N,B,C,A,A,H,-,A,D,0,NA,NA,NA,Y,Y,NA,A,01,0,1,0,0,0,0,0,0,0,-,-,33.946380615234375,-117.4094009399414,RIVERSIDE,RIVERSIDE,-117.40850830078124,33.94609069824219
9286338,2021,2021-07-21,3308,2021-06-04,0819,10470,525,5,5,5,3308,0,0,0,NA,0,NORTH,FLORIDA AV,KIRBY ST,665,W,N,A,-,Y,RIV,8,74,-,-,38.86,H,-,W,Y,4,0,2,2,A,-,09,21804,A,N,D,C,A,A,H,-,A,A,0,NA,NA,NA,NA,Y,NA,-,NA,0,0,2,0,0,0,0,0,0,-,-,33.74551010131836,-116.99436950683594,RIVERSIDE,HEMET,-117.00001525878906,33.747440338134766
9288023,2021,2021-08-05,3313,2021-06-18,1725,1499,NA,5,5,7,3313,0,0,0,NA,0,NA,MISSION INN AV,REDWOOD CT,8,N,N,A,-,N,NA,NA,NA,NA,NA,NA,NA,NA,NA,Y,4,0,1,2,A,-,12,21453,A,N,D,D,A,A,H,-,A,A,0,NA,NA,NA,NA,Y,NA,A,01,0,0,1,0,0,0,0,0,0,-,-,33.98625183105469,-117.38308715820313,RIVERSIDE,RIVERSIDE,-117.38363647460938,33.987510681152344
92895592,2024,2024-07-30,9840,2024-07-09,535,021198,NA,2,3,9,3300,0,1,1,NA,2,040,I-215 N/B,HARLEY KNOX BLVD,290,S,N,A,-,Y,RIV,NA,215,NA,R,32.262,H,NA,R,Y,2,0,1,2,A,-,07,21658,A,F,B,2,A,A,H,-,A,D,0,NA,NA,Y,NA,Y,Y,-,99,1,0,0,0,0,0,0,0,1,-,-,33.861690521240234,-117.25919342041016,RIVERSIDE,UNINCORPORATED,-117.2591552734375,33.861698150634766
9290028,2021,2021-09-09,3313,2021-07-02,0656,1783,5,5,5,7,3313,0,0,0,NA,0,M18,LA SIERRA AV,DOVERWOOD DR,100,S,N,A,-,N,NA,NA,NA,NA,NA,NA,NA,NA,NA,Y,4,0,1,3,A,-,08,22107,NA,N,C,E,A,A,A,H,A,D,0,NA,NA,NA,NA,Y,NA,A,01,0,0,1,0,0,0,0,0,0,-,-,33.921871185302734,-117.49031829833984,RIVERSIDE,RIVERSIDE,-117.49037933349608,33.921695709228516
9292368,2021,2021-08-27,3300,2021-07-11,1917,5640,901D,7,5,4,3310,0,0,0,NA,0,051,HAMNER AV,HIDDEN VALLEY PKWY,702,S,N,A,-,N,NA,NA,NA,NA,NA,NA,NA,NA,NA,Y,3,0,1,2,A,-,08,22107,NA,N,B,C,A,A,H,-,A,D,0,NA,NA,Y,NA,Y,NA,A,01,0,1,0,0,0,0,0,0,1,-,-,NA,NA,RIVERSIDE,NORCO,-117.56317138671876,33.89623260498047
9294251,2021,2021-08-23,3313,2021-07-01,1737,1489,4,4,5,7,3313,0,0,0,NA,0,T44,ACORN DR,JURUPA AV,225,S,N,A,-,N,NA,NA,NA,NA,NA,NA,NA,NA,NA,N,4,0,2,2,A,-,06,21755,NA,N,B,C,A,A,H,-,A,D,0,NA,NA,NA,NA,Y,NA,A,01,0,0,2,0,0,0,0,0,0,-,-,33.95983123779297,-117.45397186279295,RIVERSIDE,RIVERSIDE,-117.4539794921875,33.95915222167969
9294939,2021,2021-08-11,3313,2021-03-23,1153,2022,5,2,5,7,3313,0,0,0,NA,0,T78,HOLE AV,TYLER ST,173,E,N,A,-,N,NA,NA,NA,NA,NA,NA,NA,NA,NA,Y,3,0,1,1,A,-,08,22107,NA,N,E,J,A,A,H,-,A,A,0,NA,NA,NA,NA,Y,NA,A,01,0,1,0,0,0,0,0,0,0,-,-,33.91539001464844,-117.46427154541016,RIVERSIDE,RIVERSIDE,-117.46352386474608,33.91511535644531
9295208,2021,2021-08-09,3309,2021-06-22,0200,2016,3309,2,5,4,3309,0,0,0,NA,0,005,FRED WARING DR,LARREA ST,125,W,N,A,-,N,NA,NA,NA,NA,NA,NA,NA,NA,NA,Y,4,0,1,1,A,-,01,23152,A,N,A,I,A,A,H,-,C,A,0,NA,NA,NA,NA,Y,Y,A,01,0,0,1,0,0,0,0,0,0,-,-,NA,NA,RIVERSIDE,INDIO,-116.24093627929688,33.72929382324219
9298896,2021,2021-09-03,3313,2021-07-01,2126,2025,3,4,5,7,3313,0,0,0,NA,0,3R32,MISSION GROVE PKWY N,BATHHURST RD,135,S,N,A,-,N,NA,NA,NA,NA,NA,NA,NA,NA,NA,N,4,0,2,2,A,-,03,22350,NA,N,D,C,A,A,H,-,C,D,0,NA,NA,NA,NA,Y,NA,A,01,0,0,2,0,0,0,0,0,0,-,-,33.9222412109375,-117.3247299194336,RIVERSIDE,RIVERSIDE,-117.32472229003906,33.921810150146484
9299680,2021,2021-08-19,3308,2021-06-29,1113,10610,514,2,5,5,3308,0,0,0,NA,0,NORTH,DEVONSHIRE AV,CAWSTON AV,0,NA,Y,A,-,N,NA,NA,NA,NA,NA,NA,NA,NA,NA,Y,3,0,2,2,A,-,09,21801,A,N,D,C,A,A,H,-,A,A,0,NA,NA,NA,NA,Y,NA,A,07,0,2,0,0,0,0,0,0,0,-,-,33.74911880493164,-117.01188659667967,RIVERSIDE,HEMET,-117.01535034179688,33.750892639160156
92997250,2024,2024-07-31,9685,2024-07-25,1236,017169,NA,4,1,9,3300,0,1,3,NA,1,039,SR-79,VAIL OAK ROAD,318,E,N,A,-,Y,RIV,NA,79,NA,NA,8.152,H,NA,R,Y,4,0,1,1,A,-,03,22350,NA,N,F,A,A,A,H,-,A,D,0,NA,NA,NA,NA,Y,NA,-,-,0,0,1,0,0,0,0,0,0,-,-,33.47024917602539,-116.9521713256836,RIVERSIDE,UNINCORPORATED,-116.9521713256836,33.4702262878418
9302770,2021,2021-08-31,3313,2021-04-19,1550,1026,5,1,5,7,3313,0,0,0,NA,0,T52,TYLER ST,RT 91,0,NA,Y,A,-,Y,RIV,8,91,-,-,12.907,R,4,E,Y,4,0,1,2,A,-,12,21453,A,F,D,C,A,A,H,-,A,A,0,NA,NA,NA,NA,Y,NA,A,01,0,0,1,0,0,0,0,0,0,-,EF,33.90626907348633,-117.45642852783205,RIVERSIDE,RIVERSIDE,-117.45885467529295,33.905113220214844
9303374,2021,2021-08-23,3309,2021-06-08,1429,180,3309,2,5,4,3309,0,0,0,NA,0,004,RT 111,YOUNGS LN,602,E,N,A,-,N,NA,NA,NA,NA,NA,NA,NA,NA,NA,Y,4,0,4,2,A,-,09,21801,A,N,D,C,A,A,H,-,A,D,0,NA,NA,NA,NA,Y,NA,A,01,0,0,4,0,0,0,0,0,0,-,-,NA,NA,RIVERSIDE,INDIO,-116.25373840332033,33.70726013183594
9303855,2021,2021-08-17,3313,2021-07-21,1000,1798,1,3,5,7,3313,0,0,0,NA,0,M23,MARKET ST,10TH ST,0,NA,Y,A,-,N,NA,NA,NA,NA,NA,NA,NA,NA,NA,Y,4,0,1,2,A,-,12,21453,A,N,D,C,A,A,H,-,A,A,0,NA,NA,NA,NA,Y,NA,A,07,0,0,1,0,0,0,0,0,0,-,-,33.979251861572266,-117.3766632080078,RIVERSIDE,RIVERSIDE,-117.37704467773438,33.980525970458984
9307534,2021,2021-09-20,3313,2021-08-05,1827,1384,1,4,5,7,3313,0,0,0,NA,0,M17,CENTRAL AV,RUMSEY DR,1519,W,N,A,-,N,NA,NA,NA,NA,NA,NA,NA,NA,NA,Y,3,0,3,2,A,-,12,21453,A,N,D,C,A,A,H,-,A,A,0,NA,NA,NA,NA,Y,Y,A,01,0,3,0,0,0,0,0,0,0,-,-,33.9536018371582,-117.37349700927734,RIVERSIDE,RIVERSIDE,-117.3786392211914,33.953651428222656
9308354,2021,2021-08-31,3301,2021-07-10,1053,U494,9,6,5,4,3301,0,0,0,NA,0,001,NORTH HATHAWAY,MORONGO RD,55,S,N,A,-,N,NA,NA,NA,NA,NA,NA,NA,NA,NA,Y,3,0,1,1,A,-,03,22350,A,N,H,A,A,A,H,-,A,A,0,NA,NA,Y,NA,Y,Y,C,02,0,1,0,0,0,0,0,0,1,-,-,33.93082809448242,-116.85926055908205,RIVERSIDE,BANNING,-116.85926818847656,33.93238067626953
9313223,2021,2021-08-30,3313,2021-04-29,2133,1982,5,4,5,7,3313,0,0,0,NA,0,3R56,WARREN ST,TREY AV,0,NA,Y,A,-,N,NA,NA,NA,NA,NA,NA,NA,NA,NA,NA,3,0,1,2,A,-,11,21954,A,F,G,B,E,A,H,-,C,D,0,Y,NA,NA,NA,Y,Y,N,60,0,1,0,0,1,0,0,0,0,-,-,33.94068908691406,-117.46011352539063,RIVERSIDE,RIVERSIDE,-117.46025848388672,33.940528869628906
9313303,2021,2021-09-03,3313,2021-07-26,1215,1026,1,1,5,7,3313,0,0,0,NA,0,T52,PALM AV,DEWEY AV,0,NA,Y,A,-,N,NA,NA,NA,NA,NA,NA,NA,NA,NA,N,4,0,1,2,A,-,09,21802,A,N,D,C,A,A,H,-,A,A,0,NA,NA,NA,NA,Y,NA,A,01,0,0,1,0,0,0,0,0,0,-,-,33.95716094970703,-117.40123748779295,RIVERSIDE,RIVERSIDE,-117.4010772705078,33.95709991455078
9315396,2021,2021-09-03,3313,2021-05-05,2230,1993,NA,3,5,7,3313,0,0,0,NA,0,NA,MAGNOLIA AV,RT 91,50,W,N,A,-,N,NA,NA,NA,NA,NA,NA,NA,NA,NA,NA,4,0,1,2,A,-,08,22107,NA,F,B,C,A,A,H,-,C,D,0,NA,NA,NA,NA,Y,NA,-,NA,0,0,1,0,0,0,0,0,0,-,WF,NA,NA,RIVERSIDE,RIVERSIDE,-117.48788452148438,33.89699172973633
9316684,2021,2021-09-11,3308,2021-07-01,1040,10219,515,4,5,5,3308,0,0,0,NA,0,NORTH,DEVONSHIRE AV,SANDERSON AV,272,E,N,A,-,N,NA,NA,NA,NA,NA,NA,NA,NA,NA,Y,4,0,1,2,A,-,09,21804,A,N,D,C,A,A,H,-,A,A,0,NA,NA,NA,NA,Y,NA,A,01,0,0,1,0,0,0,0,0,0,-,-,33.74911117553711,-117.00308227539063,RIVERSIDE,HEMET,-117.0056610107422,33.75096130371094
9318635,2021,2021-09-23,3313,2021-06-16,0044,1232,4,3,5,7,3313,0,0,0,NA,0,1R47,VAN BUREN BL,RUDICILL ST,0,NA,Y,A,-,N,NA,NA,NA,NA,NA,NA,NA,NA,NA,Y,3,0,1,1,A,-,08,22107,NA,N,E,I,A,A,H,-,C,A,0,NA,NA,NA,NA,Y,NA,D,22,0,1,0,0,0,0,0,0,0,-,-,33.91252136230469,-117.44042205810548,RIVERSIDE,RIVERSIDE,-117.44026184082033,33.91246795654297
9320121,2021,2021-12-21,3301,2021-08-13,0420,U504,101,5,5,4,3301,0,0,0,NA,0,001,RT 10,RAMSEY ST,305,W,N,A,-,Y,RIV,8,10,-,R,14.74,H,-,E,Y,1,1,0,1,A,-,08,22107,NA,N,F,A,A,A,H,-,C,D,0,NA,NA,NA,NA,Y,NA,A,01,0,0,0,0,0,0,0,0,0,-,-,33.92668914794922,-116.850341796875,RIVERSIDE,BANNING,-116.8525161743164,33.926300048828125
9320124,2021,2023-06-17,3313,2021-08-18,2117,1504,4,3,5,7,3313,0,0,0,NA,0,M15,CENTRAL AV,WILDERNESS AV,757,W,N,A,-,N,NA,NA,NA,NA,NA,NA,NA,NA,NA,N,1,1,0,3,A,-,11,21956,A,N,G,B,E,A,H,-,E,D,0,Y,NA,NA,NA,Y,Y,N,60,0,0,0,1,0,0,0,0,0,-,-,33.9556884765625,-117.44696044921876,RIVERSIDE,RIVERSIDE,-117.44951629638672,33.95634078979492
9320383,2021,2022-02-15,3313,2021-11-16,1750,1827,4,2,5,7,3313,0,0,0,NA,0,T43,INDIANA AV,MONROE ST,150,W,N,A,-,N,NA,NA,NA,NA,NA,NA,NA,NA,NA,N,1,1,0,2,A,-,11,21954,A,F,G,B,E,A,H,-,C,D,0,Y,NA,NA,NA,Y,NA,N,60,0,0,0,1,0,0,0,0,0,-,-,33.92237854003906,-117.4267120361328,RIVERSIDE,RIVERSIDE,-117.42706298828124,33.92229461669922
9323378,2021,2021-10-04,3300,2021-08-31,1210,N3642,012,2,5,4,3344,0,0,0,NA,0,065,HAMNER AV,SCHLEISMAN RD,0,NA,Y,A,-,N,NA,NA,NA,NA,NA,NA,NA,NA,NA,N,4,0,1,2,A,-,12,21453,A,N,D,C,A,A,D,-,A,A,0,NA,NA,NA,NA,Y,NA,A,01,0,0,1,0,0,0,0,0,0,-,-,33.96043014526367,-117.55803680419922,RIVERSIDE,EASTVALE,-117.5583267211914,33.960880279541016
9324854,2021,2021-10-18,3313,2021-09-03,1154,1641,1,5,5,7,3313,0,0,0,NA,0,NA,LIME ST,4TH ST,37,N,N,A,-,N,NA,NA,NA,NA,NA,NA,NA,NA,NA,N,4,0,1,2,A,-,03,22350,NA,N,C,C,A,A,H,-,A,A,0,NA,NA,NA,NA,Y,NA,A,01,0,0,1,0,0,0,0,0,0,-,-,33.97465896606445,-117.37476348876952,RIVERSIDE,RIVERSIDE,-117.36837005615234,33.98430633544922
93337856,2024,2024-08-02,9655,2024-07-26,1830,023193,NA,5,2,9,3300,0,2,4,NA,2,322,SAN JACINTO STREET,STETSON AVENUE,60,N,N,A,-,N,NA,NA,NA,NA,NA,NA,NA,NA,NA,Y,3,0,5,2,A,-,05,21651,B,N,A,C,A,A,H,-,A,A,0,NA,NA,NA,NA,Y,NA,A,01,0,2,3,0,0,0,0,0,0,-,-,33.729740142822266,-116.9586181640625,RIVERSIDE,UNINCORPORATED,-116.95854949951172,33.7296028137207
9337425,2021,2021-10-21,3313,2021-09-06,1530,2005,4,1,5,7,3313,0,0,0,NA,0,3R42,CALIFORNIA AV,ADAMS ST,20,W,N,A,-,N,NA,NA,NA,NA,NA,NA,NA,NA,NA,N,4,0,1,2,A,-,03,22350,NA,F,C,C,A,A,H,-,A,D,0,NA,NA,NA,NA,Y,NA,D,22,0,0,1,0,0,0,0,0,0,-,-,33.939109802246094,-117.42926788330078,RIVERSIDE,RIVERSIDE,-117.4294662475586,33.9392204284668
93397736,2024,2024-08-02,9685,2024-07-27,1910,018539,NA,6,2,5,3335,0,1,1,NA,2,030,I-15 N/B FROM TEM PKWY,I-15,308,W,N,A,-,Y,NA,NA,NA,NA,NA,NA,NA,NA,NA,N,2,0,1,1,A,-,08,22107,NA,N,E,I,A,A,H,-,A,D,0,NA,NA,Y,NA,Y,NA,C,02,1,0,0,0,0,0,0,0,1,-,-,33.48030090332031,-117.13951873779295,RIVERSIDE,TEMECULA,NA,NA
9342282,2020,2021-11-04,3313,2020-11-09,1938,1849,1,1,5,7,3313,0,0,0,NA,0,3R18,ARLINGTON AV,ADEN WY,0,NA,Y,A,-,N,NA,NA,NA,NA,NA,NA,NA,NA,NA,N,4,0,1,2,A,-,08,22107,NA,N,C,E,A,A,H,-,C,A,0,NA,NA,NA,NA,Y,Y,A,01,0,0,1,0,0,0,0,0,0,-,-,NA,NA,RIVERSIDE,RIVERSIDE,-117.40946197509766,33.9461784362793
9346078,2021,2021-12-07,3313,2021-10-12,1634,1575,2,2,5,7,3313,0,0,0,NA,0,M12,WATKINS DR,CANYON CREST DR,39,S,N,A,-,N,NA,NA,NA,NA,NA,NA,NA,NA,NA,Y,4,0,2,3,A,-,03,22350,NA,N,C,C,A,A,H,-,A,A,0,NA,NA,NA,Y,Y,NA,F,76,0,0,2,0,0,0,0,0,0,-,-,33.987770080566406,-117.33081817626952,RIVERSIDE,RIVERSIDE,-117.33078002929688,33.987545013427734
9350440,2021,2021-11-04,3313,2021-09-30,1658,1489,2,4,5,7,3313,0,0,0,NA,0,T44,IOWA AV,BLAINE ST,400,N,N,A,-,N,NA,NA,NA,NA,NA,NA,NA,NA,NA,NA,4,0,1,2,A,-,09,21801,A,N,D,C,A,A,H,-,A,D,0,NA,NA,NA,NA,Y,NA,A,01,0,0,1,0,0,0,0,0,0,-,-,33.98303985595703,-117.3400421142578,RIVERSIDE,RIVERSIDE,-117.3398895263672,33.98409652709961
9350890,2021,2021-11-29,3313,2021-10-10,1628,1827,5,7,5,7,3313,0,0,0,NA,0,T43,HOLE AV,MINNIER AV,0,NA,Y,A,-,N,NA,NA,NA,NA,NA,NA,NA,NA,NA,N,4,0,1,2,A,-,09,21801,A,N,D,C,A,A,H,-,A,D,0,NA,NA,NA,NA,Y,NA,A,07,0,0,1,0,0,0,0,0,0,-,-,33.91838836669922,-117.48574066162108,RIVERSIDE,RIVERSIDE,-117.48523712158205,33.918670654296875