CASE_ID,ACCIDENT_YEAR,PROC_DATE,JURIS,COLLISION_DATE,COLLISION_TIME,OFFICER_ID,REPORTING_DISTRICT,DAY_OF_WEEK,CHP_SHIFT,POPULATION,CNTY_CITY_LOC,SPECIAL_COND,BEAT_TYPE,CHP_BEAT_TYPE,CITY_DIVISION_LAPD,CHP_BEAT_CLASS,BEAT_NUMBER,PRIMARY_RD,SECONDARY_RD,DISTANCE,DIRECTION,INTERSECTION,WEATHER_1,WEATHER_2,STATE_HWY_IND,CALTRANS_COUNTY,CALTRANS_DISTRICT,STATE_ROUTE,ROUTE_SUFFIX,POSTMILE_PREFIX,POSTMILE,LOCATION_TYPE,RAMP_INTERSECTION,SIDE_OF_HWY,TOW_AWAY,COLLISION_SEVERITY,NUMBER_KILLED,NUMBER_INJURED,PARTY_COUNT,PRIMARY_COLL_FACTOR,PCF_CODE_OF_VIOL,PCF_VIOL_CATEGORY,PCF_VIOLATION,PCF_VIOL_SUBSECTION,HIT_AND_RUN,TYPE_OF_COLLISION,MVIW,PED_ACTION,ROAD_SURFACE,ROAD_COND_1,ROAD_COND_2,LIGHTING,CONTROL_DEVICE,CHP_ROAD_TYPE,PEDESTRIAN_ACCIDENT,BICYCLE_ACCIDENT,MOTORCYCLE_ACCIDENT,TRUCK_ACCIDENT,NOT_PRIVATE_PROPERTY,ALCOHOL_INVOLVED,STWD_VEHTYPE_AT_FAULT,CHP_VEHTYPE_AT_FAULT,COUNT_SEVERE_INJ,COUNT_VISIBLE_INJ,COUNT_COMPLAINT_PAIN,COUNT_PED_KILLED,COUNT_PED_INJURED,COUNT_BICYCLIST_KILLED,COUNT_BICYCLIST_INJURED,COUNT_MC_KILLED,COUNT_MC_INJURED,PRIMARY_RAMP,SECONDARY_RAMP,LATITUDE,LONGITUDE,COUNTY,CITY,POINT_X,POINT_Y
6357116,2014,2016-03-16,9655,2014-01-12,0317,18163,NA,7,3,9,3300,0,1,1,NA,2,206,RT 10,RT 111,2112,E,N,A,-,Y,RIV,8,10,-,-,25.92,H,-,E,Y,2,0,1,3,A,-,03,22350,NA,N,B,C,A,A,H,-,D,D,1,NA,NA,NA,NA,Y,NA,A,01,1,0,0,0,0,0,0,0,0,-,-,33.9225,-116.6673,RIVERSIDE,UNINCORPORATED,-116.6674931,33.9224191
6358616,2014,2016-03-14,9840,2014-01-26,0925,14868,NA,7,1,6,3394,0,1,3,NA,2,025,RT 60,PERRIS BL,450,W,N,A,-,Y,RIV,8,60,-,-,16.26,H,-,E,Y,3,0,2,3,A,-,01,23152,A,F,B,C,A,A,H,-,A,D,1,NA,NA,NA,NA,Y,Y,A,07,0,1,1,0,0,0,0,0,0,-,-,33.94018,-117.22895,RIVERSIDE,MORENO VALLEY,-117.22818443,33.93997612
6358938,2014,2016-02-03,9685,2014-02-07,1130,012190,NA,5,1,4,3342,0,1,1,NA,2,034,RT 215,MURRIETA HOT SPRINGS RD,1420,N,N,B,-,Y,RIV,8,215,-,R,9.78,H,-,S,Y,4,0,1,3,A,-,07,21658,A,N,B,C,A,A,H,-,A,D,1,NA,NA,NA,NA,Y,NA,E,22,0,0,1,0,0,0,0,0,0,-,-,NA,NA,RIVERSIDE,MURRIETA,-117.18099716,33.56019182
6359803,2014,2014-06-12,3300,2014-01-25,1525,3613,509A,6,5,5,3341,0,0,0,NA,0,059,COPPER TR,ROUSE LN,205,N,N,A,-,N,NA,NA,NA,NA,NA,NA,NA,NA,NA,Y,3,0,1,2,A,-,03,22350,NA,N,H,C,A,A,H,-,A,D,0,NA,NA,Y,NA,Y,NA,C,02,0,1,0,0,0,0,0,0,1,-,-,NA,NA,RIVERSIDE,MENIFEE,-117.16450591,33.65711152
6359828,2014,2016-03-11,9840,2014-01-31,1413,16342,NA,5,2,6,3315,0,1,3,NA,2,031,RT 91,PROMENADE AV,1056,W,N,B,-,Y,RIV,8,91,-,-,7.87,H,-,W,Y,4,0,1,3,A,-,03,22350,NA,N,C,C,A,A,H,-,A,D,1,NA,NA,NA,NA,Y,NA,A,08,0,0,1,0,0,0,0,0,0,TO,-,33.88326,-117.54408,RIVERSIDE,CORONA,-117.54027412,33.88336897
6365505,2014,2014-06-18,3313,2014-02-04,0940,1624,C,2,5,7,3313,0,0,0,NA,0,320,ARLINGTON AV,ADAMS ST,371,E,N,A,-,N,NA,NA,NA,NA,NA,NA,NA,NA,NA,N,4,0,1,2,A,-,09,21804,B,N,D,C,A,A,H,-,A,A,0,NA,NA,NA,NA,Y,NA,D,22,0,0,1,0,0,0,0,0,0,-,-,NA,NA,RIVERSIDE,RIVERSIDE,-117.43341025,33.94595
6367409,2014,2016-03-16,9655,2014-01-28,1536,016442,NA,2,2,9,3300,0,1,1,NA,2,206,RT 10,HAUGEN LEHMANN WY,528,W,N,A,-,Y,RIV,8,10,-,R,24.68,H,-,W,Y,3,0,1,1,A,-,01,23152,A,N,F,A,A,A,H,-,A,D,1,NA,NA,NA,NA,Y,Y,A,01,0,1,0,0,0,0,0,0,0,-,-,33.92365,-116.68724,RIVERSIDE,UNINCORPORATED,-116.68725954,33.92359312
6367475,2014,2014-06-09,3308,2014-01-16,0734,10525,294,4,5,5,3308,0,0,0,NA,0,NORTH,SANDERSON AV,FRUITVALE AV,6,S,N,A,-,N,NA,NA,NA,NA,NA,NA,NA,NA,NA,Y,4,0,1,1,A,-,08,22107,NA,N,E,I,A,A,H,-,A,A,0,NA,NA,NA,NA,Y,NA,A,01,0,0,1,0,0,0,0,0,0,-,-,NA,NA,RIVERSIDE,HEMET,-117.00661,33.76183357
6370449,2014,2014-06-16,3313,2014-02-09,1532,1073,CENTR,7,5,7,3313,0,0,0,NA,0,T42,VAN BUREN BL,DUFFERIN AV,33,N,N,A,-,N,NA,NA,NA,NA,NA,NA,NA,NA,NA,N,4,0,1,2,A,-,03,22350,NA,N,B,C,A,A,H,-,A,A,0,NA,NA,NA,NA,Y,NA,A,01,0,0,1,0,0,0,0,0,0,-,-,NA,NA,RIVERSIDE,RIVERSIDE,-117.42854138,33.89832454
6371189,2014,2014-06-11,3300,2014-01-22,1355,N3558,916A,3,5,4,3312,0,0,0,NA,0,393,E FRONTAGE RD,W NUEVO RD,0,NA,Y,A,-,N,NA,NA,NA,NA,NA,NA,NA,NA,NA,N,4,0,1,2,A,-,21,22106,NA,N,C,C,A,A,H,-,A,A,0,NA,NA,NA,NA,Y,NA,A,01,0,0,1,0,0,0,0,0,0,-,-,NA,NA,RIVERSIDE,PERRIS,-117.23112008,33.80192011
6378220,2014,2014-06-06,3300,2014-01-31,0906,4323,910S,5,5,5,3335,0,0,0,NA,0,070,TEMECULA PKWY,MAHLON VAIL,8,W,N,B,-,N,NA,NA,NA,NA,NA,NA,NA,NA,NA,N,3,0,2,2,A,-,03,22350,NA,N,C,C,A,B,H,-,A,D,0,NA,NA,NA,NA,Y,NA,A,01,0,1,1,0,0,0,0,0,0,-,-,NA,NA,RIVERSIDE,TEMECULA,NA,NA
6378483,2014,2014-06-18,9655,2014-02-05,0735,013757,NA,3,1,9,3300,0,3,5,NA,2,003,GILMAN SPRINGS RD,RT 79,7392,W,N,A,-,N,NA,NA,NA,NA,NA,NA,NA,NA,NA,Y,3,0,2,2,A,-,05,21460,A,N,B,C,A,A,H,-,A,D,0,NA,NA,NA,NA,Y,NA,A,01,0,1,1,0,0,0,0,0,0,-,-,33.83716,-117.01888,RIVERSIDE,UNINCORPORATED,-117.01418339,33.85260163
6380093,2014,2014-06-14,3300,2014-02-17,1503,4679,38B1,1,5,4,3318,0,0,0,NA,0,038,MONTEREY AV,DINAH SHORE DR,0,NA,Y,A,-,N,NA,NA,NA,NA,NA,NA,NA,NA,NA,Y,4,0,1,2,A,-,12,21453,A,N,D,C,A,A,H,-,A,A,0,NA,NA,NA,NA,Y,NA,A,01,0,0,1,0,0,0,0,0,0,-,-,NA,NA,RIVERSIDE,PALM DESERT,-116.38825013,33.80195001
6385198,2014,2015-01-15,3300,2014-01-11,1149,4209,908,6,5,3,3337,0,0,0,NA,0,039,CANYON LAKE DR S,BLUE TEAL DR,568,S,N,A,-,N,NA,NA,NA,NA,NA,NA,NA,NA,NA,Y,2,0,1,1,D,-,00,NA,NA,N,F,I,A,A,H,-,A,D,0,NA,NA,NA,NA,Y,NA,-,-,1,0,0,0,0,0,0,0,0,-,-,NA,NA,RIVERSIDE,CANYON LAKE,-117.26459,33.68313
6385638,2014,2014-06-19,3300,2014-02-21,1850,3613,507D,5,5,5,3341,0,0,0,NA,0,057,ANTELOPE RD,SUNSTREAM DR,0,NA,Y,A,-,N,NA,NA,NA,NA,NA,NA,NA,NA,NA,Y,3,0,1,2,A,-,09,21800,A,N,D,C,A,A,H,-,C,A,0,NA,NA,NA,NA,Y,NA,A,01,0,1,0,0,0,0,0,0,0,-,-,NA,NA,RIVERSIDE,MENIFEE,-117.1672801,33.68317003
6386793,2014,2016-01-14,9630,2014-02-17,1349,013270,NA,1,1,4,3309,0,1,1,NA,2,022,RT 10,WASHINGTON ST,2640,E,N,A,-,Y,RIV,8,10,-,-,50.95,H,-,W,Y,3,0,2,3,A,-,03,22350,NA,N,C,C,A,A,H,-,A,D,1,NA,NA,NA,NA,Y,NA,A,08,0,1,1,0,0,0,0,0,0,-,-,33.75745,-116.29347,RIVERSIDE,INDIO,-116.29314403,33.75752135
6389878,2014,2014-06-18,3300,2014-02-14,1812,N3626,002O,5,5,6,3345,0,0,0,NA,0,024,LIMONITE AV,EL PALOMINO DR,801,E,N,A,-,N,NA,NA,NA,NA,NA,NA,NA,NA,NA,N,4,0,2,3,A,-,03,22350,NA,N,C,C,A,A,H,-,C,A,0,NA,NA,NA,NA,Y,NA,A,01,0,0,2,0,0,0,0,0,0,-,-,NA,NA,RIVERSIDE,JURUPA VALLEY,-117.45595222,33.97861309
6393244,2014,2014-06-13,3300,2014-01-23,0745,4720,020A8,4,5,4,3344,0,0,0,NA,0,062,CEDAR CREEK RD,KIWI AV,0,NA,Y,A,-,N,NA,NA,NA,NA,NA,NA,NA,NA,NA,N,3,0,1,2,A,-,12,22450,A,F,G,G,A,A,H,-,A,A,0,NA,Y,NA,NA,Y,NA,-,99,0,1,0,0,0,0,1,0,0,-,-,NA,NA,RIVERSIDE,EASTVALE,-117.58002009,33.97206004
6394375,2014,2014-06-17,3313,2014-02-25,1016,1488,W,2,5,7,3313,0,0,0,NA,0,M20,JURUPA AV,VAN BUREN AV,18,E,N,A,-,N,NA,NA,NA,NA,NA,NA,NA,NA,NA,N,4,0,2,2,A,-,03,22350,NA,N,C,C,A,A,H,-,A,A,0,NA,NA,NA,NA,Y,NA,A,01,0,0,2,0,0,0,0,0,0,-,-,NA,NA,RIVERSIDE,RIVERSIDE,-117.46159196,33.95873967
6395681,2014,2014-06-26,3309,2014-02-14,0808,460,3309,5,5,4,3309,0,0,0,NA,0,005,MADISON ST,AUTUMN LN,12,S,N,A,-,N,NA,NA,NA,NA,NA,NA,NA,NA,NA,N,4,0,1,2,A,-,12,21453,A,N,B,G,A,A,H,-,A,A,0,NA,Y,NA,NA,Y,NA,D,22,0,0,1,0,0,0,1,0,0,-,-,NA,NA,RIVERSIDE,INDIO,-116.25147,33.73287717
6397305,2014,2016-03-17,9840,2014-01-14,2055,15744,NA,2,2,4,3344,0,1,1,NA,2,011,RT 15,LIMONITE AV,250,S,N,A,-,Y,RIV,8,15,-,-,48.21,H,-,S,N,4,0,1,1,A,-,01,23152,A,N,E,I,A,A,H,-,D,D,1,NA,NA,NA,NA,Y,Y,A,01,0,0,1,0,0,0,0,0,0,-,-,33.97582,-117.54898,RIVERSIDE,EASTVALE,-117.54899934,33.97446667
6397309,2014,2016-03-11,9840,2014-01-30,1605,15789,NA,4,2,7,3313,0,1,3,NA,2,020,RT 91,VAN BUREN BL,1584,W,N,A,-,Y,RIV,8,91,-,-,13.78,H,-,W,Y,3,0,1,1,A,-,03,22350,NA,N,F,A,A,A,H,-,A,D,1,NA,NA,Y,NA,Y,NA,C,02,0,1,0,0,0,0,0,0,1,-,-,33.91212,-117.44673,RIVERSIDE,RIVERSIDE,-117.44628412,33.9124359
6399181,2014,2014-06-20,3311,2014-02-26,1506,15652,3311,3,5,4,3311,0,0,0,NA,0,005,EAST RAMON RD,SOUTH SUNRISE WY,0,NA,Y,A,-,N,NA,NA,NA,NA,NA,NA,NA,NA,NA,Y,3,0,1,2,A,-,09,21801,A,N,D,C,A,A,H,-,A,A,0,NA,NA,NA,NA,Y,NA,A,01,0,1,0,0,0,0,0,0,0,-,-,NA,NA,RIVERSIDE,PALM SPRINGS,-116.52821002,33.81593002
6399652,2014,2016-03-23,3313,2014-02-06,1622,1724,CENTR,4,5,7,3313,0,0,0,NA,0,T44,MARGUERITA AV,MARY ST,19,S,N,B,C,N,NA,NA,NA,NA,NA,NA,NA,NA,NA,N,3,0,1,2,A,-,09,21801,A,M,H,G,A,B,H,-,A,A,0,NA,Y,NA,NA,Y,NA,D,22,0,1,0,0,0,0,1,0,0,-,-,NA,NA,RIVERSIDE,RIVERSIDE,-117.39080181,33.93845093
6399738,2014,2014-06-20,3300,2014-02-01,1115,N4187,901B,6,5,4,3310,0,0,0,NA,0,050,HAMNER AV,ALHAMBRA ST,18,S,N,A,-,N,NA,NA,NA,NA,NA,NA,NA,NA,NA,Y,4,0,1,2,A,-,09,21453,C,N,D,C,A,A,H,-,A,A,0,NA,NA,NA,NA,Y,NA,A,01,0,0,1,0,0,0,0,0,0,-,-,33.9391,-117.558,RIVERSIDE,NORCO,-117.55816786,33.9393507
6399740,2014,2014-06-19,3313,2014-02-26,1449,1523,CENTR,3,5,7,3313,0,0,0,NA,0,T44,ADAMS ST,MAGNOLIA AV,0,NA,Y,A,-,N,NA,NA,NA,NA,NA,NA,NA,NA,NA,N,4,0,1,2,A,-,08,22107,NA,N,B,C,A,A,H,-,A,A,0,NA,NA,NA,NA,Y,NA,A,07,0,0,1,0,0,0,0,0,0,-,-,NA,NA,RIVERSIDE,RIVERSIDE,-117.42434008,33.93305001
6403056,2014,2016-02-03,9840,2014-03-08,1505,18911,NA,6,2,7,3313,0,1,1,NA,2,022,RT 215,CENTER ST,800,S,N,A,-,Y,RIV,8,215,-,-,44.86,H,-,S,Y,3,0,1,3,A,-,03,22350,NA,N,C,C,A,A,D,-,A,D,1,NA,NA,NA,NA,Y,NA,A,01,0,1,0,0,0,0,0,0,0,-,-,34.01083,-117.34558,RIVERSIDE,RIVERSIDE,-117.34393905,34.01355456
6404552,2014,2015-10-06,3309,2014-02-26,1208,443,3309,3,5,4,3309,0,0,0,NA,0,004,RT 111,CLINTON ST,332,E,N,A,-,N,NA,NA,NA,NA,NA,NA,NA,NA,NA,N,3,0,1,2,A,-,11,21954,A,N,G,B,D,A,H,-,A,A,0,Y,NA,NA,NA,Y,NA,N,60,0,1,0,0,1,0,0,0,0,-,-,NA,NA,RIVERSIDE,INDIO,-116.24157634,33.70800547
6405254,2014,2014-06-25,9840,2014-03-10,0756,018727,NA,1,1,6,3315,1,4,S,NA,2,901,MORALES WAY,MASTERS DR,25,S,N,A,-,N,NA,NA,NA,NA,NA,NA,NA,NA,NA,N,3,0,3,2,A,-,03,22350,NA,N,C,C,A,A,H,-,A,A,0,NA,NA,NA,NA,Y,NA,A,01,0,2,1,0,0,0,0,0,0,-,-,NA,NA,RIVERSIDE,CORONA,-117.53392215,33.81968121
6405440,2014,2015-03-27,3300,2014-03-05,1506,2477,916B,3,5,4,3312,0,0,0,NA,0,032,NUEVO RD,RUBY DR,67,W,N,A,-,N,NA,NA,NA,NA,NA,NA,NA,NA,NA,Y,4,0,1,2,A,-,03,22350,NA,N,C,C,A,A,H,-,A,A,0,NA,NA,NA,NA,Y,NA,D,22,0,0,1,0,0,0,0,0,0,-,-,NA,NA,RIVERSIDE,PERRIS,-117.22194967,33.80111732
6406000,2014,2014-06-26,9655,2014-02-09,1743,019112,NA,7,2,9,3300,0,3,5,NA,2,002,SEMINOLE DR,MORONGO TRL,2640,E,N,A,-,N,NA,NA,NA,NA,NA,NA,NA,NA,NA,N,4,0,1,2,A,-,09,21804,A,F,D,C,A,A,H,-,C,D,0,NA,NA,NA,NA,Y,NA,A,01,0,0,1,0,0,0,0,0,0,-,-,33.91976,-116.80111,RIVERSIDE,UNINCORPORATED,NA,NA
6407501,2014,2016-02-20,9840,2014-03-11,1643,015444,NA,2,2,7,3313,0,1,1,NA,2,022,RT 215,COLUMBIA AV,2150,N,N,A,-,Y,RIV,8,215,-,-,44.31,H,-,S,Y,3,0,2,3,A,-,07,21658,A,N,D,C,A,A,-,-,A,D,1,NA,NA,NA,NA,Y,NA,A,01,0,1,1,0,0,0,0,0,0,-,-,34.01346,-117.344,RIVERSIDE,RIVERSIDE,-117.34855863,34.00665977
6408739,2014,2015-10-01,3300,2014-01-30,2043,4492,910A,4,5,5,3335,0,0,0,NA,0,3TE96,MARGARITA RD,VERDES LN,500,N,N,A,-,N,NA,NA,NA,NA,NA,NA,NA,NA,NA,Y,4,0,2,2,A,-,03,22350,NA,N,D,C,A,A,H,-,C,A,0,NA,NA,NA,NA,Y,NA,A,01,0,0,2,0,0,0,0,0,0,-,-,NA,NA,RIVERSIDE,TEMECULA,-117.149684,33.529127
6413704,2014,2014-06-20,3301,2014-02-03,0712,U376,41,1,5,4,3301,0,0,0,NA,0,003,HIGHLAND SPRINGS RD,JOSHUA PALMER WY,0,NA,Y,A,-,N,NA,NA,NA,NA,NA,NA,NA,NA,NA,Y,3,0,1,2,A,-,08,22107,NA,N,A,C,A,A,H,-,A,A,0,NA,NA,NA,NA,Y,NA,A,01,0,1,0,0,0,0,0,0,0,-,-,NA,NA,RIVERSIDE,BANNING,-116.94689008,33.92769001
6417205,2014,2016-03-16,9655,2014-03-18,1310,13641,NA,2,1,9,3300,0,1,3,NA,1,118,RT 74,PINON DR,8448,E,N,A,-,Y,RIV,8,74,-,-,82.11,H,-,E,Y,3,0,1,1,A,-,08,22107,NA,N,E,I,A,A,H,-,A,D,0,NA,NA,NA,NA,Y,NA,A,01,0,1,0,0,0,0,0,0,0,-,-,33.58822,-116.42493,RIVERSIDE,UNINCORPORATED,-116.42908732,33.5845621
6419125,2014,2014-06-21,3313,2014-03-01,1351,1712,WEST,6,5,7,3313,0,0,0,NA,0,T44,GRAMERCY PL,GOLDEN AV,188,W,N,B,-,N,NA,NA,NA,NA,NA,NA,NA,NA,NA,Y,4,0,2,2,A,-,09,21801,A,N,D,C,A,A,H,-,A,A,0,NA,NA,NA,NA,Y,NA,A,01,0,0,2,0,0,0,0,0,0,-,-,NA,NA,RIVERSIDE,RIVERSIDE,-117.49928208,33.92514588
6419821,2014,2014-06-24,3313,2014-03-21,1219,1488,N,5,5,7,3313,0,0,0,NA,0,M20,14TH ST,HOWARD ST,14,E,N,A,-,N,NA,NA,NA,NA,NA,NA,NA,NA,NA,N,2,0,1,2,A,-,11,21954,A,N,-,B,B,A,H,-,A,A,0,Y,NA,NA,NA,Y,NA,D,22,1,0,0,0,1,0,0,0,0,-,-,NA,NA,RIVERSIDE,RIVERSIDE,-117.36979943,33.97217187
6420712,2014,2014-06-28,3308,2014-02-07,1423,10229,554,5,5,5,3308,0,0,0,NA,0,SOUTH,SANDERSON AV,THORNTON AV,0,NA,Y,A,-,N,NA,NA,NA,NA,NA,NA,NA,NA,NA,Y,4,0,3,2,A,-,12,21453,A,N,D,-,A,A,H,-,A,A,0,NA,NA,Y,NA,Y,NA,C,06,0,0,3,0,0,0,0,0,3,-,-,NA,NA,RIVERSIDE,HEMET,-117.00665002,33.72531011
6420770,2014,2016-01-22,9655,2014-02-28,0525,18163,NA,5,3,9,3300,0,3,5,NA,2,003,RT 79,GILMAN SPRINGS RD,1584,S,N,C,-,Y,RIV,8,79,-,M,33.48,H,-,N,Y,4,0,1,1,A,-,08,22107,NA,N,F,I,A,B,H,-,D,D,0,NA,NA,NA,NA,Y,NA,A,01,0,0,1,0,0,0,0,0,0,-,-,NA,NA,RIVERSIDE,UNINCORPORATED,-117.00358644,33.84113602
6420909,2014,2014-07-01,3311,2014-03-19,2130,15872,3311,3,5,4,3311,0,0,0,NA,0,005,PALM CANYON DR,CAMINO REAL,0,NA,Y,A,-,N,NA,NA,NA,NA,NA,NA,NA,NA,NA,Y,3,0,2,2,A,-,09,21801,A,N,D,C,A,A,H,-,C,A,0,NA,NA,NA,NA,Y,NA,A,01,0,2,0,0,0,0,0,0,0,-,-,NA,NA,RIVERSIDE,PALM SPRINGS,-116.53927012,33.80135012
6423473,2014,2014-06-23,3300,2014-03-17,1240,N2646,604C6,1,5,6,3394,0,0,0,NA,0,044,IRIS,GRANDE VISTA,254,W,N,A,-,N,NA,NA,NA,NA,NA,NA,NA,NA,NA,N,4,0,3,3,A,-,03,22350,NA,N,C,C,A,A,H,-,A,A,0,NA,NA,NA,NA,Y,NA,A,01,0,0,3,0,0,0,0,0,0,-,-,NA,NA,RIVERSIDE,MORENO VALLEY,-117.19666224,33.8954451
6423477,2014,2014-06-20,3300,2014-03-07,1135,3774,604B1,5,5,6,3394,0,0,0,NA,0,042,MORENO BEACH DR,ALESSANDRO BL,0,NA,Y,A,-,N,NA,NA,NA,NA,NA,NA,NA,NA,NA,Y,4,0,2,2,A,-,01,23152,E,F,D,C,A,A,H,-,A,A,0,NA,NA,NA,NA,Y,NA,A,01,0,0,2,0,0,0,0,0,0,-,-,NA,NA,RIVERSIDE,MORENO VALLEY,-117.17417003,33.91744008
6424112,2014,2014-07-01,3300,2014-02-08,0534,3218,916B,6,5,4,3312,0,0,0,NA,0,032,PERRIS BL,BOWEN RD,0,NA,Y,A,-,N,NA,NA,NA,NA,NA,NA,NA,NA,NA,N,4,0,1,2,A,-,14,21201,D,N,G,G,A,A,H,-,C,A,0,NA,Y,NA,NA,Y,NA,L,04,0,0,1,0,0,0,1,0,0,-,-,NA,NA,RIVERSIDE,PERRIS,-117.22610006,33.79742005
6426728,2014,2015-02-26,3311,2014-03-01,1035,15902,NA,6,5,4,3311,0,0,0,NA,0,004,RT 111,NORTH SUNRISE WY,0,NA,Y,A,-,Y,NA,NA,NA,NA,NA,NA,NA,NA,NA,N,4,0,1,2,D,-,00,NA,NA,N,G,-,C,A,H,-,A,A,0,Y,NA,NA,NA,Y,NA,-,-,0,0,1,0,1,0,0,0,0,-,-,NA,NA,RIVERSIDE,PALM SPRINGS,NA,NA
6429901,2014,2014-06-28,3311,2014-02-18,1605,15306,NA,2,5,4,3311,0,0,0,NA,0,003,SOUTH SUNRISE WY,BARISTO RD,0,NA,Y,A,-,N,NA,NA,NA,NA,NA,NA,NA,NA,NA,N,4,0,1,2,A,-,09,21453,B,N,B,G,A,A,H,-,A,A,0,NA,Y,NA,NA,Y,NA,A,01,0,0,1,0,0,0,1,0,0,-,-,NA,NA,RIVERSIDE,PALM SPRINGS,-116.5282301,33.81949003
6430358,2014,2014-06-21,3313,2014-03-18,1949,0399,NORTH,2,5,7,3313,0,0,0,NA,0,M18,IOWA AV,COLUMBIA AV,0,NA,Y,A,-,N,NA,NA,NA,NA,NA,NA,NA,NA,NA,Y,3,0,2,2,A,-,12,21453,A,N,D,C,A,A,H,-,C,A,0,NA,NA,NA,NA,Y,NA,A,01,0,1,1,0,0,0,0,0,0,-,-,NA,NA,RIVERSIDE,RIVERSIDE,-117.33981006,34.00116006
6430860,2014,2016-02-03,9840,2014-03-22,1555,17459,NA,6,2,7,3313,0,1,1,NA,2,022,RT 215,CENTER ST,900,S,N,A,-,Y,RIV,8,215,-,-,44.84,H,-,N,Y,4,0,1,2,A,-,03,22350,NA,N,C,C,A,A,D,-,A,D,1,NA,NA,Y,NA,Y,NA,C,02,0,0,1,0,0,0,0,0,1,-,-,34.0052,-117.34926,RIVERSIDE,RIVERSIDE,-117.34393526,34.01325185
6430864,2014,2014-07-02,9840,2014-03-23,2030,19630,NA,7,2,9,3300,0,2,4,NA,2,042,MOCKINGBIRD CANYON RD,HARLEY JOHN RD,0,NA,Y,A,-,N,NA,NA,NA,NA,NA,NA,NA,NA,NA,Y,3,0,2,2,A,-,03,22350,NA,N,C,C,A,A,H,-,D,D,0,NA,NA,NA,NA,Y,NA,D,22,0,1,1,0,0,0,0,0,0,-,-,33.85399,-117.37484,RIVERSIDE,UNINCORPORATED,-117.37472008,33.85391011
6430872,2014,2016-03-14,9840,2014-03-22,1520,18904,NA,6,2,6,3315,0,1,3,NA,2,030,RT 91,GREEN RIVER RD,200,W,N,A,-,Y,RIV,8,91,-,R,0.99,H,-,E,Y,4,0,1,3,A,-,03,22350,NA,N,C,C,A,A,H,-,A,D,1,NA,NA,NA,NA,Y,NA,A,01,0,0,1,0,0,0,0,0,0,-,-,33.45131,-117.45112,RIVERSIDE,CORONA,-117.65817662,33.87808997
6431182,2014,2016-01-14,9630,2014-03-24,1600,15110,NA,1,2,9,3300,0,1,1,NA,2,010,RT 10,RT 62,4752,E,N,A,-,Y,RIV,8,10,-,-,30.59,H,-,W,Y,3,0,2,2,A,-,03,22350,NA,N,C,C,A,A,H,-,A,D,1,NA,NA,NA,NA,Y,NA,A,07,0,1,1,0,0,0,0,0,0,-,-,33.9116,-116.5905,RIVERSIDE,UNINCORPORATED,-116.58861533,33.91140045
6432962,2014,2014-06-30,3311,2014-03-21,1233,15652,3311,5,5,4,3311,0,0,0,NA,0,005,SOUTH SUNRISE WY,SUNNY DUNES RD,307,N,N,A,-,N,NA,NA,NA,NA,NA,NA,NA,NA,NA,Y,2,0,1,3,A,-,03,22350,NA,N,C,C,A,A,H,-,A,A,0,NA,NA,NA,NA,Y,NA,A,07,1,0,0,0,0,0,0,0,0,-,-,NA,NA,RIVERSIDE,PALM SPRINGS,-116.52822421,33.81310022
6433037,2014,2014-06-30,3311,2014-03-27,1359,15060,NA,4,5,4,3311,0,0,0,NA,0,NA,NORTH INDIAN CANYON DR,E AMADO RD,0,NA,Y,A,-,N,NA,NA,NA,NA,NA,NA,NA,NA,NA,N,4,0,1,2,A,-,03,22350,NA,N,C,C,A,A,G,-,A,B,0,NA,NA,NA,NA,Y,NA,A,01,0,0,1,0,0,0,0,0,0,-,-,NA,NA,RIVERSIDE,PALM SPRINGS,-116.54558005,33.82671011
6434514,2014,2015-02-03,3300,2014-02-17,2319,N4588,910F,1,5,5,3335,0,0,0,NA,0,062,PROMENADE MALL NORTH,YNEZ RD,135,E,N,A,-,N,NA,NA,NA,NA,NA,NA,NA,NA,NA,Y,3,0,1,1,C,-,18,NA,NA,N,-,I,A,A,H,-,C,A,0,NA,NA,NA,NA,Y,NA,-,-,0,1,0,0,0,0,0,0,0,-,-,NA,NA,RIVERSIDE,TEMECULA,-117.1580274,33.52331247
6438297,2014,2016-03-11,9840,2014-03-26,0714,13500,NA,3,1,7,3313,0,1,3,NA,2,021,RT 91,BROCKTON AV,500,W,N,C,-,Y,RIV,8,91,-,-,17.34,H,-,W,Y,3,0,1,4,A,-,03,22350,NA,N,C,C,A,B,D,-,A,D,1,NA,NA,NA,NA,Y,NA,A,01,0,1,0,0,0,0,0,0,0,-,-,33.94099,-117.39643,RIVERSIDE,RIVERSIDE,-117.39534267,33.94167916
6438309,2014,2016-03-14,9840,2014-03-26,0635,12208,NA,3,1,6,3315,0,1,3,NA,2,031,RT 91,EAST GRAND BL,1650,E,N,B,-,Y,RIV,8,91,-,-,6.98,H,-,E,Y,4,0,1,3,A,-,07,21658,A,N,B,C,A,B,H,-,A,D,1,NA,NA,NA,NA,Y,NA,A,01,0,0,1,0,0,0,0,0,0,-,-,33.87948,-117.55466,RIVERSIDE,CORONA,-117.55500138,33.87953221
6440261,2014,2014-07-02,9840,2014-03-21,1632,17459,NA,5,2,9,3300,0,3,5,NA,2,004,PENASCO CIR,0MIRILESTE ST,2,E,N,A,-,N,NA,NA,NA,NA,NA,NA,NA,NA,NA,Y,3,0,1,1,A,-,03,22350,NA,N,F,A,A,A,H,-,A,D,0,NA,NA,Y,NA,Y,NA,C,02,0,1,0,0,0,0,0,0,1,-,-,NA,NA,RIVERSIDE,UNINCORPORATED,-117.161604,33.788421
6440323,2014,2016-02-20,9840,2014-03-20,1135,12075,NA,4,1,9,3300,0,1,1,NA,2,040,RT 215,VAN BUREN BL,1763,N,N,A,-,Y,RIV,8,215,-,R,34.365,R,3,S,Y,2,0,1,2,A,-,08,22107,NA,N,B,C,A,A,D,-,A,A,1,NA,NA,Y,NA,Y,NA,A,01,1,0,0,0,0,0,0,0,1,TO,-,33.89985,-117.27148,RIVERSIDE,UNINCORPORATED,-117.27166772,33.89045079
6441581,2014,2016-01-14,9630,2014-03-30,1335,019310,NA,7,1,4,3309,0,1,1,NA,2,022,RT 10,INDIO BL,4224,E,N,A,-,Y,RIV,8,10,-,R,53.51,H,-,E,Y,3,0,3,1,A,-,08,22107,NA,N,E,I,A,A,H,-,A,D,1,NA,NA,NA,NA,Y,NA,D,22,0,2,1,0,0,0,0,0,0,-,-,33.74075,-116.25426,RIVERSIDE,INDIO,-116.25421023,33.74080973