CASE_ID,ACCIDENT_YEAR,PROC_DATE,JURIS,COLLISION_DATE,COLLISION_TIME,OFFICER_ID,REPORTING_DISTRICT,DAY_OF_WEEK,CHP_SHIFT,POPULATION,CNTY_CITY_LOC,SPECIAL_COND,BEAT_TYPE,CHP_BEAT_TYPE,CITY_DIVISION_LAPD,CHP_BEAT_CLASS,BEAT_NUMBER,PRIMARY_RD,SECONDARY_RD,DISTANCE,DIRECTION,INTERSECTION,WEATHER_1,WEATHER_2,STATE_HWY_IND,CALTRANS_COUNTY,CALTRANS_DISTRICT,STATE_ROUTE,ROUTE_SUFFIX,POSTMILE_PREFIX,POSTMILE,LOCATION_TYPE,RAMP_INTERSECTION,SIDE_OF_HWY,TOW_AWAY,COLLISION_SEVERITY,NUMBER_KILLED,NUMBER_INJURED,PARTY_COUNT,PRIMARY_COLL_FACTOR,PCF_CODE_OF_VIOL,PCF_VIOL_CATEGORY,PCF_VIOLATION,PCF_VIOL_SUBSECTION,HIT_AND_RUN,TYPE_OF_COLLISION,MVIW,PED_ACTION,ROAD_SURFACE,ROAD_COND_1,ROAD_COND_2,LIGHTING,CONTROL_DEVICE,CHP_ROAD_TYPE,PEDESTRIAN_ACCIDENT,BICYCLE_ACCIDENT,MOTORCYCLE_ACCIDENT,TRUCK_ACCIDENT,NOT_PRIVATE_PROPERTY,ALCOHOL_INVOLVED,STWD_VEHTYPE_AT_FAULT,CHP_VEHTYPE_AT_FAULT,COUNT_SEVERE_INJ,COUNT_VISIBLE_INJ,COUNT_COMPLAINT_PAIN,COUNT_PED_KILLED,COUNT_PED_INJURED,COUNT_BICYCLIST_KILLED,COUNT_BICYCLIST_INJURED,COUNT_MC_KILLED,COUNT_MC_INJURED,PRIMARY_RAMP,SECONDARY_RAMP,LATITUDE,LONGITUDE,COUNTY,CITY,POINT_X,POINT_Y
6444131,2014,2014-06-26,3300,2014-02-11,0735,4301,20A2,2,5,4,3344,0,0,0,NA,0,065,SCHOLAR WY,BALTIMORE ST,190,S,N,A,-,N,NA,NA,NA,NA,NA,NA,NA,NA,NA,N,4,0,1,2,A,-,05,21650,1,N,D,G,A,A,H,-,A,D,0,NA,Y,NA,NA,Y,NA,L,04,0,0,1,0,0,0,1,0,0,-,-,NA,NA,RIVERSIDE,EASTVALE,-117.56703,33.95566931
6444600,2014,2015-11-12,9660,2014-03-23,1502,020632,NA,7,2,9,3300,0,1,2,NA,2,038,RT 95,AGNES WILSON RD,4752,S,N,A,-,Y,SBD,8,95,-,-,32.68,H,-,S,Y,2,0,2,1,A,-,08,22107,NA,N,F,A,A,A,H,-,A,D,0,NA,NA,NA,NA,Y,NA,A,01,1,0,1,0,0,0,0,0,0,-,-,34.03036,-114.46676,RIVERSIDE,UNINCORPORATED,-114.6499677,34.48984048
6444628,2014,2014-07-03,3308,2014-03-18,1355,10217,507,2,5,5,3308,0,0,0,NA,0,NORTH,MENLO AV,STATE ST,165,W,N,A,-,N,NA,NA,NA,NA,NA,NA,NA,NA,NA,Y,4,0,1,2,A,-,03,22350,NA,N,C,C,A,A,H,-,A,A,0,NA,NA,NA,NA,Y,NA,A,07,0,0,1,0,0,0,0,0,0,-,-,NA,NA,RIVERSIDE,HEMET,-116.97233098,33.7584
6445059,2014,2014-07-18,3300,2014-03-20,0039,4996,604D5,4,5,6,3394,0,0,0,NA,0,MV48,JOHNNY F KENNEDY DR,SEVILLA CT,10,E,N,A,-,N,NA,NA,NA,NA,NA,NA,NA,NA,NA,Y,4,0,2,2,A,-,03,22350,NA,N,C,C,A,A,-,-,A,D,0,NA,NA,NA,NA,Y,NA,A,01,0,0,2,0,0,0,0,0,0,-,-,NA,NA,RIVERSIDE,MORENO VALLEY,-117.15937733,33.9069229
6446768,2014,2016-03-11,9840,2014-03-15,1944,020210,NA,6,2,9,3300,0,1,3,NA,2,030,RT 91,GREEN RIVER RD,5280,E,N,A,-,Y,RIV,8,91,-,R,2.03,H,-,E,Y,4,0,2,2,A,-,03,22350,NA,N,C,C,A,A,H,-,D,D,1,NA,NA,NA,NA,Y,NA,A,01,0,0,2,0,0,0,0,0,0,-,-,33.88396,-117.62886,RIVERSIDE,UNINCORPORATED,-117.64125788,33.88324694
6446892,2014,2015-10-06,3300,2014-03-24,1330,N4218,910S,1,5,5,3335,0,0,0,NA,0,069,TEMECULA PKWY,AVENIDA DE MISSIONES,0,NA,Y,A,-,N,NA,NA,NA,NA,NA,NA,NA,NA,NA,Y,4,0,1,3,A,-,03,22350,NA,N,C,C,A,A,H,-,A,-,0,NA,NA,NA,NA,Y,NA,A,08,0,0,1,0,0,0,0,0,0,-,-,NA,NA,RIVERSIDE,TEMECULA,-117.11172,33.4776
6446947,2014,2016-02-20,9685,2014-03-12,0650,15750,NA,3,1,9,3300,0,1,1,NA,2,020,RT 215,ETHANAC RD,900,N,N,A,-,Y,RIV,8,215,-,-,22.93,H,-,N,N,4,0,1,2,A,-,03,22350,NA,N,C,C,A,A,H,-,A,D,1,NA,NA,NA,NA,Y,NA,A,01,0,0,1,0,0,0,0,0,0,-,-,NA,NA,RIVERSIDE,UNINCORPORATED,-117.18922346,33.7453777
6448094,2014,2016-04-16,9685,2014-04-09,0735,14349,NA,3,1,9,3300,0,1,3,NA,1,026,RT 74,SULTANS AV,454,E,N,A,-,Y,RIV,8,74,-,-,31.39,H,-,W,N,2,0,1,2,A,-,08,22107,NA,N,B,G,A,A,H,-,A,D,0,NA,Y,NA,NA,Y,NA,L,04,1,0,0,0,0,0,1,0,0,-,-,NA,NA,RIVERSIDE,UNINCORPORATED,-117.12626943,33.74325904
6448961,2014,2014-07-11,3313,2014-03-14,1723,1575,EAST,5,5,7,3313,0,0,0,NA,0,M12,ARLINGTON AV,INDIANA AV,0,NA,Y,A,-,N,NA,NA,NA,NA,NA,NA,NA,NA,NA,N,4,0,2,2,A,-,03,22350,NA,N,C,C,A,A,D,-,A,A,0,NA,NA,NA,NA,Y,NA,A,08,0,0,2,0,0,0,0,0,0,-,-,NA,NA,RIVERSIDE,RIVERSIDE,-117.38795009,33.94629005
6450317,2014,2014-07-09,3306,2014-04-16,0030,119,3306,3,5,3,3306,0,0,0,NA,0,NA,SAN RAFAEL DR,VERBENA DR,217,W,N,A,-,N,NA,NA,NA,NA,NA,NA,NA,NA,NA,Y,2,0,1,2,A,-,03,22350,NA,N,C,E,A,A,H,-,D,D,0,NA,NA,Y,NA,Y,NA,C,02,1,0,0,0,0,0,0,0,1,-,-,NA,NA,RIVERSIDE,DESERT HOT SPRINGS,-116.49340867,33.97335394
6452111,2014,2016-03-17,9685,2014-02-20,1630,016884,NA,4,2,5,3335,0,1,1,NA,2,030,RT 15,RIVERSIDE CO LINE,200,N,N,A,-,Y,RIV,8,15,-,R,0.04,H,-,N,N,4,0,2,3,A,-,03,22350,NA,N,C,C,A,A,H,-,A,D,1,NA,NA,NA,NA,Y,NA,A,01,0,0,2,0,0,0,0,0,0,-,-,33.27647,-117.94621,RIVERSIDE,TEMECULA,-117.14279107,33.43300654
6452119,2014,2014-07-05,9685,2014-02-22,1110,015750,NA,6,1,9,3300,0,3,5,NA,2,003,BOREL RD,RT 79,1200,E,N,A,-,N,NA,NA,NA,NA,NA,NA,NA,NA,NA,Y,3,0,3,1,A,-,03,22350,NA,N,E,I,A,A,H,-,A,D,0,NA,NA,NA,NA,Y,NA,A,07,0,3,0,0,0,0,0,0,0,-,-,33.56721,-117.13294,RIVERSIDE,UNINCORPORATED,-117.132639,33.568828
6452126,2014,2016-03-17,9685,2014-02-07,1715,12752,NA,5,2,5,3335,0,1,1,NA,2,030,RT 15,RANCHO CALIFORNIA RD,1848,N,N,A,-,Y,RIV,8,15,-,-,5.33,H,-,N,Y,4,0,1,2,A,-,03,22350,NA,N,B,C,A,A,H,-,A,D,1,NA,NA,Y,NA,Y,NA,C,02,0,0,1,0,0,0,0,0,1,-,-,NA,NA,RIVERSIDE,TEMECULA,-117.15344171,33.50572794
6453137,2014,2014-08-01,3308,2014-04-03,1047,10158,546,4,5,5,3308,0,0,0,NA,0,SOUTH,STATE ST,STETSON AV,100,S,N,A,-,N,NA,NA,NA,NA,NA,NA,NA,NA,NA,Y,4,0,1,2,A,-,09,21804,NA,N,D,C,A,A,H,-,A,A,0,NA,NA,Y,NA,Y,NA,A,01,0,0,1,0,0,0,0,0,1,-,-,NA,NA,RIVERSIDE,HEMET,-116.97154528,33.72909617
6455251,2014,2016-02-22,9685,2014-01-15,1830,16113,NA,3,2,5,3335,0,1,1,NA,2,030,RT 15,RANCHO CALIFORNIA RD,1500,N,N,A,-,Y,RIV,8,15,-,-,5.21,H,-,S,Y,3,0,1,3,A,-,01,23152,A,M,C,C,A,A,H,-,D,D,1,NA,NA,NA,NA,Y,Y,A,01,0,1,0,0,0,0,0,0,0,-,-,33.50463,-117.15352,RIVERSIDE,TEMECULA,-117.15302244,33.50387658
6455590,2014,2016-04-16,9840,2014-04-14,1200,12608,NA,1,1,7,3313,0,1,3,NA,2,020,RT 91,BUCHANAN AV,336,W,N,A,-,Y,RIV,8,91,-,-,10.23,H,-,W,N,4,0,1,3,A,-,03,22350,NA,N,C,C,A,A,H,-,A,D,1,NA,NA,NA,NA,Y,NA,A,01,0,0,1,0,0,0,0,0,0,-,-,33.89497,-117.50025,RIVERSIDE,RIVERSIDE,-117.50213125,33.89386098
6457067,2014,2014-07-08,3300,2014-03-13,1432,3839,603D4,4,5,6,3394,0,0,0,NA,0,038,KRAMERIA AV,VISTA CONEJO DR,0,NA,Y,A,-,N,NA,NA,NA,NA,NA,NA,NA,NA,NA,N,4,0,1,2,A,-,11,21950,B,F,G,B,B,A,H,-,A,A,0,Y,NA,NA,NA,Y,NA,A,07,0,0,1,0,1,0,0,0,0,-,-,NA,NA,RIVERSIDE,MORENO VALLEY,-117.21070001,33.88278005
6463895,2014,2016-04-16,3309,2014-04-02,1943,W142,3309,3,5,4,3309,0,0,0,NA,0,002,MONROE ST,RT 10,0,NA,Y,A,-,Y,RIV,8,10,-,R,54.74,H,-,W,Y,4,0,1,2,A,-,09,21801,A,N,D,C,A,A,H,-,-,A,0,NA,NA,NA,NA,Y,NA,A,01,0,0,1,0,0,0,0,0,0,-,-,NA,NA,RIVERSIDE,INDIO,-116.23389884,33.73968237
6466598,2014,2014-07-22,3313,2014-04-10,1739,1222,WEST,4,5,7,3313,0,0,0,NA,0,T41,MAGNOLIA AV,PIERCE ST,2640,W,N,B,-,N,NA,NA,NA,NA,NA,NA,NA,NA,NA,Y,4,0,1,2,A,-,03,22350,NA,N,C,C,A,A,H,-,A,A,0,NA,NA,NA,NA,Y,NA,A,07,0,0,1,0,0,0,0,0,0,-,-,NA,NA,RIVERSIDE,RIVERSIDE,-117.49830218,33.89106061
6467387,2014,2014-07-22,9630,2014-04-08,1149,013270,NA,2,1,9,3300,0,3,5,NA,2,002,AVENDIA RAMADA,AVENIDA CAMPESINO,600,S,N,A,-,N,NA,NA,NA,NA,NA,NA,NA,NA,NA,Y,4,0,1,2,A,-,08,22107,NA,N,B,E,A,A,H,-,A,D,0,NA,NA,NA,NA,Y,NA,A,01,0,0,1,0,0,0,0,0,0,-,-,33.93491,-116.49127,RIVERSIDE,UNINCORPORATED,-116.491245,33.934196
6467399,2014,2014-07-19,3313,2014-04-04,1321,1222,CENTR,5,5,7,3313,0,0,0,NA,0,T41,MAGNOLIA AV,STOTTS ST,70,E,N,A,-,N,NA,NA,NA,NA,NA,NA,NA,NA,NA,Y,4,0,1,3,A,-,03,22350,NA,N,C,C,A,A,H,-,A,A,0,NA,NA,NA,NA,Y,NA,A,01,0,0,1,0,0,0,0,0,0,-,-,NA,NA,RIVERSIDE,RIVERSIDE,-117.44179972,33.92311783
6469429,2014,2014-06-18,3306,2014-01-18,0907,078,3306,6,5,3,3306,0,0,0,NA,0,NA,HACIENDA AV,MESQUITE AV,0,NA,Y,A,-,N,NA,NA,NA,NA,NA,NA,NA,NA,NA,Y,4,0,3,2,A,-,03,22350,NA,N,-,C,A,A,H,-,A,A,0,NA,NA,NA,NA,Y,Y,A,08,0,0,3,0,0,0,0,0,0,-,-,NA,NA,RIVERSIDE,DESERT HOT SPRINGS,-116.49694009,33.95415003
6470332,2014,2014-07-11,3309,2014-04-22,1322,W256,3309,2,5,4,3309,0,0,0,NA,0,002,AVENUE 45,PALO VERDE AV,0,NA,Y,A,-,N,NA,NA,NA,NA,NA,NA,NA,NA,NA,Y,3,0,1,2,A,-,09,21802,A,N,D,C,A,A,H,-,A,A,0,NA,NA,NA,NA,Y,NA,A,01,0,1,0,0,0,0,0,0,0,-,-,NA,NA,RIVERSIDE,INDIO,-116.21201,33.72221005
6470440,2014,2014-08-02,3311,2014-05-01,1530,15060,NA,4,5,4,3311,0,0,0,NA,0,006,EAST RAMON RD,VELLA RD,78,W,N,A,-,N,NA,NA,NA,NA,NA,NA,NA,NA,NA,N,3,0,2,2,A,-,03,22350,NA,N,C,C,A,A,H,-,A,A,0,NA,NA,NA,NA,Y,NA,A,01,0,1,1,0,0,0,0,0,0,-,-,NA,NA,RIVERSIDE,PALM SPRINGS,-116.49762575,33.81584
6471342,2014,2014-07-11,3300,2014-04-03,1135,N3672,916D,4,5,4,3312,0,0,0,NA,0,035,4TH ST,C ST,0,NA,Y,A,-,N,NA,NA,NA,NA,NA,NA,NA,NA,NA,Y,2,0,1,2,A,-,12,21453,A,N,D,C,A,A,A,-,A,A,0,NA,NA,Y,NA,Y,NA,C,02,1,0,0,0,0,0,0,0,1,-,-,NA,NA,RIVERSIDE,PERRIS,-117.23006003,33.78236011
6471505,2014,2016-04-16,9655,2014-04-26,1820,012408,NA,6,2,9,3300,0,1,3,NA,2,315,RT 79,SCOTT RD,50,N,N,A,-,Y,RIV,8,79,-,R,12.25,H,-,S,N,4,0,1,2,A,-,03,22350,NA,M,C,C,A,A,H,-,A,A,0,NA,NA,NA,NA,Y,NA,D,22,0,0,1,0,0,0,0,0,0,-,-,33.64065,-117.08493,RIVERSIDE,UNINCORPORATED,-117.08479925,33.64009981
6472103,2014,2015-10-12,3309,2014-03-25,1216,420,3309,2,5,4,3309,0,0,0,NA,0,NA,RT 111,LAS PALMAS RD,241,W,N,A,-,N,NA,NA,NA,NA,NA,NA,NA,NA,NA,N,4,0,1,2,A,-,03,22350,NA,N,C,C,A,A,H,-,A,A,0,NA,NA,NA,NA,Y,NA,A,01,0,0,1,0,0,0,0,0,0,-,-,NA,NA,RIVERSIDE,INDIO,-116.23728225,33.71225819
6472963,2014,2014-07-09,3300,2014-03-19,1518,N5539,905F,3,5,4,3307,0,0,0,NA,0,092,N MAIN ST,FLINT ST,214,S,N,A,-,N,NA,NA,NA,NA,NA,NA,NA,NA,NA,N,4,0,1,2,A,-,08,22107,NA,N,C,E,A,A,H,-,A,D,0,NA,NA,NA,Y,Y,NA,D,22,0,0,1,0,0,0,0,0,0,-,-,NA,NA,RIVERSIDE,LAKE ELSINORE,-117.32510473,33.67450462
6474909,2014,2014-07-11,3313,2014-04-06,1643,1629,CTR,7,5,7,3313,0,0,0,NA,0,C320,MAGNOLIA AV,JEFFERSON ST,0,NA,Y,A,-,N,NA,NA,NA,NA,NA,NA,NA,NA,NA,Y,4,0,1,2,A,-,12,21453,A,N,D,C,A,A,H,-,A,A,0,NA,NA,NA,NA,Y,NA,-,NA,0,0,1,0,0,0,0,0,0,-,-,NA,NA,RIVERSIDE,RIVERSIDE,-117.41694008,33.93727004
6475747,2014,2014-07-14,3300,2014-04-15,1350,3365,002K,2,5,6,3345,0,0,0,NA,0,1350,RIVERSIDE DR,ETIWANDA AV,3500,W,N,A,-,N,NA,NA,NA,NA,NA,NA,NA,NA,NA,N,4,0,1,2,A,-,05,21202,A,N,D,G,A,A,H,-,A,D,0,NA,Y,NA,NA,Y,NA,L,04,0,0,1,0,0,0,1,0,0,-,-,NA,NA,RIVERSIDE,JURUPA VALLEY,-117.53506042,34.0175613
6476592,2014,2016-04-16,3309,2014-04-03,1152,180,3309,4,5,4,3309,0,0,0,NA,0,02A,RT 10,MONROE ST,18,W,N,A,-,Y,RIV,8,10,-,R,54.524,R,1,E,N,4,0,1,2,A,-,03,22350,NA,N,C,C,A,A,H,-,A,A,0,NA,NA,NA,NA,Y,NA,D,22,0,0,1,0,0,0,0,0,0,-,-,NA,NA,RIVERSIDE,INDIO,-116.23751639,33.73875032
6479398,2014,2014-07-28,3313,2014-05-07,1407,1523,CENTR,3,5,7,3313,0,0,0,NA,0,T44,MONROE ST,DRIFTWOOD DR,106,N,N,B,-,N,NA,NA,NA,NA,NA,NA,NA,NA,NA,N,4,0,2,2,A,-,03,22350,NA,M,C,C,A,A,H,-,A,A,0,NA,NA,NA,NA,Y,NA,D,22,0,0,2,0,0,0,0,0,0,-,-,NA,NA,RIVERSIDE,RIVERSIDE,-117.44425633,33.94408997
6479410,2014,2014-07-28,3313,2014-05-09,0811,127,CENTE,5,5,7,3313,0,0,0,NA,0,T53,ARLINGTON AV,JEFFERSON ST,50,W,N,A,-,N,NA,NA,NA,NA,NA,NA,NA,NA,NA,N,3,0,1,2,A,-,03,22350,NA,N,C,G,A,A,H,-,A,D,0,NA,Y,NA,NA,Y,NA,D,22,0,1,0,0,0,0,1,0,0,-,-,NA,NA,RIVERSIDE,RIVERSIDE,-117.42424434,33.94602665
6482841,2014,2016-04-16,9840,2014-04-25,1500,13500,NA,5,2,7,3313,0,1,3,NA,2,021,RT 91,ADAMS ST,200,E,N,B,-,Y,RIV,8,91,-,-,15.67,H,-,E,Y,4,0,1,2,A,-,03,22350,NA,N,C,C,A,A,H,-,A,D,1,NA,NA,NA,NA,Y,NA,A,01,0,0,1,0,0,0,0,0,0,-,-,33.92807,-117.41834,RIVERSIDE,RIVERSIDE,-117.41907007,33.92771792
6483648,2014,2014-07-29,3300,2014-05-05,1550,N4218,910K,1,5,5,3335,0,0,0,NA,0,064,RANCHO CALIFORNIA RD,TOWN CENTER DR,0,NA,Y,A,-,N,NA,NA,NA,NA,NA,NA,NA,NA,NA,Y,4,0,2,4,A,-,03,22350,NA,N,C,C,A,A,H,-,A,A,0,NA,NA,NA,NA,Y,NA,D,22,0,0,2,0,0,0,0,0,0,-,-,NA,NA,RIVERSIDE,TEMECULA,-117.1461,33.50459
6485736,2014,2016-02-22,9840,2014-05-12,1700,19242,NA,1,2,9,3300,0,3,5,NA,2,002,GERNERT RD,WATKINS DR,1270,S,N,A,-,N,NA,NA,NA,NA,NA,NA,NA,NA,NA,Y,4,0,1,1,A,-,03,22350,NA,N,E,I,A,A,H,-,A,D,0,NA,NA,NA,NA,Y,NA,D,22,0,0,1,0,0,0,0,0,0,-,-,33.9586,-117.30638,RIVERSIDE,UNINCORPORATED,-117.31026,33.96032
6489266,2014,2016-04-16,9840,2014-05-30,0500,17481,NA,5,3,9,3300,0,1,1,NA,2,022,RT 215,CENTER ST,500,S,N,A,-,Y,RIV,8,215,-,-,44.92,H,-,S,Y,4,0,1,2,A,-,07,21658,A,N,E,I,A,A,D,H,B,D,1,NA,NA,NA,NA,Y,NA,A,01,0,0,1,0,0,0,0,0,0,-,-,NA,NA,RIVERSIDE,UNINCORPORATED,-117.34343754,34.01430762
6491479,2014,2014-07-28,9655,2014-05-05,2140,16442,NA,1,2,9,3300,0,3,5,NA,2,003,YALE ST,ACACIA AV,280,N,N,A,-,N,NA,NA,NA,NA,NA,NA,NA,NA,NA,N,3,0,1,2,A,-,11,21954,A,N,G,B,D,A,H,-,D,D,0,Y,NA,NA,NA,Y,Y,N,60,0,1,0,0,1,0,0,0,0,-,-,33.74489,-116.94992,RIVERSIDE,UNINCORPORATED,-116.9499273,33.74477674
6491530,2014,2016-04-16,9655,2014-05-11,1715,13633,NA,7,2,4,3301,0,1,1,NA,2,204,RT 10,22ND ST,350,W,N,A,-,Y,RIV,8,10,-,R,12.03,H,-,W,Y,4,0,4,2,A,-,03,22350,NA,N,C,C,A,A,H,-,A,D,1,NA,NA,NA,NA,Y,NA,A,01,0,0,4,0,0,0,0,0,0,-,-,33.92433,-116.90319,RIVERSIDE,BANNING,-116.89983293,33.92444522
6495236,2014,2014-07-24,3308,2014-03-22,0031,10251,517,6,5,5,3308,0,0,0,NA,0,NORTH,LATHAM AV,SAN JACINTO ST,204,W,N,A,-,N,NA,NA,NA,NA,NA,NA,NA,NA,NA,Y,4,0,1,1,A,-,01,23152,A,N,E,I,A,A,H,-,C,A,0,NA,NA,NA,NA,Y,Y,D,22,0,0,1,0,0,0,0,0,0,-,-,NA,NA,RIVERSIDE,HEMET,-116.95932876,33.74941
6495897,2014,2015-03-25,9840,2014-06-11,0735,16285,NA,3,1,7,3313,0,1,1,NA,2,023,RT 215,MARTIN LUTHER KING BL,150,N,N,A,-,Y,RIV,8,215,-,-,40.91,H,-,N,N,4,0,1,2,A,-,04,21703,NA,N,C,C,A,A,H,-,A,D,1,NA,NA,NA,NA,Y,NA,A,07,0,0,1,0,0,0,0,0,0,-,-,33.96981,-117.32937,RIVERSIDE,RIVERSIDE,-117.32875816,33.96924894
6496023,2014,2014-08-06,9840,2014-06-06,1055,13874,NA,5,1,9,3300,0,2,4,NA,2,042,MOCKINGBIRD CANYON RD,POUNDERS DR,800,S,N,A,-,N,NA,NA,NA,NA,NA,NA,NA,NA,NA,Y,4,0,1,2,A,-,08,22103,NA,N,B,C,A,A,H,-,A,D,0,NA,NA,NA,NA,Y,NA,A,01,0,0,1,0,0,0,0,0,0,-,-,NA,NA,RIVERSIDE,UNINCORPORATED,-117.38439085,33.86735422
6497249,2014,2016-04-16,9840,2014-05-21,0930,14916,NA,3,1,7,3313,0,1,3,NA,2,021,RT 91,14TH ST,1584,W,N,B,-,Y,RIV,8,91,-,-,19.7,H,-,E,N,4,0,1,1,C,-,18,NA,NA,N,E,J,A,A,D,-,A,D,1,NA,NA,NA,NA,Y,NA,-,-,0,0,1,0,0,0,0,0,0,-,-,33.97014,-117.37529,RIVERSIDE,RIVERSIDE,-117.37567597,33.96992685
6497265,2014,2016-04-16,9840,2014-05-16,1638,20124,NA,5,2,6,3315,0,1,3,NA,2,301,RT 91,GREEN RIVER RD,350,W,N,A,-,Y,RIV,8,91,-,R,0.96,H,-,E,N,4,0,2,2,A,-,03,22350,NA,N,C,C,A,A,H,-,A,D,1,NA,NA,NA,NA,Y,NA,A,01,0,0,2,0,0,0,0,0,0,-,-,33.87876,-117.65951,RIVERSIDE,CORONA,-117.65857342,33.87780114
6497339,2014,2015-07-28,3300,2014-05-22,1540,N4575,506C,4,5,5,3341,0,0,0,NA,0,056,MURRIETA RD,ROUSE RD,0,NA,Y,B,-,N,NA,NA,NA,NA,NA,NA,NA,NA,NA,Y,4,0,1,3,A,-,09,21801,A,N,D,C,A,A,H,-,A,A,0,NA,NA,NA,NA,Y,NA,D,22,0,0,1,0,0,0,0,0,0,-,-,NA,NA,RIVERSIDE,MENIFEE,-117.20624011,33.72877002
6498947,2014,2014-08-01,3300,2014-05-23,1710,4254,NA,5,5,4,3307,0,0,0,NA,0,NA,GREENWALD AV,LONGHORN DR,1056,W,N,A,-,N,NA,NA,NA,NA,NA,NA,NA,NA,NA,Y,4,0,1,1,A,-,08,22107,NA,N,F,J,A,A,H,-,A,D,0,NA,NA,NA,NA,Y,NA,D,22,0,0,1,0,0,0,0,0,0,-,-,NA,NA,RIVERSIDE,LAKE ELSINORE,-117.27769024,33.69752276
6501217,2014,2014-07-28,3300,2014-05-02,1507,3774,NA,5,5,6,3394,0,0,0,NA,0,NA,FIR AV,TULIP TREE RD,0,NA,Y,A,-,N,NA,NA,NA,NA,NA,NA,NA,NA,NA,N,4,0,2,2,A,-,09,21802,A,N,D,C,A,A,H,-,A,A,0,NA,NA,NA,NA,Y,NA,A,01,0,0,2,0,0,0,0,0,0,-,-,NA,NA,RIVERSIDE,MORENO VALLEY,-117.19541012,33.93546011
6503497,2014,2016-04-16,9840,2014-05-24,1518,16342,NA,6,2,6,3315,0,1,3,NA,2,311,RT 91,MCKINLEY ST,1584,W,N,A,-,Y,RIV,8,91,-,-,8.88,H,-,W,Y,3,0,1,2,A,-,03,22350,NA,N,C,C,A,A,H,-,A,D,1,NA,NA,NA,NA,Y,NA,A,01,0,1,0,0,0,0,0,0,0,-,-,33.88404,-117.52954,RIVERSIDE,CORONA,-117.52280143,33.88456127
6503641,2014,2016-04-16,9660,2014-05-25,2155,020724,NA,7,2,9,3300,0,1,2,NA,2,038,RT 95,10TH AV,60,N,N,A,-,Y,SBD,8,95,-,-,1.52,H,-,N,N,3,0,1,1,A,-,08,22107,NA,N,E,I,A,A,H,-,D,D,0,NA,NA,NA,NA,Y,NA,A,08,0,1,0,0,0,0,0,0,0,-,-,33.63293,-114.57126,RIVERSIDE,UNINCORPORATED,-114.49242186,34.09725312
6506896,2014,2014-08-07,3313,2014-06-06,0323,1781,N,5,5,7,3313,0,0,0,NA,0,A139,ORANGE ST,PLACENTIA LN,405,S,N,A,-,N,NA,NA,NA,NA,NA,NA,NA,NA,NA,N,4,0,1,2,A,-,05,21650,1,F,A,G,A,A,H,-,C,D,0,NA,Y,NA,NA,Y,Y,L,04,0,0,1,0,0,0,1,0,0,-,-,NA,NA,RIVERSIDE,RIVERSIDE,-117.35107457,34.0149504
6508930,2014,2016-04-16,9840,2014-05-09,1812,18498,NA,5,2,7,3313,0,1,3,NA,2,020,RT 91,TYLER ST,1800,W,N,A,-,Y,RIV,8,91,-,-,12.7,H,-,E,Y,3,0,2,4,A,-,03,22350,NA,N,C,C,A,A,H,-,A,D,1,NA,NA,NA,NA,Y,NA,A,01,0,1,1,0,0,0,0,0,0,-,-,33.90344,-117.46172,RIVERSIDE,RIVERSIDE,-117.4618476,33.90344746
6509753,2014,2014-08-04,3300,2014-05-06,1700,3212,905F,2,5,4,3307,0,0,0,NA,0,091,AUTO CENTER DR,FRANKLIN ST,0,NA,Y,A,-,N,NA,NA,NA,NA,NA,NA,NA,NA,NA,Y,4,0,1,2,A,-,09,21801,A,N,D,C,A,A,H,-,A,A,0,NA,NA,NA,NA,Y,NA,A,01,0,0,1,0,0,0,0,0,0,-,-,NA,NA,RIVERSIDE,LAKE ELSINORE,-117.30903009,33.66838009
6509830,2014,2016-02-22,9840,2014-05-31,1530,17162,NA,6,2,9,3300,0,3,5,NA,2,003,GRAND AV,PLUMAS ST,30,E,N,A,-,N,NA,NA,NA,NA,NA,NA,NA,NA,NA,Y,4,0,1,1,A,-,08,22107,NA,N,E,I,A,A,H,-,A,A,0,NA,NA,NA,NA,Y,NA,A,07,0,0,1,0,0,0,0,0,0,-,-,33.56456,-117.8709,RIVERSIDE,UNINCORPORATED,-117.3984135,33.67584798
6510539,2014,2016-02-22,3300,2014-05-19,1815,N4218,910M,1,5,5,3335,0,0,0,NA,0,067,TEMECULA PKWY,JEDEDIAH SMITH RD,0,NA,Y,A,-,N,NA,NA,NA,NA,NA,NA,NA,NA,NA,Y,4,0,1,2,A,-,03,22350,NA,N,C,C,A,A,H,-,A,A,0,NA,NA,NA,NA,Y,NA,A,01,0,0,1,0,0,0,0,0,0,-,-,NA,NA,RIVERSIDE,TEMECULA,NA,NA
6510922,2014,2015-03-07,3309,2014-04-02,1051,443,3309,3,5,4,3309,0,0,0,NA,0,003,AVE 48,POWER POLE #T175010,71,W,N,A,-,N,NA,NA,NA,NA,NA,NA,NA,NA,NA,Y,2,0,1,4,A,-,01,23152,A,N,C,C,A,A,H,-,A,A,0,NA,NA,NA,NA,Y,Y,A,07,1,0,0,0,0,0,0,0,0,-,-,NA,NA,RIVERSIDE,INDIO,NA,NA
6511523,2014,2016-04-16,9630,2014-05-30,0648,018811,NA,5,1,9,3300,0,1,3,NA,2,015,RT 62,DILLON RD,2212,W,N,A,-,Y,RIV,8,62,-,R,0.41,H,-,E,N,4,0,1,2,A,-,-,NA,NA,N,B,C,A,A,D,-,A,A,5,NA,NA,NA,Y,Y,NA,A,01,0,0,1,0,0,0,0,0,0,-,-,33.91982,-116.60133,RIVERSIDE,UNINCORPORATED,-116.60137296,33.9196459
6514979,2014,2014-07-09,3300,2014-02-08,1830,4857,NA,6,5,4,3307,0,0,0,NA,0,093,LAKE SHORE DR,GUNNERSON ST,0,NA,Y,A,-,N,NA,NA,NA,NA,NA,NA,NA,NA,NA,Y,3,0,2,3,A,-,03,22350,NA,N,C,C,A,A,H,-,C,D,0,NA,NA,NA,NA,Y,Y,D,22,0,1,1,0,0,0,0,0,0,-,-,NA,NA,RIVERSIDE,LAKE ELSINORE,-117.37127008,33.68743003
6515224,2014,2014-08-09,3311,2014-05-30,1516,15789,3311,5,5,4,3311,0,0,0,NA,0,006,DINAH SHORE DR,S GENE AUTRY TRL,0,NA,Y,A,-,N,NA,NA,NA,NA,NA,NA,NA,NA,NA,N,4,0,1,2,A,-,12,21453,A,N,D,C,A,A,H,-,A,A,0,NA,NA,NA,NA,Y,NA,A,01,0,0,1,0,0,0,0,0,0,-,-,NA,NA,RIVERSIDE,PALM SPRINGS,-116.49293,33.8085801