CASE_ID,ACCIDENT_YEAR,PROC_DATE,JURIS,COLLISION_DATE,COLLISION_TIME,OFFICER_ID,REPORTING_DISTRICT,DAY_OF_WEEK,CHP_SHIFT,POPULATION,CNTY_CITY_LOC,SPECIAL_COND,BEAT_TYPE,CHP_BEAT_TYPE,CITY_DIVISION_LAPD,CHP_BEAT_CLASS,BEAT_NUMBER,PRIMARY_RD,SECONDARY_RD,DISTANCE,DIRECTION,INTERSECTION,WEATHER_1,WEATHER_2,STATE_HWY_IND,CALTRANS_COUNTY,CALTRANS_DISTRICT,STATE_ROUTE,ROUTE_SUFFIX,POSTMILE_PREFIX,POSTMILE,LOCATION_TYPE,RAMP_INTERSECTION,SIDE_OF_HWY,TOW_AWAY,COLLISION_SEVERITY,NUMBER_KILLED,NUMBER_INJURED,PARTY_COUNT,PRIMARY_COLL_FACTOR,PCF_CODE_OF_VIOL,PCF_VIOL_CATEGORY,PCF_VIOLATION,PCF_VIOL_SUBSECTION,HIT_AND_RUN,TYPE_OF_COLLISION,MVIW,PED_ACTION,ROAD_SURFACE,ROAD_COND_1,ROAD_COND_2,LIGHTING,CONTROL_DEVICE,CHP_ROAD_TYPE,PEDESTRIAN_ACCIDENT,BICYCLE_ACCIDENT,MOTORCYCLE_ACCIDENT,TRUCK_ACCIDENT,NOT_PRIVATE_PROPERTY,ALCOHOL_INVOLVED,STWD_VEHTYPE_AT_FAULT,CHP_VEHTYPE_AT_FAULT,COUNT_SEVERE_INJ,COUNT_VISIBLE_INJ,COUNT_COMPLAINT_PAIN,COUNT_PED_KILLED,COUNT_PED_INJURED,COUNT_BICYCLIST_KILLED,COUNT_BICYCLIST_INJURED,COUNT_MC_KILLED,COUNT_MC_INJURED,PRIMARY_RAMP,SECONDARY_RAMP,LATITUDE,LONGITUDE,COUNTY,CITY,POINT_X,POINT_Y
81471545,2021,2021-05-12,3342,2021-04-19,0652,898,341,1,5,4,3342,0,0,0,NA,0,003,CLINTON KEITH RD,MURRIETA OAKS AVE (W),196,E,N,A,-,N,NA,NA,NA,NA,NA,NA,NA,NA,NA,Y,4,0,1,4,A,-,07,21658,A,N,B,C,A,A,H,-,A,A,0,NA,NA,NA,Y,Y,NA,F,26,0,0,1,0,0,0,0,0,0,-,-,33.59663009643555,-117.18670654296876,RIVERSIDE,MURRIETA,-117.18609619140624,33.59662628173828
81472064,2021,2021-05-13,3311,2021-04-09,1601,15397,NA,5,5,4,3311,0,0,0,NA,0,004,GENE AUTRY TRAIL,SALVIA ROAD,1600,S,N,A,-,N,NA,NA,NA,NA,NA,NA,NA,NA,NA,N,4,0,1,2,A,-,08,22100,B,N,D,C,A,A,H,-,A,D,0,NA,NA,NA,NA,Y,NA,A,01,0,0,1,0,0,0,0,0,0,-,-,33.87733840942383,-116.5049285888672,RIVERSIDE,PALM SPRINGS,-116.50577545166016,33.872684478759766
81473161,2021,2021-05-14,3300,2021-05-10,1529,4767,916D,1,5,4,3312,0,0,0,NA,0,031,RAMONA EXPY,INDIAN ST,0,NA,Y,A,-,N,NA,NA,NA,NA,NA,NA,NA,NA,NA,N,3,0,1,2,A,-,05,21202,A,N,D,G,A,A,H,-,A,A,0,NA,Y,NA,NA,Y,NA,L,04,0,1,0,0,0,0,1,0,0,-,-,33.84461975097656,-117.23403930664063,RIVERSIDE,PERRIS,-117.23049926757813,33.844482421875
81473170,2021,2021-05-14,3300,2021-05-11,1526,5228,910H,2,5,5,3335,0,0,0,NA,0,063,SOUTH GENERAL KEARNY RD,LA SERENA WY,278,E,N,A,-,N,NA,NA,NA,NA,NA,NA,NA,NA,NA,Y,4,0,1,1,A,-,01,23152,F,N,E,I,A,A,H,-,A,D,0,NA,NA,NA,NA,Y,NA,D,22,0,0,1,0,0,0,0,0,0,-,-,33.5159797668457,-117.12177276611328,RIVERSIDE,TEMECULA,-117.12113189697266,33.51581573486328
81474235,2021,2021-05-17,3300,2021-04-08,0314,N4809,920C,4,5,4,3314,0,0,0,NA,0,070,STATE ST,7TH ST,492,N,N,A,-,N,NA,NA,NA,NA,NA,NA,NA,NA,NA,Y,4,0,1,1,A,-,08,22107,NA,N,E,I,A,A,H,-,C,D,0,NA,NA,NA,NA,Y,NA,A,01,0,0,1,0,0,0,0,0,0,-,-,33.780208587646484,-116.9718780517578,RIVERSIDE,SAN JACINTO,-116.9719009399414,33.78153610229492
81478498,2021,2021-05-21,3300,2021-04-23,0809,4071,602 Z,5,5,6,3394,0,0,0,NA,0,MV22,DAY ST,CAMPUS PKWY,0,NA,Y,A,-,N,NA,NA,NA,NA,NA,NA,NA,NA,NA,N,3,0,1,2,A,-,12,21453,A,N,D,G,A,A,H,-,A,A,0,NA,Y,NA,NA,Y,NA,L,04,0,1,0,0,0,0,1,0,0,-,-,33.937889099121094,-117.27866363525392,RIVERSIDE,MORENO VALLEY,-117.27873229980467,33.937496185302734
8148090,2016,2016-10-19,3300,2016-09-27,0945,N1673,36Q3,2,5,4,3318,0,0,0,NA,0,T36,FRED WARING DR,MONTEREY AV,128,E,N,B,-,N,NA,NA,NA,NA,NA,NA,NA,NA,NA,Y,3,0,1,2,A,-,07,21658,A,N,D,C,A,A,H,-,A,A,0,NA,NA,NA,NA,Y,NA,A,07,0,1,0,0,0,0,0,0,0,-,-,NA,NA,RIVERSIDE,PALM DESERT,-116.39083128,33.72864418
81489306,2021,2021-06-04,3315,2021-05-31,1542,11119,3H,1,5,6,3315,0,0,0,NA,0,002,SIXTH ST,RIMPAU AV,385,E,N,A,-,N,NA,NA,NA,NA,NA,NA,NA,NA,NA,Y,4,0,1,2,A,-,03,22350,NA,N,C,C,A,A,H,-,A,A,0,NA,NA,NA,NA,Y,NA,A,01,0,0,1,0,0,0,0,0,0,-,-,NA,NA,RIVERSIDE,CORONA,-117.55136871337892,33.87456130981445
8149091,2016,2016-10-19,3315,2016-10-08,2003,003035,93,6,5,6,3315,0,0,0,NA,0,002,N MCKINLEY ST,STONERIDGE DR,5,N,N,A,-,N,NA,NA,NA,NA,NA,NA,NA,NA,NA,Y,4,0,2,2,A,-,03,22350,NA,N,C,C,A,A,H,-,C,B,0,NA,NA,NA,NA,Y,NA,-,NA,0,0,2,0,0,0,0,0,0,-,-,NA,NA,RIVERSIDE,CORONA,-117.52318944,33.89274121
81493604,2021,2021-06-10,3342,2021-02-07,0721,898,285,7,5,4,3342,0,0,0,NA,0,002,MONROE AVE,SUNFLOWER RD,32,S,N,A,-,N,NA,NA,NA,NA,NA,NA,NA,NA,NA,N,1,1,0,2,A,-,11,21954,A,N,G,B,D,A,H,-,A,A,0,Y,NA,NA,Y,Y,NA,N,60,0,0,0,1,0,0,0,0,0,-,-,33.56787109375,-117.20407104492188,RIVERSIDE,MURRIETA,-117.20392608642578,33.568336486816406
81495427,2021,2021-06-14,3300,2021-06-08,1719,3536,603 C,2,5,6,3394,0,0,0,NA,0,MV36,PERRIS BLVD,BRODIAEA AVE,442,S,N,A,-,N,NA,NA,NA,NA,NA,NA,NA,NA,NA,Y,4,0,1,2,A,-,05,21651,A,N,D,C,A,A,H,-,A,D,0,NA,NA,NA,NA,Y,NA,A,01,0,0,1,0,0,0,0,0,0,-,-,33.91352081298828,-117.22637176513672,RIVERSIDE,MORENO VALLEY,-117.22633361816406,33.912410736083984
81495490,2021,2021-06-14,3342,2021-05-20,0806,175,669,4,5,4,3342,0,0,0,NA,0,006,TORREY PINES RD,SILVER OAK DR,0,NA,Y,A,-,N,NA,NA,NA,NA,NA,NA,NA,NA,NA,N,3,0,1,2,A,-,09,21801,A,N,D,C,A,A,H,-,A,A,0,NA,NA,NA,NA,Y,NA,A,07,0,1,0,0,0,0,0,0,0,-,-,33.55065155029297,-117.15290069580078,RIVERSIDE,MURRIETA,-117.152943,33.550665
81495730,2021,2021-06-14,3300,2021-05-29,0945,N4508,920H,6,5,4,3314,0,0,0,NA,0,074,SAN JACINTO AVE,SHAVER ST,0,NA,Y,A,-,N,NA,NA,NA,NA,NA,NA,NA,NA,NA,N,4,0,1,2,A,-,09,21802,A,N,D,C,A,A,H,-,A,A,0,NA,NA,NA,NA,Y,NA,A,01,0,0,1,0,0,0,0,0,0,-,-,33.77779006958008,-116.95889282226563,RIVERSIDE,SAN JACINTO,-116.95883941650392,33.77773666381836
8149742,2016,2016-12-13,3300,2016-10-08,0650,5372,LAQUI,6,5,3,3392,0,0,0,NA,0,044,MADISON ST,AVE 52,0,NA,Y,A,-,N,NA,NA,NA,NA,NA,NA,NA,NA,NA,Y,3,0,1,1,A,-,01,23152,A,N,E,A,A,A,H,-,A,D,0,NA,NA,NA,NA,Y,Y,A,01,0,1,0,0,0,0,0,0,0,-,-,NA,NA,RIVERSIDE,LA QUINTA,-116.25137,33.67097006
81497889,2021,2021-06-16,3300,2021-05-28,1500,N6910,NA,5,5,6,3345,0,0,0,NA,0,010,MARKET ST,VIA CERRO,540,S,N,A,-,N,NA,NA,NA,NA,NA,NA,NA,NA,NA,N,4,0,1,3,A,-,03,22350,NA,N,C,C,A,A,H,-,A,A,0,NA,NA,NA,NA,Y,NA,A,01,0,0,1,0,0,0,0,0,0,-,-,34.01165008544922,-117.38340759277344,RIVERSIDE,JURUPA VALLEY,-117.38275909423828,34.010528564453125
81498027,2021,2021-06-16,3300,2021-05-26,1455,N5101,85B1,3,5,3,3305,0,0,0,NA,0,Y85,FILLMORE ST,52ND AV,7,S,N,A,-,N,NA,NA,NA,NA,NA,NA,NA,NA,NA,Y,4,0,2,2,A,-,09,21802,A,N,D,C,A,A,H,-,A,A,0,NA,NA,NA,NA,Y,NA,A,01,0,0,2,0,0,0,0,0,0,-,-,33.671260833740234,-116.12931060791016,RIVERSIDE,COACHELLA,-116.12931060791016,33.67115020751953
81499052,2021,2021-06-17,3349,2021-04-21,1700,369,NA,3,5,5,3341,0,0,0,NA,0,001,MENIFEE RD,NEWPORT RD,0,NA,Y,A,-,N,NA,NA,NA,NA,NA,NA,NA,NA,NA,N,4,0,2,3,A,-,07,21658,A,N,C,C,A,A,H,-,A,A,0,NA,NA,NA,NA,Y,NA,A,01,0,0,2,0,0,0,0,0,0,-,-,33.68513870239258,-117.15380096435548,RIVERSIDE,MENIFEE,-117.15380859375,33.685001373291016
81499953,2021,2021-06-18,3300,2021-06-14,1249,5743,916A,1,5,4,3312,0,0,0,NA,0,031,PERRIS BL,ORANGE AV,75,S,N,A,-,N,NA,NA,NA,NA,NA,NA,NA,NA,NA,N,4,0,1,2,A,-,03,22350,NA,N,C,C,A,A,H,-,A,A,0,NA,NA,NA,NA,Y,NA,A,01,0,0,1,0,0,0,0,0,0,-,-,33.81560134887695,-117.22572326660156,RIVERSIDE,PERRIS,-117.22611236572266,33.81539535522461
81501004,2021,2021-06-21,3315,2021-06-18,1759,003146,NA,5,5,6,3315,0,0,0,NA,0,NA,BUENA VISTA AV,BOLLERO PL,0,NA,Y,A,-,N,NA,NA,NA,NA,NA,NA,NA,NA,NA,N,4,0,3,2,A,-,09,21804,A,N,D,C,A,A,H,-,A,D,0,NA,NA,NA,NA,Y,NA,A,01,0,0,3,0,0,0,0,0,0,-,-,33.881690979003906,-117.57682800292967,RIVERSIDE,CORONA,-117.5768814086914,33.881614685058594
81503546,2021,2021-06-23,3349,2021-05-07,1700,343,NA,5,5,5,3341,0,0,0,NA,0,001,MCCALL BLVD,ENCANTO DR,133,E,N,A,-,N,NA,NA,NA,NA,NA,NA,NA,NA,NA,Y,2,0,1,2,A,-,09,21804,A,N,D,C,A,A,H,-,A,D,0,NA,NA,Y,NA,Y,NA,A,01,1,0,0,0,0,0,0,0,1,-,-,NA,NA,RIVERSIDE,MENIFEE,-117.185546875,33.7150993347168
81504727,2021,2021-06-24,3300,2021-05-29,1319,4201,905L,6,5,4,3307,0,0,0,NA,0,093,RIVERSIDE DR,LAKESIDE HS STADIUM WAY,0,NA,Y,A,-,N,NA,NA,NA,NA,NA,NA,NA,NA,NA,N,4,0,1,2,A,-,03,22350,NA,N,C,C,A,A,H,-,A,A,0,NA,NA,NA,NA,Y,NA,D,22,0,0,1,0,0,0,0,0,0,-,-,NA,NA,RIVERSIDE,LAKE ELSINORE,-117.3820571899414,33.667362213134766
81507053,2021,2021-06-28,3300,2021-06-23,0815,3491,910M,3,5,5,3335,0,0,0,NA,0,TE-93,PAUBA RD,MEADOWS PKY,0,NA,Y,B,-,N,NA,NA,NA,NA,NA,NA,NA,NA,NA,Y,4,0,1,3,A,-,12,21453,A,N,A,C,A,A,H,-,A,A,0,NA,NA,NA,NA,Y,NA,D,22,0,0,1,0,0,0,0,0,0,-,-,33.506351470947266,-117.09638214111328,RIVERSIDE,TEMECULA,-117.09622192382813,33.5063591003418
81509388,2021,2021-06-30,3311,2021-05-30,2244,16086,NA,7,5,4,3311,0,0,0,NA,0,NA,INDIAN CANYON DRIVE N,AMADO ROAD,0,NA,Y,A,-,Y,NA,NA,NA,NA,NA,NA,NA,NA,NA,Y,4,0,2,2,A,-,09,21801,A,N,B,C,A,A,H,-,C,A,0,NA,NA,NA,NA,Y,NA,A,01,0,0,2,0,0,0,0,0,0,-,-,33.82667922973633,-116.54563903808594,RIVERSIDE,PALM SPRINGS,-116.54557800292967,33.82670593261719
81509499,2021,2021-06-30,3315,2021-06-28,0538,10819,4B,1,5,6,3315,0,0,0,NA,0,004,OLIVE ST,BUENA VISTA AV,310,W,N,A,-,N,NA,NA,NA,NA,NA,NA,NA,NA,NA,Y,4,0,1,2,A,-,08,22107,NA,N,B,C,A,A,H,-,A,D,0,NA,NA,NA,NA,Y,NA,A,01,0,0,1,0,0,0,0,0,0,-,-,33.869140625,-117.57874298095705,RIVERSIDE,CORONA,-117.57981872558594,33.86924743652344
81510464,2021,2021-07-01,3300,2021-06-04,1453,4850,601 Z,5,5,6,3394,0,0,0,NA,0,MV14,IRONWOOD AVE,DAY ST,285,E,N,A,-,N,NA,NA,NA,NA,NA,NA,NA,NA,NA,Y,4,0,2,5,A,-,03,22350,NA,N,C,C,A,A,H,-,A,A,0,NA,NA,NA,NA,Y,NA,A,01,0,0,2,0,0,0,0,0,0,-,-,33.94657897949219,-117.27899932861328,RIVERSIDE,MORENO VALLEY,-117.27806091308594,33.94660186767578
81511556,2021,2021-07-02,3300,2021-06-26,1447,4713,910C,6,5,5,3335,0,0,0,NA,0,063,RORIPAUGH MEADOWS RD,POLO CREEK DR,0,NA,Y,A,-,Y,NA,NA,NA,NA,NA,NA,NA,NA,NA,Y,3,0,1,1,A,-,03,22350,NA,N,E,I,A,A,H,-,A,A,0,NA,NA,NA,NA,Y,NA,A,07,0,1,0,0,0,0,0,0,0,-,-,33.552940368652344,-117.11077880859376,RIVERSIDE,TEMECULA,-117.11087799072266,33.55289840698242
81511571,2021,2021-07-02,3300,2021-06-28,1221,N4883,002U,1,5,6,3345,0,0,0,NA,0,024,LIMONITE AV,BAIN ST,242,E,N,A,-,N,NA,NA,NA,NA,NA,NA,NA,NA,NA,Y,4,0,4,2,A,-,03,22350,NA,N,C,C,A,A,H,-,A,D,0,NA,NA,NA,NA,Y,NA,A,01,0,0,4,0,0,0,0,0,0,-,-,33.97528076171875,-117.50599670410156,RIVERSIDE,JURUPA VALLEY,-117.5050811767578,33.975341796875
81511681,2021,2021-07-02,3342,2021-06-12,1115,1089,621,6,5,4,3342,0,0,0,NA,0,006,SHADY MAPLE RD,SWEET MAGNOLIA WAY,242,N,N,A,-,N,NA,NA,NA,NA,NA,NA,NA,NA,NA,Y,2,0,2,2,A,-,09,21804,A,N,D,C,A,A,H,-,A,D,0,NA,NA,NA,NA,Y,NA,A,08,1,0,1,0,0,0,0,0,0,-,-,33.57046127319336,-117.13836669921876,RIVERSIDE,MURRIETA,-117.13864135742188,33.571048736572266
81513076,2021,2021-07-06,3300,2021-06-22,1717,N4809,920F,2,5,4,3314,0,0,0,NA,0,072,RAMONA EXPY,LAKE PARK DR,1478,N,N,F,-,N,NA,NA,NA,NA,NA,NA,NA,NA,NA,Y,4,0,2,3,A,-,03,22350,NA,N,C,C,A,A,H,-,A,D,0,NA,NA,NA,NA,Y,NA,D,22,0,0,2,0,0,0,0,0,0,-,-,33.78438949584961,-116.93733978271484,RIVERSIDE,SAN JACINTO,-116.93824768066406,33.788272857666016
8151363,2016,2016-10-25,3300,2016-09-01,1700,4071,602A7,4,5,6,3394,0,0,0,NA,0,MV22,ALESSANDRO BL,VETERANS WAY,0,NA,Y,A,-,N,NA,NA,NA,NA,NA,NA,NA,NA,NA,N,4,0,1,2,A,-,03,22350,NA,N,C,C,A,A,H,-,A,A,0,NA,NA,NA,NA,Y,NA,A,01,0,0,1,0,0,0,0,0,0,-,-,33.91712,-117.26695,RIVERSIDE,MORENO VALLEY,-117.26678003,33.91717007
81514044,2021,2021-07-07,3300,2021-06-18,1247,3764,916A,5,5,4,3312,0,0,0,NA,0,031,PERRIS BL,RIDER ST,0,NA,Y,A,-,N,NA,NA,NA,NA,NA,NA,NA,NA,NA,Y,3,0,1,3,A,-,08,22107,NA,N,B,C,A,A,H,-,A,A,0,NA,NA,NA,NA,Y,NA,A,01,0,1,0,0,0,0,0,0,0,-,-,33.83012008666992,-117.22614288330078,RIVERSIDE,PERRIS,-117.22607421875,33.830081939697266
81514054,2021,2021-07-07,3300,2021-07-01,1750,4546,910H,4,5,5,3335,0,0,0,NA,0,062,RANCHO CALIFORNIA RD,YUKON RD,0,NA,Y,A,-,N,NA,NA,NA,NA,NA,NA,NA,NA,NA,Y,3,0,1,2,A,-,03,22350,NA,N,C,C,A,A,H,-,A,A,0,NA,NA,NA,NA,Y,NA,D,22,0,1,0,0,0,0,0,0,0,-,-,33.50843048095703,-117.12850952148438,RIVERSIDE,TEMECULA,-117.12841796875,33.5086555480957
81517522,2021,2021-07-12,3300,2021-07-09,1357,4657,901B,5,5,4,3310,0,0,0,NA,0,050,6TH ST,TEMESCAL AV,52,W,N,A,-,N,NA,NA,NA,NA,NA,NA,NA,NA,NA,Y,4,0,1,2,A,-,03,22350,NA,N,C,C,A,A,H,-,A,A,0,NA,NA,NA,NA,Y,NA,A,07,0,0,1,0,0,0,0,0,0,-,-,33.938480377197266,-117.5412826538086,RIVERSIDE,NORCO,-117.54134368896484,33.938411712646484
81518632,2021,2021-07-13,3315,2021-07-08,2056,003152,14C,4,5,6,3315,0,0,0,NA,0,004,LINCOLN AV,MOUNTAIN GATE DR,0,NA,Y,A,-,N,NA,NA,NA,NA,NA,NA,NA,NA,NA,N,3,0,2,2,A,-,09,21801,A,N,A,C,A,A,H,-,C,A,0,NA,NA,NA,NA,Y,NA,A,01,0,1,1,0,0,0,0,0,0,-,-,NA,NA,RIVERSIDE,CORONA,-117.58477020263672,33.838417053222656
81521561,2021,2021-07-16,3300,2021-07-14,1720,5677,916A,3,5,4,3312,0,0,0,NA,0,031,HARLEY KNOX BL,INDIAN AV,0,NA,Y,A,-,Y,NA,NA,NA,NA,NA,NA,NA,NA,NA,Y,4,0,5,3,A,-,12,21453,A,N,D,C,A,A,H,-,A,A,0,NA,NA,NA,Y,Y,NA,A,01,0,0,5,0,0,0,0,0,0,-,-,33.857330322265625,-117.23454284667967,RIVERSIDE,PERRIS,-117.23484802246094,33.85722732543945
81522968,2021,2021-07-19,3315,2021-07-12,0228,004192,10D,1,5,6,3315,0,0,0,NA,0,002,SIXTH ST,PROMENADE AV,583,W,N,A,-,N,NA,NA,NA,NA,NA,NA,NA,NA,NA,N,2,0,1,1,A,-,08,22107,NA,N,E,I,A,A,H,-,C,D,0,NA,NA,NA,NA,Y,NA,A,01,1,0,0,0,0,0,0,0,0,-,-,NA,NA,RIVERSIDE,CORONA,-117.53399658203124,33.87385940551758
81527170,2021,2021-07-23,3315,2021-07-22,0826,001641,NA,4,5,6,3315,0,0,0,NA,0,NA,MAIN ST,GRAND BL N,0,NA,Y,A,-,N,NA,NA,NA,NA,NA,NA,NA,NA,NA,N,3,0,1,2,A,-,12,21453,A,N,D,C,A,A,H,-,A,A,0,NA,NA,NA,NA,Y,NA,A,01,0,1,0,0,0,0,0,0,0,-,-,NA,NA,RIVERSIDE,CORONA,-117.5673599243164,33.869041442871094
8152775,2016,2016-10-27,3313,2016-10-05,1840,1805,E,3,5,7,3313,0,0,0,NA,0,T45,VINE ST,UNIVERSITY AV,1165,S,N,A,-,N,NA,NA,NA,NA,NA,NA,NA,NA,NA,Y,4,0,1,2,A,-,09,21801,NA,N,A,C,A,A,H,-,C,D,0,NA,NA,NA,NA,Y,NA,A,01,0,0,1,0,0,0,0,0,0,-,-,33.97929,-117.36856,RIVERSIDE,RIVERSIDE,-117.37060698,33.97643953
81528278,2021,2021-07-26,3315,2021-07-17,2329,003434,4A,6,5,6,3315,0,0,0,NA,0,004,VIA PACIFICA,MAHOGANY ST,211,N,N,A,-,N,NA,NA,NA,NA,NA,NA,NA,NA,NA,Y,2,0,1,1,A,-,08,22107,NA,N,E,I,A,A,H,-,C,D,0,NA,NA,NA,NA,Y,NA,A,01,1,0,0,0,0,0,0,0,0,-,-,33.86439895629883,-117.59367370605467,RIVERSIDE,CORONA,-117.59375762939452,33.864925384521484
81529242,2021,2021-07-27,3300,2021-07-12,1440,3343,002T,1,5,6,3345,0,0,0,NA,0,024,GENERAL RD,CLAY ST,225,E,N,A,-,N,NA,NA,NA,NA,NA,NA,NA,NA,NA,Y,4,0,1,2,A,-,08,22107,NA,N,D,C,A,A,H,-,A,D,0,NA,NA,NA,NA,Y,NA,A,01,0,0,1,0,0,0,0,0,0,-,-,33.966861724853516,-117.46234130859376,RIVERSIDE,JURUPA VALLEY,-117.46218872070313,33.967838287353516
81530228,2021,2021-07-28,3311,2021-07-03,1156,15621,DESER,6,5,4,3311,0,0,0,NA,0,001,INDIAN CANYON DRIVE N,20TH AVENUE,68,S,N,A,-,N,NA,NA,NA,NA,NA,NA,NA,NA,NA,N,3,0,1,2,A,-,03,22350,NA,N,C,C,A,A,H,-,A,A,0,NA,NA,Y,NA,Y,Y,C,02,0,1,0,0,0,0,0,0,1,-,-,NA,NA,RIVERSIDE,PALM SPRINGS,-116.54530334472656,33.90623474121094
81530319,2021,2021-07-28,3315,2021-07-26,1737,002235,2E,1,5,6,3315,0,0,0,NA,0,002,CRESTA RD,TERMINO AV,335,E,N,A,-,N,NA,NA,NA,NA,NA,NA,NA,NA,NA,Y,4,0,1,1,A,-,08,22107,NA,N,E,I,A,A,H,-,A,D,0,NA,NA,NA,NA,Y,NA,A,07,0,0,1,0,0,0,0,0,0,-,-,33.88378143310547,-117.5464324951172,RIVERSIDE,CORONA,-117.5453872680664,33.88351821899414
81531218,2021,2021-07-29,3300,2021-06-07,2018,5029,602 E,1,5,6,3394,0,0,0,NA,0,MV28,MORENO BEACH DR,JUNIPER AVE,750,N,N,A,-,N,NA,NA,NA,NA,NA,NA,NA,NA,NA,N,2,0,1,2,A,-,08,22107,NA,N,C,E,A,A,H,-,B,D,0,NA,NA,NA,NA,Y,NA,A,01,1,0,0,0,0,0,0,0,0,-,-,33.949989318847656,-117.17841339111328,RIVERSIDE,MORENO VALLEY,-117.17848205566406,33.95205307006836
81534023,2021,2021-08-02,3306,2021-03-11,0828,749,3306,4,5,3,3306,0,0,0,NA,0,NA,GRANADA AVE,MESQUITE AVE,0,NA,Y,A,-,N,NA,NA,NA,NA,NA,NA,NA,NA,NA,N,4,0,1,2,A,-,09,21802,A,N,D,C,A,A,H,-,A,A,0,NA,NA,NA,NA,Y,NA,A,01,0,0,1,0,0,0,0,0,0,-,-,NA,NA,RIVERSIDE,DESERT HOT SPRINGS,-116.49694061279295,33.955047607421875
81535273,2021,2021-08-03,3300,2021-07-31,0601,4323,910A,6,5,5,3335,0,0,0,NA,0,062,WINCHESTER ROAD,RUSTIC GLEN,13,S,N,B,-,N,NA,NA,NA,NA,NA,NA,NA,NA,NA,Y,4,0,1,1,A,-,08,22107,NA,N,E,I,A,A,H,-,A,A,0,NA,NA,NA,NA,Y,NA,A,01,0,0,1,0,0,0,0,0,0,-,-,NA,NA,RIVERSIDE,TEMECULA,-117.14376068115234,33.54271697998047
81535392,2021,2021-08-03,3315,2021-08-01,1648,003812,NA,7,5,6,3315,0,0,0,NA,0,NA,RIVER RD,KALUS ST,0,NA,Y,-,-,N,NA,NA,NA,NA,NA,NA,NA,NA,NA,Y,4,0,2,2,A,-,09,21802,A,N,D,C,A,A,H,-,A,D,0,NA,NA,NA,NA,Y,NA,A,01,0,0,2,0,0,0,0,0,0,-,-,33.89459991455078,-117.57048797607422,RIVERSIDE,CORONA,-117.57035064697266,33.89455795288086
81536234,2021,2021-08-04,3300,2021-07-28,0516,N4883,002C,3,5,6,3345,0,0,0,NA,0,020,PEDLEY RD,MISSION BL,27,N,N,A,-,N,NA,NA,NA,NA,NA,NA,NA,NA,NA,N,4,0,1,2,A,-,08,22107,NA,N,B,C,A,A,H,-,C,A,0,NA,NA,NA,NA,Y,NA,D,22,0,0,1,0,0,0,0,0,0,-,-,34.010528564453125,-117.47438049316406,RIVERSIDE,JURUPA VALLEY,-117.47541809082033,34.01185989379883
81536403,2021,2021-08-04,3315,2021-07-30,1400,11119,1A,5,5,6,3315,0,0,0,NA,0,001,SMITH AV,MAPLE ST,0,NA,Y,A,-,N,NA,NA,NA,NA,NA,NA,NA,NA,NA,Y,4,0,1,2,A,-,09,21802,A,N,D,C,A,A,H,-,A,A,0,NA,NA,NA,NA,Y,NA,A,01,0,0,1,0,0,0,0,0,0,-,-,33.88908004760742,-117.59274291992188,RIVERSIDE,CORONA,-117.5927734375,33.88908767700195
8153758,2016,2017-05-26,3300,2016-10-10,2245,3212,920G,1,5,4,3314,0,0,0,NA,0,072,SOUTH SAN JACINTO,MENLO AV,500,N,N,A,-,N,NA,NA,NA,NA,NA,NA,NA,NA,NA,N,1,1,0,2,A,-,11,21956,NA,F,-,B,E,A,H,-,C,A,0,Y,NA,NA,NA,Y,NA,N,60,0,0,0,1,0,0,0,0,0,-,-,NA,NA,RIVERSIDE,SAN JACINTO,-116.95871792,33.75984913
81540870,2021,2021-08-10,3300,2021-07-23,1257,4713,910M,5,5,5,3335,0,0,0,NA,0,067,MARGARITA RD,DE PORTOLA RD,210,S,N,A,-,N,NA,NA,NA,NA,NA,NA,NA,NA,NA,N,4,0,1,2,A,-,07,21658,A,N,B,C,A,A,H,-,A,D,0,NA,NA,NA,NA,Y,NA,A,01,0,0,1,0,0,0,0,0,0,-,-,33.48398971557617,-117.10285186767578,RIVERSIDE,TEMECULA,-117.102783203125,33.48355484008789
81540910,2021,2021-08-10,3300,2021-08-03,1404,N6519,602 E,2,5,6,3394,0,0,0,NA,0,MV28,PERRIS BLVD,EUCALYPTUS AVE,176,S,N,A,-,N,NA,NA,NA,NA,NA,NA,NA,NA,NA,N,4,0,1,2,A,-,21,22106,NA,N,A,C,A,A,H,-,A,D,0,NA,NA,NA,NA,Y,NA,A,01,0,0,1,0,0,0,0,0,0,-,-,33.93186950683594,-117.22621917724608,RIVERSIDE,MORENO VALLEY,-117.22628784179688,33.931297302246094
81541001,2021,2021-08-10,3349,2021-07-20,0616,389,NA,2,5,5,3341,0,0,0,NA,0,001,MCCALL BLVD,HERITAGE LAKE DR (E),8,E,N,A,-,N,NA,NA,NA,NA,NA,NA,NA,NA,NA,N,3,0,1,2,A,-,12,21453,A,N,D,C,A,A,H,-,A,A,0,NA,NA,Y,NA,Y,NA,A,01,0,1,0,0,0,0,0,0,1,-,-,33.71799850463867,-117.14041900634766,RIVERSIDE,MENIFEE,-117.14983367919922,33.72134780883789