CASE_ID,ACCIDENT_YEAR,PROC_DATE,JURIS,COLLISION_DATE,COLLISION_TIME,OFFICER_ID,REPORTING_DISTRICT,DAY_OF_WEEK,CHP_SHIFT,POPULATION,CNTY_CITY_LOC,SPECIAL_COND,BEAT_TYPE,CHP_BEAT_TYPE,CITY_DIVISION_LAPD,CHP_BEAT_CLASS,BEAT_NUMBER,PRIMARY_RD,SECONDARY_RD,DISTANCE,DIRECTION,INTERSECTION,WEATHER_1,WEATHER_2,STATE_HWY_IND,CALTRANS_COUNTY,CALTRANS_DISTRICT,STATE_ROUTE,ROUTE_SUFFIX,POSTMILE_PREFIX,POSTMILE,LOCATION_TYPE,RAMP_INTERSECTION,SIDE_OF_HWY,TOW_AWAY,COLLISION_SEVERITY,NUMBER_KILLED,NUMBER_INJURED,PARTY_COUNT,PRIMARY_COLL_FACTOR,PCF_CODE_OF_VIOL,PCF_VIOL_CATEGORY,PCF_VIOLATION,PCF_VIOL_SUBSECTION,HIT_AND_RUN,TYPE_OF_COLLISION,MVIW,PED_ACTION,ROAD_SURFACE,ROAD_COND_1,ROAD_COND_2,LIGHTING,CONTROL_DEVICE,CHP_ROAD_TYPE,PEDESTRIAN_ACCIDENT,BICYCLE_ACCIDENT,MOTORCYCLE_ACCIDENT,TRUCK_ACCIDENT,NOT_PRIVATE_PROPERTY,ALCOHOL_INVOLVED,STWD_VEHTYPE_AT_FAULT,CHP_VEHTYPE_AT_FAULT,COUNT_SEVERE_INJ,COUNT_VISIBLE_INJ,COUNT_COMPLAINT_PAIN,COUNT_PED_KILLED,COUNT_PED_INJURED,COUNT_BICYCLIST_KILLED,COUNT_BICYCLIST_INJURED,COUNT_MC_KILLED,COUNT_MC_INJURED,PRIMARY_RAMP,SECONDARY_RAMP,LATITUDE,LONGITUDE,COUNTY,CITY,POINT_X,POINT_Y
81995677,2023,2023-02-16,3300,2023-02-12,2300,4867,603 D,7,5,6,3394,0,0,0,NA,0,MV38,LASSELLE ST,AVENIDA ESPALDAR,217,S,N,A,-,N,NA,NA,NA,NA,NA,NA,NA,NA,NA,Y,3,0,1,1,A,-,01,23152,A,N,E,I,A,A,H,-,C,D,0,NA,NA,NA,NA,Y,Y,D,22,0,1,0,0,0,0,0,0,0,-,-,33.86737823486328,-117.21013641357422,RIVERSIDE,MORENO VALLEY,-117.21003723144533,33.8668098449707
81997625,2023,2023-02-20,3300,2023-02-15,2344,N3765,30E1,3,5,4,3318,0,0,0,NA,0,1T371,HWY 111,SAN PABLO AVE,175,E,N,A,-,N,NA,NA,NA,NA,NA,NA,NA,NA,NA,Y,3,0,3,2,A,-,01,23152,F,F,C,C,A,A,H,-,C,A,0,NA,NA,NA,NA,Y,NA,A,01,0,2,1,0,0,0,0,0,0,-,-,33.72132873535156,-116.38271331787108,RIVERSIDE,PALM DESERT,-116.38193511962892,33.72159957885742
81997719,2023,2023-02-20,3313,2023-01-29,1814,1881,5,7,5,7,3313,0,0,0,NA,0,3R58,ARLINGTON AVE,TYLER ST,197,W,N,C,-,N,NA,NA,NA,NA,NA,NA,NA,NA,NA,N,4,0,2,2,A,-,01,23152,A,F,C,C,A,A,H,-,C,A,0,NA,NA,NA,NA,Y,Y,D,22,0,0,2,0,0,0,0,0,0,-,-,33.946441650390625,-117.47750854492188,RIVERSIDE,RIVERSIDE,-117.47826385498048,33.946590423583984
81998070,2023,2023-02-20,3308,2023-01-31,723,10610,NA,2,5,5,3308,0,0,0,NA,0,NORTH,FLORIDA AVE,GILBERT ST,150,W,N,A,-,Y,NA,NA,NA,NA,NA,NA,NA,NA,NA,N,4,0,1,2,A,-,03,22350,NA,N,C,C,A,A,H,-,A,A,0,NA,NA,NA,NA,Y,Y,A,07,0,0,1,0,0,0,0,0,0,-,-,NA,NA,RIVERSIDE,HEMET,-116.97649383544922,33.747459411621094
81999415,2023,2023-02-22,3300,2023-02-01,1501,6095,3300,3,5,5,3335,0,0,0,NA,0,061,WINCHESTER RD,ENTERPRISE CIR NORTH (N),710,N,N,A,-,N,NA,NA,NA,NA,NA,NA,NA,NA,NA,N,3,0,1,2,A,-,09,21804,A,N,F,A,A,A,H,-,A,D,0,NA,NA,Y,NA,Y,NA,D,22,0,1,0,0,0,0,0,0,1,-,-,33.52003860473633,-117.16622161865234,RIVERSIDE,TEMECULA,-117.16787719726563,33.5185432434082
81999441,2023,2023-02-22,3300,2023-01-28,12,4024,905D,6,5,4,3307,0,0,0,NA,0,091,MISSION TRL,SEDCO BLV,162,N,N,A,-,N,NA,NA,NA,NA,NA,NA,NA,NA,NA,Y,4,0,1,2,A,-,01,23152,A,N,E,I,A,A,H,-,D,D,0,NA,NA,NA,NA,Y,Y,A,01,0,0,1,0,0,0,0,0,0,-,-,33.64617919921875,-117.29296875,RIVERSIDE,LAKE ELSINORE,-117.29336547851563,33.64540481567383
81999485,2023,2023-02-22,3311,2023-01-23,901,16393,NA,1,5,4,3311,0,0,0,NA,0,006,RAMON ROAD,CROSSLEY ROAD,0,NA,Y,F,G,N,NA,NA,NA,NA,NA,NA,NA,NA,NA,Y,4,0,1,2,A,-,09,21801,A,N,A,C,A,A,H,-,A,A,0,NA,NA,NA,NA,Y,NA,D,22,0,0,1,0,0,0,0,0,0,-,-,33.81584930419922,-116.48419189453124,RIVERSIDE,PALM SPRINGS,-116.48426818847656,33.815860748291016
82000497,2023,2023-02-23,3300,2023-02-22,640,4323,910E,3,5,5,3335,0,0,0,NA,0,061,JEFFERSON AV,WINCHESTER RD,0,NA,Y,A,-,N,NA,NA,NA,NA,NA,NA,NA,NA,NA,Y,4,0,1,2,A,-,12,21453,A,N,D,C,A,A,H,-,A,A,0,NA,NA,NA,NA,Y,NA,A,01,0,0,1,0,0,0,0,0,0,-,-,33.52096176147461,-117.16500091552734,RIVERSIDE,TEMECULA,-117.16507720947266,33.520896911621094
8200075,2016,2017-01-04,3300,2016-11-29,1558,N4809,920C,2,5,4,3314,0,0,0,NA,0,070,STATE ST,ESPLANADE AV,400,S,N,A,-,N,NA,NA,NA,NA,NA,NA,NA,NA,NA,N,4,0,1,2,A,-,03,22350,NA,N,C,C,A,A,H,-,A,D,0,NA,NA,NA,NA,Y,NA,A,07,0,0,1,0,0,0,0,0,0,-,-,33.77296,-116.97186,RIVERSIDE,SAN JACINTO,-116.97187838,33.7718446
82001783,2023,2023-02-24,3300,2023-02-19,1442,N6297,910P,7,5,5,3335,0,0,0,NA,0,069,TEMECULA PKY,OLD TOWN FRONT STREET,369,E,N,A,-,N,NA,NA,NA,NA,NA,NA,NA,NA,NA,N,4,0,1,2,A,-,03,22350,NA,M,C,C,A,A,H,-,A,A,0,NA,NA,NA,NA,Y,Y,A,01,0,0,1,0,0,0,0,0,0,-,-,NA,NA,RIVERSIDE,TEMECULA,-117.14170837402344,33.48112869262695
82001923,2023,2023-02-24,3300,2023-02-06,1124,3031,LA41,1,5,3,3392,0,0,0,NA,0,LA41,WASHINGTON ST,LAKE LA QUINTA DR,0,NA,Y,A,-,N,NA,NA,NA,NA,NA,NA,NA,NA,NA,Y,3,0,2,2,A,-,09,21801,A,N,D,C,A,A,H,-,A,D,0,NA,NA,NA,NA,Y,NA,A,01,0,1,1,0,0,0,0,0,0,-,-,33.70423889160156,-116.29505157470705,RIVERSIDE,LA QUINTA,-116.29477691650392,33.704036712646484
82002713,2023,2023-02-27,3300,2023-02-16,1600,N3630,901B,4,5,4,3310,0,0,0,NA,0,050,DETROIT ST,SIERRA AV,0,NA,Y,A,-,N,NA,NA,NA,NA,NA,NA,NA,NA,NA,Y,4,0,2,3,A,-,05,21650,NA,N,A,C,A,A,H,-,A,D,0,NA,NA,NA,NA,Y,NA,A,01,0,0,2,0,0,0,0,0,0,-,-,33.94205856323242,-117.55397033691406,RIVERSIDE,NORCO,-117.55426025390624,33.94202423095703
82002859,2023,2023-02-27,3313,2023-02-08,730,1502,1,3,5,7,3313,0,0,0,NA,0,M14,SPRUCE ST,STATE HWY 91 WB ONRAMP,0,NA,Y,A,-,N,NA,NA,NA,NA,NA,NA,NA,NA,NA,Y,3,0,2,2,A,-,12,21453,A,N,A,C,A,A,H,-,A,A,0,NA,NA,NA,NA,Y,NA,A,07,0,1,1,0,0,0,0,0,0,-,-,33.99095916748047,-117.35926055908205,RIVERSIDE,RIVERSIDE,NA,NA
82002913,2022,2023-02-27,3315,2022-05-22,2043,004349,15C,7,5,6,3315,0,0,0,NA,0,003,FOOTHILL PY,RIMPAU AV,0,NA,Y,A,-,N,NA,NA,NA,NA,NA,NA,NA,NA,NA,Y,3,0,2,2,A,-,12,21453,A,N,D,C,A,A,H,-,C,A,0,NA,NA,NA,NA,Y,NA,A,01,0,1,1,0,0,0,0,0,0,-,-,33.83353042602539,-117.55050659179688,RIVERSIDE,CORONA,-117.5498275756836,33.834625244140625
82002971,2022,2023-02-27,3315,2022-06-12,1137,004347,5A,7,5,6,3315,0,0,0,NA,0,004,AVENIDA DEL VISTA,SIXTH ST,8,S,N,A,-,N,NA,NA,NA,NA,NA,NA,NA,NA,NA,N,4,0,1,2,A,-,21,22106,NA,N,C,C,A,A,H,-,A,A,0,NA,NA,NA,NA,Y,Y,M,47,0,0,1,0,0,0,0,0,0,-,-,33.87860107421875,-117.5967025756836,RIVERSIDE,CORONA,-117.5967025756836,33.878597259521484
82003050,2022,2023-02-27,3315,2022-07-13,1227,004588,1D,3,5,6,3315,0,0,0,NA,0,001,RINCON ST,SHERIDAN ST,0,NA,Y,A,-,N,NA,NA,NA,NA,NA,NA,NA,NA,NA,Y,4,0,1,2,A,-,12,22450,A,N,D,C,A,A,H,-,A,A,0,NA,NA,NA,NA,Y,NA,A,01,0,0,1,0,0,0,0,0,0,-,-,33.88669967651367,-117.56786346435548,RIVERSIDE,CORONA,-117.56804656982422,33.887664794921875
82003127,2023,2023-02-27,3315,2023-01-19,2011,004651,10C,4,5,6,3315,0,0,0,NA,0,002,MCKINLEY ST,91 EB OFF RAMP,0,NA,Y,C,-,N,NA,NA,NA,NA,NA,NA,NA,NA,NA,N,4,0,1,2,A,-,12,21453,A,N,D,C,A,B,H,-,C,A,0,NA,NA,NA,NA,Y,NA,A,01,0,0,1,0,0,0,0,0,0,-,-,NA,NA,RIVERSIDE,CORONA,-117.517091,33.885407
82003179,2023,2023-02-27,3315,2023-02-08,1926,004754,7C,3,5,6,3315,0,0,0,NA,0,001,SIXTH ST,SHERMAN AV,176,W,N,A,-,N,NA,NA,NA,NA,NA,NA,NA,NA,NA,N,4,0,1,2,A,-,09,21804,A,N,D,C,A,A,H,-,C,A,0,NA,NA,NA,NA,Y,NA,A,01,0,0,1,0,0,0,0,0,0,-,-,33.87779998779297,-117.5888900756836,RIVERSIDE,CORONA,-117.58937072753906,33.877845764160156
82003359,2023,2023-02-27,3300,2023-02-14,1026,4695,601 D,2,5,6,3394,0,0,0,NA,0,MV14,PIGEON PASS RD,HEMLOCK AVE,435,N,N,A,-,N,NA,NA,NA,NA,NA,NA,NA,NA,NA,Y,4,0,1,2,A,-,09,21801,A,N,D,C,A,A,H,-,A,D,0,NA,NA,NA,NA,Y,NA,A,01,0,0,1,0,0,0,0,0,0,-,-,33.942420959472656,-117.26143646240234,RIVERSIDE,MORENO VALLEY,-117.26146697998048,33.94361114501953
82005838,2022,2023-03-01,3342,2022-11-02,0915,1351,429,3,5,4,3342,0,0,0,NA,0,004,HANCOCK AVE,MEDICAL CENTER DR,330,N,N,B,-,N,NA,NA,NA,NA,NA,NA,NA,NA,NA,Y,4,0,1,1,A,-,03,22350,NA,N,H,A,A,B,G,-,A,D,0,NA,NA,Y,NA,Y,NA,C,02,0,0,1,0,0,0,0,0,1,-,-,33.55767822265625,-117.18496704101563,RIVERSIDE,MURRIETA,-117.18513488769533,33.558570861816406
82005876,2022,2023-03-01,3342,2022-03-13,1412,898,205,7,5,4,3342,0,0,0,NA,0,002,MORNING DOVE LN,WHISTLING SWAN RD,123,W,N,A,-,N,NA,NA,NA,NA,NA,NA,NA,NA,NA,N,3,0,1,1,C,-,18,NA,NA,N,F,I,A,A,H,-,A,D,0,NA,Y,NA,NA,Y,NA,-,-,0,1,0,0,0,0,1,0,0,-,-,33.58639144897461,-117.20099639892578,RIVERSIDE,MURRIETA,-117.20146942138672,33.58640670776367
82005879,2022,2023-03-01,3342,2022-03-15,1510,1027,196,2,5,4,3342,0,0,0,NA,0,001,MADISON AVE,KALMIA ST,60,S,N,-,-,N,NA,NA,NA,NA,NA,NA,NA,NA,NA,Y,4,0,1,2,A,-,08,22107,NA,N,B,C,A,A,H,-,A,D,0,NA,NA,NA,NA,Y,NA,-,-,0,0,1,0,0,0,0,0,0,-,-,33.563819885253906,-117.2081298828125,RIVERSIDE,MURRIETA,-117.20791625976563,33.56380844116211
82005944,2022,2023-03-01,3342,2022-04-14,2108,1241,199,4,5,4,3342,0,0,0,NA,0,001,MADISON AVE,JUNIPER ST,0,NA,Y,A,-,N,NA,NA,NA,NA,NA,NA,NA,NA,NA,Y,4,0,1,2,A,-,12,21453,A,N,D,C,A,A,H,-,C,A,0,NA,NA,NA,NA,Y,NA,D,22,0,0,1,0,0,0,0,0,0,-,-,33.561119079589844,-117.2043685913086,RIVERSIDE,MURRIETA,-117.20448303222656,33.56106185913086
82005947,2022,2023-03-01,3342,2022-04-15,1331,898,561,5,5,4,3342,0,0,0,NA,0,005,ALTA MURRIETA DR,MURRIETA HOT SPRINGS RD,253,N,N,A,-,N,NA,NA,NA,NA,NA,NA,NA,NA,NA,Y,4,0,1,2,A,-,09,21804,A,N,D,C,A,A,H,-,A,D,0,NA,NA,NA,NA,Y,NA,A,01,0,0,1,0,0,0,0,0,0,-,-,33.556400299072266,-117.17738342285156,RIVERSIDE,MURRIETA,-117.17756652832033,33.55712890625
82006108,2022,2023-03-01,3342,2022-07-01,1417,481,417,5,5,4,3342,0,0,0,NA,0,004,LOS ALAMOS RD,MADISON AVE,35,W,N,A,-,N,NA,NA,NA,NA,NA,NA,NA,NA,NA,N,4,0,1,2,A,-,06,21755,NA,N,B,C,A,A,H,-,A,A,0,NA,NA,NA,Y,Y,NA,F,26,0,0,1,0,0,0,0,0,0,-,-,33.55839157104492,-117.20146942138672,RIVERSIDE,MURRIETA,-117.20165252685548,33.55833435058594
8200614,2017,2017-03-23,3300,2017-02-13,2154,3536,603B3,1,5,6,3394,0,0,0,NA,0,MV34,SAN MICHELE RD,PERRIS BL,1170,W,N,A,-,N,NA,NA,NA,NA,NA,NA,NA,NA,NA,Y,3,0,1,2,A,-,03,22350,NA,N,D,E,A,A,H,-,C,D,0,NA,NA,NA,Y,Y,NA,A,01,0,1,0,0,0,0,0,0,0,-,-,33.87004,-117.22601,RIVERSIDE,MORENO VALLEY,-117.23006221,33.87007834
82006141,2022,2023-03-01,3342,2022-07-22,1207,481,373,5,5,4,3342,0,0,0,NA,0,003,CLINTON KEITH RD,WHITEWOOD RD,0,NA,Y,A,-,N,NA,NA,NA,NA,NA,NA,NA,NA,NA,N,4,0,1,2,A,-,08,22107,NA,N,B,C,A,A,H,-,A,A,0,NA,NA,NA,NA,Y,NA,A,07,0,0,1,0,0,0,0,0,0,-,-,33.5979118347168,-117.16291046142578,RIVERSIDE,MURRIETA,-117.16285705566406,33.597801208496094
82006192,2022,2023-03-01,3342,2022-08-17,1840,1240,277,3,5,4,3342,0,0,0,NA,0,002,MONROE AVE,CALIFORNIA OAKS RD,270,W,N,A,-,N,NA,NA,NA,NA,NA,NA,NA,NA,NA,N,4,0,1,2,A,-,09,21801,A,N,D,C,A,A,H,-,B,D,0,NA,NA,NA,NA,Y,NA,A,01,0,0,1,0,0,0,0,0,0,-,-,33.568851470947266,-117.20542144775392,RIVERSIDE,MURRIETA,-117.20645141601563,33.569149017333984
82006305,2022,2023-03-01,3342,2022-10-13,1952,1148,381,4,5,4,3342,0,0,0,NA,0,003,WINCHESTER RD,MAX GILLISS BLVD,17,S,N,A,-,Y,RIV,NA,79,NA,R,8.443,H,NA,R,N,3,0,1,2,A,-,08,22107,NA,F,D,G,A,A,H,-,C,A,0,NA,Y,NA,NA,Y,NA,A,01,0,1,0,0,0,0,1,0,0,-,-,33.597930908203125,-117.11831665039063,RIVERSIDE,MURRIETA,-117.11843872070313,33.5980110168457
82006318,2022,2023-03-01,3342,2022-10-18,1710,1288,611,2,5,4,3342,0,0,0,NA,0,006,WINCHESTER RD,LA ALBA DR,488,S,N,A,-,Y,RIV,NA,79,NA,R,6.429,H,NA,R,Y,4,0,4,3,A,-,01,23152,A,N,C,C,A,A,H,-,A,A,0,NA,NA,NA,NA,Y,Y,A,07,0,0,4,0,0,0,0,0,0,-,-,33.574981689453125,-117.13462829589844,RIVERSIDE,MURRIETA,-117.13488006591795,33.57503128051758
82006370,2022,2023-03-02,3342,2022-11-09,1807,1240,211,3,5,4,3342,0,0,0,NA,0,002,CLINTON KEITH RD,MURRIETA OAKS AVE (W),650,E,N,A,-,N,NA,NA,NA,NA,NA,NA,NA,NA,NA,N,2,0,3,2,A,-,03,22350,NA,N,C,C,A,A,H,-,C,A,0,NA,NA,NA,NA,Y,Y,A,01,1,0,2,0,0,0,0,0,0,-,-,33.59663009643555,-117.18670654296876,RIVERSIDE,MURRIETA,-117.18462371826172,33.59681701660156
82006435,2022,2023-03-01,3342,2022-12-07,1902,1240,300,3,5,4,3342,0,0,0,NA,0,003,SCOTT RD,ANTELOPE RD,430,E,N,A,-,N,NA,NA,NA,NA,NA,NA,NA,NA,NA,N,4,0,1,1,A,-,08,22107,NA,N,E,I,A,A,H,-,C,D,0,NA,NA,NA,NA,Y,NA,A,01,0,0,1,0,0,0,0,0,0,-,-,33.64072036743164,-117.16726684570313,RIVERSIDE,MURRIETA,-117.16668701171876,33.641563415527344
82006455,2022,2023-03-01,3342,2022-12-14,1300,1148,157,3,5,4,3342,0,0,0,NA,0,001,VINEYARD PKY,LENOX LN,476,W,N,A,-,N,NA,NA,NA,NA,NA,NA,NA,NA,NA,Y,4,0,3,3,A,-,03,22350,NA,N,C,C,A,A,H,-,A,A,0,NA,NA,NA,NA,Y,NA,A,07,0,0,3,0,0,0,0,0,0,-,-,33.56098937988281,-117.2241668701172,RIVERSIDE,MURRIETA,-117.22524261474608,33.56000900268555
82006479,2022,2023-03-01,3342,2022-12-24,1733,1363,203,6,5,4,3342,0,0,0,NA,0,002,CLINTON KEITH RD,NUTMEG ST,40,E,N,A,-,N,NA,NA,NA,NA,NA,NA,NA,NA,NA,Y,4,0,1,3,A,-,09,21804,A,N,B,C,A,A,H,-,C,A,0,NA,NA,NA,NA,Y,NA,A,07,0,0,1,0,0,0,0,0,0,-,-,33.59587860107422,-117.20401763916016,RIVERSIDE,MURRIETA,-117.20386505126952,33.59587097167969
82006513,2023,2023-03-01,3342,2023-01-11,1503,1148,289,3,5,4,3342,0,0,0,NA,0,002,HANCOCK AVE,LOS ALAMOS RD,248,S,N,A,-,N,NA,NA,NA,NA,NA,NA,NA,NA,NA,N,4,0,3,2,A,-,08,22107,NA,N,B,C,A,A,H,-,A,A,0,NA,NA,NA,NA,Y,NA,A,07,0,0,3,0,0,0,0,0,0,-,-,33.57059097290039,-117.18415832519533,RIVERSIDE,MURRIETA,-117.18354034423828,33.57021713256836
82008453,2023,2023-03-03,3300,2023-03-01,802,5347,916A,3,5,4,3312,0,0,0,NA,0,031,SHERMAN AV,AROUSA WY,10,S,N,B,-,N,NA,NA,NA,NA,NA,NA,NA,NA,NA,N,4,0,1,2,A,-,09,21802,A,N,D,G,A,B,H,-,A,A,0,NA,Y,NA,NA,Y,NA,A,01,0,0,1,0,0,0,1,0,0,-,-,33.82892990112305,-117.1824188232422,RIVERSIDE,PERRIS,-117.18258666992188,33.8289909362793
82008454,2023,2023-03-03,3300,2023-03-01,1243,N7042,916B,3,5,4,3312,0,0,0,NA,0,032,ORANGE AV,WILMA LN,0,NA,Y,A,-,N,NA,NA,NA,NA,NA,NA,NA,NA,NA,Y,4,0,1,2,A,-,08,22107,NA,N,A,C,A,A,H,-,A,D,0,NA,NA,NA,NA,Y,NA,A,07,0,0,1,0,0,0,0,0,0,-,-,33.81541061401367,-117.19731903076172,RIVERSIDE,PERRIS,-117.19772338867188,33.815673828125
82009654,2023,2023-03-06,3313,2023-02-17,1755,1830,4,5,5,7,3313,0,0,0,NA,0,T41,WASHINGTON ST,OVERLOOK PKWY,0,NA,Y,A,-,N,NA,NA,NA,NA,NA,NA,NA,NA,NA,N,4,0,2,2,A,-,09,21801,A,N,D,C,A,A,H,-,C,A,0,NA,NA,NA,NA,Y,NA,A,07,0,0,2,0,0,0,0,0,0,-,-,33.919898986816406,-117.38337707519533,RIVERSIDE,RIVERSIDE,-117.38348388671876,33.919822692871094
82009828,2023,2023-03-06,3313,2023-02-21,953,1798,5,2,5,7,3313,0,0,0,NA,0,M23,LA SIERRA AVE,VISTA TER,115,N,N,A,-,N,NA,NA,NA,NA,NA,NA,NA,NA,NA,Y,4,0,2,2,A,-,03,22350,NA,N,C,C,A,A,H,-,A,A,0,NA,NA,NA,NA,Y,NA,D,22,0,0,2,0,0,0,0,0,0,-,-,33.895450592041016,-117.46981811523438,RIVERSIDE,RIVERSIDE,-117.47006988525392,33.8958625793457
82011000,2023,2023-03-07,3300,2023-03-03,1435,4713,910H,5,5,5,3335,0,0,0,NA,0,063,RANCHO CALIFORNIA RD,CALLE BAHIA VISTA,0,NA,Y,A,-,N,NA,NA,NA,NA,NA,NA,NA,NA,NA,Y,3,0,3,2,A,-,09,21801,A,N,D,C,A,A,H,-,A,D,0,NA,NA,NA,NA,Y,NA,A,07,0,1,2,0,0,0,0,0,0,-,-,33.50849914550781,-117.11534881591795,RIVERSIDE,TEMECULA,-117.11551666259766,33.50872039794922
82012237,2022,2023-03-08,3313,2022-10-15,2115,2023,3,6,5,7,3313,0,0,0,NA,0,3R36,CANYON CREST DR,ALESSANDRO BL,35,S,N,A,-,N,NA,NA,NA,NA,NA,NA,NA,NA,NA,Y,4,0,1,2,A,-,01,23152,A,N,C,C,A,A,H,-,C,A,0,NA,NA,NA,NA,Y,Y,D,22,0,0,1,0,0,0,0,0,0,-,-,33.92393112182617,-117.33997344970705,RIVERSIDE,RIVERSIDE,-117.33956909179688,33.9256591796875
82012245,2022,2023-03-08,3313,2022-11-15,0754,2073,4,2,5,7,3313,0,0,0,NA,0,T70,VICTORIA AV,LINCOLN AV,407,W,N,A,-,N,NA,NA,NA,NA,NA,NA,NA,NA,NA,Y,3,0,3,1,A,-,08,22107,NA,N,E,I,A,A,H,-,A,D,0,NA,NA,NA,NA,Y,NA,A,01,0,2,1,0,0,0,0,0,0,-,-,33.94282913208008,-117.37117767333984,RIVERSIDE,RIVERSIDE,-117.37189483642578,33.94325637817383
82012258,2023,2023-03-08,3313,2023-02-10,1159,1974,2,5,5,7,3313,0,0,0,NA,0,2R29,CRIDGE ST,HOWARD AVE,0,NA,Y,A,-,N,NA,NA,NA,NA,NA,NA,NA,NA,NA,N,4,0,2,2,A,-,08,22107,NA,N,D,C,A,A,H,-,A,A,0,NA,NA,NA,NA,Y,NA,A,01,0,0,2,0,0,0,0,0,0,-,-,33.96630859375,-117.37277221679688,RIVERSIDE,RIVERSIDE,-117.37294006347656,33.967647552490234
82013212,2022,2023-03-09,3313,2022-11-16,1450,1783,5,3,5,7,3313,0,0,0,NA,0,M18,MYERS ST,MAGNOLIA AV,215,N,N,A,-,N,NA,NA,NA,NA,NA,NA,NA,NA,NA,Y,4,0,2,2,A,-,05,21650,NA,N,B,C,A,A,H,-,A,D,0,NA,NA,NA,NA,Y,NA,D,22,0,0,2,0,0,0,0,0,0,-,-,NA,NA,RIVERSIDE,RIVERSIDE,-117.45062255859376,33.9188232421875
82014330,2023,2023-03-10,3300,2023-03-04,1238,4713,910K,6,5,5,3335,0,0,0,NA,0,064,RANCHO CALIFORNIA RD,YNEZ RD,258,W,N,A,-,N,NA,NA,NA,NA,NA,NA,NA,NA,NA,Y,4,0,2,2,A,-,01,23152,A,N,C,C,A,A,H,-,A,A,0,NA,NA,NA,NA,Y,Y,A,07,0,0,2,0,0,0,0,0,0,-,-,33.502769470214844,-117.14864349365234,RIVERSIDE,TEMECULA,-117.14923858642578,33.50244903564453
8201576,2017,2017-03-27,3300,2017-03-13,0829,N2646,601G5,1,5,6,3394,0,0,0,NA,0,018,IRONWOOD AV,REDLANDS BL,0,NA,Y,A,-,N,NA,NA,NA,NA,NA,NA,NA,NA,NA,N,4,0,2,2,A,-,12,21453,A,N,D,C,A,A,H,-,A,A,0,NA,NA,NA,NA,Y,NA,A,01,0,0,2,0,0,0,0,0,0,-,-,33.94621,-117.15673,RIVERSIDE,MORENO VALLEY,-117.15673008,33.94639011
8201660,2017,2017-03-29,3308,2017-02-25,1718,10512,544,6,5,5,3308,0,0,0,NA,0,SOUTH,SANDERSON AV,STETSON AV,60,N,N,A,-,N,NA,NA,NA,NA,NA,NA,NA,NA,NA,Y,3,0,2,3,A,-,03,22350,NA,N,C,C,A,A,H,-,B,A,0,NA,NA,NA,NA,Y,Y,A,01,0,1,1,0,0,0,0,0,0,-,-,NA,NA,RIVERSIDE,HEMET,-117.00667,33.72953432
82016997,2023,2023-03-14,3313,2023-01-21,505,2040,1,6,5,7,3313,0,0,0,NA,0,1R13,BROCKTON AVE,SUNNYSIDE DR (S),0,NA,Y,A,-,N,NA,NA,NA,NA,NA,NA,NA,NA,NA,Y,2,0,1,1,A,-,03,22350,NA,N,E,I,A,A,H,-,C,A,0,NA,NA,NA,NA,Y,NA,A,07,1,0,0,0,0,0,0,0,0,-,-,33.95330047607422,-117.39678192138672,RIVERSIDE,RIVERSIDE,-117.39676666259766,33.95437240600586
82020758,2023,2023-03-17,3315,2023-03-14,1407,004352,1A,2,5,6,3315,0,0,0,NA,0,001,RAILROAD ST,KLUG CI,95,E,N,C,-,N,NA,NA,NA,NA,NA,NA,NA,NA,NA,N,4,0,1,2,A,-,03,22350,NA,N,D,C,A,B,H,-,A,D,0,NA,NA,NA,NA,Y,NA,A,01,0,0,1,0,0,0,0,0,0,-,-,33.88848114013672,-117.60958099365234,RIVERSIDE,CORONA,-117.60944366455078,33.88866424560547
82020762,2023,2023-03-17,3315,2023-03-16,1005,001452,1G,4,5,6,3315,0,0,0,NA,0,004,POMONA RD,BUSINESS CENTER DR,832,E,N,A,-,N,NA,NA,NA,NA,NA,NA,NA,NA,NA,Y,4,0,1,2,A,-,09,21804,A,N,D,C,A,A,H,-,A,D,0,NA,NA,NA,NA,Y,NA,D,22,0,0,1,0,0,0,0,0,0,-,-,NA,NA,RIVERSIDE,CORONA,-117.59790802001952,33.88146209716797
82021498,2023,2023-03-20,3300,2023-02-07,1947,4867,602 A,2,5,6,3394,0,0,0,NA,0,MV22,DAY ST,DRACAEA AVE,655,N,N,A,-,N,NA,NA,NA,NA,NA,NA,NA,NA,NA,N,4,0,1,1,A,-,03,22350,NA,N,E,J,A,A,D,-,C,D,0,NA,NA,Y,NA,Y,NA,C,03,0,0,1,0,0,0,0,0,1,-,-,33.927818298339844,-117.2787628173828,RIVERSIDE,MORENO VALLEY,-117.2787857055664,33.92957305908203
82021752,2023,2023-03-20,3313,2023-02-07,2251,2091,1,2,5,7,3313,0,0,0,NA,0,3R16,LIME ST,MISSION INN AVE,0,NA,Y,A,-,N,NA,NA,NA,NA,NA,NA,NA,NA,NA,Y,3,0,1,2,D,-,00,NA,NA,N,D,C,A,A,H,-,C,A,0,NA,NA,NA,NA,Y,NA,-,-,0,1,0,0,0,0,0,0,0,-,-,33.98128128051758,-117.37045288085938,RIVERSIDE,RIVERSIDE,-117.37035369873048,33.981292724609375