CASE_ID,ACCIDENT_YEAR,PROC_DATE,JURIS,COLLISION_DATE,COLLISION_TIME,OFFICER_ID,REPORTING_DISTRICT,DAY_OF_WEEK,CHP_SHIFT,POPULATION,CNTY_CITY_LOC,SPECIAL_COND,BEAT_TYPE,CHP_BEAT_TYPE,CITY_DIVISION_LAPD,CHP_BEAT_CLASS,BEAT_NUMBER,PRIMARY_RD,SECONDARY_RD,DISTANCE,DIRECTION,INTERSECTION,WEATHER_1,WEATHER_2,STATE_HWY_IND,CALTRANS_COUNTY,CALTRANS_DISTRICT,STATE_ROUTE,ROUTE_SUFFIX,POSTMILE_PREFIX,POSTMILE,LOCATION_TYPE,RAMP_INTERSECTION,SIDE_OF_HWY,TOW_AWAY,COLLISION_SEVERITY,NUMBER_KILLED,NUMBER_INJURED,PARTY_COUNT,PRIMARY_COLL_FACTOR,PCF_CODE_OF_VIOL,PCF_VIOL_CATEGORY,PCF_VIOLATION,PCF_VIOL_SUBSECTION,HIT_AND_RUN,TYPE_OF_COLLISION,MVIW,PED_ACTION,ROAD_SURFACE,ROAD_COND_1,ROAD_COND_2,LIGHTING,CONTROL_DEVICE,CHP_ROAD_TYPE,PEDESTRIAN_ACCIDENT,BICYCLE_ACCIDENT,MOTORCYCLE_ACCIDENT,TRUCK_ACCIDENT,NOT_PRIVATE_PROPERTY,ALCOHOL_INVOLVED,STWD_VEHTYPE_AT_FAULT,CHP_VEHTYPE_AT_FAULT,COUNT_SEVERE_INJ,COUNT_VISIBLE_INJ,COUNT_COMPLAINT_PAIN,COUNT_PED_KILLED,COUNT_PED_INJURED,COUNT_BICYCLIST_KILLED,COUNT_BICYCLIST_INJURED,COUNT_MC_KILLED,COUNT_MC_INJURED,PRIMARY_RAMP,SECONDARY_RAMP,LATITUDE,LONGITUDE,COUNTY,CITY,POINT_X,POINT_Y
8519436,2017,2018-01-05,3300,2017-12-03,1702,4633,20,7,5,3,3317,0,0,0,NA,0,0A5,RT 111,COUNTRY CLUB DR,0,NA,Y,A,-,N,NA,NA,NA,NA,NA,NA,NA,NA,NA,Y,4,0,2,2,A,-,12,21453,A,N,C,C,A,A,H,-,C,A,0,NA,NA,NA,NA,Y,NA,A,01,0,0,2,0,0,0,0,0,0,-,-,NA,NA,RIVERSIDE,RANCHO MIRAGE,-116.43545008,33.75764008
8520024,2017,2018-01-04,3300,2017-11-13,1736,N4809,920G,1,5,4,3314,0,0,0,NA,0,072,SANTA FE AV,7TH ST,105,S,N,A,-,N,NA,NA,NA,NA,NA,NA,NA,NA,NA,N,4,0,1,2,A,-,03,22350,NA,N,C,C,A,A,H,-,C,D,0,NA,NA,NA,NA,Y,NA,D,22,0,0,1,0,0,0,0,0,0,-,-,33.78027,-116.96325,RIVERSIDE,SAN JACINTO,-116.96321781,33.77994246
8520218,2017,2018-02-06,3300,2017-12-05,0731,3481,920E,2,5,4,3314,0,0,0,NA,0,072,VICTORIA AV,CEDAR ST,0,NA,Y,A,-,N,NA,NA,NA,NA,NA,NA,NA,NA,NA,Y,4,0,1,2,A,-,09,21802,A,N,D,C,A,A,H,-,A,A,0,NA,NA,Y,NA,Y,NA,A,01,0,0,1,0,0,0,0,0,1,-,-,33.78448,-116.96922000000001,RIVERSIDE,SAN JACINTO,-116.96930014,33.78447002
8521065,2017,2018-01-04,3313,2017-12-01,2100,1880,4,5,5,7,3313,0,0,0,NA,0,4R48,CALIFORNIA AV,VIA SAN LUIS,0,NA,Y,A,-,N,NA,NA,NA,NA,NA,NA,NA,NA,NA,Y,4,0,2,2,A,-,09,21802,A,N,D,C,A,A,H,-,C,A,0,NA,NA,NA,NA,Y,NA,A,01,0,0,2,0,0,0,0,0,0,-,-,33.94282,-117.42258,RIVERSIDE,RIVERSIDE,-117.42277004,33.94302002
8521425,2017,2018-01-08,3313,2017-10-21,1941,1836,1,6,5,7,3313,0,0,0,NA,0,4R12,MARKET ST,5TH ST,0,NA,Y,A,-,N,NA,NA,NA,NA,NA,NA,NA,NA,NA,N,3,0,1,1,A,-,04,21703,NA,N,H,A,A,A,H,-,C,D,0,NA,NA,Y,NA,Y,NA,C,02,0,1,0,0,0,0,0,0,1,-,-,33.98545,-117.37382,RIVERSIDE,RIVERSIDE,-117.37374012,33.98546011
8521483,2017,2018-01-08,3313,2017-12-06,1835,1858,5,3,5,7,3313,0,0,0,NA,0,T42,MAGNOLIA AV,LA SIERRA AV,496,W,N,G,-,N,NA,NA,NA,NA,NA,NA,NA,NA,NA,N,4,0,1,2,A,-,09,21801,A,N,D,C,A,A,H,-,C,A,0,NA,NA,NA,NA,Y,NA,A,01,0,0,1,0,0,0,0,0,0,-,-,33.90334,-117.47612,RIVERSIDE,RIVERSIDE,-117.47771091,33.9027695
8522546,2017,2018-01-04,3308,2017-11-02,1109,10643,517,4,5,5,3308,0,0,0,NA,0,NORTH,LATHAM AV,BUENA VISTA ST,0,NA,Y,A,-,N,NA,NA,NA,NA,NA,NA,NA,NA,NA,N,4,0,2,3,A,-,12,22450,A,N,D,C,A,A,H,-,A,A,0,NA,NA,NA,NA,Y,NA,A,01,0,0,2,0,0,0,0,0,0,-,-,33.74932,-116.9674,RIVERSIDE,HEMET,-116.96735007,33.74937005
8523981,2017,2018-01-02,3300,2017-11-21,1512,4413,910N,2,5,5,3335,0,0,0,NA,0,064,MARGARITA RD,DARTOLO RD,0,NA,Y,A,-,N,NA,NA,NA,NA,NA,NA,NA,NA,NA,Y,4,0,3,2,A,-,12,21453,A,N,D,C,A,A,H,-,A,B,0,NA,NA,NA,NA,Y,NA,A,08,0,0,3,0,0,0,0,0,0,-,-,33.48127,-117.10187,RIVERSIDE,TEMECULA,-117.10195013,33.48132004
8524920,2017,2018-01-05,3315,2017-12-07,0551,002504,3H,4,5,6,3315,0,0,0,NA,0,002,RIMPAU AV,6TH ST,0,NA,Y,A,-,N,NA,NA,NA,NA,NA,NA,NA,NA,NA,Y,4,0,2,2,A,-,09,21801,A,N,A,C,A,A,H,-,C,A,0,NA,NA,NA,NA,Y,NA,A,01,0,0,2,0,0,0,0,0,0,-,-,NA,NA,RIVERSIDE,CORONA,-117.55263005,33.87456006
8526531,2017,2018-02-03,3300,2017-12-19,1004,4007,905C,2,5,4,3307,0,0,0,NA,0,L90,MISSION TRAIL,MISSION TRAIL 31900 SUITE 120,0,NA,Y,A,-,N,NA,NA,NA,NA,NA,NA,NA,NA,NA,N,4,0,1,2,B,-,22,NA,NA,N,D,C,A,A,H,-,A,D,0,NA,NA,NA,NA,Y,NA,D,22,0,0,1,0,0,0,0,0,0,-,-,NA,NA,RIVERSIDE,LAKE ELSINORE,NA,NA
8526907,2017,2018-01-16,3306,2017-10-04,0721,140,INDIO,3,5,3,3306,0,0,0,NA,0,NA,TWO BUNCH PALMS TRL,OCATILLO RD,381,W,N,A,-,N,NA,NA,NA,NA,NA,NA,NA,NA,NA,Y,4,0,1,2,A,-,03,22350,NA,N,D,C,A,A,H,-,A,D,0,NA,NA,NA,NA,Y,NA,-,-,0,0,1,0,0,0,0,0,0,-,-,NA,NA,RIVERSIDE,DESERT HOT SPRINGS,-116.49757114,33.9468065
8527567,2017,2018-02-01,3300,2017-09-18,1903,3574,002T2,1,5,6,3345,0,0,0,NA,0,024,LIMONITE AV,CLAY ST,0,NA,Y,A,-,N,NA,NA,NA,NA,NA,NA,NA,NA,NA,Y,4,0,1,2,A,-,12,21453,A,N,D,C,A,A,H,-,B,A,0,NA,NA,NA,NA,Y,NA,-,-,0,0,1,0,0,0,0,0,0,-,-,NA,NA,RIVERSIDE,JURUPA VALLEY,-117.46253009,33.97736008
8528190,2017,2018-01-11,3313,2017-12-08,1513,1741,2,5,5,7,3313,0,0,0,NA,0,3R4,3RD ST,DWIGHT AV,25,S,N,A,-,N,NA,NA,NA,NA,NA,NA,NA,NA,NA,N,4,0,2,2,A,-,08,22107,NA,N,D,C,A,A,H,-,A,D,0,NA,NA,NA,NA,Y,NA,A,01,0,0,2,0,0,0,0,0,0,-,-,33.98292,-117.35329,RIVERSIDE,RIVERSIDE,-117.35352,33.98299
8528694,2017,2018-01-23,3300,2017-11-28,1758,N3864,604A4,2,5,6,3394,0,0,0,NA,0,042,NASON ST,CACTUS AV,0,NA,Y,A,-,N,NA,NA,NA,NA,NA,NA,NA,NA,NA,N,4,0,1,2,A,-,21,22106,NA,N,C,C,A,A,H,-,C,A,0,NA,NA,NA,NA,Y,NA,A,01,0,0,1,0,0,0,0,0,0,-,-,33.91009,-117.1916,RIVERSIDE,MORENO VALLEY,-117.19156005,33.91011007
8529275,2017,2018-01-10,3311,2017-12-09,1643,16061,3311,6,5,4,3311,0,0,0,NA,0,NA,E TAHQUITZ CANYON,N FARRELL DR,0,NA,Y,A,-,N,NA,NA,NA,NA,NA,NA,NA,NA,NA,Y,3,0,2,3,A,-,09,21801,A,N,D,C,A,A,H,-,B,A,0,NA,NA,NA,NA,Y,NA,A,07,0,2,0,0,0,0,0,0,0,-,-,NA,NA,RIVERSIDE,PALM SPRINGS,-116.51804,33.82320002
8529891,2017,2018-01-16,3313,2017-12-27,1435,1499,NA,3,5,7,3313,0,0,0,NA,0,NA,ARLINGTON AV,MALIBU DR,206,E,N,A,-,N,NA,NA,NA,NA,NA,NA,NA,NA,NA,N,3,0,1,1,C,-,18,NA,NA,N,E,I,A,A,H,-,A,D,0,NA,NA,NA,NA,Y,NA,-,-,0,1,0,0,0,0,0,0,0,-,-,33.94582,-117.4277,RIVERSIDE,RIVERSIDE,-117.42726288,33.94599168
8529911,2017,2018-01-16,3313,2017-12-26,0321,1601,1R17,2,5,7,3313,0,0,0,NA,0,EAST,BLAINE ST,IOWA AV,335,W,N,A,-,N,NA,NA,NA,NA,NA,NA,NA,NA,NA,N,3,0,1,2,A,-,10,21952,NA,F,G,B,F,A,H,-,C,A,0,Y,NA,NA,NA,Y,NA,A,01,0,1,0,0,1,0,0,0,0,-,-,33.98304,-117.34004,RIVERSIDE,RIVERSIDE,-117.34100163,33.98299
8530236,2017,2018-01-19,3313,2017-12-28,1436,1499,5,4,5,7,3313,0,0,0,NA,0,T42,MAGNOLIA AV,HUGHES ALY,116,E,N,A,-,N,NA,NA,NA,NA,NA,NA,NA,NA,NA,Y,3,0,1,3,A,-,03,22350,NA,N,C,C,A,A,H,-,A,D,0,NA,NA,NA,NA,Y,NA,A,01,0,1,0,0,0,0,0,0,0,-,-,NA,NA,RIVERSIDE,RIVERSIDE,-117.45734638,33.91411073
8530533,2017,2018-01-20,3315,2017-12-27,1301,002504,12D,3,5,6,3315,0,0,0,NA,0,001,ONTARIO AV,BUENA VISTA AV,45,W,N,A,-,N,NA,NA,NA,NA,NA,NA,NA,NA,NA,Y,4,0,1,2,A,-,00,21659,A,N,B,C,A,A,H,-,A,A,0,NA,NA,NA,NA,Y,NA,A,01,0,0,1,0,0,0,0,0,0,-,-,NA,NA,RIVERSIDE,CORONA,-117.58072644,33.8575968
8530557,2017,2018-01-22,3315,2017-12-26,1745,003166,10C,2,5,6,3315,0,0,0,NA,0,002,6TH ST,EL CAMINO AV,0,NA,Y,A,-,N,NA,NA,NA,NA,NA,NA,NA,NA,NA,N,4,0,3,2,A,-,12,21453,A,N,D,C,A,A,H,-,C,A,0,NA,NA,NA,NA,Y,NA,A,01,0,0,3,0,0,0,0,0,0,-,-,NA,NA,RIVERSIDE,CORONA,-117.54040009,33.87424009
8530771,2017,2018-06-07,3309,2017-12-31,1549,162,3309,7,5,4,3309,0,0,0,NA,0,004,RT 111,JACKALOPE TRL,0,NA,Y,A,-,N,NA,NA,NA,NA,NA,NA,NA,NA,NA,Y,4,0,2,2,A,-,12,21453,A,N,D,D,A,A,H,-,A,A,0,NA,NA,NA,NA,Y,NA,D,22,0,0,2,0,0,0,0,0,0,-,-,NA,NA,RIVERSIDE,INDIO,NA,NA
8531235,2017,2018-01-12,3300,2017-12-20,1527,N5997,910J,3,5,5,3335,0,0,0,NA,0,064,RANCHO CALIFORNIA RD,BUTTERFIELD STAGE RD,352,W,N,A,-,N,NA,NA,NA,NA,NA,NA,NA,NA,NA,N,4,0,1,2,A,-,08,22107,NA,N,C,C,A,A,H,-,A,D,0,NA,NA,NA,NA,Y,NA,A,01,0,0,1,0,0,0,0,0,0,-,-,NA,NA,RIVERSIDE,TEMECULA,-117.09539119,33.51875253
8531340,2017,2018-06-08,3300,2017-12-17,1220,5039,32F1,7,5,4,3318,0,0,0,NA,0,T32,RT 74,HAYSTACK RD,593,N,N,A,-,N,NA,NA,NA,NA,NA,NA,NA,NA,NA,Y,2,0,2,2,A,-,09,21801,A,N,D,C,A,A,H,-,A,D,0,NA,NA,NA,NA,Y,NA,A,01,2,0,0,0,0,0,0,0,0,-,-,NA,NA,RIVERSIDE,PALM DESERT,-116.39718,33.70274
8531386,2017,2018-01-13,3313,2017-12-24,2043,1814,N,7,5,7,3313,0,0,0,NA,0,4R16,MAIN ST,LOFTON PL,12,N,N,A,-,N,NA,NA,NA,NA,NA,NA,NA,NA,NA,N,3,0,1,1,A,-,08,22107,NA,N,E,I,A,A,H,-,C,D,0,NA,NA,NA,NA,Y,NA,A,01,0,1,0,0,0,0,0,0,0,-,-,34.00204,-117.36396,RIVERSIDE,RIVERSIDE,-117.36416732,34.0016128
8531889,2017,2018-01-27,3300,2017-12-15,1910,N5330,001B,5,5,6,3345,0,0,0,NA,0,010,RUBIDOUX BL,29TH ST,0,NA,Y,A,-,N,NA,NA,NA,NA,NA,NA,NA,NA,NA,Y,4,0,1,3,A,-,09,21802,A,N,D,C,A,A,H,-,C,A,0,NA,NA,NA,NA,Y,NA,D,22,0,0,1,0,0,0,0,0,0,-,-,NA,NA,RIVERSIDE,JURUPA VALLEY,-117.39830006,34.00691008
8532077,2017,2018-01-19,3300,2017-12-16,1725,N3672,916A,6,5,4,3312,0,0,0,NA,0,031,FRONTAGE RD,ORANGE AV,0,NA,Y,A,-,N,NA,NA,NA,NA,NA,NA,NA,NA,NA,N,4,0,2,2,A,-,08,22107,NA,N,D,C,A,A,H,-,C,A,0,NA,NA,NA,NA,Y,NA,A,01,0,0,2,0,0,0,0,0,0,-,-,33.81593,-117.23876,RIVERSIDE,PERRIS,-117.23882008,33.81573002
8532226,2017,2018-01-20,3309,2017-12-11,1358,256,3309,1,5,4,3309,0,0,0,NA,0,003,ARABIA ST,GARDEN AV,198,N,N,A,-,N,NA,NA,NA,NA,NA,NA,NA,NA,NA,Y,4,0,1,2,A,-,09,21801,A,M,E,I,A,A,H,-,A,A,0,NA,NA,NA,NA,Y,NA,A,07,0,0,1,0,0,0,0,0,0,-,-,NA,NA,RIVERSIDE,INDIO,-116.22511,33.71004168
8533965,2018,2018-01-23,3300,2018-01-04,1230,N5541,44B3,4,5,3,3392,0,0,0,NA,0,044,AVENUE 52,HIDEWAY CLUB DR,112,E,N,A,-,N,NA,NA,NA,NA,NA,NA,NA,NA,NA,Y,4,0,1,2,A,-,07,21658,A,N,B,C,A,A,H,-,A,D,0,NA,NA,NA,NA,Y,NA,A,01,0,0,1,0,0,0,0,0,0,-,-,NA,NA,RIVERSIDE,LA QUINTA,NA,NA
8534982,2017,2018-01-26,3309,2017-10-05,1347,180,3309,4,5,4,3309,0,0,0,NA,0,002,JACKSON ST,AVE 45,18,S,N,A,-,N,NA,NA,NA,NA,NA,NA,NA,NA,NA,N,3,0,1,2,A,-,03,22350,NA,N,C,C,A,A,H,-,A,A,0,NA,NA,NA,NA,Y,NA,A,01,0,1,0,0,0,0,0,0,0,-,-,NA,NA,RIVERSIDE,INDIO,-116.21626824,33.72274078
8535493,2017,2018-01-27,3300,2017-12-06,0020,3613,507F,3,5,5,3341,0,0,0,NA,0,057,ANTELOPE RD,HOLLAND RD,225,N,N,A,-,N,NA,NA,NA,NA,NA,NA,NA,NA,NA,Y,3,0,1,2,A,-,01,23152,A,N,C,E,A,A,H,-,C,D,0,NA,NA,NA,NA,Y,Y,A,01,0,1,0,0,0,0,0,0,0,-,-,33.67061,-117.17046,RIVERSIDE,MENIFEE,-117.17039,33.67099633
8536901,2017,2018-01-30,3300,2017-12-20,0855,N4508,920A,3,5,4,3314,0,0,0,NA,0,070,RAMONA EXPWY,WARREN RD,1531,E,N,A,-,N,NA,NA,NA,NA,NA,NA,NA,NA,NA,Y,4,0,1,1,C,-,18,NA,NA,N,E,I,A,A,H,-,A,D,0,NA,NA,NA,NA,Y,NA,-,-,0,0,1,0,0,0,0,0,0,-,-,33.82356,-117.03346,RIVERSIDE,SAN JACINTO,-117.02869634,33.82349025
8537130,2018,2018-01-30,3313,2018-01-13,2323,1716,4,6,5,7,3313,0,0,0,NA,0,1R49,MADISON ST,VICTORIA AV,365,S,N,A,-,N,NA,NA,NA,NA,NA,NA,NA,NA,NA,N,3,0,5,2,A,-,08,22107,NA,F,E,I,A,A,H,-,C,D,0,NA,NA,NA,NA,Y,NA,A,01,0,3,2,0,0,0,0,0,0,-,-,33.92594909667969,-117.39691162109376,RIVERSIDE,RIVERSIDE,-117.39608764648438,33.92505645751953
8537886,2017,2018-01-19,3300,2017-12-28,1542,3536,603A4,4,5,6,3394,0,0,0,NA,0,MV32,PERHAM DR,DELPHINUS DR,68,S,N,A,-,N,NA,NA,NA,NA,NA,NA,NA,NA,NA,N,3,0,2,3,C,-,18,NA,NA,N,G,B,E,A,H,-,A,D,0,Y,NA,NA,NA,Y,NA,-,-,0,1,1,0,1,0,0,0,0,-,-,33.90637,-117.23887,RIVERSIDE,MORENO VALLEY,-117.238943,33.906185
8537902,2017,2018-01-19,3300,2017-12-10,1543,3774,NA,7,5,6,3394,0,0,0,NA,0,NA,PARKLAND AV,BETH CT,206,W,N,A,-,N,NA,NA,NA,NA,NA,NA,NA,NA,NA,N,3,0,1,2,A,-,08,22107,NA,N,C,E,A,A,H,-,A,D,0,NA,NA,Y,NA,Y,NA,C,02,0,1,0,0,0,0,0,0,1,-,-,33.960679999999996,-117.25283,RIVERSIDE,MORENO VALLEY,-117.25343724,33.96064
8541656,2017,2018-02-05,3300,2017-12-20,0405,4463,603B2,3,5,6,3394,0,0,0,NA,0,034,IRIS AV,HEACOCK ST,0,NA,Y,A,-,N,NA,NA,NA,NA,NA,NA,NA,NA,NA,Y,4,0,1,2,A,-,12,21453,A,N,D,C,A,A,H,-,C,A,0,NA,NA,NA,NA,Y,NA,A,01,0,0,1,0,0,0,0,0,0,-,-,33.88834,-117.24366,RIVERSIDE,MORENO VALLEY,-117.24346,33.88828003
8541808,2018,2018-03-26,3315,2018-01-08,1441,001226,12C,1,5,6,3315,0,0,0,NA,0,NA,FOOTHILL PK,LINCOLN AV,10,S,N,C,-,N,NA,NA,NA,NA,NA,NA,NA,NA,NA,Y,4,0,1,2,A,-,12,21453,A,N,D,C,A,B,H,-,A,A,0,NA,NA,NA,NA,Y,NA,A,01,0,0,1,0,0,0,0,0,0,-,-,NA,NA,RIVERSIDE,CORONA,-117.58796691894533,33.84397888183594
8543228,2017,2018-02-05,3308,2017-11-27,1406,10219,527,1,5,5,3308,0,0,0,NA,0,SOUTH,BUENA VISTA ST,ACACIA AV,65,S,N,A,-,N,NA,NA,NA,NA,NA,NA,NA,NA,NA,Y,3,0,1,2,A,-,08,22107,NA,N,A,C,A,A,H,-,A,A,0,NA,NA,NA,NA,Y,NA,A,01,0,1,0,0,0,0,0,0,0,-,-,33.7439,-116.96724,RIVERSIDE,HEMET,-116.96729804,33.743732
8544790,2017,2018-02-07,3300,2017-12-19,1525,N4815,507F,2,5,5,3341,0,0,0,NA,0,057,STILLWATER DR,HALCYON CT,54,W,N,A,-,N,NA,NA,NA,NA,NA,NA,NA,NA,NA,N,2,0,1,2,A,-,11,21954,A,N,G,B,D,A,H,-,A,D,0,Y,NA,NA,NA,Y,NA,N,60,1,0,0,0,1,0,0,0,0,-,-,33.67915,-117.16518,RIVERSIDE,MENIFEE,-117.16529423,33.67905574
8546829,2018,2018-03-16,3313,2018-01-19,1311,1880,5,5,5,7,3313,0,0,0,NA,0,3R50,LA SIERRA AV,SPAULDING DR,415,S,N,A,-,N,NA,NA,NA,NA,NA,NA,NA,NA,NA,Y,3,0,1,2,C,-,18,NA,NA,N,B,C,A,A,H,-,A,A,0,NA,NA,NA,NA,Y,NA,-,-,0,1,0,0,0,0,0,0,0,-,-,33.90898132324219,-117.48061370849608,RIVERSIDE,RIVERSIDE,-117.48008728027344,33.908058166503906
8546856,2018,2018-02-07,3300,2018-01-18,1540,N5073,36P6,4,5,4,3318,0,0,0,NA,0,T36,FRED WARING DR,SAN PABLO AV,27,E,N,A,-,N,NA,NA,NA,NA,NA,NA,NA,NA,NA,N,4,0,1,2,A,-,21,22106,NA,N,B,C,A,A,H,-,A,A,0,NA,NA,NA,NA,Y,NA,A,01,0,0,1,0,0,0,0,0,0,-,-,NA,NA,RIVERSIDE,PALM DESERT,-116.38243865966795,33.728885650634766
8546860,2018,2018-02-07,3300,2018-01-19,0614,5326,24B3,5,5,3,3317,0,0,0,NA,0,024,BOB HOPE DR,DINAH SHORE DR,0,NA,Y,A,-,N,NA,NA,NA,NA,NA,NA,NA,NA,NA,Y,4,0,1,2,A,-,12,21453,A,N,D,C,A,A,H,-,A,-,0,NA,NA,NA,NA,Y,NA,A,01,0,0,1,0,0,0,0,0,0,-,-,33.801639556884766,-116.40592193603516,RIVERSIDE,RANCHO MIRAGE,-116.40602111816406,33.801788330078125
8547082,2018,2018-02-14,3311,2018-01-26,1452,15842,NA,5,5,4,3311,0,0,0,NA,0,004,GENE AUTRY TRL,VIA ESCUELA,151,N,N,A,-,N,NA,NA,NA,NA,NA,NA,NA,NA,NA,Y,3,0,1,2,A,-,03,22350,NA,N,C,C,A,A,H,-,A,A,0,NA,NA,NA,NA,Y,NA,A,01,0,1,0,0,0,0,0,0,0,-,-,33.848358154296875,-116.50579071044922,RIVERSIDE,PALM SPRINGS,-116.50587463378906,33.84892272949219
8547455,2018,2018-02-06,3300,2018-01-08,2110,4649,905B,1,5,4,3307,0,0,0,NA,0,090,SUMMERHILL DR,CORTE SERIUI,0,NA,Y,A,-,N,NA,NA,NA,NA,NA,NA,NA,NA,NA,Y,3,0,4,2,A,-,08,22107,NA,N,D,C,A,B,H,-,C,D,0,NA,NA,NA,NA,Y,NA,A,01,0,1,3,0,0,0,0,0,0,-,-,33.67390823364258,-117.29003143310548,RIVERSIDE,LAKE ELSINORE,-117.2902374267578,33.673980712890625
8548079,2017,2018-02-27,3300,2017-10-30,1732,4807,002R,1,5,6,3345,0,0,0,NA,0,024,BEACH ST,53RD ST,0,NA,Y,A,-,N,NA,NA,NA,NA,NA,NA,NA,NA,NA,N,3,0,1,3,A,-,12,22450,A,N,B,G,A,A,H,-,A,A,0,NA,Y,NA,NA,Y,NA,L,04,0,1,0,0,0,0,1,0,0,-,-,33.99086,-117.49498,RIVERSIDE,JURUPA VALLEY,-117.49490005,33.99089001
8548196,2018,2018-02-08,3300,2018-01-29,1733,4323,910,1,5,5,3335,0,0,0,NA,0,062,MARGARITA RD,SOLANA WY,45,N,N,A,-,N,NA,NA,NA,NA,NA,NA,NA,NA,NA,Y,4,0,1,1,C,-,18,NA,NA,N,E,I,A,A,H,-,A,D,0,NA,NA,NA,NA,Y,NA,-,-,0,0,1,0,0,0,0,0,0,-,-,NA,NA,RIVERSIDE,TEMECULA,-117.15001678466795,33.51634216308594
8550108,2017,2018-02-08,3300,2017-12-25,1541,N3162,D910,1,5,5,3335,0,0,0,NA,0,067,LA PAZ,YNEZ RD,349,W,N,A,-,N,NA,NA,NA,NA,NA,NA,NA,NA,NA,N,4,0,1,3,A,-,08,22107,NA,N,C,E,F,A,H,-,A,D,0,Y,NA,NA,NA,Y,NA,A,01,0,0,1,0,1,0,0,0,0,-,-,NA,NA,RIVERSIDE,TEMECULA,-117.13308551,33.48055641
8550230,2018,2018-06-28,3300,2018-01-09,1950,3866,30B1,2,5,4,3318,0,0,0,NA,0,030,RT 111,TOWN CENTER WY,793,W,N,A,-,N,NA,NA,NA,NA,NA,NA,NA,NA,NA,N,3,0,1,2,A,-,11,21955,NA,N,G,B,D,B,H,-,C,A,0,Y,NA,NA,NA,Y,NA,N,60,0,1,0,0,1,0,0,0,0,-,-,NA,NA,RIVERSIDE,PALM DESERT,-116.40008544921876,33.7248649597168
8550696,2018,2018-02-10,3300,2018-01-26,1530,4713,910H,5,5,5,3335,0,0,0,NA,0,063,MARGARITA RD,MORAGA RD,544,N,N,A,-,N,NA,NA,NA,NA,NA,NA,NA,NA,NA,N,4,0,2,2,A,-,05,21650,1,N,D,G,A,A,H,-,A,D,0,NA,Y,NA,NA,Y,NA,L,04,0,0,2,0,0,0,2,0,0,-,-,NA,NA,RIVERSIDE,TEMECULA,-117.13907623291016,33.51185989379883
8550960,2018,2018-08-09,3311,2018-01-19,0147,16035,3311,5,5,4,3311,0,0,0,NA,0,004,RT 111,TACHEVAH DR,432,S,N,A,-,Y,RIV,8,111,-,T,51.01,H,-,S,Y,4,0,1,1,A,-,03,22350,NA,N,E,I,A,A,H,-,C,D,0,NA,NA,NA,NA,Y,NA,A,07,0,0,1,0,0,0,0,0,0,-,-,33.83760070800781,-116.50617218017578,RIVERSIDE,PALM SPRINGS,-116.50595855712892,33.836585998535156
8553810,2018,2018-03-14,3300,2018-02-06,2359,3552,916A,2,5,4,3312,0,0,0,NA,0,031,RAMONA EXPWY,AVALON PKWY,1645,E,N,A,-,N,NA,NA,NA,NA,NA,NA,NA,NA,NA,Y,4,0,1,1,A,-,05,21651,A,N,E,I,A,A,H,-,C,D,0,NA,NA,NA,Y,Y,NA,F,26,0,0,1,0,0,0,0,0,0,-,-,NA,NA,RIVERSIDE,PERRIS,-117.19467926025392,33.84408950805664
8554495,2016,2018-08-07,3342,2016-02-29,1112,659,286,1,5,4,3342,0,0,0,NA,0,00B,CALIFORNIA OAKS RD,RT 15,0,NA,Y,A,-,Y,RIV,8,15,-,-,10.421,R,4,N,Y,3,0,1,2,A,-,12,21453,A,N,D,C,A,A,H,-,A,A,0,NA,NA,NA,NA,Y,NA,A,01,0,1,0,0,0,0,0,0,0,-,NF,33.56638,-117.20647,RIVERSIDE,MURRIETA,-117.20459195,33.56399567
8554517,2016,2018-03-02,3342,2016-01-05,1744,543,345,2,5,4,3342,0,0,0,NA,0,00C,LOS ALAMOS,SHANNON LN,0,NA,Y,B,C,N,NA,NA,NA,NA,NA,NA,NA,NA,NA,Y,4,0,1,1,A,-,03,22350,NA,N,E,I,A,B,H,-,D,D,0,NA,NA,NA,NA,Y,NA,A,01,0,0,1,0,0,0,0,0,0,-,-,NA,NA,RIVERSIDE,MURRIETA,-117.16068012,33.58660003
8554525,2016,2018-03-02,3342,2016-01-12,0338,893,371,2,5,4,3342,0,0,0,NA,0,00C,BLACKTHORNE DR,WHITEWOOD RD,0,NA,Y,A,-,N,NA,NA,NA,NA,NA,NA,NA,NA,NA,Y,4,0,1,1,A,-,03,22350,NA,N,E,I,A,A,H,-,C,D,0,NA,NA,NA,NA,Y,Y,D,22,0,0,1,0,0,0,0,0,0,-,-,33.57162,-117.16888,RIVERSIDE,MURRIETA,-117.16889003,33.5715601
8554547,2016,2018-03-03,3342,2016-02-24,1507,936,165,3,5,4,3342,0,0,0,NA,0,00A,NIGHTHAWK WY,WASHINGTON,748,W,N,A,G,N,NA,NA,NA,NA,NA,NA,NA,NA,NA,N,3,0,1,2,A,-,09,21802,A,N,H,G,A,A,H,-,A,A,0,NA,Y,NA,NA,Y,NA,A,07,0,1,0,0,0,0,1,0,0,-,-,33.56454,-117.23211,RIVERSIDE,MURRIETA,-117.23063013,33.56576991
8554577,2016,2018-03-06,3342,2016-03-01,0812,782,505,2,5,4,3342,0,0,0,NA,0,00C,LOS ALAMOS RD,CRAWFORD CANYON RD,437,E,N,A,-,N,NA,NA,NA,NA,NA,NA,NA,NA,NA,Y,4,0,2,2,A,-,03,22350,NA,N,A,C,A,A,H,-,A,A,0,NA,NA,NA,NA,Y,NA,A,01,0,0,2,0,0,0,0,0,0,-,-,NA,NA,RIVERSIDE,MURRIETA,-117.14956396,33.59691561
8554593,2016,2018-03-06,3342,2016-04-03,1138,307,446,7,5,4,3342,0,0,0,NA,0,00D,MURRIETA HOT SPRINGS RD,HANCOCK AV,0,NA,Y,A,-,N,NA,NA,NA,NA,NA,NA,NA,NA,NA,Y,4,0,1,2,A,-,12,21453,A,N,D,C,A,A,H,-,A,A,0,NA,NA,NA,NA,Y,NA,A,07,0,0,1,0,0,0,0,0,0,-,-,33.55992,-117.1841,RIVERSIDE,MURRIETA,-117.18426,33.5560501
8554622,2016,2018-03-06,3342,2016-04-16,1653,943,376,6,5,4,3342,0,0,0,NA,0,00C,MURRIETA HOT SPRINGS RD,ALTA MURRIETA DR,20,W,N,A,-,N,NA,NA,NA,NA,NA,NA,NA,NA,NA,N,4,0,1,2,A,-,21,22106,NA,N,C,C,A,A,H,-,A,A,0,NA,NA,NA,NA,Y,NA,D,22,0,0,1,0,0,0,0,0,0,-,-,33.5564,-117.17738,RIVERSIDE,MURRIETA,-117.17755538,33.55643782