CASE_ID,ACCIDENT_YEAR,PROC_DATE,JURIS,COLLISION_DATE,COLLISION_TIME,OFFICER_ID,REPORTING_DISTRICT,DAY_OF_WEEK,CHP_SHIFT,POPULATION,CNTY_CITY_LOC,SPECIAL_COND,BEAT_TYPE,CHP_BEAT_TYPE,CITY_DIVISION_LAPD,CHP_BEAT_CLASS,BEAT_NUMBER,PRIMARY_RD,SECONDARY_RD,DISTANCE,DIRECTION,INTERSECTION,WEATHER_1,WEATHER_2,STATE_HWY_IND,CALTRANS_COUNTY,CALTRANS_DISTRICT,STATE_ROUTE,ROUTE_SUFFIX,POSTMILE_PREFIX,POSTMILE,LOCATION_TYPE,RAMP_INTERSECTION,SIDE_OF_HWY,TOW_AWAY,COLLISION_SEVERITY,NUMBER_KILLED,NUMBER_INJURED,PARTY_COUNT,PRIMARY_COLL_FACTOR,PCF_CODE_OF_VIOL,PCF_VIOL_CATEGORY,PCF_VIOLATION,PCF_VIOL_SUBSECTION,HIT_AND_RUN,TYPE_OF_COLLISION,MVIW,PED_ACTION,ROAD_SURFACE,ROAD_COND_1,ROAD_COND_2,LIGHTING,CONTROL_DEVICE,CHP_ROAD_TYPE,PEDESTRIAN_ACCIDENT,BICYCLE_ACCIDENT,MOTORCYCLE_ACCIDENT,TRUCK_ACCIDENT,NOT_PRIVATE_PROPERTY,ALCOHOL_INVOLVED,STWD_VEHTYPE_AT_FAULT,CHP_VEHTYPE_AT_FAULT,COUNT_SEVERE_INJ,COUNT_VISIBLE_INJ,COUNT_COMPLAINT_PAIN,COUNT_PED_KILLED,COUNT_PED_INJURED,COUNT_BICYCLIST_KILLED,COUNT_BICYCLIST_INJURED,COUNT_MC_KILLED,COUNT_MC_INJURED,PRIMARY_RAMP,SECONDARY_RAMP,LATITUDE,LONGITUDE,COUNTY,CITY,POINT_X,POINT_Y
8762501,2018,2019-01-07,3315,2018-12-12,1446,002847,3A,3,5,6,3315,0,0,0,NA,0,002,JOY ST,8TH ST,0,NA,Y,A,-,N,NA,NA,NA,NA,NA,NA,NA,NA,NA,N,3,0,1,2,A,-,12,22450,A,N,D,C,A,A,H,-,A,A,0,NA,NA,NA,NA,Y,NA,A,01,0,1,0,0,0,0,0,0,0,-,-,33.87282943725586,-117.56178283691406,RIVERSIDE,CORONA,-117.56170654296876,33.87276077270508
8762766,2018,2018-12-28,3300,2018-10-23,1715,4867,602C4,2,5,6,3394,0,0,0,NA,0,MV24,ALESSANDRO BL,FREDERICK ST,193,E,N,A,-,N,NA,NA,NA,NA,NA,NA,NA,NA,NA,N,3,0,1,2,A,-,03,22350,NA,N,C,C,A,A,H,-,A,A,0,NA,NA,NA,NA,Y,NA,A,01,0,1,0,0,0,0,0,0,0,-,-,33.917179107666016,-117.26113128662108,RIVERSIDE,MORENO VALLEY,-117.260498046875,33.91727828979492
8763088,2018,2018-12-26,3342,2018-11-05,1210,419,305,1,5,4,3342,0,0,0,NA,0,003,MAPLETON AV,ANTELOPE RD,13,E,N,A,-,N,NA,NA,NA,NA,NA,NA,NA,NA,NA,N,4,0,1,2,A,-,21,22106,NA,N,C,C,A,A,H,-,A,A,0,NA,NA,NA,NA,Y,NA,A,07,0,0,1,0,0,0,0,0,0,-,-,33.63203811645508,-117.71060943603516,RIVERSIDE,MURRIETA,-117.17057037353516,33.632057189941406
8764563,2018,2019-02-05,3300,2018-11-21,1717,4050,012C,3,5,4,3344,0,0,0,NA,0,065,SCHLEISMAN RD,CEDAR CREEK RD,0,NA,Y,A,-,N,NA,NA,NA,NA,NA,NA,NA,NA,NA,Y,4,0,1,3,A,-,03,22350,NA,N,C,C,A,A,H,-,C,D,0,NA,NA,NA,NA,Y,NA,A,01,0,0,1,0,0,0,0,0,0,-,-,33.960960388183594,-117.57997131347656,RIVERSIDE,EASTVALE,-117.57998657226563,33.960838317871094
8764567,2018,2019-01-10,3300,2018-11-21,1517,3747,002V,3,5,6,3345,0,0,0,NA,0,026,TROTH ST,50TH ST,0,NA,Y,A,-,N,NA,NA,NA,NA,NA,NA,NA,NA,NA,N,4,0,2,2,A,-,12,22450,A,F,D,C,A,A,H,-,A,A,0,NA,NA,NA,NA,Y,NA,A,01,0,0,2,0,0,0,0,0,0,-,-,33.996368408203125,-117.5166015625,RIVERSIDE,JURUPA VALLEY,-117.51676177978516,33.99631881713867
8764583,2018,2019-01-10,3300,2018-11-28,0618,N3202,012E,3,5,4,3344,0,0,0,NA,0,064,ARCHIBALD AV,SMITH RIVER RD,189,S,N,A,-,N,NA,NA,NA,NA,NA,NA,NA,NA,NA,N,4,0,1,1,C,-,18,NA,NA,N,H,H,A,A,H,-,C,D,0,NA,NA,Y,NA,Y,NA,-,-,0,0,1,0,0,0,0,0,1,-,-,NA,NA,RIVERSIDE,EASTVALE,-117.59317016601563,33.95317077636719
8767424,2018,2019-01-09,3342,2018-10-26,1644,898,353,5,5,4,3342,0,0,0,NA,0,00C,WHITEWOOD RD,LINNEL LN,521,S,N,A,-,N,NA,NA,NA,NA,NA,NA,NA,NA,NA,Y,4,0,1,3,A,-,04,21703,NA,N,C,C,A,A,H,-,A,A,0,NA,NA,NA,Y,Y,NA,A,01,0,0,1,0,0,0,0,0,0,-,-,NA,NA,RIVERSIDE,MURRIETA,-117.162892,33.603636
8769049,2018,2019-01-17,3300,2018-12-20,1603,4050,63,4,5,4,3344,0,0,0,NA,0,012C,CITRUS ST,HAMNER AV,315,W,N,A,-,N,NA,NA,NA,NA,NA,NA,NA,NA,NA,Y,3,0,4,4,A,-,03,22350,NA,N,C,C,A,A,H,-,A,D,0,NA,NA,NA,NA,Y,NA,A,01,0,1,3,0,0,0,0,0,0,-,-,33.951690673828125,-117.55845642089844,RIVERSIDE,EASTVALE,-117.55936431884766,33.951820373535156
8769406,2018,2019-01-31,3300,2018-12-15,1206,5183,3300,6,5,6,3345,0,0,0,NA,0,024,EL PALOMINO DR,LIMONITE AV,0,NA,Y,A,-,N,NA,NA,NA,NA,NA,NA,NA,NA,NA,N,4,0,1,2,A,-,09,21804,A,N,D,C,A,A,H,-,A,A,0,NA,NA,NA,NA,Y,NA,A,01,0,0,1,0,0,0,0,0,0,-,-,NA,NA,RIVERSIDE,JURUPA VALLEY,-117.45857238769533,33.978389739990234
8770389,2018,2019-01-23,3300,2018-12-19,1819,N4809,920A,3,5,4,3314,0,0,0,NA,0,070,RAMONA EXPWY,STATE ST,200,W,N,A,-,N,NA,NA,NA,NA,NA,NA,NA,NA,NA,Y,4,0,1,2,A,-,03,22350,NA,N,C,C,A,A,H,-,C,A,0,NA,NA,NA,NA,Y,NA,A,01,0,0,1,0,0,0,0,0,0,-,-,33.80173873901367,-116.97206878662108,RIVERSIDE,SAN JACINTO,-116.97270965576172,33.801902770996094
8770668,2018,2019-01-23,3300,2018-12-20,1812,4673,001C1,4,5,6,3345,0,0,0,NA,0,010,HALL AV,EL RIO AV,134,S,N,A,-,N,NA,NA,NA,NA,NA,NA,NA,NA,NA,N,2,0,1,2,A,-,11,21954,A,N,G,B,E,A,H,-,D,D,0,Y,NA,NA,NA,Y,NA,N,60,1,0,0,0,1,0,0,0,0,-,-,34.01042175292969,-117.388427734375,RIVERSIDE,JURUPA VALLEY,-117.38867950439452,34.01030731201172
8771543,2018,2019-01-07,3300,2018-12-20,0010,3552,916B,4,5,4,3312,0,0,0,NA,0,032,NUEVO RD,REDLANDS AV,350,E,N,A,-,N,NA,NA,NA,NA,NA,NA,NA,NA,NA,N,4,0,1,2,A,-,01,23152,A,M,C,E,A,A,H,-,C,D,0,NA,NA,NA,NA,Y,Y,A,01,0,0,1,0,0,0,0,0,0,-,-,33.80107879638672,-117.2174072265625,RIVERSIDE,PERRIS,-117.21625518798828,33.801109313964844
8771551,2018,2019-02-01,3311,2018-12-17,1741,15477,NA,1,5,4,3311,0,0,0,NA,0,002,INDIAN CANYON DR N,RT 111,47,S,N,A,-,Y,RIV,8,111,-,T,53.877,I,6,S,Y,4,0,1,2,A,-,01,23152,A,N,C,C,A,A,H,-,C,A,0,NA,NA,NA,NA,Y,Y,A,01,0,0,1,0,0,0,0,0,0,-,-,33.844810485839844,-116.54562377929688,RIVERSIDE,PALM SPRINGS,-116.5456085205078,33.84489440917969
8771788,2018,2019-01-09,3300,2018-11-15,1222,4678,83G4,4,5,3,3305,0,0,0,NA,0,083,CESAR CHAVEZ,WESTERFIELD,0,NA,Y,A,-,N,NA,NA,NA,NA,NA,NA,NA,NA,NA,Y,4,0,1,2,A,-,12,21453,NA,N,D,C,A,A,H,-,A,A,0,NA,NA,NA,NA,Y,NA,A,01,0,0,1,0,0,0,0,0,0,-,-,NA,NA,RIVERSIDE,COACHELLA,-116.181591,33.681817
8773345,2018,2019-01-03,3300,2018-12-03,0925,5378,84,1,5,3,3305,0,0,0,NA,0,84D1,DILLON RD,AVE 48,280,S,N,A,-,N,NA,NA,NA,NA,NA,NA,NA,NA,NA,Y,4,0,1,2,C,-,18,NA,NA,N,B,C,A,A,H,-,A,D,0,NA,NA,NA,NA,Y,NA,-,-,0,0,1,0,0,0,0,0,0,-,-,NA,NA,RIVERSIDE,COACHELLA,-116.19329833984376,33.69963455200195
8773425,2018,2019-01-14,3300,2018-12-03,1735,3642,40A4,1,5,3,3392,0,0,0,NA,0,040,WASHINGTON ST,MILES AV,58,S,N,A,-,N,NA,NA,NA,NA,NA,NA,NA,NA,NA,N,4,0,2,2,A,-,03,22350,NA,M,C,C,A,A,H,-,C,A,0,NA,NA,NA,NA,Y,NA,-,NA,0,0,2,0,0,0,0,0,0,-,-,NA,NA,RIVERSIDE,LA QUINTA,-116.29783630371094,33.72172927856445
8774997,2018,2019-01-10,3308,2018-11-09,0843,10470,575,5,5,5,3308,0,0,0,NA,0,SOUTH,DOMENIGONI PKWY,STATE ST,3251,W,N,A,-,N,NA,NA,NA,NA,NA,NA,NA,NA,NA,Y,4,0,1,1,A,-,03,22350,NA,N,E,I,A,A,H,-,A,A,0,NA,NA,NA,NA,Y,NA,A,07,0,0,1,0,0,0,0,0,0,-,-,33.703041076660156,-116.97164154052734,RIVERSIDE,HEMET,-116.9814224243164,33.705509185791016
8775060,2018,2019-02-01,3300,2018-12-06,2104,4024,905B,4,5,4,3307,0,0,0,NA,0,090,GREENWALD AV,DOWLING RD,2455,W,N,C,-,N,NA,NA,NA,NA,NA,NA,NA,NA,NA,Y,2,0,2,1,A,-,03,22350,NA,N,F,A,A,B,H,-,D,D,0,NA,NA,NA,NA,Y,NA,A,01,1,1,0,0,0,0,0,0,0,-,-,NA,NA,RIVERSIDE,LAKE ELSINORE,-117.283245,33.698233
8775369,2018,2019-02-01,3313,2018-12-19,1733,0632,1,3,5,7,3313,0,0,0,NA,0,3R14,GRAND AV,RUBIDOUX AV,0,NA,Y,A,-,N,NA,NA,NA,NA,NA,NA,NA,NA,NA,N,4,0,1,2,A,-,12,22450,A,N,D,C,A,A,H,-,C,D,0,NA,NA,NA,NA,Y,NA,A,01,0,0,1,0,0,0,0,0,0,-,-,33.9669303894043,-117.40776824951172,RIVERSIDE,RIVERSIDE,-117.40775299072266,33.96678924560547
8775823,2018,2019-01-12,3302,2018-11-20,1813,893,NA,2,5,3,3302,0,0,0,NA,0,NA,BEAUMONT AV,9TH ST,0,NA,Y,A,-,N,NA,NA,NA,NA,NA,NA,NA,NA,NA,N,4,0,1,2,A,-,03,22350,NA,N,C,C,A,A,H,-,C,A,0,NA,NA,NA,NA,Y,NA,A,01,0,0,1,0,0,0,0,0,0,-,-,33.933998107910156,-116.9770965576172,RIVERSIDE,BEAUMONT,-116.9771728515625,33.93400192260742
8776062,2018,2019-02-15,3300,2018-11-24,1335,3536,602E3,6,5,6,3394,0,0,0,NA,0,MV28,PERRIS BL,COTTONWOOD AV,0,NA,Y,A,-,N,NA,NA,NA,NA,NA,NA,NA,NA,NA,Y,4,0,1,3,A,-,01,23152,A,N,A,C,A,A,H,-,A,A,0,NA,NA,NA,NA,Y,Y,A,07,0,0,1,0,0,0,0,0,0,-,-,33.924560546875,-117.2262725830078,RIVERSIDE,MORENO VALLEY,-117.226318359375,33.924560546875
8776554,2019,2019-02-02,3300,2019-01-01,1800,5143,NA,2,5,5,3335,0,0,0,NA,0,NA,PECHANGA PKWY,WOLF VALLEY RD,0,NA,Y,A,-,N,NA,NA,NA,NA,NA,NA,NA,NA,NA,N,4,0,1,2,A,-,03,22350,NA,N,B,B,B,A,H,-,D,A,0,Y,NA,NA,NA,Y,NA,-,99,0,0,1,0,1,0,0,0,0,-,-,33.45970916748047,-117.10758972167967,RIVERSIDE,TEMECULA,-117.10769653320313,33.45964050292969
8776700,2018,2019-01-22,3309,2018-09-19,1533,134,3306,3,5,4,3309,0,0,0,NA,0,NA,PALM DR,PAUL RD,50,N,N,A,-,N,NA,NA,NA,NA,NA,NA,NA,NA,NA,Y,4,0,1,2,A,-,03,22350,NA,F,C,C,A,A,H,-,A,D,0,NA,NA,NA,NA,Y,NA,A,01,0,0,1,0,0,0,0,0,0,-,-,NA,NA,RIVERSIDE,INDIO,-116.50182342529295,33.883174896240234
8777282,2018,2019-01-30,3300,2018-12-27,1345,3553,36R3,4,5,4,3318,0,0,0,NA,0,MO873,FRED WARING DR,MONTEREY AV,330,W,N,A,B,N,NA,NA,NA,NA,NA,NA,NA,NA,NA,N,4,0,1,2,A,-,09,21801,A,N,D,C,A,A,H,-,A,D,0,NA,NA,NA,NA,Y,NA,A,07,0,0,1,0,0,0,0,0,0,-,-,NA,NA,RIVERSIDE,PALM DESERT,-116.392333984375,33.72863006591797
8777367,2018,2019-01-23,3300,2018-11-23,1230,N5259,20A5,5,5,3,3317,0,0,0,NA,0,S20,DESERT SUN DR,COUNTRY CLUB DR,323,N,N,A,-,N,NA,NA,NA,NA,NA,NA,NA,NA,NA,N,4,0,1,2,A,-,11,21954,A,N,G,B,E,A,H,-,A,D,0,Y,NA,NA,NA,Y,NA,N,60,0,0,1,0,1,0,0,0,0,-,-,NA,NA,RIVERSIDE,RANCHO MIRAGE,-116.4180145263672,33.75874328613281
8777795,2018,2019-01-28,3300,2018-12-11,0720,N3672,916C,2,5,4,3312,0,0,0,NA,0,034,A ST,4TH ST,150,S,N,A,-,N,NA,NA,NA,NA,NA,NA,NA,NA,NA,N,4,0,1,2,A,-,09,21804,NA,M,D,G,A,A,H,-,A,D,0,NA,Y,NA,NA,Y,NA,A,01,0,0,1,0,0,0,1,0,0,-,-,33.7823600769043,-117.23475646972656,RIVERSIDE,PERRIS,-117.23475646972656,33.78194046020508
8778042,2018,2019-01-26,3313,2018-12-11,1832,1911,5,2,5,7,3313,0,0,0,NA,0,3R52,MAGNOLIA AV,BANBURY DR,299,W,N,A,-,N,NA,NA,NA,NA,NA,NA,NA,NA,NA,N,2,0,1,2,A,-,11,21956,A,N,G,B,E,A,H,-,D,A,0,Y,NA,NA,NA,Y,NA,N,60,1,0,0,0,1,0,0,0,0,-,-,NA,NA,RIVERSIDE,RIVERSIDE,-117.465576171875,33.909645080566406
8778493,2018,2019-01-31,3313,2018-12-31,2301,1928,3,1,5,7,3313,0,0,0,NA,0,1R37,VAN BUREN BL,DAUCHY AV,0,NA,Y,A,-,N,NA,NA,NA,NA,NA,NA,NA,NA,NA,N,4,0,1,1,A,-,08,22107,NA,N,E,I,A,A,H,-,C,A,0,NA,NA,NA,NA,Y,NA,A,01,0,0,1,0,0,0,0,0,0,-,-,33.887001037597656,-117.33999633789063,RIVERSIDE,RIVERSIDE,-117.340087890625,33.88711166381836
8781430,2018,2019-01-22,3308,2018-11-29,1321,10610,544,4,5,5,3308,0,0,0,NA,0,SOUTH,STETSON AV,PAGE PLAZA WY,365,W,N,C,-,N,NA,NA,NA,NA,NA,NA,NA,NA,NA,Y,4,0,3,2,A,-,09,21804,A,N,D,C,A,B,H,-,A,A,0,NA,NA,NA,NA,Y,NA,A,01,0,0,3,0,0,0,0,0,0,-,-,NA,NA,RIVERSIDE,HEMET,-117.0098876953125,33.729339599609375
8782596,2018,2019-01-30,3313,2018-12-21,1652,1547,3,5,5,7,3313,0,0,0,NA,0,3R30,SYCAMORE CANYON BL,COLLEGE BL,0,NA,Y,A,-,N,NA,NA,NA,NA,NA,NA,NA,NA,NA,Y,4,0,1,2,A,-,16,24002,A,N,E,J,A,A,H,-,C,D,0,NA,NA,NA,Y,Y,NA,F,26,0,0,1,0,0,0,0,0,0,-,-,33.952999114990234,-117.3040008544922,RIVERSIDE,RIVERSIDE,-117.3049087524414,33.953819274902344
8782744,2019,2019-02-07,3313,2019-01-04,1813,1783,5,5,5,7,3313,0,0,0,NA,0,T40,POLK ST,WHITE OAK DR,0,NA,Y,A,-,N,NA,NA,NA,NA,NA,NA,NA,NA,NA,Y,3,0,3,2,D,-,00,NA,NA,N,B,C,A,A,H,-,E,D,0,NA,NA,Y,NA,Y,NA,-,-,0,1,2,0,0,0,0,0,1,-,-,NA,NA,RIVERSIDE,RIVERSIDE,-117.46617889404295,33.90446090698242
8784263,2019,2019-02-13,3300,2019-01-18,0655,N5073,36R2,5,5,4,3318,0,0,0,NA,0,T390,MONTEREY AV,PARKVIEW DR,0,NA,Y,B,-,N,NA,NA,NA,NA,NA,NA,NA,NA,NA,Y,3,0,2,2,A,-,17,21451,A,N,D,C,A,A,H,-,A,A,0,NA,NA,NA,NA,Y,NA,A,01,0,1,1,0,0,0,0,0,0,-,-,NA,NA,RIVERSIDE,PALM DESERT,-116.39124298095705,33.7324104309082
8785044,2018,2019-01-26,3313,2018-12-20,1623,1783,4,4,5,7,3313,0,0,0,NA,0,T40,ADAMS ST,CALIFORNIA AV,0,NA,Y,A,-,N,NA,NA,NA,NA,NA,NA,NA,NA,NA,Y,4,0,3,2,A,-,12,21453,A,N,D,C,A,A,H,-,A,A,0,NA,NA,NA,NA,Y,NA,A,01,0,0,3,0,0,0,0,0,0,-,-,33.939109802246094,-117.42926788330078,RIVERSIDE,RIVERSIDE,-117.42941284179688,33.93925094604492
8785088,2018,2019-01-26,3313,2018-12-20,1821,1783,4,4,5,7,3313,0,0,0,NA,0,T40,MONROE ST,COLORADO AV,0,NA,Y,A,-,N,NA,NA,NA,NA,NA,NA,NA,NA,NA,N,3,0,2,2,A,-,01,23152,A,N,B,C,A,A,H,-,C,A,0,NA,NA,NA,NA,Y,Y,A,07,0,1,1,0,0,0,0,0,0,-,-,NA,NA,RIVERSIDE,RIVERSIDE,-117.44190216064452,33.941219329833984
8785116,2018,2019-01-26,3313,2018-12-28,1535,1798,1,5,5,7,3313,0,0,0,NA,0,T47,3RD ST,ORANGE ST,0,NA,Y,A,-,N,NA,NA,NA,NA,NA,NA,NA,NA,NA,Y,4,0,1,2,A,-,12,21453,A,N,D,C,A,A,H,-,A,A,0,NA,NA,NA,NA,Y,NA,A,01,0,0,1,0,0,0,0,0,0,-,-,33.98617935180664,-117.37010192871094,RIVERSIDE,RIVERSIDE,-117.37004089355467,33.986228942871094
8787967,2018,2019-01-28,3313,2018-12-27,1714,1798,3,4,5,7,3313,0,0,0,NA,0,T47,MISSION GROVE PKWY S,NORTHROP DR,120,S,N,A,-,N,NA,NA,NA,NA,NA,NA,NA,NA,NA,Y,4,0,1,2,A,-,03,22350,NA,N,F,E,A,A,H,-,B,A,0,NA,NA,NA,NA,Y,NA,A,01,0,0,1,0,0,0,0,0,0,-,-,33.91011047363281,-117.32386779785156,RIVERSIDE,RIVERSIDE,-117.32408905029295,33.90982437133789
8788869,2018,2019-01-29,3300,2018-12-23,1146,N5069,T36P2,7,5,4,3318,0,0,0,NA,0,T36,PORTOLA AV,DE ANZA,18,N,N,A,-,N,NA,NA,NA,NA,NA,NA,NA,NA,NA,Y,3,0,1,1,A,-,21,22106,NA,N,F,A,A,A,H,-,A,A,0,NA,NA,NA,NA,Y,NA,-,NA,0,1,0,0,0,0,0,0,0,-,-,NA,NA,RIVERSIDE,PALM DESERT,-116.37374114990234,33.72412109375
8789458,2019,2019-03-13,3300,2019-01-04,0957,N6012,501A,5,5,5,3341,0,0,0,NA,0,051,ST HWY 74,TRUMBLE RD,0,NA,Y,A,-,N,NA,NA,NA,NA,NA,NA,NA,NA,NA,N,4,0,3,4,A,-,03,22350,NA,N,C,C,A,A,H,-,A,A,0,NA,NA,NA,NA,Y,NA,A,01,0,0,3,0,0,0,0,0,0,-,-,NA,NA,RIVERSIDE,MENIFEE,-117.18546295166016,33.751991271972656
8789853,2019,2019-02-12,3300,2019-01-03,0455,4900,2E,4,5,6,3345,0,0,0,NA,0,022,COUNTRY VILLAGE RD,WAGON WY,36,S,N,A,-,N,NA,NA,NA,NA,NA,NA,NA,NA,NA,Y,4,0,1,1,A,-,08,22107,NA,N,E,I,A,A,H,-,C,D,0,NA,NA,NA,NA,Y,NA,D,22,0,0,1,0,0,0,0,0,0,-,-,NA,NA,RIVERSIDE,JURUPA VALLEY,-117.50691986083984,34.02974319458008
8789937,2018,2019-02-06,3300,2018-11-16,0730,N3672,916B,5,5,4,3312,0,0,0,NA,0,032,EL NIDO AV,ORANGE AV,50,N,N,A,-,N,NA,NA,NA,NA,NA,NA,NA,NA,NA,N,4,0,1,2,A,-,08,22107,NA,N,B,G,A,A,H,-,A,A,0,NA,Y,NA,NA,Y,NA,A,08,0,0,1,0,0,0,1,0,0,-,-,33.81568908691406,-117.1956024169922,RIVERSIDE,PERRIS,-117.19556427001952,33.8158073425293
8790020,2019,2019-02-06,3300,2019-01-18,0650,4449,002Q,5,5,6,3345,0,0,0,NA,0,024,LIMONITE AV,VAN BUREN BL,0,NA,Y,A,-,N,NA,NA,NA,NA,NA,NA,NA,NA,NA,Y,4,0,2,2,A,-,12,21453,A,N,D,C,A,A,H,-,A,D,0,NA,NA,NA,NA,Y,NA,A,07,0,0,2,0,0,0,0,0,0,-,-,33.975990295410156,-117.47618103027344,RIVERSIDE,JURUPA VALLEY,-117.47611236572266,33.975738525390625
8790078,2018,2019-02-07,3300,2018-12-12,1440,N6265,002K,3,5,6,3345,0,0,0,NA,0,022,WINEVILLE RD,RIVERSIDE DR,0,NA,Y,A,-,N,NA,NA,NA,NA,NA,NA,NA,NA,NA,Y,4,0,1,2,A,-,12,22450,A,N,D,C,A,A,H,-,A,A,0,NA,NA,NA,NA,Y,NA,A,07,0,0,1,0,0,0,0,0,0,-,-,34.018680572509766,-117.5415496826172,RIVERSIDE,JURUPA VALLEY,-117.54192352294922,34.0186882019043
8790319,2018,2019-02-14,3308,2018-10-19,0651,10527,527,5,5,5,3308,0,0,0,NA,0,SOUTH,KIMBALL AV,FRANKLIN ST,2,W,N,A,-,N,NA,NA,NA,NA,NA,NA,NA,NA,NA,Y,4,0,1,2,A,-,09,21801,A,N,A,C,A,A,H,-,A,A,0,NA,NA,NA,NA,Y,NA,A,01,0,0,1,0,0,0,0,0,0,-,-,33.745670318603516,-116.96614074707033,RIVERSIDE,HEMET,-116.96622467041016,33.74571990966797
8790425,2019,2019-01-31,3300,2019-01-20,1435,4561,916A,7,5,4,3312,0,0,0,NA,0,031,EVANS RD,KESTREL GATE,0,NA,Y,B,-,N,NA,NA,NA,NA,NA,NA,NA,NA,NA,Y,3,0,2,2,A,-,12,21453,A,N,D,C,A,A,H,-,A,A,0,NA,NA,NA,NA,Y,NA,A,01,0,1,1,0,0,0,0,0,0,-,-,33.82809829711914,-117.20346069335938,RIVERSIDE,PERRIS,-117.20362091064452,33.828060150146484
8794062,2019,2019-03-04,3315,2019-02-10,1629,003128,NA,7,5,6,3315,0,0,0,NA,0,NA,PARKRIDGE AV,HARRISON ST,0,NA,Y,C,-,N,NA,NA,NA,NA,NA,NA,NA,NA,NA,N,3,0,2,2,A,-,12,22450,A,N,D,C,A,B,H,-,A,A,0,NA,NA,NA,NA,Y,Y,A,01,0,1,1,0,0,0,0,0,0,-,-,33.884559631347656,-117.55329895019533,RIVERSIDE,CORONA,-117.55329895019533,33.884559631347656
8794078,2019,2019-03-04,3315,2019-02-17,1528,003546,6B,7,5,6,3315,0,0,0,NA,0,001,2ND ST,VICENTIA AV,0,NA,Y,B,C,N,NA,NA,NA,NA,NA,NA,NA,NA,NA,Y,4,0,1,2,A,-,09,21801,A,N,D,C,A,B,H,-,A,D,0,NA,NA,NA,NA,Y,NA,A,01,0,0,1,0,0,0,0,0,0,-,-,33.8804817199707,-117.57462310791016,RIVERSIDE,CORONA,-117.57460784912108,33.88058090209961
8794423,2019,2019-04-03,3313,2019-02-01,1251,1686,1,5,5,7,3313,0,0,0,NA,0,T58,CENTRAL AV,RT 91,111,E,N,A,-,Y,RIV,8,91,-,-,18.584,R,4,E,Y,4,0,3,4,A,-,03,22350,NA,N,C,C,A,A,H,-,A,A,0,NA,NA,NA,NA,Y,NA,A,01,0,0,3,0,0,0,0,0,0,-,EO,33.95362091064453,-117.38223266601563,RIVERSIDE,RIVERSIDE,-117.38170623779295,33.95526123046875
8795616,2019,2019-02-11,3300,2019-01-07,1010,4300,920H,1,5,4,3314,0,0,0,NA,0,074,PARK AV,HEWITT ST,0,NA,Y,A,-,N,NA,NA,NA,NA,NA,NA,NA,NA,NA,N,4,0,2,2,A,-,12,21453,A,N,D,C,A,A,H,-,A,A,0,NA,NA,NA,NA,Y,NA,A,01,0,0,2,0,0,0,0,0,0,-,-,33.762001037597656,-116.95079803466795,RIVERSIDE,SAN JACINTO,-116.95085906982422,33.763221740722656
8795811,2018,2019-02-13,3306,2018-11-16,1143,140,3306,5,5,3,3306,0,0,0,NA,0,NA,DILLON RD,PALM DR,1960,W,N,A,-,N,NA,NA,NA,NA,NA,NA,NA,NA,NA,Y,3,0,3,2,A,-,08,22107,NA,N,A,C,A,A,H,-,A,D,0,NA,NA,NA,NA,Y,NA,A,01,0,1,2,0,0,0,0,0,0,-,-,NA,NA,RIVERSIDE,DESERT HOT SPRINGS,-116.50816345214844,33.924964904785156
8796906,2019,2019-04-08,3313,2019-03-22,2358,1809,1,5,5,7,3313,0,0,0,NA,0,1R17,MARKET ST,RIDGE RD,100,N,N,A,-,N,NA,NA,NA,NA,NA,NA,NA,NA,NA,Y,2,0,1,1,A,-,08,22107,NA,N,E,J,A,A,H,-,C,D,0,NA,NA,NA,NA,Y,NA,D,22,1,0,0,0,0,0,0,0,0,-,-,NA,NA,RIVERSIDE,RIVERSIDE,-117.36968231201172,33.991661071777344
8799622,2019,2019-02-25,3300,2019-02-06,0931,4767,506D,3,5,5,3341,0,0,0,NA,0,056,NEWPORT DR,DERBY DR,0,NA,Y,A,-,N,NA,NA,NA,NA,NA,NA,NA,NA,NA,N,3,0,1,2,A,-,10,21950,A,N,G,B,B,A,H,-,A,A,0,Y,NA,NA,NA,Y,NA,A,01,0,1,0,0,1,0,0,0,0,-,-,NA,NA,RIVERSIDE,MENIFEE,NA,NA
8800005,2018,2019-02-14,3308,2018-12-24,1706,10629,514,1,5,5,3308,0,0,0,NA,0,NORTH,CAWSTON AV,WATTS LN,0,NA,Y,B,-,N,NA,NA,NA,NA,NA,NA,NA,NA,NA,Y,3,0,2,2,A,-,09,21801,A,N,A,C,A,A,H,-,C,D,0,NA,NA,NA,NA,Y,NA,A,01,0,2,0,0,0,0,0,0,0,-,-,NA,NA,RIVERSIDE,HEMET,-117.01541900634766,33.74766159057617
8800189,2019,2019-02-12,3313,2019-01-05,1820,1906,4,6,5,7,3313,0,0,0,NA,0,3R42,VAN BUREN BL,PHILBIN AV,652,N,N,C,-,N,NA,NA,NA,NA,NA,NA,NA,NA,NA,N,4,0,1,2,A,-,11,21955,NA,N,G,B,D,B,H,-,C,A,0,Y,NA,NA,NA,Y,NA,N,60,0,0,1,0,1,0,0,0,0,-,-,33.93907165527344,-117.45387268066406,RIVERSIDE,RIVERSIDE,-117.4540557861328,33.940757751464844
8800266,2019,2019-02-19,3313,2019-01-25,0639,1641,3,5,5,7,3313,0,0,0,NA,0,T55,VAN BUREN BL,WOOD RD,0,NA,Y,A,-,N,NA,NA,NA,NA,NA,NA,NA,NA,NA,Y,4,0,2,4,A,-,01,23152,G,F,D,C,A,A,H,-,A,A,0,NA,NA,NA,NA,Y,Y,A,01,0,0,2,0,0,0,0,0,0,-,-,33.887149810791016,-117.33126068115234,RIVERSIDE,RIVERSIDE,-117.33136749267578,33.887149810791016