CASE_ID,ACCIDENT_YEAR,PROC_DATE,JURIS,COLLISION_DATE,COLLISION_TIME,OFFICER_ID,REPORTING_DISTRICT,DAY_OF_WEEK,CHP_SHIFT,POPULATION,CNTY_CITY_LOC,SPECIAL_COND,BEAT_TYPE,CHP_BEAT_TYPE,CITY_DIVISION_LAPD,CHP_BEAT_CLASS,BEAT_NUMBER,PRIMARY_RD,SECONDARY_RD,DISTANCE,DIRECTION,INTERSECTION,WEATHER_1,WEATHER_2,STATE_HWY_IND,CALTRANS_COUNTY,CALTRANS_DISTRICT,STATE_ROUTE,ROUTE_SUFFIX,POSTMILE_PREFIX,POSTMILE,LOCATION_TYPE,RAMP_INTERSECTION,SIDE_OF_HWY,TOW_AWAY,COLLISION_SEVERITY,NUMBER_KILLED,NUMBER_INJURED,PARTY_COUNT,PRIMARY_COLL_FACTOR,PCF_CODE_OF_VIOL,PCF_VIOL_CATEGORY,PCF_VIOLATION,PCF_VIOL_SUBSECTION,HIT_AND_RUN,TYPE_OF_COLLISION,MVIW,PED_ACTION,ROAD_SURFACE,ROAD_COND_1,ROAD_COND_2,LIGHTING,CONTROL_DEVICE,CHP_ROAD_TYPE,PEDESTRIAN_ACCIDENT,BICYCLE_ACCIDENT,MOTORCYCLE_ACCIDENT,TRUCK_ACCIDENT,NOT_PRIVATE_PROPERTY,ALCOHOL_INVOLVED,STWD_VEHTYPE_AT_FAULT,CHP_VEHTYPE_AT_FAULT,COUNT_SEVERE_INJ,COUNT_VISIBLE_INJ,COUNT_COMPLAINT_PAIN,COUNT_PED_KILLED,COUNT_PED_INJURED,COUNT_BICYCLIST_KILLED,COUNT_BICYCLIST_INJURED,COUNT_MC_KILLED,COUNT_MC_INJURED,PRIMARY_RAMP,SECONDARY_RAMP,LATITUDE,LONGITUDE,COUNTY,CITY,POINT_X,POINT_Y
8800272,2019,2019-02-21,3300,2019-01-25,1616,3747,001L4,5,5,6,3345,0,0,0,NA,0,016,AVALON ST,MISSION BL,158,S,N,A,-,N,NA,NA,NA,NA,NA,NA,NA,NA,NA,N,4,0,1,2,A,-,11,21954,A,N,G,B,D,A,H,-,A,D,0,Y,NA,NA,NA,Y,NA,N,60,0,0,1,0,1,0,0,0,0,-,-,33.99842834472656,-117.40994262695313,RIVERSIDE,JURUPA VALLEY,-117.41011810302734,33.997894287109375
8800821,2019,2019-02-21,3300,2019-01-07,1226,N3202,011A,1,5,4,3344,0,0,0,NA,0,060,HAMNER AV,BELLEGRAVE AV,45,S,N,A,-,N,NA,NA,NA,NA,NA,NA,NA,NA,NA,N,4,0,1,2,A,-,03,22350,NA,N,C,C,A,A,H,-,A,A,0,NA,NA,NA,NA,Y,NA,A,08,0,0,1,0,0,0,0,0,0,-,-,NA,NA,RIVERSIDE,EASTVALE,-117.55844116210938,33.98839569091797
8801147,2018,2019-02-21,3300,2018-10-27,0139,N4809,920A,6,5,4,3314,0,0,0,NA,0,070,SANDERSON AV,COTTONWOOD AV,30,S,N,A,-,N,NA,NA,NA,NA,NA,NA,NA,NA,NA,Y,4,0,1,1,A,-,08,22107,NA,N,E,I,A,A,H,-,C,A,0,NA,NA,NA,NA,Y,NA,A,01,0,0,1,0,0,0,0,0,0,-,-,33.7872200012207,-117.00684356689452,RIVERSIDE,SAN JACINTO,-117.00676727294922,33.78731155395508
8801252,2019,2019-02-25,3300,2019-02-18,0814,3831,011B,1,5,4,3344,0,0,0,NA,0,060,HAMNER AV,AMBERHILL AV,0,NA,Y,A,-,N,NA,NA,NA,NA,NA,NA,NA,NA,NA,N,4,0,1,2,A,-,12,21453,A,N,D,C,A,A,H,-,A,A,0,NA,NA,NA,NA,Y,NA,A,01,0,0,1,0,0,0,0,0,0,-,-,NA,NA,RIVERSIDE,EASTVALE,-117.55844879150392,33.98551940917969
8801576,2019,2019-03-04,3300,2019-01-22,2152,3744,920G,2,5,4,3314,0,0,0,NA,0,074,7TH ST,SANTA FE AV,0,NA,Y,A,-,N,NA,NA,NA,NA,NA,NA,NA,NA,NA,Y,3,0,2,2,A,-,03,22350,NA,N,C,C,A,A,H,-,D,A,0,NA,NA,NA,NA,Y,NA,A,01,0,1,1,0,0,0,0,0,0,-,-,33.780269622802734,-116.96324920654295,RIVERSIDE,SAN JACINTO,-116.96321868896484,33.78023147583008
8801584,2019,2019-03-04,3300,2019-01-20,1607,3744,920E,7,5,4,3314,0,0,0,NA,0,072,STATE ST,RAMONA BL,281,N,N,A,-,N,NA,NA,NA,NA,NA,NA,NA,NA,NA,Y,4,0,3,2,A,-,09,21804,A,N,D,C,A,A,H,-,A,A,0,NA,NA,NA,NA,Y,NA,A,01,0,0,3,0,0,0,0,0,0,-,-,33.79426956176758,-116.97162628173828,RIVERSIDE,SAN JACINTO,-116.97153472900392,33.79507827758789
8801774,2019,2019-03-08,3309,2019-02-10,1701,185,DESER,7,5,4,3309,0,0,0,NA,0,004,RT 111,MADISON ST,169,W,N,A,-,N,NA,NA,NA,NA,NA,NA,NA,NA,NA,N,4,0,1,3,A,-,03,22350,NA,N,C,C,A,A,H,-,A,A,0,NA,NA,NA,NA,Y,NA,A,01,0,0,1,0,0,0,0,0,0,-,-,NA,NA,RIVERSIDE,INDIO,-116.2519073486328,33.707271575927734
8802271,2019,2019-03-06,3300,2019-02-01,1448,3372,602D2,5,5,6,3394,0,0,0,NA,0,026,HEACOCK ST,SUNNYMEAD BL,0,NA,Y,B,-,N,NA,NA,NA,NA,NA,NA,NA,NA,NA,N,4,0,1,2,A,-,03,22350,NA,N,C,C,A,A,H,-,A,A,0,NA,NA,NA,NA,Y,NA,A,01,0,0,1,0,0,0,0,0,0,-,-,NA,NA,RIVERSIDE,MORENO VALLEY,-117.24378967285156,33.939048767089844
8802452,2019,2019-03-13,3313,2019-02-11,1554,1798,1,1,5,7,3313,0,0,0,NA,0,T47,UNIVERSITY AV,ORANGE ST,5,E,N,A,-,N,NA,NA,NA,NA,NA,NA,NA,NA,NA,N,3,0,1,2,A,-,10,21950,A,N,G,B,B,A,H,-,A,A,0,Y,NA,NA,NA,Y,NA,D,22,0,1,0,0,1,0,0,0,0,-,-,33.98099899291992,-117.3730010986328,RIVERSIDE,RIVERSIDE,-117.3732681274414,33.9813346862793
8803047,2019,2019-02-22,3313,2019-02-08,1526,1523,4,5,5,7,3313,0,0,0,NA,0,M22,INDIANA AV,MADISON ST,309,E,N,A,-,N,NA,NA,NA,NA,NA,NA,NA,NA,NA,Y,4,0,3,2,A,-,08,22107,NA,N,A,C,A,A,H,-,A,A,0,NA,NA,NA,NA,Y,NA,A,01,0,0,3,0,0,0,0,0,0,-,-,33.93539047241211,-117.40444183349608,RIVERSIDE,RIVERSIDE,-117.40352630615234,33.93567657470703
8803063,2019,2019-02-22,3313,2019-02-04,1040,1073,4,1,5,7,3313,0,0,0,NA,0,M31,MAGNOLIA AV,FARNHAM PL,41,W,N,C,-,N,NA,NA,NA,NA,NA,NA,NA,NA,NA,N,4,0,1,6,A,-,03,22350,NA,N,C,C,A,B,H,-,A,A,0,NA,NA,NA,NA,Y,NA,A,07,0,0,1,0,0,0,0,0,0,-,-,33.92118835449219,-117.44522094726563,RIVERSIDE,RIVERSIDE,-117.44525909423828,33.921165466308594
8804180,2019,2019-03-05,3313,2019-02-01,0700,1488,2,5,5,7,3313,0,0,0,NA,0,M20,LINDEN ST,CRANFORD AV,15,W,N,A,-,N,NA,NA,NA,NA,NA,NA,NA,NA,NA,N,2,0,1,2,A,-,10,21950,A,N,G,B,B,D,H,-,A,A,0,Y,NA,NA,NA,Y,NA,A,01,1,0,0,0,1,0,0,0,0,-,-,33.979209899902344,-117.34404754638672,RIVERSIDE,RIVERSIDE,-117.34424591064452,33.97935104370117
8805537,2018,2019-02-28,3325,2018-12-21,2500,560,DESER,5,5,4,3325,0,0,0,NA,0,002,DINAH SHORE DR,WHISPERING PALMS TRL,0,NA,Y,A,-,N,NA,NA,NA,NA,NA,NA,NA,NA,NA,Y,3,0,2,2,A,-,09,21804,A,N,D,C,A,A,H,-,C,D,0,NA,NA,NA,NA,Y,NA,A,01,0,1,1,0,0,0,0,0,0,-,-,NA,NA,RIVERSIDE,CATHEDRAL CITY,-116.47113037109376,33.80141067504883
8805692,2019,2019-02-21,3300,2019-01-30,0755,3553,38B1,3,5,4,3318,0,0,0,NA,0,MO873,COOK ST,COUNTRY CLUB DR,650,N,N,B,-,N,NA,NA,NA,NA,NA,NA,NA,NA,NA,Y,4,0,1,2,A,-,09,21801,A,N,D,C,A,A,H,-,A,D,0,NA,NA,NA,NA,Y,NA,A,01,0,0,1,0,0,0,0,0,0,-,-,33.75804138183594,-116.3562469482422,RIVERSIDE,PALM DESERT,-116.35629272460938,33.7598876953125
8805760,2019,2019-02-21,3315,2019-01-26,1750,003224,5B,6,5,6,3315,0,0,0,NA,0,004,FOOTHILL PKWY,PASEO GRANDE,500,S,N,A,-,N,NA,NA,NA,NA,NA,NA,NA,NA,NA,Y,4,0,1,1,A,-,08,22107,NA,N,E,I,A,A,H,-,C,A,0,NA,NA,NA,NA,Y,NA,A,01,0,0,1,0,0,0,0,0,0,-,-,NA,NA,RIVERSIDE,CORONA,-117.61318206787108,33.86209487915039
8807462,2019,2019-04-23,3311,2019-01-26,1528,16151,NA,6,5,4,3311,0,0,0,NA,0,NA,BOGERT TRL,AVENIDA SEVILLA,450,N,N,A,-,N,NA,NA,NA,NA,NA,NA,NA,NA,NA,Y,4,0,1,1,A,-,08,22107,NA,N,A,I,A,A,H,-,A,D,0,NA,NA,NA,NA,Y,NA,A,01,0,0,1,0,0,0,0,0,0,-,-,33.77342987060547,-116.53016662597656,RIVERSIDE,PALM SPRINGS,-116.53041076660156,33.774070739746094
8808292,2019,2019-08-29,3300,2019-07-18,1500,4300,920E,4,5,4,3314,0,0,0,NA,0,072,RAMONA EXPWY,EAGLE RD,0,NA,Y,A,-,N,NA,NA,NA,NA,NA,NA,NA,NA,NA,Y,4,0,1,2,A,-,12,21453,A,N,D,C,A,A,A,H,A,A,0,NA,NA,NA,NA,Y,NA,-,-,0,0,1,0,0,0,0,0,0,-,-,NA,NA,RIVERSIDE,SAN JACINTO,-116.96771240234376,33.801788330078125
8809081,2019,2019-05-16,3300,2019-02-19,1815,N6217,30D2,2,5,4,3318,0,0,0,NA,0,T30,RT 111,PLAZA WY,15,W,N,A,-,N,NA,NA,NA,NA,NA,NA,NA,NA,NA,Y,3,0,1,2,A,-,10,21950,A,N,G,B,B,A,H,-,C,A,0,Y,NA,NA,NA,Y,NA,A,01,0,1,0,0,1,0,0,0,0,-,-,NA,NA,RIVERSIDE,PALM DESERT,-116.39443969726563,33.721641540527344
8811723,2018,2019-03-15,3306,2018-12-21,0727,139,INDIO,5,5,3,3306,0,0,0,NA,0,NA,CALLE LAS TIENDAS,HACIENDA AV,5,S,N,B,-,N,NA,NA,NA,NA,NA,NA,NA,NA,NA,N,4,0,1,2,A,-,03,22350,NA,N,D,C,A,A,H,-,A,A,0,NA,NA,Y,NA,Y,NA,C,02,0,0,1,0,0,0,0,0,1,-,-,NA,NA,RIVERSIDE,DESERT HOT SPRINGS,-116.47418975830078,33.954124450683594
8812575,2019,2019-03-22,3313,2019-02-07,0813,1901,5,4,5,7,3313,0,0,0,NA,0,1901,COLLETT AV,JONES AV,0,NA,Y,A,-,N,NA,NA,NA,NA,NA,NA,NA,NA,NA,Y,4,0,4,2,A,-,03,22350,NA,N,C,C,A,A,H,-,A,D,0,NA,NA,NA,NA,Y,NA,A,01,0,0,4,0,0,0,0,0,0,-,-,33.91400146484375,-117.47699737548828,RIVERSIDE,RIVERSIDE,-117.47752380371094,33.91474151611328
8813091,2019,2019-03-12,3313,2019-01-30,1033,1686,4,3,5,7,3313,0,0,0,NA,0,T58,VAN BUREN BL,COLORADO AV,40,S,N,A,B,N,NA,NA,NA,NA,NA,NA,NA,NA,NA,N,4,0,2,2,A,-,03,22350,NA,N,C,C,A,A,H,-,A,A,0,NA,NA,NA,NA,Y,NA,A,01,0,0,2,0,0,0,0,0,0,-,-,33.934410095214844,-117.45395660400392,RIVERSIDE,RIVERSIDE,-117.45394897460938,33.934261322021484
8814486,2019,2019-03-19,3308,2019-02-06,1801,10620,296,3,5,5,3308,0,0,0,NA,0,NORTH,PALM AV,COMMONWEALTH AV,75,S,N,A,-,N,NA,NA,NA,NA,NA,NA,NA,NA,NA,Y,4,0,2,2,A,-,05,21650,NA,N,B,C,A,A,H,-,C,D,0,NA,NA,NA,NA,Y,NA,A,01,0,0,2,0,0,0,0,0,0,-,-,33.7692985534668,-116.98046875,RIVERSIDE,HEMET,-116.98056030273438,33.76904296875
8814669,2019,2019-03-04,3313,2019-01-25,1925,1489,3,5,5,7,3313,0,0,0,NA,0,3R34,TRAUTWEIN RD,MISSION GROVE PKWY S,200,N,N,A,-,N,NA,NA,NA,NA,NA,NA,NA,NA,NA,N,4,0,1,2,A,-,03,22350,NA,N,C,C,A,A,H,-,C,A,0,NA,NA,NA,NA,Y,NA,A,01,0,0,1,0,0,0,0,0,0,-,-,33.908058166503906,-117.32839965820313,RIVERSIDE,RIVERSIDE,-117.32872009277344,33.908504486083984
8815763,2019,2019-03-15,3300,2019-03-03,1305,4323,910H,7,5,5,3335,0,0,0,NA,0,063,YUKON RD,SWEET SHADE LN,0,NA,Y,B,-,N,NA,NA,NA,NA,NA,NA,NA,NA,NA,Y,4,0,1,2,A,-,09,21804,A,N,D,C,A,A,H,-,A,A,0,NA,NA,NA,NA,Y,NA,A,01,0,0,1,0,0,0,0,0,0,-,-,NA,NA,RIVERSIDE,TEMECULA,-117.1248779296875,33.51042175292969
8815830,2019,2019-03-15,3300,2019-01-25,1422,4024,905K,5,5,4,3307,0,0,0,NA,0,094,COLLIER AV,RIVERSIDE DR,2112,N,N,A,-,N,NA,NA,NA,NA,NA,NA,NA,NA,NA,Y,4,0,1,2,A,-,09,21802,A,N,D,C,A,A,H,-,A,A,0,NA,NA,NA,NA,Y,NA,A,07,0,0,1,0,0,0,0,0,0,-,-,33.69499969482422,-117.34600067138672,RIVERSIDE,LAKE ELSINORE,-117.35128784179688,33.69898986816406
8816631,2018,2019-03-08,3301,2018-10-28,0009,U467,9,7,5,4,3301,0,0,0,NA,0,001,HATHAWAY ST,WILLIAMS ST,0,NA,Y,A,-,N,NA,NA,NA,NA,NA,NA,NA,NA,NA,Y,3,0,2,2,A,-,01,23152,A,N,A,C,A,A,G,-,C,A,0,NA,NA,NA,NA,Y,Y,A,07,0,2,0,0,0,0,0,0,0,-,-,33.92715835571289,-116.85923004150392,RIVERSIDE,BANNING,-116.85922241210938,33.92710876464844
8817595,2019,2019-03-18,3315,2019-02-27,0854,001641,13D,3,5,6,3315,0,0,0,NA,0,NA,ONTARIO AV,CALIFORNIA AV,0,NA,Y,B,-,N,NA,NA,NA,NA,NA,NA,NA,NA,NA,Y,4,0,1,2,A,-,09,21453,C,N,D,C,A,A,H,-,A,A,0,NA,NA,NA,NA,Y,NA,A,01,0,0,1,0,0,0,0,0,0,-,-,NA,NA,RIVERSIDE,CORONA,-117.53914642333984,33.84640884399414
8817897,2019,2019-03-22,3313,2019-03-02,0425,1756,2,6,5,7,3313,0,0,0,NA,0,1R25,EAST LA CADENA DR,OXFORD ST,0,NA,Y,C,-,N,NA,NA,NA,NA,NA,NA,NA,NA,NA,Y,4,0,1,2,A,-,08,22107,NA,N,A,C,A,B,H,-,C,A,0,NA,NA,NA,NA,Y,NA,A,01,0,0,1,0,0,0,0,0,0,-,-,NA,NA,RIVERSIDE,RIVERSIDE,-117.34851837158205,34.00585174560547
8819096,2019,2019-04-08,3313,2019-03-20,0959,1026,1,3,5,7,3313,0,0,0,NA,0,T52,14TH ST,N VICTORIA AV,0,NA,Y,A,-,N,NA,NA,NA,NA,NA,NA,NA,NA,NA,Y,3,0,3,2,-,-,-,NA,NA,N,D,C,A,A,H,-,A,A,0,NA,NA,NA,NA,Y,NA,-,-,0,2,1,0,0,0,0,0,0,-,-,NA,NA,RIVERSIDE,RIVERSIDE,-117.36592864990234,33.97053146362305
8819718,2019,2019-03-18,3300,2019-02-15,1330,2744,001L4,5,5,6,3345,0,0,0,NA,0,016,PACKARD ST,MISSION BL,548,N,N,B,-,N,NA,NA,NA,NA,NA,NA,NA,NA,NA,N,4,0,1,2,A,-,11,21954,A,N,G,B,D,A,H,-,A,D,0,Y,NA,NA,NA,Y,NA,N,60,0,0,1,0,1,0,0,0,0,-,-,33.99617004394531,-117.40534210205078,RIVERSIDE,JURUPA VALLEY,-117.4043197631836,33.99739074707031
8819722,2019,2019-03-18,3300,2019-02-16,1232,5183,002P,6,5,6,3345,0,0,0,NA,0,024,VAN BUREN BL,JURUPA RD,0,NA,Y,A,-,N,NA,NA,NA,NA,NA,NA,NA,NA,NA,Y,4,0,1,2,A,-,04,21703,NA,N,C,C,A,A,H,-,A,A,0,NA,NA,NA,NA,Y,NA,A,01,0,0,1,0,0,0,0,0,0,-,-,33.997169494628906,-117.48551940917967,RIVERSIDE,JURUPA VALLEY,-117.48548889160156,33.997039794921875
8819738,2019,2019-03-18,3300,2019-02-27,0735,2744,002C,3,5,6,3345,0,0,0,NA,0,020,VAN BUREN BL,JURUPA RD,1797,S,N,A,-,N,NA,NA,NA,NA,NA,NA,NA,NA,NA,N,4,0,1,3,A,-,03,22350,NA,N,C,C,A,A,H,-,A,D,0,NA,NA,NA,NA,Y,NA,A,01,0,0,1,0,0,0,0,0,0,-,-,33.997169494628906,-117.48551940917967,RIVERSIDE,JURUPA VALLEY,-117.48218536376952,33.99298095703125
8819930,2018,2019-03-26,3300,2018-11-10,2330,4661,508B,6,5,5,3341,0,0,0,NA,0,058,SCOTT RD,MURRIETA RD,20,W,N,A,-,N,NA,NA,NA,NA,NA,NA,NA,NA,NA,N,4,0,1,2,A,-,03,22350,NA,N,C,C,A,A,H,-,D,A,0,NA,NA,NA,NA,Y,NA,A,01,0,0,1,0,0,0,0,0,0,-,-,33.64149856567383,-117.20645141601563,RIVERSIDE,MENIFEE,-117.20620727539063,33.64154052734375
8821924,2019,2019-03-27,3300,2019-02-06,0915,4363,S20D4,3,5,3,3317,0,0,0,NA,0,S20,MONTEREY AV,RANCHO LAS PALMAS DR,1065,N,N,A,-,N,NA,NA,NA,NA,NA,NA,NA,NA,NA,Y,4,0,1,2,A,-,03,22350,NA,N,C,C,A,A,H,-,A,D,0,NA,NA,NA,NA,Y,NA,A,01,0,0,1,0,0,0,0,0,0,-,-,NA,NA,RIVERSIDE,RANCHO MIRAGE,NA,NA
8823221,2019,2019-03-22,3309,2019-03-01,0905,206,3309,5,5,4,3309,0,0,0,NA,0,005,INDIO BL,CLINTON ST,5,W,N,A,-,N,NA,NA,NA,NA,NA,NA,NA,NA,NA,N,4,0,1,2,A,-,06,21750,NA,N,B,G,A,A,H,-,A,A,0,NA,Y,NA,NA,Y,NA,A,07,0,0,1,0,0,0,1,0,0,-,-,NA,NA,RIVERSIDE,INDIO,-116.24270629882813,33.73407745361328
8823430,2019,2019-03-25,3300,2019-03-04,1302,4713,910L,1,5,5,3335,0,0,0,NA,0,064,MARGARITA RD,RANCHO VISTA RD,0,NA,Y,A,-,N,NA,NA,NA,NA,NA,NA,NA,NA,NA,Y,4,0,2,2,D,-,00,NA,NA,N,D,C,A,A,H,-,A,B,0,NA,NA,NA,NA,Y,NA,-,-,0,0,2,0,0,0,0,0,0,-,-,NA,NA,RIVERSIDE,TEMECULA,-117.12029266357422,33.50178146362305
8823605,2019,2019-04-02,3313,2019-02-24,1610,1539,4,7,5,7,3313,0,0,0,NA,0,3R44,INDIANA AV,MADISON ST,5,W,N,A,-,N,NA,NA,NA,NA,NA,NA,NA,NA,NA,N,4,0,1,2,A,-,03,22350,NA,F,C,C,A,A,H,-,A,A,0,NA,NA,NA,NA,Y,NA,D,22,0,0,1,0,0,0,0,0,0,-,-,33.93539047241211,-117.40444183349608,RIVERSIDE,RIVERSIDE,-117.40438079833984,33.9351921081543
8825807,2019,2019-04-03,3300,2019-03-05,2005,4649,905K,2,5,4,3307,0,0,0,NA,0,094,GRAND AV,BROADWAY AV,93,E,N,A,-,N,NA,NA,NA,NA,NA,NA,NA,NA,NA,N,3,0,2,2,A,-,03,22350,NA,N,C,C,A,B,H,-,C,A,0,NA,NA,NA,NA,Y,NA,A,01,0,1,1,0,0,0,0,0,0,-,-,33.6910285949707,-117.39012145996094,RIVERSIDE,LAKE ELSINORE,-117.39022827148438,33.6910514831543
8825838,2019,2019-04-03,3300,2019-03-17,1700,4713,910R,7,5,5,3335,0,0,0,NA,0,062,RING RD,PROMENADE WY,124,W,N,A,-,N,NA,NA,NA,NA,NA,NA,NA,NA,NA,N,3,0,1,2,A,-,05,21650,1,N,D,G,A,A,H,-,A,A,0,NA,Y,NA,NA,Y,NA,L,04,0,1,0,0,0,0,1,0,0,-,-,NA,NA,RIVERSIDE,TEMECULA,-117.15178680419922,33.52705764770508
8826687,2019,2019-05-10,3308,2019-03-07,1804,10636,515,4,5,5,3308,0,0,0,NA,0,NORTH,FLORIDA AV,KIRBY ST,0,NA,Y,B,-,Y,RIV,8,74,-,-,38.987,I,5,W,Y,3,0,1,2,A,-,09,21801,A,N,D,C,A,A,H,-,C,A,0,NA,NA,NA,NA,Y,NA,A,01,0,1,0,0,0,0,0,0,0,-,-,33.74755859375,-116.99784088134766,RIVERSIDE,HEMET,-116.99781036376952,33.747432708740234
8827291,2019,2019-04-03,3301,2019-03-02,1323,U422,1,6,5,4,3301,0,0,0,NA,0,001,RAMSEY ST,HATHAWAY AV,0,NA,Y,F,-,N,NA,NA,NA,NA,NA,NA,NA,NA,NA,Y,4,0,2,2,A,-,12,22450,A,N,D,C,A,B,H,-,A,A,0,NA,NA,NA,NA,Y,NA,A,01,0,0,2,0,0,0,0,0,0,-,-,33.925331115722656,-116.85923004150392,RIVERSIDE,BANNING,-116.85920715332033,33.925331115722656
8827454,2019,2019-04-09,3309,2019-02-13,1607,180,3309,3,5,4,3309,0,0,0,NA,0,005,AVE 40,JEFFERSON ST,0,NA,Y,B,-,N,NA,NA,NA,NA,NA,NA,NA,NA,NA,N,4,0,1,2,A,-,12,21453,A,N,D,C,A,A,H,-,A,A,0,NA,NA,NA,NA,Y,NA,D,22,0,0,1,0,0,0,0,0,0,-,-,NA,NA,RIVERSIDE,INDIO,-116.26907348632813,33.75836944580078
8827580,2019,2019-04-05,3311,2019-03-13,1720,15919,NA,3,5,4,3311,0,0,0,NA,0,004,GENE AUTRY TRL,VIA ESCUELA,50,N,N,A,-,N,NA,NA,NA,NA,NA,NA,NA,NA,NA,Y,4,0,1,2,A,-,03,22350,NA,N,C,C,A,A,H,-,A,A,0,NA,NA,NA,NA,Y,NA,A,01,0,0,1,0,0,0,0,0,0,-,-,33.848358154296875,-116.50579071044922,RIVERSIDE,PALM SPRINGS,-116.50587463378906,33.84864807128906
8827946,2019,2019-04-04,3300,2019-02-27,1945,3536,602A2,3,5,6,3394,0,0,0,NA,0,MV22,'COTTONWOOD AV,DAY ST,0,NA,Y,A,-,N,NA,NA,NA,NA,NA,NA,NA,NA,NA,N,4,0,1,2,A,-,12,21453,A,N,D,C,A,A,H,-,C,A,0,NA,NA,NA,NA,Y,NA,A,01,0,0,1,0,0,0,0,0,0,-,-,33.92399978637695,-117.27799987792967,RIVERSIDE,MORENO VALLEY,-117.27879,33.92413
8827958,2019,2019-04-04,3300,2019-02-27,1807,3536,603A4,3,5,6,3394,0,0,0,NA,0,MV32,HEACOCK ST,JOHNNY F KENNEDY DR,574,N,N,A,-,N,NA,NA,NA,NA,NA,NA,NA,NA,NA,N,4,0,2,2,A,-,03,22350,NA,N,C,C,A,A,H,-,C,A,0,NA,NA,NA,NA,Y,NA,A,07,0,0,2,0,0,0,0,0,0,-,-,33.902000427246094,-117.24299621582033,RIVERSIDE,MORENO VALLEY,-117.24358367919922,33.904361724853516
8828835,2019,2019-04-17,3311,2019-03-19,0548,16133,NA,2,5,4,3311,0,0,0,NA,0,001,INDIAN CANYON DR,20TH AV,0,NA,Y,A,-,N,NA,NA,NA,NA,NA,NA,NA,NA,NA,N,4,0,2,2,A,-,12,21453,A,N,D,C,A,A,H,-,C,A,0,NA,NA,NA,NA,Y,NA,A,01,0,0,2,0,0,0,0,0,0,-,-,33.90633010864258,-116.54566192626952,RIVERSIDE,PALM SPRINGS,-116.54537963867188,33.906410217285156
8829153,2018,2019-05-04,3300,2018-09-13,0403,5215,NA,4,5,4,3314,0,0,0,NA,0,NA,RAMONA EXPWY,CHASE ST,0,NA,Y,A,-,N,NA,NA,NA,NA,NA,NA,NA,NA,NA,N,4,0,2,2,A,-,03,22350,NA,N,C,C,A,A,H,-,C,A,0,NA,NA,NA,NA,Y,NA,D,22,0,0,2,0,0,0,0,0,0,-,-,NA,NA,RIVERSIDE,SAN JACINTO,-116.97720336914063,33.80434036254883
8830085,2019,2019-04-05,3300,2019-03-18,1530,5366,34H5,1,5,4,3318,0,0,0,NA,0,MO871,FRED WARING DR,WARNER TRL,180,E,N,A,-,N,NA,NA,NA,NA,NA,NA,NA,NA,NA,N,4,0,1,2,A,-,03,22350,NA,N,C,C,A,-,H,-,A,A,0,NA,NA,NA,NA,Y,NA,A,01,0,0,1,0,0,0,0,0,0,-,-,33.72800064086914,-116.31199645996094,RIVERSIDE,PALM DESERT,-116.31202697753906,33.728981018066406
8830627,2019,2019-04-02,3313,2019-03-07,1710,1947,5,4,5,7,3313,0,0,0,NA,0,T47,TYLER ST,MAGNOLIA AV,171,N,N,A,-,N,NA,NA,NA,NA,NA,NA,NA,NA,NA,N,3,0,1,2,A,-,08,22107,NA,N,B,C,A,A,H,-,B,D,0,NA,NA,NA,NA,Y,NA,A,01,0,1,0,0,0,0,0,0,0,-,-,NA,NA,RIVERSIDE,RIVERSIDE,-117.46186065673828,33.91233444213867
8833863,2019,2019-04-11,3313,2019-03-14,0853,1641,4,4,5,7,3313,0,0,0,NA,0,T55,IRVING ST,VICTORIA AV,236,N,N,C,-,N,NA,NA,NA,NA,NA,NA,NA,NA,NA,NA,4,0,1,2,A,-,09,21804,A,N,D,G,A,A,H,-,A,A,0,NA,Y,NA,NA,Y,NA,A,07,0,0,1,0,0,0,1,0,0,-,-,NA,NA,RIVERSIDE,RIVERSIDE,-117.42317199707033,33.91166687011719
8836044,2019,2019-04-18,3300,2019-03-22,1558,3359,500A,5,5,5,3341,0,0,0,NA,0,050,QUAIL PL,LA BERTHA LN,60,N,N,A,-,N,NA,NA,NA,NA,NA,NA,NA,NA,NA,N,3,0,1,2,A,-,06,21755,NA,F,H,G,A,A,H,-,A,D,0,NA,Y,NA,NA,Y,Y,D,22,0,1,0,0,0,0,1,0,0,-,-,33.70532989501953,-117.2429428100586,RIVERSIDE,MENIFEE,-117.24283599853516,33.70516586303711
8836260,2019,2019-04-19,3300,2019-02-07,1352,N6265,001J,4,5,6,3345,0,0,0,NA,0,014,MISSION BL,CAMINO REAL,0,NA,Y,A,-,N,NA,NA,NA,NA,NA,NA,NA,NA,NA,Y,4,0,1,2,A,-,12,21453,A,N,D,C,A,A,H,-,A,A,0,NA,NA,NA,Y,Y,NA,A,01,0,0,1,0,0,0,0,0,0,-,-,34.0117301940918,-117.44915771484376,RIVERSIDE,JURUPA VALLEY,-117.44915771484376,34.01189041137695
8836291,2019,2019-04-16,3300,2019-03-17,0230,5447,002T2,7,5,6,3345,0,0,0,NA,0,024,LIMONITE AV,CLAY ST,245,W,N,A,-,N,NA,NA,NA,NA,NA,NA,NA,NA,NA,Y,4,0,1,2,A,-,01,23152,A,N,C,C,A,A,H,-,C,A,0,NA,NA,NA,NA,Y,Y,A,01,0,0,1,0,0,0,0,0,0,-,-,33.97726821899414,-117.46251678466795,RIVERSIDE,JURUPA VALLEY,-117.46327972412108,33.97711181640625