CASE_ID,ACCIDENT_YEAR,PROC_DATE,JURIS,COLLISION_DATE,COLLISION_TIME,OFFICER_ID,REPORTING_DISTRICT,DAY_OF_WEEK,CHP_SHIFT,POPULATION,CNTY_CITY_LOC,SPECIAL_COND,BEAT_TYPE,CHP_BEAT_TYPE,CITY_DIVISION_LAPD,CHP_BEAT_CLASS,BEAT_NUMBER,PRIMARY_RD,SECONDARY_RD,DISTANCE,DIRECTION,INTERSECTION,WEATHER_1,WEATHER_2,STATE_HWY_IND,CALTRANS_COUNTY,CALTRANS_DISTRICT,STATE_ROUTE,ROUTE_SUFFIX,POSTMILE_PREFIX,POSTMILE,LOCATION_TYPE,RAMP_INTERSECTION,SIDE_OF_HWY,TOW_AWAY,COLLISION_SEVERITY,NUMBER_KILLED,NUMBER_INJURED,PARTY_COUNT,PRIMARY_COLL_FACTOR,PCF_CODE_OF_VIOL,PCF_VIOL_CATEGORY,PCF_VIOLATION,PCF_VIOL_SUBSECTION,HIT_AND_RUN,TYPE_OF_COLLISION,MVIW,PED_ACTION,ROAD_SURFACE,ROAD_COND_1,ROAD_COND_2,LIGHTING,CONTROL_DEVICE,CHP_ROAD_TYPE,PEDESTRIAN_ACCIDENT,BICYCLE_ACCIDENT,MOTORCYCLE_ACCIDENT,TRUCK_ACCIDENT,NOT_PRIVATE_PROPERTY,ALCOHOL_INVOLVED,STWD_VEHTYPE_AT_FAULT,CHP_VEHTYPE_AT_FAULT,COUNT_SEVERE_INJ,COUNT_VISIBLE_INJ,COUNT_COMPLAINT_PAIN,COUNT_PED_KILLED,COUNT_PED_INJURED,COUNT_BICYCLIST_KILLED,COUNT_BICYCLIST_INJURED,COUNT_MC_KILLED,COUNT_MC_INJURED,PRIMARY_RAMP,SECONDARY_RAMP,LATITUDE,LONGITUDE,COUNTY,CITY,POINT_X,POINT_Y
8910986,2019,2020-04-16,3300,2019-12-16,0609,4007,905D,1,5,4,3307,0,0,0,NA,0,L94,GRAND AV,BROADWAY AV,0,NA,Y,A,-,N,NA,NA,NA,NA,NA,NA,NA,NA,NA,N,1,1,0,3,A,-,11,21954,A,N,G,B,D,A,H,-,C,A,0,Y,NA,NA,NA,Y,Y,N,60,0,0,0,1,0,0,0,0,0,-,-,33.6910285949707,-117.39012145996094,RIVERSIDE,LAKE ELSINORE,-117.39022827148438,33.6910514831543
8911080,2020,2022-06-18,3313,2020-03-29,0418,1906,1,7,5,7,3313,0,0,0,NA,0,1R15,JURUPA AV,PACHAPPA DR,12,E,N,A,-,N,NA,NA,NA,NA,NA,NA,NA,NA,NA,Y,1,1,1,1,A,-,01,23152,A,N,E,I,A,A,H,-,C,D,0,NA,NA,NA,NA,Y,Y,A,01,0,1,0,0,0,0,0,0,0,-,-,33.96089172363281,-117.38453674316406,RIVERSIDE,RIVERSIDE,-117.38472747802734,33.961181640625
8911081,2020,2021-03-19,3300,2020-02-23,1502,3613,501B,7,5,5,3341,0,0,0,NA,0,051,RT 74,3RD ST,0,NA,Y,A,-,Y,RIV,8,74,-,-,28.502,I,5,W,Y,1,1,1,2,A,-,03,22350,NA,N,A,C,A,A,H,-,A,D,0,NA,NA,NA,NA,Y,NA,A,01,0,0,1,0,0,0,0,0,0,-,-,33.746009826660156,-117.17539215087892,RIVERSIDE,MENIFEE,-117.17547607421876,33.745967864990234
8911131,2020,2020-06-09,3300,2020-02-01,0225,3744,920C,6,5,4,3314,0,0,0,NA,0,070,COTTONWOOD AV,LIPPIZAN DR,250,W,N,A,-,N,NA,NA,NA,NA,NA,NA,NA,NA,NA,Y,1,1,0,1,A,-,01,23152,A,N,E,I,A,A,H,-,C,D,0,NA,NA,NA,NA,Y,Y,A,01,0,0,0,0,0,0,0,0,0,-,-,33.78736877441406,-116.9918212890625,RIVERSIDE,SAN JACINTO,-116.99266052246094,33.787410736083984
8911161,2020,2022-07-05,3313,2020-05-05,1610,1977,2,2,5,7,3313,0,0,0,NA,0,T49,CENTRAL AV,EL CERRITO DR,0,NA,Y,A,-,N,NA,NA,NA,NA,NA,NA,NA,NA,NA,Y,1,1,0,2,A,-,12,21453,A,N,D,C,A,A,H,-,A,A,0,NA,NA,Y,NA,Y,NA,C,02,0,0,0,0,0,0,0,1,0,-,-,33.954681396484375,-117.33302307128906,RIVERSIDE,RIVERSIDE,-117.33299255371094,33.95465087890625
8911460,2020,2020-08-25,3309,2020-02-03,0230,443,3309,1,5,4,3309,0,0,0,NA,0,004,RT 111,POLE # 10554,15,E,N,A,-,Y,NA,NA,NA,NA,NA,NA,NA,NA,NA,N,1,1,0,2,A,-,11,21954,A,N,G,B,D,A,H,-,C,A,0,Y,NA,NA,NA,Y,NA,N,60,0,0,0,1,0,0,0,0,0,-,-,NA,NA,RIVERSIDE,INDIO,NA,NA
8911607,2020,2020-09-23,3300,2020-03-07,0218,5397,809,6,5,3,3343,0,0,0,NA,0,089,PALOMAR ST,STARBUCK CIR,964,E,N,A,-,N,NA,NA,NA,NA,NA,NA,NA,NA,NA,Y,1,1,0,1,A,-,01,23152,A,N,F,A,A,A,H,-,D,D,0,NA,NA,NA,NA,Y,Y,A,01,0,0,0,0,0,0,0,0,0,-,-,NA,NA,RIVERSIDE,WILDOMAR,-117.24212646484376,33.57987594604492
8911623,2019,2021-05-28,3300,2019-09-28,2048,3774,604B2,6,5,6,3394,0,0,0,NA,0,MV42,MORENO BEACH DR,AUTO MALL DR,808,S,N,A,-,N,NA,NA,NA,NA,NA,NA,NA,NA,NA,Y,1,1,1,3,A,-,03,22350,NA,N,A,C,A,A,H,-,C,D,0,NA,NA,Y,NA,Y,Y,C,02,0,0,1,0,0,0,0,1,0,-,-,33.9327392578125,-117.17575073242188,RIVERSIDE,MORENO VALLEY,-117.1738739013672,33.93182373046875
8911733,2020,2020-10-22,3300,2020-07-14,1250,4449,002I,2,5,6,3345,0,0,0,NA,0,022,MISSION BL,WINEVILLE RD,0,NA,Y,A,-,N,NA,NA,NA,NA,NA,NA,NA,NA,NA,Y,1,1,0,2,A,-,12,21453,A,N,D,C,A,A,H,-,A,A,0,NA,NA,NA,NA,Y,NA,A,01,0,0,0,0,0,0,0,0,0,-,-,34.024139404296875,-117.54052734375,RIVERSIDE,JURUPA VALLEY,-117.54184722900392,34.024749755859375
8911751,2020,2020-10-28,3300,2020-05-01,0714,5129,502B,5,5,5,3341,0,0,0,NA,0,052,PALM BREEZE LN,PALM BREEZE,25,N,N,A,-,N,NA,NA,NA,NA,NA,NA,NA,NA,NA,Y,2,0,1,1,C,-,18,NA,NA,N,E,I,A,A,H,-,A,D,0,NA,NA,NA,NA,Y,NA,-,-,1,0,0,0,0,0,0,0,0,-,-,33.72200012207031,-117.20342254638672,RIVERSIDE,MENIFEE,-117.20555877685548,33.72283172607422
8911772,2020,2022-06-11,3300,2020-08-23,0202,4300,NA,7,5,4,3314,0,0,0,NA,0,NA,RAMONA BL,LYON AV,0,NA,Y,A,-,N,NA,NA,NA,NA,NA,NA,NA,NA,NA,N,1,1,1,1,A,-,03,22350,NA,N,E,I,A,A,H,-,C,A,0,NA,NA,NA,NA,Y,Y,A,01,0,0,1,0,0,0,0,0,0,-,-,NA,NA,RIVERSIDE,SAN JACINTO,-116.9882583618164,33.808048248291016
8913358,2019,2019-12-17,3300,2019-07-11,2240,5369,DESER,4,5,3,3305,0,0,0,NA,0,084,DILLON RD,RT 86,0,NA,-,A,-,Y,RIV,8,86,-,R,22.352,R,4,N,N,3,0,1,2,A,-,00,20001,NA,F,G,B,B,A,H,-,D,D,0,Y,NA,NA,NA,Y,NA,-,99,0,1,0,0,1,0,0,0,0,-,-,NA,NA,RIVERSIDE,COACHELLA,-116.18407440185548,33.71047592163086
8913929,2019,2019-08-15,3313,2019-07-25,0800,1686,1,4,5,7,3313,0,0,0,NA,0,T58,OAKLEY AV,MAIN ST,19,E,N,A,B,N,NA,NA,NA,NA,NA,NA,NA,NA,NA,NA,4,0,1,2,A,-,08,22100,A,N,B,C,A,A,H,-,A,A,0,NA,NA,NA,Y,Y,NA,F,26,0,0,1,0,0,0,0,0,0,-,-,33.99674987792969,-117.36454010009766,RIVERSIDE,RIVERSIDE,-117.36457061767578,33.99681854248047
8913964,2019,2019-09-05,3300,2019-07-10,1717,4630,LA40,3,5,3,3392,0,0,0,NA,0,LA40,FRED WARING DR,JEFFERSON ST,62,W,N,A,-,N,NA,NA,NA,NA,NA,NA,NA,NA,NA,Y,4,0,4,3,C,-,18,NA,NA,N,B,C,A,A,H,-,A,A,0,NA,NA,NA,NA,Y,NA,-,-,0,0,4,0,0,0,0,0,0,-,-,NA,NA,RIVERSIDE,LA QUINTA,-116.26914215087892,33.72930908203125
8914019,2019,2019-10-17,3313,2019-07-20,2111,1867,5,6,5,7,3313,0,0,0,NA,0,3R50,ARLINGTON AV,LA SIERRA AV,0,NA,Y,A,-,N,NA,NA,NA,NA,NA,NA,NA,NA,NA,Y,4,0,3,2,A,-,01,23152,A,N,B,C,A,A,H,-,C,A,0,NA,NA,NA,NA,Y,Y,D,22,0,0,3,0,0,0,0,0,0,-,-,33.94472885131836,-117.50176239013672,RIVERSIDE,RIVERSIDE,-117.50171661376952,33.94472885131836
8914043,2019,2019-10-17,3313,2019-07-27,1940,1827,3,6,5,7,3313,0,0,0,NA,0,T43,CHICAGO AV,KESWICK AV,0,NA,Y,A,-,N,NA,NA,NA,NA,NA,NA,NA,NA,NA,Y,3,0,1,2,A,-,09,21801,A,N,E,J,A,A,H,-,B,D,0,NA,NA,Y,NA,Y,NA,D,22,0,1,0,0,0,0,0,0,1,-,-,33.94514846801758,-117.35115814208984,RIVERSIDE,RIVERSIDE,-117.35122680664063,33.94546890258789
8914493,2019,2019-08-19,3300,2019-07-16,0820,N4544,601E1,2,5,6,3394,0,0,0,NA,0,016,HEACOCK ST,IRONWOOD AV,44,S,N,A,-,N,NA,NA,NA,NA,NA,NA,NA,NA,NA,Y,4,0,1,2,A,-,03,22350,NA,N,C,C,A,A,H,-,A,A,0,NA,NA,NA,NA,Y,NA,D,22,0,0,1,0,0,0,0,0,0,-,-,33.94662094116211,-117.24388122558594,RIVERSIDE,MORENO VALLEY,-117.24386596679688,33.946510314941406
8915086,2019,2019-08-16,3300,2019-07-16,1756,4571,604A1,2,5,6,3394,0,0,0,NA,0,042,MORRISON ST,DRACAEA AV,18,N,N,A,-,N,NA,NA,NA,NA,NA,NA,NA,NA,NA,Y,4,0,1,2,A,-,12,22450,A,F,D,C,A,A,H,-,A,A,0,NA,NA,NA,NA,Y,NA,A,01,0,0,1,0,0,0,0,0,0,-,-,33.928218841552734,-117.20010375976563,RIVERSIDE,MORENO VALLEY,-117.20020294189452,33.928260803222656
8915787,2019,2019-08-13,3300,2019-07-16,0428,3910,910F,2,5,5,3335,0,0,0,NA,0,062,WINCHESTER RD,YNEZ RD,0,NA,Y,A,-,N,NA,NA,NA,NA,NA,NA,NA,NA,NA,N,4,0,1,2,A,-,11,21950,B,N,G,B,B,A,H,-,C,A,0,Y,NA,NA,NA,Y,NA,N,60,0,0,1,0,1,0,0,0,0,-,-,33.52465057373047,-117.16008758544922,RIVERSIDE,TEMECULA,-117.16036224365234,33.524658203125
8916700,2019,2019-09-11,3300,2019-07-25,0530,4449,001B,4,5,6,3345,0,0,0,NA,0,010,RUBIDOUX BL,26TH ST,872,N,N,A,-,N,NA,NA,NA,NA,NA,NA,NA,NA,NA,N,4,0,1,2,A,-,03,22350,NA,N,D,C,A,A,H,-,B,D,0,NA,NA,NA,Y,Y,Y,D,22,0,0,1,0,0,0,0,0,0,-,-,34.01219940185547,-117.39330291748048,RIVERSIDE,JURUPA VALLEY,-117.39166259765624,34.0142822265625
8920176,2019,2019-08-29,3308,2019-07-20,2307,10741,506,6,5,5,3308,0,0,0,NA,0,NORTH,MENLO AV,BUCHANAN ST,101,W,N,A,-,N,NA,NA,NA,NA,NA,NA,NA,NA,NA,Y,3,0,2,2,A,-,05,21650,NA,F,A,C,A,A,H,-,C,D,0,NA,NA,NA,NA,Y,Y,A,01,0,1,1,0,0,0,0,0,0,-,-,33.75838851928711,-116.97779083251952,RIVERSIDE,HEMET,-116.97814178466795,33.75838851928711
8921395,2019,2019-09-18,3313,2019-08-17,1935,1798,4,6,5,7,3313,0,0,0,NA,0,T47,RUMSEY DR,NEVADA WY,68,E,N,A,-,N,NA,NA,NA,NA,NA,NA,NA,NA,NA,N,4,0,1,2,A,-,03,22350,NA,N,C,E,A,A,H,-,B,D,0,NA,NA,NA,NA,Y,NA,D,22,0,0,1,0,0,0,0,0,0,-,-,33.952091217041016,-117.37352752685548,RIVERSIDE,RIVERSIDE,-117.37367248535156,33.95214080810547
8924458,2019,2019-11-22,3313,2019-08-02,1820,1827,4,5,5,7,3313,0,0,0,NA,0,T43,INDIANA AV,WINSTROM ST,415,W,N,A,-,N,NA,NA,NA,NA,NA,NA,NA,NA,NA,NA,3,0,1,2,A,-,08,22107,NA,N,A,C,A,A,H,-,A,D,0,NA,NA,Y,NA,Y,NA,C,02,0,1,0,0,0,0,0,0,1,-,-,39.325439453125,-117.40753936767578,RIVERSIDE,RIVERSIDE,-117.4084014892578,33.93291091918945
8924470,2019,2019-10-28,3313,2019-08-02,1713,1798,5,5,5,7,3313,0,0,0,NA,0,T47,ARLINGTON AV,TYLER ST,340,W,N,A,-,N,NA,NA,NA,NA,NA,NA,NA,NA,NA,Y,4,0,1,2,A,-,09,21804,A,M,D,C,A,A,H,-,A,D,0,NA,NA,NA,NA,Y,NA,A,01,0,0,1,0,0,0,0,0,0,-,-,33.946441650390625,-117.47750854492188,RIVERSIDE,RIVERSIDE,-117.4787368774414,33.94659423828125
8924477,2019,2020-01-13,3313,2019-08-10,0739,1831,4,6,5,7,3313,0,0,0,NA,0,2R49,ARLINGTON AV,HAROLD ST,0,NA,Y,A,-,N,NA,NA,NA,NA,NA,NA,NA,NA,NA,Y,3,0,1,1,A,-,08,22107,NA,N,E,I,A,A,H,-,A,D,0,NA,NA,NA,NA,Y,NA,A,01,0,1,0,0,0,0,0,0,0,-,-,33.94546890258789,-117.45632934570313,RIVERSIDE,RIVERSIDE,-117.45622253417967,33.945919036865234
8924748,2019,2020-01-08,3311,2019-08-04,1005,16210,NA,7,5,4,3311,0,0,0,NA,0,004,GENE AUTRY TRL,VISTA CHINO,0,NA,Y,A,-,Y,RIV,8,111,-,T,51.57,H,-,N,N,4,0,1,2,A,-,03,22350,NA,F,C,C,A,A,H,-,C,A,0,NA,NA,NA,NA,Y,NA,D,22,0,0,1,0,0,0,0,0,0,-,-,33.8449592590332,-116.5058135986328,RIVERSIDE,PALM SPRINGS,-116.5058135986328,33.84466552734375
8924807,2019,2019-08-27,3300,2019-08-12,1659,N4445,910I,1,5,5,3335,0,0,0,NA,0,063,BUTTERFIELD STAGE RD,RANCHO CALIFORNIA RD,250,N,N,A,-,N,NA,NA,NA,NA,NA,NA,NA,NA,NA,Y,4,0,2,3,A,-,03,22350,NA,N,C,C,A,A,H,-,A,A,0,NA,NA,NA,NA,Y,Y,A,07,0,0,2,0,0,0,0,0,0,-,-,33.51927947998047,-117.09442138671876,RIVERSIDE,TEMECULA,-117.094970703125,33.519775390625
8925357,2019,2019-08-27,3315,2019-07-07,0610,11496,3E,7,5,6,3315,0,0,0,NA,0,003,MAGNOLIA AV,FULLERTON AV,640,W,N,A,-,N,NA,NA,NA,NA,NA,NA,NA,NA,NA,Y,4,0,1,2,A,-,01,23152,F,N,C,E,A,A,H,-,A,D,0,NA,NA,NA,NA,Y,NA,A,01,0,0,1,0,0,0,0,0,0,-,-,33.86127853393555,-117.55030822753906,RIVERSIDE,CORONA,-117.55208587646484,33.86033248901367
8927164,2019,2019-09-05,3300,2019-06-21,1152,N6265,002Q,5,5,6,3345,0,0,0,NA,0,021,PEDLEY AV,56TH ST,15,S,N,A,-,N,NA,NA,NA,NA,NA,NA,NA,NA,NA,Y,3,0,1,2,A,-,03,22350,NA,N,C,C,A,A,H,-,A,A,0,NA,NA,NA,Y,Y,NA,A,01,0,1,0,0,0,0,0,0,0,-,-,NA,NA,RIVERSIDE,JURUPA VALLEY,-117.47541809082033,33.986358642578125
8927290,2019,2019-08-29,3300,2019-07-12,2004,4024,905L,5,5,4,3307,0,0,0,NA,0,093,MACHADO ST,LINCOLN ST,0,NA,Y,A,-,N,NA,NA,NA,NA,NA,NA,NA,NA,NA,Y,3,0,1,2,A,-,09,21801,A,N,D,C,A,A,H,-,B,A,0,NA,NA,NA,NA,Y,NA,A,01,0,1,0,0,0,0,0,0,0,-,-,33.680660247802734,-117.38118743896484,RIVERSIDE,LAKE ELSINORE,-117.3811264038086,33.68074035644531
8927323,2019,2019-08-28,3342,2019-06-13,1702,1024,611,4,5,4,3342,0,0,0,NA,0,006,HAZEL GLEN RD,YORKTON RD,56,W,N,A,-,N,NA,NA,NA,NA,NA,NA,NA,NA,NA,N,3,0,1,2,A,-,12,22450,A,N,H,G,A,A,H,-,A,A,0,NA,Y,NA,NA,Y,NA,L,04,0,1,0,0,0,0,1,0,0,-,-,33.575321197509766,-117.13729858398438,RIVERSIDE,MURRIETA,-117.13733673095705,33.575382232666016
8927355,2019,2019-09-10,3342,2019-06-27,1105,898,629,4,5,4,3342,0,0,0,NA,0,00E,VIA PRINCESSA,VIA PLAYA DEL REY,0,NA,Y,A,-,N,NA,NA,NA,NA,NA,NA,NA,NA,NA,N,4,0,2,2,A,-,-,NA,NA,N,D,C,A,A,H,-,A,A,0,NA,NA,NA,NA,Y,NA,-,-,0,0,2,0,0,0,0,0,0,-,-,33.561790466308594,-117.15474700927734,RIVERSIDE,MURRIETA,-117.15827178955078,33.562320709228516
8928507,2019,2019-09-10,3300,2019-07-13,0715,5108,002R,6,5,6,3345,0,0,0,NA,0,024,BEACH ST,53RD ST,0,NA,Y,A,-,N,NA,NA,NA,NA,NA,NA,NA,NA,NA,N,4,0,1,2,A,-,09,21802,A,N,D,C,A,A,H,-,A,A,0,NA,NA,NA,NA,Y,NA,A,01,0,0,1,0,0,0,0,0,0,-,-,33.99085998535156,-117.49497985839844,RIVERSIDE,JURUPA VALLEY,-117.49490356445313,33.99089050292969
8928513,2019,2019-09-18,3308,2019-08-03,2234,10741,515,6,5,5,3308,0,0,0,NA,0,NORTH,DEVONSHIRE AV,CARL WY,200,E,N,A,-,N,NA,NA,NA,NA,NA,NA,NA,NA,NA,Y,3,0,1,2,A,-,05,21650,NA,N,A,C,A,A,H,-,C,D,0,NA,NA,NA,NA,Y,Y,A,01,0,1,0,0,0,0,0,0,0,-,-,NA,NA,RIVERSIDE,HEMET,-117.001492,33.750992
8928547,2019,2019-09-06,3308,2019-07-30,0805,10610,295,2,5,5,3308,0,0,0,NA,0,NORTH,MILLIE DR,CHRISTIANE CIR,0,NA,Y,A,-,N,NA,NA,NA,NA,NA,NA,NA,NA,NA,Y,4,0,1,2,A,-,09,21802,A,N,D,C,A,A,H,-,A,A,0,NA,NA,NA,NA,Y,NA,A,01,0,0,1,0,0,0,0,0,0,-,-,33.76417922973633,-117.0041732788086,RIVERSIDE,HEMET,-117.00422668457033,33.76396942138672
8929006,2019,2019-09-11,3300,2019-08-11,1346,3987,916B,7,5,4,3312,0,0,0,NA,0,032,E SAN JACINTO AV,WILSON AV,0,NA,Y,A,-,N,NA,NA,NA,NA,NA,NA,NA,NA,NA,Y,4,0,3,2,A,-,09,21801,A,N,D,C,A,A,H,-,A,D,0,NA,NA,NA,NA,Y,Y,A,07,0,0,3,0,0,0,0,0,0,-,-,NA,NA,RIVERSIDE,PERRIS,-117.21304321289063,33.78662109375
8930741,2019,2019-09-24,3300,2019-07-12,1239,3899,507F,5,5,5,3341,0,0,0,NA,0,057,HOLLAND RD,ANTELOPE RD,0,NA,Y,A,-,N,NA,NA,NA,NA,NA,NA,NA,NA,NA,Y,4,0,1,3,A,-,01,23152,A,N,A,-,E,A,H,-,A,A,0,Y,NA,NA,Y,Y,Y,A,01,0,0,1,0,0,0,0,0,0,-,-,33.67060852050781,-117.17046356201172,RIVERSIDE,MENIFEE,-117.1703872680664,33.670379638671875
8931068,2019,2019-09-17,3300,2019-08-17,0402,5228,910K,6,5,5,3335,0,0,0,NA,0,064,RANCHO CALIFORNIA RD,MORAGA RD,0,NA,Y,A,-,N,NA,NA,NA,NA,NA,NA,NA,NA,NA,Y,4,0,2,2,A,-,12,21453,A,N,D,C,A,A,H,-,C,A,0,NA,NA,NA,NA,Y,NA,-,-,0,0,2,0,0,0,0,0,0,-,-,NA,NA,RIVERSIDE,TEMECULA,-117.14009857177734,33.50751876831055
8931395,2019,2019-09-17,3300,2019-08-06,1850,N6217,38E2,2,5,4,3318,0,0,0,NA,0,T38,COUNTRY CLUB DR,MONTEREY AV,0,NA,Y,A,-,N,NA,NA,NA,NA,NA,NA,NA,NA,NA,N,4,0,1,2,A,-,12,21453,A,N,D,C,A,A,H,-,A,A,0,NA,NA,NA,NA,Y,NA,A,01,0,0,1,0,0,0,0,0,0,-,-,NA,NA,RIVERSIDE,PALM DESERT,-116.39127349853516,33.757938385009766
8931958,2019,2019-09-13,3302,2019-08-02,0756,764,3302,5,5,3,3302,0,0,0,NA,0,004,OAK VALLEY PKWY,GOLF CLUB DR,40,W,N,A,-,N,NA,NA,NA,NA,NA,NA,NA,NA,NA,Y,4,0,1,2,A,-,12,21453,A,N,C,C,A,A,H,-,A,A,0,NA,NA,NA,NA,Y,NA,A,01,0,0,1,0,0,0,0,0,0,-,-,NA,NA,RIVERSIDE,BEAUMONT,-116.9995574951172,33.9465217590332
8933944,2019,2019-09-18,3311,2019-08-16,0813,15953,NA,5,5,4,3311,0,0,0,NA,0,004,FARRELL DR,ALEJO RD,37,S,N,A,-,N,NA,NA,NA,NA,NA,NA,NA,NA,NA,N,3,0,1,2,A,-,05,21650,1,N,D,G,A,A,H,-,A,A,0,NA,Y,NA,NA,Y,NA,L,04,0,1,0,0,0,0,1,0,0,-,-,33.83041000366211,-116.51824951171876,RIVERSIDE,PALM SPRINGS,-116.51824188232422,33.83028030395508
8934606,2019,2019-12-18,3313,2019-06-07,1356,1016,5,5,5,7,3313,0,0,0,NA,0,M28,LA SIERRA AV,MONTLAKE DR,268,N,N,A,-,N,NA,NA,NA,NA,NA,NA,NA,NA,NA,N,4,0,3,2,A,-,00,21909,A,N,D,C,A,A,H,-,A,D,0,NA,NA,NA,NA,Y,NA,A,08,0,0,3,0,0,0,0,0,0,-,-,33.90156936645508,-117.47470855712892,RIVERSIDE,RIVERSIDE,-117.475341796875,33.90227508544922
8935748,2019,2019-09-18,3313,2019-08-24,1226,1798,5,6,5,7,3313,0,0,0,NA,0,T47,ARLINGTON AV,TYLER ST,35,E,N,A,-,N,NA,NA,NA,NA,NA,NA,NA,NA,NA,N,4,0,1,3,A,-,03,22350,NA,M,C,C,A,A,H,-,A,D,0,NA,NA,NA,NA,Y,NA,A,07,0,0,1,0,0,0,0,0,0,-,-,33.946231842041016,-117.47772216796876,RIVERSIDE,RIVERSIDE,-117.47750854492188,33.94656753540039
8936406,2019,2020-01-06,3300,2019-04-27,1628,5430,87E1,6,5,2,3316,0,0,0,NA,0,J87,RT 111,INDIAN WELLS LN,32,W,N,A,-,N,NA,NA,NA,NA,NA,NA,NA,NA,NA,Y,4,0,1,2,C,-,18,NA,NA,N,C,C,A,A,H,-,A,A,0,NA,NA,NA,NA,Y,NA,-,-,0,0,1,0,0,0,0,0,0,-,-,NA,NA,RIVERSIDE,INDIAN WELLS,-116.33016204833984,33.721580505371094
8938715,2019,2019-10-18,3313,2019-09-12,1306,1798,1,4,5,7,3313,0,0,0,NA,0,T47,MAIN ST,BARTLETT AV,0,NA,Y,A,-,N,NA,NA,NA,NA,NA,NA,NA,NA,NA,NA,4,0,1,2,A,-,11,21954,A,N,G,B,E,A,H,-,A,D,0,Y,NA,NA,NA,Y,NA,N,60,0,0,1,0,1,0,0,0,0,-,-,34.01715087890625,-117.3627471923828,RIVERSIDE,RIVERSIDE,-117.36276245117188,34.01702117919922
8939328,2019,2021-05-25,3300,2019-05-17,1916,4940,920A,5,5,4,3314,0,0,0,NA,0,070,RAMONA EXPWY,WARREN RD,200,E,N,A,-,N,NA,NA,NA,NA,NA,NA,NA,NA,NA,Y,1,1,0,1,A,-,08,22107,NA,N,F,A,A,A,H,-,A,D,0,NA,NA,NA,NA,Y,NA,D,22,0,0,0,0,0,0,0,0,0,-,-,33.82355880737305,-117.03346252441406,RIVERSIDE,SAN JACINTO,-117.03306579589844,33.82346725463867
8939649,2019,2021-05-28,3300,2019-10-08,0558,4007,803A,2,5,3,3343,0,0,0,NA,0,WI83,BUNDY CANYON RD,CHRISTOPHER LN,85,E,N,A,-,N,NA,NA,NA,NA,NA,NA,NA,NA,NA,N,1,1,0,2,A,-,11,21954,A,N,G,B,D,A,H,-,D,D,0,Y,NA,NA,Y,Y,Y,N,60,0,0,0,1,0,0,0,0,0,-,-,33.6267204284668,-117.2873764038086,RIVERSIDE,WILDOMAR,-117.28701019287108,33.62690734863281
8939652,2019,2020-03-09,3300,2019-12-20,2210,3343,NA,5,5,6,3345,0,0,0,NA,0,020,COUNTRY VILLAGE RD,VESADA WY,0,NA,Y,A,-,N,NA,NA,NA,NA,NA,NA,NA,NA,NA,Y,1,1,0,2,A,-,10,21950,C,N,G,B,B,A,H,-,C,A,0,Y,NA,NA,NA,Y,NA,A,01,0,0,0,1,0,0,0,0,0,-,-,NA,NA,RIVERSIDE,JURUPA VALLEY,-117.50695037841795,34.027671813964844
8939720,2023,2024-01-23,3309,2023-03-31,1530,332,3309,5,5,4,3309,0,0,0,NA,0,005,RANCHO LOS CERRITOS DR,AVENUE 39,746,N,N,A,-,N,NA,NA,NA,NA,NA,NA,NA,NA,NA,Y,1,1,0,1,A,-,08,22107,NA,N,F,J,A,A,H,-,A,A,0,NA,NA,NA,NA,Y,Y,M,96,0,0,0,0,0,0,0,0,0,-,-,NA,NA,RIVERSIDE,INDIO,-116.28307342529295,33.76768112182617
8939961,2019,2019-10-23,3300,2019-06-30,0944,N5767,901B,7,5,4,3310,0,0,0,NA,0,050,6TH ST,CORONA AV,0,NA,Y,A,-,N,NA,NA,NA,NA,NA,NA,NA,NA,NA,Y,4,0,1,3,A,-,03,22350,NA,N,B,C,A,A,H,-,A,A,0,NA,NA,NA,NA,Y,NA,A,01,0,0,1,0,0,0,0,0,0,-,-,33.93851089477539,-117.54563903808594,RIVERSIDE,NORCO,-117.54551696777344,33.938411712646484
8942937,2019,2019-12-11,3313,2019-09-04,1554,1959,4,3,5,7,3313,0,0,0,NA,0,T43,CENTRAL AV,PHOENIX AV,0,NA,Y,A,-,N,NA,NA,NA,NA,NA,NA,NA,NA,NA,Y,4,0,1,2,A,-,12,21453,A,N,D,C,A,A,H,-,A,A,0,NA,NA,NA,NA,Y,NA,A,01,0,0,1,0,0,0,0,0,0,-,-,33.95307922363281,-117.42530059814452,RIVERSIDE,RIVERSIDE,-117.42523193359376,33.95328903198242
8944702,2019,2019-09-25,3300,2019-07-01,1718,5241,81C3,1,5,3,3305,0,0,0,NA,0,Y81,CESAR CHAVEZ ST,CAIRO ST,0,NA,N,A,-,N,NA,NA,NA,NA,NA,NA,NA,NA,NA,Y,4,0,1,2,A,-,01,23152,B,N,D,E,A,A,H,-,A,D,0,NA,NA,NA,NA,Y,Y,-,NA,0,0,1,0,0,0,0,0,0,-,-,NA,NA,RIVERSIDE,COACHELLA,-116.181579,33.672745
8946849,2019,2020-03-11,3313,2019-09-16,0853,1905,5,1,5,7,3313,0,0,0,NA,0,2R59,MAGNOLIA AV,BUCHANAN ST,96,E,N,A,-,N,NA,NA,NA,NA,NA,NA,NA,NA,NA,Y,4,0,1,3,A,-,08,22107,NA,N,A,E,A,A,H,-,A,A,0,NA,NA,NA,Y,Y,NA,F,26,0,0,1,0,0,0,0,0,0,-,-,33.890899658203125,-117.4985580444336,RIVERSIDE,RIVERSIDE,-117.49832153320313,33.891048431396484