CASE_ID,ACCIDENT_YEAR,PROC_DATE,JURIS,COLLISION_DATE,COLLISION_TIME,OFFICER_ID,REPORTING_DISTRICT,DAY_OF_WEEK,CHP_SHIFT,POPULATION,CNTY_CITY_LOC,SPECIAL_COND,BEAT_TYPE,CHP_BEAT_TYPE,CITY_DIVISION_LAPD,CHP_BEAT_CLASS,BEAT_NUMBER,PRIMARY_RD,SECONDARY_RD,DISTANCE,DIRECTION,INTERSECTION,WEATHER_1,WEATHER_2,STATE_HWY_IND,CALTRANS_COUNTY,CALTRANS_DISTRICT,STATE_ROUTE,ROUTE_SUFFIX,POSTMILE_PREFIX,POSTMILE,LOCATION_TYPE,RAMP_INTERSECTION,SIDE_OF_HWY,TOW_AWAY,COLLISION_SEVERITY,NUMBER_KILLED,NUMBER_INJURED,PARTY_COUNT,PRIMARY_COLL_FACTOR,PCF_CODE_OF_VIOL,PCF_VIOL_CATEGORY,PCF_VIOLATION,PCF_VIOL_SUBSECTION,HIT_AND_RUN,TYPE_OF_COLLISION,MVIW,PED_ACTION,ROAD_SURFACE,ROAD_COND_1,ROAD_COND_2,LIGHTING,CONTROL_DEVICE,CHP_ROAD_TYPE,PEDESTRIAN_ACCIDENT,BICYCLE_ACCIDENT,MOTORCYCLE_ACCIDENT,TRUCK_ACCIDENT,NOT_PRIVATE_PROPERTY,ALCOHOL_INVOLVED,STWD_VEHTYPE_AT_FAULT,CHP_VEHTYPE_AT_FAULT,COUNT_SEVERE_INJ,COUNT_VISIBLE_INJ,COUNT_COMPLAINT_PAIN,COUNT_PED_KILLED,COUNT_PED_INJURED,COUNT_BICYCLIST_KILLED,COUNT_BICYCLIST_INJURED,COUNT_MC_KILLED,COUNT_MC_INJURED,PRIMARY_RAMP,SECONDARY_RAMP,LATITUDE,LONGITUDE,COUNTY,CITY,POINT_X,POINT_Y
90445082,2017,2017-04-28,9630,2017-04-21,2025,021513,NA,5,2,9,3300,0,1,1,NA,2,302,I-10 W/B,HAYFIELD RD,4224,E,N,A,-,Y,NA,NA,10,NA,NA,NA,NA,NA,W,Y,4,0,2,1,A,-,08,22107,NA,N,E,I,A,A,H,-,D,D,0,NA,NA,NA,NA,Y,NA,A,07,0,0,2,0,0,0,0,0,0,-,-,33.66954,-115.63951,RIVERSIDE,UNINCORPORATED,-115.63950811,33.669514649999996
90445168,2017,2017-04-28,9840,2017-04-08,0252,018849,NA,6,3,7,3313,0,1,1,NA,2,022,I-215 S/B,COLUMBIA AVE,350,S,N,A,-,Y,NA,NA,NA,NA,NA,NA,NA,NA,NA,Y,4,0,1,2,C,-,18,NA,NA,N,D,C,A,A,H,-,C,D,0,NA,NA,NA,NA,Y,NA,-,-,0,0,1,0,0,0,0,0,0,-,-,34.00133,-117.21108,RIVERSIDE,RIVERSIDE,-117.35260864,34.00051703
90445787,2017,2017-05-01,9655,2017-04-14,2135,019234,NA,5,2,9,3300,0,3,5,NA,2,003,SR-79 S/B,GILMAN SPRINGS ROAD,2640,S,N,A,-,Y,NA,NA,79,NA,NA,NA,NA,NA,S,Y,2,0,2,3,A,-,11,21954,A,N,G,B,D,A,H,-,D,D,0,Y,NA,NA,NA,Y,NA,N,60,2,0,0,0,2,0,0,0,0,-,-,33.83865,-117.00371,RIVERSIDE,UNINCORPORATED,-117.00358816,33.83864992
90447113,2017,2017-05-02,9685,2017-04-21,1620,015050,NA,5,2,9,3300,0,3,5,NA,2,001,BLACKWELL BLVD.,BRIGHTMAN AVE.,14,E,N,A,-,N,NA,NA,NA,NA,NA,NA,NA,NA,NA,N,4,0,1,3,A,-,03,22350,NA,F,C,C,E,A,H,-,A,A,0,Y,NA,NA,NA,Y,NA,A,07,0,0,1,0,1,0,0,0,0,-,-,33.63812,-117.34758,RIVERSIDE,UNINCORPORATED,-117.34751301,33.63816101
90447151,2017,2017-05-08,9685,2017-04-22,2300,016838,NA,6,3,9,3300,0,3,5,NA,2,003,MADERA DE PLAYA DRIVE,CALLE CONTENTO,0,NA,Y,A,-,N,NA,NA,NA,NA,NA,NA,NA,NA,NA,Y,4,0,1,2,A,-,03,22350,NA,N,D,C,A,A,H,-,D,D,0,NA,NA,NA,NA,Y,NA,A,01,0,0,1,0,0,0,0,0,0,-,-,33.52164,-117.06206,RIVERSIDE,UNINCORPORATED,-117.06201011,33.52152012
90447778,2017,2017-05-02,9660,2017-05-02,1230,014712,NA,2,1,9,3300,0,1,1,NA,2,032,I-10 W/B,ARIZONA STATE LINE,528,W,N,A,-,Y,NA,NA,NA,NA,NA,NA,NA,NA,NA,Y,4,0,1,2,A,-,03,22350,NA,N,C,C,A,A,H,-,A,A,0,NA,NA,NA,NA,Y,NA,A,07,0,0,1,0,0,0,0,0,0,-,-,33.60553,-114.53405,RIVERSIDE,UNINCORPORATED,NA,NA
90447791,2017,2017-05-02,9630,2017-04-28,0945,018451,NA,5,1,9,3300,0,1,1,NA,2,021,I-10 E/B TO WASHINGTON STREET,WASHINGTON ST,100,W,N,A,-,Y,NA,NA,10,NA,NA,NA,R,NA,E,N,4,0,1,2,A,-,03,22350,NA,N,C,C,A,A,H,-,A,A,0,NA,NA,NA,NA,Y,NA,D,22,0,0,1,0,0,0,0,0,0,-,-,33.7601,-116.30213,RIVERSIDE,UNINCORPORATED,-116.30213,33.7601
9044818,2019,2020-02-14,3300,2019-12-01,1714,4859,001G,7,5,6,3345,0,0,0,NA,0,014,MISSION BL,RIVERVIEW DR,258,W,N,A,-,N,NA,NA,NA,NA,NA,NA,NA,NA,NA,NA,4,0,2,2,A,-,11,21956,A,N,G,B,D,A,H,-,C,A,0,Y,NA,Y,NA,Y,Y,N,60,0,0,2,0,1,0,0,0,1,-,-,33.99974060058594,-117.41249084472656,RIVERSIDE,JURUPA VALLEY,-117.41325378417967,34.00004196166992
9044876,2019,2020-02-12,3300,2019-11-30,1535,N6635,002N,6,5,6,3345,0,0,0,NA,0,022,CANTU GALLEANO RANCH RD,RT 15,167,W,N,A,-,N,NA,NA,NA,NA,NA,NA,NA,NA,NA,NA,4,0,1,2,A,-,03,22350,NA,N,C,C,A,A,H,-,A,A,0,NA,NA,NA,NA,Y,NA,A,07,0,0,1,0,0,0,0,0,0,-,NO,34.00246810913086,-117.54981231689452,RIVERSIDE,JURUPA VALLEY,-117.55071258544922,34.00212860107422
90448804,2017,2017-05-04,9655,2017-04-29,1107,014421,NA,6,1,3,3302,0,1,1,NA,2,202,I-10 WESTBOUND,PENNSYLVANIA AVE,2112,E,N,A,-,Y,NA,NA,10,NA,NA,NA,NA,NA,W,Y,4,0,2,3,A,-,08,22107,NA,N,B,C,A,A,H,-,A,D,0,NA,NA,Y,NA,Y,NA,C,02,0,0,2,0,0,0,0,0,1,-,-,33.92737,-116.95863,RIVERSIDE,BEAUMONT,-116.95863102,33.92729634
90448858,2017,2017-05-04,9840,2017-04-28,0825,017765,NA,5,1,9,3300,0,3,5,NA,2,004,MENIFEE RD,MOUNTAIN AVE,55,S,N,B,-,N,NA,NA,NA,NA,NA,NA,NA,NA,NA,Y,4,0,2,2,A,-,03,22350,NA,N,C,C,A,A,H,-,A,D,0,NA,NA,NA,NA,Y,NA,D,22,0,0,2,0,0,0,0,0,0,-,-,33.765,-117.15443,RIVERSIDE,UNINCORPORATED,-117.15418012,33.76457307
90448976,2017,2017-05-04,9660,2017-04-25,1140,021657,NA,2,1,9,3300,0,1,2,NA,2,038,US-95,WIND RIVER ROAD,2124,S,N,A,-,Y,NA,NA,95,NA,NA,NA,NA,NA,NA,Y,3,0,1,1,A,-,08,22107,NA,N,E,I,A,A,H,-,A,A,0,NA,NA,NA,NA,Y,NA,A,07,0,1,0,0,0,0,0,0,0,-,-,33.83609,-114.536,RIVERSIDE,UNINCORPORATED,-114.53604714,33.83609624
90449023,2017,2017-05-04,9840,2017-04-26,1528,014868,NA,3,2,6,3345,0,1,3,NA,2,010,SR-60 E/B,LA RUE ST,15,E,N,A,-,Y,NA,NA,NA,NA,NA,NA,NA,NA,NA,Y,3,0,6,7,A,-,03,22350,NA,N,C,D,A,A,H,-,A,D,0,NA,NA,NA,NA,Y,NA,D,22,0,1,5,0,0,0,0,0,0,-,-,34.00127,-117.41001,RIVERSIDE,JURUPA VALLEY,-117.41309319,34.005267
90449282,2017,2017-05-04,9840,2017-04-28,1550,017765,NA,5,2,9,3300,0,2,4,NA,2,042,VAN BUREN BLVD,OPPORTUNITY WAY,255,W,N,B,-,N,NA,NA,NA,NA,NA,NA,NA,NA,NA,Y,4,0,2,2,A,-,07,21658,A,N,C,C,A,A,H,-,A,D,0,NA,NA,NA,NA,Y,NA,A,08,0,0,2,0,0,0,0,0,0,-,-,33.88781,-117.27662,RIVERSIDE,UNINCORPORATED,-117.276663,33.887949
90450788,2017,2017-05-08,9840,2017-04-19,2054,018072,NA,3,2,6,3345,0,1,3,NA,2,010,SR-60 E/B,COUNTRY VILLAGE RD,2250,W,N,A,-,Y,NA,NA,60,NA,NA,NA,NA,NA,E,Y,2,0,1,3,A,-,01,23152,A,N,E,I,A,A,H,-,D,D,0,NA,NA,NA,NA,Y,Y,D,22,1,0,0,0,0,0,0,0,0,-,-,34.01834,-117.51402,RIVERSIDE,JURUPA VALLEY,-117.51402519,34.01846405
90451296,2017,2017-05-08,9840,2017-05-07,1415,019361,NA,7,2,7,3313,0,1,3,NA,2,021,SR-91 E/B,ADAMS STREET,2112,E,N,B,-,Y,NA,NA,91,NA,NA,NA,NA,NA,E,N,4,0,1,1,A,-,08,22107,NA,N,E,I,A,A,H,-,A,D,0,NA,NA,NA,NA,Y,NA,A,01,0,0,1,0,0,0,0,0,0,-,-,33.93083,-117.41362,RIVERSIDE,RIVERSIDE,-117.41362255,33.93083448
90451716,2017,2017-05-09,9840,2017-05-07,0625,019501,NA,7,1,6,3345,0,1,3,NA,2,010,SR-60 W/B,COUNTRY VILLAGE RD,1056,E,N,B,-,Y,NA,NA,NA,NA,NA,NA,NA,NA,NA,Y,3,0,1,2,A,-,08,22107,NA,N,E,I,A,B,H,-,B,D,0,NA,NA,NA,Y,Y,NA,A,01,0,1,0,0,0,0,0,0,0,-,-,34.01943,-117.29481,RIVERSIDE,JURUPA VALLEY,-117.50330814,34.01909533
9045175,2019,2020-06-13,3300,2019-06-30,1251,4552,905 L,7,5,4,3307,0,0,0,NA,0,093,RIVERSIDE DR,LAKESHORE DR,100,E,N,A,-,Y,RIV,8,74,-,-,14.17,H,-,E,N,4,0,1,2,A,-,08,22107,NA,N,D,-,A,A,H,-,A,A,0,NA,Y,NA,NA,Y,NA,L,04,0,0,1,0,0,0,1,0,0,-,-,33.68450164794922,-117.36656951904295,RIVERSIDE,LAKE ELSINORE,-117.36702728271484,33.6840934753418
90453194,2017,2017-05-10,9840,2017-05-07,1533,018248,NA,7,2,9,3300,0,1,1,NA,2,034,I-15 N/B,DOS LAGOS DR,1584,S,N,B,-,Y,NA,NA,15,NA,NA,NA,NA,NA,N,Y,4,0,2,3,A,-,03,22350,NA,N,C,C,A,A,H,-,A,D,0,NA,NA,NA,NA,Y,NA,A,07,0,0,2,0,0,0,0,0,0,-,-,33.79984,-117.50308,RIVERSIDE,UNINCORPORATED,-117.50314017,33.79980118
90453444,2017,2017-05-10,9840,2017-05-08,1155,021613,NA,1,1,7,3313,0,1,1,NA,2,022,I-215 N/B,SR-60,1056,N,N,A,-,Y,NA,NA,215,NA,NA,NA,NA,NA,N,Y,4,0,1,2,A,-,03,22350,NA,N,D,C,A,A,H,-,A,D,0,NA,NA,NA,NA,Y,NA,A,01,0,0,1,0,0,0,0,0,0,-,-,33.99596,-117.35544,RIVERSIDE,RIVERSIDE,-117.35544093,33.99596056
90455898,2017,2017-05-15,9685,2017-05-07,1415,015360,NA,7,2,5,3335,0,1,1,NA,2,030,I-15 NORTHBOUND,RANCHO CALIFORNIA RD.,1056,S,N,C,-,Y,NA,NA,NA,NA,NA,NA,NA,NA,NA,N,4,0,2,2,A,-,03,22350,NA,N,C,C,A,B,H,-,A,D,0,NA,NA,NA,NA,Y,NA,A,01,0,0,2,0,0,0,0,0,0,-,-,33.03326,-117.90786,RIVERSIDE,TEMECULA,-117.14958276,33.49838045
90456186,2017,2017-05-15,9630,2017-05-04,0230,013022,NA,4,3,9,3300,0,1,1,NA,2,302,I-10 E/B,SUMMIT RD,6864,E,N,A,-,Y,NA,NA,10,NA,NA,NA,NA,NA,E,Y,4,0,1,1,A,-,08,22107,NA,N,F,A,A,A,H,-,A,D,0,NA,NA,NA,NA,Y,NA,A,01,0,0,1,0,0,0,0,0,0,-,-,33.66328,-115.69976,RIVERSIDE,UNINCORPORATED,-115.69976732,33.66332311
90456802,2017,2017-05-16,9655,2017-05-06,2215,019630,NA,6,3,9,3300,0,3,5,NA,2,003,GIRARD ST,MAYBERRY AVE,0,NA,Y,B,-,N,NA,NA,NA,NA,NA,NA,NA,NA,NA,Y,4,0,1,2,A,-,12,22450,A,M,D,C,A,B,H,-,D,D,0,NA,NA,NA,NA,Y,NA,-,99,0,0,1,0,0,0,0,0,0,-,-,33.74044,-116.95414,RIVERSIDE,UNINCORPORATED,-116.95424009,33.74036003
90457296,2017,2017-05-16,9840,2017-05-16,0730,013500,NA,2,1,7,3313,0,1,3,NA,2,020,SR-91 (E/B),VAN BUREN BLVD.,50,E,N,B,-,Y,NA,NA,91,NA,NA,NA,NA,NA,NA,Y,4,0,3,4,A,-,03,22350,NA,N,C,C,A,A,H,-,A,D,0,NA,NA,NA,NA,Y,NA,A,01,0,0,3,0,0,0,0,0,0,-,-,33.91504,-117.44183,RIVERSIDE,RIVERSIDE,-117.44179116,33.91497384
90457932,2017,2017-05-17,9840,2017-05-16,0955,019361,NA,2,1,9,3300,0,1,3,NA,2,030,SR-91 W/B,GREEN RIVER ROAD,400,E,N,B,-,Y,NA,NA,91,NA,NA,NA,NA,NA,W,N,4,0,1,2,A,-,03,22350,NA,N,C,C,A,A,H,-,A,D,0,NA,NA,NA,NA,Y,NA,A,01,0,0,1,0,0,0,0,0,0,-,-,33.87908,-117.6571,RIVERSIDE,UNINCORPORATED,-117.65708836,33.87905901
90460247,2017,2017-05-22,9655,2017-05-12,0740,016607,NA,5,1,9,3300,0,1,3,NA,2,212,SR-60 W/B,GILMAN SPRINGS RD,10560,E,N,A,-,Y,NA,NA,60,NA,NA,NA,NA,NA,W,N,4,0,1,2,A,-,17,21658,NA,M,B,C,A,A,H,-,A,D,0,NA,NA,NA,Y,Y,Y,G,25,0,0,1,0,0,0,0,0,0,-,-,33.94091,-117.09118,RIVERSIDE,UNINCORPORATED,-117.09118639,33.94091968
90460289,2017,2017-05-22,9655,2017-04-25,0751,017263,NA,2,1,9,3300,0,1,1,NA,2,204,I-10 E/B,MALKI RD,300,E,N,A,-,Y,NA,NA,10,NA,NA,NA,NA,NA,E,Y,4,0,1,3,A,-,01,23152,A,F,B,C,A,A,H,-,A,D,0,NA,NA,Y,Y,Y,Y,C,02,0,0,1,0,0,0,0,0,0,-,-,33.93052,-116.82085,RIVERSIDE,UNINCORPORATED,-116.82086222,33.93049324
90461788,2017,2017-05-23,9685,2017-05-15,0435,014676,NA,1,3,4,3342,0,1,1,NA,2,034,I-215 NORTHBOUND,CLINTON KEITH RD.,528,N,N,B,-,Y,NA,NA,215,NA,NA,NA,NA,NA,N,Y,3,0,1,1,A,-,08,22107,NA,N,F,A,A,A,H,-,C,D,0,NA,NA,NA,NA,Y,NA,A,01,0,1,0,0,0,0,0,0,0,-,-,33.60119,-117.17217,RIVERSIDE,MURRIETA,-117.17236274,33.60128864
90463173,2017,2017-05-25,9840,2017-05-12,0450,019017,NA,5,3,6,3315,0,1,3,NA,2,030,SR-91 W/B,GREEN RIVER RD,1650,W,N,A,-,Y,NA,NA,91,NA,NA,NA,NA,NA,W,Y,4,0,1,3,A,-,07,21658,A,N,B,C,A,A,H,-,B,D,0,NA,NA,Y,NA,Y,NA,A,01,0,0,1,0,0,0,0,0,1,-,-,33.87536,-117.66175,RIVERSIDE,CORONA,-117.66176071,33.87537231
90465466,2017,2017-05-26,9685,2017-04-25,0530,014676,NA,2,3,9,3300,0,2,4,NA,2,016,GRAND AVENUE,SKYLARK DRIVE,220,N,N,A,-,N,NA,NA,NA,NA,NA,NA,NA,NA,NA,Y,1,1,0,2,A,-,05,21650,NA,N,G,B,E,A,H,-,C,D,0,Y,NA,NA,NA,Y,NA,A,01,0,0,0,1,0,0,0,0,0,-,-,33.37121,-117.18511,RIVERSIDE,UNINCORPORATED,-117.31417361,33.62013341
90466457,2017,2017-05-29,9655,2017-05-21,1216,017263,NA,7,1,4,3301,0,1,1,NA,2,204,I-10 E/B,8TH ST,751,W,N,A,-,Y,NA,NA,10,NA,NA,NA,NA,NA,E,Y,2,0,1,1,A,-,08,22107,NA,N,E,I,A,A,H,-,A,D,0,NA,NA,NA,NA,Y,NA,A,01,1,0,0,0,0,0,0,0,0,-,-,33.92391,-116.88794,RIVERSIDE,BANNING,-116.88794196,33.92417973
90466999,2017,2017-05-30,9630,2017-05-19,1635,019943,NA,5,2,4,3309,0,1,1,NA,2,021,I-10 E/B,MONROE ST,1056,E,N,A,-,Y,NA,NA,10,NA,NA,NA,NA,NA,E,Y,4,0,2,4,A,-,03,22350,NA,N,C,C,A,A,H,-,A,D,0,NA,NA,NA,NA,Y,NA,A,01,0,0,2,0,0,0,0,0,0,-,-,33.73899,-116.2288,RIVERSIDE,INDIO,-116.22880392,33.73893928
9046736,2020,2020-05-27,3300,2020-02-01,1822,N6426,910Q,6,5,5,3335,0,0,0,NA,0,069,JEDEDIAH SMITH RD,TEMECULA PKWY,0,NA,Y,A,-,N,NA,NA,NA,NA,NA,NA,NA,NA,NA,N,4,0,1,2,A,-,09,21801,A,N,D,C,A,A,H,-,C,A,0,NA,NA,NA,NA,Y,NA,A,01,0,0,1,0,0,0,0,0,0,-,-,33.47610092163086,-117.12265014648438,RIVERSIDE,TEMECULA,-117.122658,33.476042
90467697,2017,2017-05-31,9840,2017-05-24,2315,019844,NA,3,3,9,3300,0,3,5,NA,2,003,EL CERRITO RD,TEMESCAL CANYON RD,655,W,N,A,-,N,NA,NA,NA,NA,NA,NA,NA,NA,NA,Y,2,0,1,1,A,-,08,22107,NA,N,E,I,A,A,H,-,C,D,0,NA,NA,NA,NA,Y,NA,D,22,1,0,0,0,0,0,0,0,0,-,-,33.83469,-117.52449,RIVERSIDE,UNINCORPORATED,-117.52441049,33.83480856
90467764,2017,2017-05-31,9840,2017-05-28,1209,019242,NA,7,1,7,3313,0,1,3,NA,2,020,SR-91 W/B TO TYLER STREET,TYLER ST,75,E,N,A,-,Y,NA,NA,91,NA,NA,NA,R,NA,W,N,4,0,1,2,A,-,03,22350,NA,N,C,C,A,A,H,-,A,D,0,NA,NA,NA,NA,Y,NA,A,01,0,0,1,0,0,0,0,0,0,-,-,33.90828,-117.4535,RIVERSIDE,RIVERSIDE,-117.4535,33.90828
90469705,2017,2017-06-02,9840,2017-05-30,1700,014868,NA,2,2,6,3394,0,1,3,NA,2,025,SR-60 E/B,DAY ST.,800,E,N,A,-,Y,NA,NA,60,NA,NA,NA,NA,NA,E,Y,4,0,2,2,A,-,03,22350,NA,N,C,C,A,A,H,-,A,D,0,NA,NA,NA,NA,Y,NA,A,07,0,0,2,0,0,0,0,0,0,-,-,33.94125,-117.27177,RIVERSIDE,MORENO VALLEY,-117.27176513,33.94127823
90471175,2017,2017-06-05,9840,2017-05-29,1220,019242,NA,1,1,6,3394,0,1,3,NA,2,025,SR-60 E/B,NASON ST,3000,W,N,A,-,Y,NA,NA,NA,NA,NA,NA,NA,NA,NA,Y,4,0,1,3,A,-,08,22107,NA,N,B,C,F,A,H,-,A,D,0,Y,NA,NA,NA,Y,NA,D,22,0,0,1,0,1,0,0,0,0,-,-,33.5623,-117.1219,RIVERSIDE,MORENO VALLEY,-117.2014196,33.93915434
90471314,2017,2017-06-05,9840,2017-05-28,1355,019361,NA,7,1,6,3394,0,1,1,NA,2,040,I-215 N/B,CACTUS AVENUE,1165,N,N,A,-,Y,NA,NA,215,NA,NA,NA,NA,NA,N,N,4,0,1,1,A,-,08,22107,NA,N,E,I,A,A,H,-,A,D,0,NA,NA,NA,NA,Y,NA,A,01,0,0,1,0,0,0,0,0,0,-,-,33.91162,-117.2834,RIVERSIDE,MORENO VALLEY,-117.28335483,33.91166725
90472453,2017,2017-06-07,9655,2017-05-30,1743,018444,NA,2,2,9,3300,0,1,3,NA,2,315,SR-79,ASBURY STREET,222,N,N,A,-,Y,NA,NA,79,NA,NA,NA,NA,NA,NA,N,4,0,1,2,A,-,09,21804,A,N,D,G,A,A,H,-,A,D,0,NA,Y,NA,NA,Y,NA,L,04,0,0,1,0,0,0,1,0,0,-,-,33.71096,-117.08493,RIVERSIDE,UNINCORPORATED,-117.08496018,33.71096008
90473750,2017,2017-06-08,9655,2017-05-31,1642,014421,NA,3,2,9,3300,0,1,3,NA,2,212,SR-60 WESTBOUND,JACK RABBIT TRL,15840,W,N,A,-,Y,NA,NA,60,NA,NA,NA,NA,NA,W,N,4,0,1,2,A,-,03,22350,NA,N,C,C,A,A,H,-,A,D,0,NA,NA,NA,NA,Y,NA,A,01,0,0,1,0,0,0,0,0,0,-,-,33.94338,-117.081,RIVERSIDE,UNINCORPORATED,-117.08100871,33.9434358
90473920,2017,2017-06-08,9840,2017-06-06,1710,014980,NA,2,2,6,3345,0,1,3,NA,2,010,SR-60 E/B TO VALLEY WAY,CAMINO REAL,1775,E,N,A,-,Y,NA,NA,60,NA,NA,NA,R,NA,E,Y,4,0,1,2,A,-,03,22350,NA,N,C,C,A,A,H,-,A,D,0,NA,NA,NA,NA,Y,NA,A,01,0,0,1,0,0,0,0,0,0,-,-,34.01308,-117.44386,RIVERSIDE,JURUPA VALLEY,-117.44386,34.01308
90473957,2017,2017-07-24,9630,2017-05-27,0230,021298,NA,6,3,9,3300,0,3,5,NA,2,001,PALM DR,CAMINO IDILIO,0,NA,Y,A,-,N,NA,NA,NA,NA,NA,NA,NA,NA,NA,Y,3,0,1,2,A,-,01,23152,A,M,D,D,A,A,H,-,D,D,0,NA,NA,NA,NA,Y,Y,D,22,0,1,0,0,0,0,0,0,0,-,-,33.9286,-116.5017,RIVERSIDE,UNINCORPORATED,-116.50172003,33.92860008
9047786,2020,2020-06-08,3315,2020-02-06,1443,002504,NA,4,5,6,3315,0,0,0,NA,0,003,FOOTHILL PKWY,MAIN ST,620,W,N,A,-,N,NA,NA,NA,NA,NA,NA,NA,NA,NA,NA,3,0,1,2,A,-,09,21804,A,N,E,I,A,A,H,-,A,D,0,NA,NA,NA,NA,Y,NA,A,01,0,1,0,0,0,0,0,0,0,-,-,NA,NA,RIVERSIDE,CORONA,-117.5737533569336,33.84489440917969
9047810,2020,2020-06-08,3300,2020-02-13,0904,3491,910S,4,5,5,3335,0,0,0,NA,0,TE93,TEMECULA PKWY,BUTTERFIELD STAGE RD,1105,W,N,A,-,N,NA,NA,NA,NA,NA,NA,NA,NA,NA,N,2,0,1,1,A,-,08,22107,NA,N,-,I,A,A,H,-,A,D,0,NA,NA,NA,NA,Y,NA,A,01,1,0,0,0,0,0,0,0,0,-,-,33.486270904541016,-117.07846832275392,RIVERSIDE,TEMECULA,NA,NA
90478548,2017,2017-06-15,9840,2017-06-08,1537,017765,NA,4,2,4,3312,0,1,1,NA,2,040,I-215 N/B TO CACTUS AVENUE,CACTUS AVE,1850,S,N,B,-,Y,NA,NA,NA,NA,NA,NA,NA,NA,NA,N,4,0,1,3,A,-,03,22350,NA,N,C,C,A,A,H,-,A,D,0,NA,NA,NA,NA,Y,NA,D,22,0,0,1,0,0,0,0,0,0,-,-,33.90489,-117.27778,RIVERSIDE,PERRIS,-117.27783576,33.9046529
90478773,2017,2017-06-15,9840,2017-06-14,0645,015705,NA,3,1,6,3394,0,1,3,NA,2,025,SR-60 W/B,HEACOCK ST,1056,W,N,A,-,Y,NA,NA,60,NA,NA,NA,NA,NA,W,Y,4,0,2,2,A,-,03,22350,NA,N,C,C,A,A,H,-,A,D,0,NA,NA,NA,NA,Y,NA,A,01,0,0,2,0,0,0,0,0,0,-,-,33.94121,-117.2498,RIVERSIDE,MORENO VALLEY,-117.24979845,33.94110168
90482102,2017,2017-06-20,9630,2017-06-09,1418,015339,NA,5,2,9,3300,0,1,1,NA,2,020,I-10 (W/B),BOB HOPE DR.,5280,W,N,A,-,Y,NA,NA,10,NA,NA,NA,NA,NA,NA,Y,3,0,2,3,A,-,17,23114,A,F,E,J,A,A,H,-,A,D,0,NA,NA,NA,Y,Y,NA,G,25,0,2,0,0,0,0,0,0,0,-,-,33.82864,-116.42326,RIVERSIDE,UNINCORPORATED,-116.42321493,33.82871658
90483203,2017,2017-06-21,9655,2017-06-14,1822,017720,NA,3,2,4,3301,0,1,1,NA,2,204,I-10 EASTBOUND,SUNSET AVENUE,4752,W,N,A,-,Y,NA,NA,10,NA,NA,NA,NA,NA,E,Y,4,0,1,1,A,-,08,22107,NA,N,E,I,A,A,H,-,A,D,0,NA,NA,NA,NA,Y,NA,A,01,0,0,1,0,0,0,0,0,0,-,-,33.92654,-116.93217,RIVERSIDE,BANNING,-116.93218309,33.92620161
9048366,2019,2020-02-26,3313,2019-12-14,2141,1935,1,6,5,7,3313,0,0,0,NA,0,3R12,GRAND AV,JURUPA AV,0,NA,Y,A,-,N,NA,NA,NA,NA,NA,NA,NA,NA,NA,N,4,0,2,2,A,-,12,21453,A,N,A,C,A,A,H,-,C,A,0,NA,NA,NA,NA,Y,NA,-,-,0,0,2,0,0,0,0,0,0,-,-,33.960960388183594,-117.41593933105467,RIVERSIDE,RIVERSIDE,-117.41607666015624,33.961891174316406
90483812,2017,2017-06-22,9840,2017-06-15,1843,018611,NA,4,2,7,3313,0,1,3,NA,2,010,SR-60 E/B,MARKET STREET,100,E,N,A,-,Y,NA,NA,60,NA,NA,NA,NA,NA,E,Y,4,0,2,2,A,-,03,22350,NA,N,C,C,A,A,H,-,A,D,0,NA,NA,NA,NA,Y,NA,A,01,0,0,2,0,0,0,0,0,0,-,-,33.99991,-117.37395,RIVERSIDE,RIVERSIDE,-117.37385775,34.00011148
90486371,2017,2017-06-23,9840,2017-06-09,0525,021641,NA,5,3,6,3315,0,1,3,NA,2,031,SR-91 E/B,MAIN ST,1000,E,N,A,-,Y,NA,NA,91,NA,NA,NA,NA,NA,E,N,4,0,1,2,A,-,08,22107,NA,N,B,C,A,A,H,-,A,D,0,NA,NA,NA,NA,Y,NA,A,01,0,0,1,0,0,0,0,0,0,-,-,33.8789,-117.56,RIVERSIDE,CORONA,-117.55995491,33.87931071
9048654,2020,2020-06-03,3300,2020-01-15,1735,N6426,910J,3,5,5,3335,0,0,0,NA,0,067,MERCEDES ST,6TH ST,156,N,N,A,-,N,NA,NA,NA,NA,NA,NA,NA,NA,NA,N,4,0,1,2,A,-,10,21952,NA,N,G,B,F,A,H,-,D,D,0,Y,NA,NA,NA,Y,NA,A,07,0,0,1,0,1,0,0,0,0,-,-,33.496360778808594,-117.15048980712892,RIVERSIDE,TEMECULA,-117.15070343017578,33.49668884277344
90489817,2017,2017-06-28,9840,2017-06-24,1424,019893,NA,6,2,7,3313,0,1,1,NA,2,023,I-215 S/B,MARTIN LUTHER KING BOULEVARD,800,N,N,A,-,Y,NA,NA,215,NA,NA,NA,NA,NA,S,Y,4,0,2,2,A,-,03,22350,NA,N,C,C,A,A,H,-,A,D,0,NA,NA,NA,NA,Y,NA,A,07,0,0,2,0,0,0,0,0,0,-,-,33.97207,-117.33182,RIVERSIDE,RIVERSIDE,-117.33180084,33.97208918
90490855,2017,2017-06-29,9685,2017-06-20,1537,017535,NA,2,2,5,3335,0,1,1,NA,2,030,I-15 NORTHBOUND,TEMECULA PARKWAY,300,S,N,A,-,Y,NA,NA,15,NA,NA,NA,NA,NA,N,Y,3,0,1,2,A,-,03,22350,NA,N,C,C,A,A,H,-,A,D,0,NA,NA,Y,NA,Y,NA,C,02,0,1,0,0,0,0,0,0,1,-,-,33.47506,-117.13861,RIVERSIDE,TEMECULA,-117.13853564,33.47508341