CASE_ID,ACCIDENT_YEAR,PROC_DATE,JURIS,COLLISION_DATE,COLLISION_TIME,OFFICER_ID,REPORTING_DISTRICT,DAY_OF_WEEK,CHP_SHIFT,POPULATION,CNTY_CITY_LOC,SPECIAL_COND,BEAT_TYPE,CHP_BEAT_TYPE,CITY_DIVISION_LAPD,CHP_BEAT_CLASS,BEAT_NUMBER,PRIMARY_RD,SECONDARY_RD,DISTANCE,DIRECTION,INTERSECTION,WEATHER_1,WEATHER_2,STATE_HWY_IND,CALTRANS_COUNTY,CALTRANS_DISTRICT,STATE_ROUTE,ROUTE_SUFFIX,POSTMILE_PREFIX,POSTMILE,LOCATION_TYPE,RAMP_INTERSECTION,SIDE_OF_HWY,TOW_AWAY,COLLISION_SEVERITY,NUMBER_KILLED,NUMBER_INJURED,PARTY_COUNT,PRIMARY_COLL_FACTOR,PCF_CODE_OF_VIOL,PCF_VIOL_CATEGORY,PCF_VIOLATION,PCF_VIOL_SUBSECTION,HIT_AND_RUN,TYPE_OF_COLLISION,MVIW,PED_ACTION,ROAD_SURFACE,ROAD_COND_1,ROAD_COND_2,LIGHTING,CONTROL_DEVICE,CHP_ROAD_TYPE,PEDESTRIAN_ACCIDENT,BICYCLE_ACCIDENT,MOTORCYCLE_ACCIDENT,TRUCK_ACCIDENT,NOT_PRIVATE_PROPERTY,ALCOHOL_INVOLVED,STWD_VEHTYPE_AT_FAULT,CHP_VEHTYPE_AT_FAULT,COUNT_SEVERE_INJ,COUNT_VISIBLE_INJ,COUNT_COMPLAINT_PAIN,COUNT_PED_KILLED,COUNT_PED_INJURED,COUNT_BICYCLIST_KILLED,COUNT_BICYCLIST_INJURED,COUNT_MC_KILLED,COUNT_MC_INJURED,PRIMARY_RAMP,SECONDARY_RAMP,LATITUDE,LONGITUDE,COUNTY,CITY,POINT_X,POINT_Y
90491842,2017,2017-06-30,9630,2017-06-20,2300,021128,NA,2,3,4,3309,0,1,1,NA,2,021,I-10 E/B,GOLF CENTER PKY,0,NA,Y,A,-,N,NA,NA,10,NA,NA,NA,NA,NA,E,N,3,0,1,2,D,-,00,NA,NA,N,G,B,B,A,H,-,C,A,0,Y,NA,NA,NA,Y,NA,-,-,0,1,0,0,1,0,0,0,0,-,-,33.72549,-116.20225,RIVERSIDE,INDIO,-116.20181878,33.72607851
90492412,2017,2017-07-03,9655,2017-06-19,1525,014743,NA,1,2,9,3300,0,3,5,NA,2,002,SAN TIMOTEO CANYON ROAD,LAKE SHORE DRIVE,6336,W,N,A,-,N,NA,NA,NA,NA,NA,NA,NA,NA,NA,Y,3,0,1,1,A,-,08,22107,NA,N,E,I,A,A,H,-,A,D,0,NA,NA,NA,NA,Y,NA,D,22,0,1,0,0,0,0,0,0,0,-,-,33.98128,-117.12655,RIVERSIDE,UNINCORPORATED,-117.13074709,33.9824732
90494116,2017,2017-07-05,9630,2017-06-24,1445,020061,NA,6,2,9,3300,0,1,1,NA,2,020,I-10 E/B TO MONTEREY AVE.,MONTEREY AVE,6,W,N,A,-,Y,NA,NA,10,NA,NA,NA,R,NA,E,N,4,0,2,2,A,-,21,22106,NA,N,C,C,A,A,H,-,A,A,0,NA,NA,NA,NA,Y,NA,A,01,0,0,2,0,0,0,0,0,0,-,-,33.80622,-116.38812,RIVERSIDE,UNINCORPORATED,-116.38812,33.80622
90498111,2017,2017-07-11,9655,2017-06-30,1740,015940,NA,5,2,9,3300,0,1,1,NA,2,202,I-10 E/B,SINGLETON RD.,528,W,N,A,-,Y,NA,NA,NA,NA,NA,NA,NA,NA,NA,Y,2,0,1,1,A,-,08,22107,NA,N,F,A,A,A,H,-,A,D,0,NA,NA,Y,NA,Y,NA,C,02,1,0,0,0,0,0,0,0,1,-,-,33.98075,-117.05117,RIVERSIDE,UNINCORPORATED,-117.0509625,33.98030579
90498397,2017,2017-07-11,9840,2017-07-01,1440,017893,NA,6,2,9,3300,0,1,1,NA,2,034,I-15 N/B,TEMESCAL CANYON RD,1500,N,N,A,-,Y,NA,NA,15,NA,NA,NA,NA,NA,N,Y,4,0,1,2,A,-,03,22350,NA,N,C,C,A,A,H,-,A,D,0,NA,NA,NA,Y,Y,NA,F,26,0,0,1,0,0,0,0,0,0,-,-,33.7816,-117.4901,RIVERSIDE,UNINCORPORATED,-117.49002304,33.78164553
90498822,2017,2017-07-12,9655,2017-07-04,1534,020350,NA,2,2,9,3300,0,1,3,NA,1,116,SR-74,MCGAUGH ROAD,8976,W,N,A,-,Y,NA,NA,74,NA,NA,NA,NA,NA,NA,Y,4,0,1,2,A,-,05,21460,A,N,B,C,A,A,H,-,A,D,0,NA,NA,Y,NA,Y,NA,C,02,0,0,1,0,0,0,0,0,1,-,-,33.69802,-116.76002,RIVERSIDE,UNINCORPORATED,-116.75990786,33.69796882
90498945,2017,2017-07-12,9655,2017-07-03,1334,020054,NA,1,1,9,3300,0,3,5,NA,2,003,VISTA DEL VALLE,RAWLINGS ROAD,257,N,N,A,-,N,NA,NA,NA,NA,NA,NA,NA,NA,NA,Y,3,0,2,1,A,-,08,22107,NA,N,E,I,A,A,H,-,A,D,0,NA,NA,NA,NA,Y,NA,A,01,0,1,1,0,0,0,0,0,0,-,-,33.71594,-116.92467,RIVERSIDE,UNINCORPORATED,-116.92469553,33.71592922
90499780,2017,2017-07-13,9840,2017-07-08,0120,019874,NA,6,3,9,3300,0,2,4,NA,2,042,VAN BUREN BLVD.,PICK PL,200,E,N,A,-,N,NA,NA,NA,NA,NA,NA,NA,NA,NA,N,3,0,1,1,C,-,18,NA,NA,N,F,A,A,A,H,-,D,D,0,NA,Y,NA,NA,Y,NA,-,-,0,1,0,0,0,0,1,0,0,-,-,NA,NA,RIVERSIDE,UNINCORPORATED,-117.39279623,33.88147949
90501306,2017,2017-07-17,9840,2017-07-07,1327,020723,NA,5,1,7,3313,0,1,3,NA,2,021,SR-91 E/B,ADAMS ST,200,E,N,A,-,Y,NA,NA,NA,NA,NA,NA,NA,NA,NA,Y,4,0,1,2,C,-,18,NA,NA,N,B,C,A,A,H,-,A,D,0,NA,NA,NA,NA,Y,NA,-,-,0,0,1,0,0,0,0,0,0,-,-,33.92591,-117.41601,RIVERSIDE,RIVERSIDE,-117.41916367,33.92767479
90502210,2017,2017-07-17,9630,2017-07-05,0755,016674,NA,3,1,9,3300,0,1,3,NA,2,086,STATE ROUTE 86 NORTHBOUND,86TH AVENUE,528,N,N,A,-,Y,NA,NA,86,NA,NA,NA,NA,NA,N,Y,3,0,1,1,A,-,01,23152,A,N,E,I,A,A,H,-,A,D,0,NA,NA,NA,NA,Y,Y,A,01,0,1,0,0,0,0,0,0,0,-,-,33.42669,-116.06033,RIVERSIDE,UNINCORPORATED,-116.06030957,33.42671111
90502422,2017,2017-07-18,9655,2017-07-01,2238,019449,NA,6,3,3,3302,0,1,1,NA,2,202,I-10 W/B,VEILE AVE,1584,W,N,A,-,Y,NA,NA,10,NA,NA,NA,NA,NA,W,Y,3,0,2,2,A,-,01,23152,G,N,B,C,A,A,H,-,C,D,0,NA,NA,NA,NA,Y,Y,A,01,0,1,1,0,0,0,0,0,0,-,-,33.93374,-116.99017,RIVERSIDE,BEAUMONT,-116.9901864,33.93370142
90503419,2017,2017-07-19,9840,2017-07-11,1804,017504,NA,2,2,7,3313,0,1,1,NA,2,023,I-215 N/B,CHICAGO AVE.,1000,S,N,A,-,Y,NA,NA,215,NA,NA,NA,NA,NA,N,Y,4,0,1,2,A,-,03,22350,NA,N,C,C,A,A,H,-,A,D,0,NA,NA,NA,NA,Y,NA,D,22,0,0,1,0,0,0,0,0,0,-,-,33.98653,-117.34642,RIVERSIDE,RIVERSIDE,-117.34639085,33.98656363
90503891,2017,2017-07-19,9840,2017-07-15,0121,019017,NA,6,3,6,3315,0,1,3,NA,2,031,STATE ROUTE 91 E/B,LINCOLN AVE,400,E,N,A,-,Y,NA,NA,91,NA,NA,NA,NA,NA,E,Y,4,0,1,2,A,-,03,22350,NA,N,C,C,A,A,D,H,C,D,0,NA,NA,NA,NA,Y,NA,A,07,0,0,1,0,0,0,0,0,0,-,-,33.881100000000004,-117.57649,RIVERSIDE,CORONA,-117.57648836,33.88111699
90504670,2017,2017-07-20,9685,2017-07-13,1649,017285,NA,4,2,9,3300,0,1,3,NA,1,031,WINCHESTER ROAD,BOREL ROAD,400,S,N,A,-,N,NA,NA,79,NA,NA,NA,NA,NA,NA,N,4,0,1,2,A,-,03,22350,NA,N,C,C,A,A,H,-,A,D,0,NA,NA,NA,NA,Y,NA,A,01,0,0,1,0,0,0,0,0,0,-,-,33.56912,-117.13712,RIVERSIDE,UNINCORPORATED,-117.13658432,33.56897321
90504985,2017,2017-07-20,9685,2017-07-14,1425,016502,NA,5,2,5,3335,0,1,1,NA,2,030,I-15 NORTHBOUND,SANTIAGO RD.,700,S,N,A,-,Y,NA,NA,15,NA,NA,NA,NA,NA,N,N,4,0,1,2,A,-,03,22350,NA,N,C,C,A,A,H,-,A,D,0,NA,NA,NA,NA,Y,NA,A,07,0,0,1,0,0,0,0,0,0,-,-,33.4865,-117.1427,RIVERSIDE,TEMECULA,-117.14264349,33.48652018
90505078,2017,2017-07-20,9655,2017-07-11,1525,013757,NA,2,2,9,3300,0,3,5,NA,2,003,RAMONA EXPRESSWAY,WARREN ROAD,5280,W,N,A,-,N,NA,NA,NA,NA,NA,NA,NA,NA,NA,Y,4,0,1,2,A,-,08,22107,NA,N,D,C,A,A,H,-,A,D,0,NA,NA,NA,NA,Y,NA,E,22,0,0,1,0,0,0,0,0,0,-,-,33.82835,-117.04369,RIVERSIDE,UNINCORPORATED,-117.04805074,33.83129951
90505511,2017,2017-07-21,9655,2017-07-11,1545,018587,NA,2,2,9,3300,0,3,5,NA,2,003,GILMAN SPRINGS RD.,BRIDGE ST.,2112,E,N,A,-,N,NA,NA,NA,NA,NA,NA,NA,NA,NA,Y,2,0,3,2,A,-,08,22107,NA,N,A,C,A,A,H,-,A,D,0,NA,NA,NA,NA,Y,NA,A,01,1,2,0,0,0,0,0,0,0,-,-,33.86645,-117.0379,RIVERSIDE,UNINCORPORATED,-117.06415777,33.88555288
90505969,2017,2017-07-24,9840,2017-07-18,0820,016356,NA,2,1,9,3300,0,1,3,NA,2,030,SR-91 W/B,SR-71,100,E,N,A,-,Y,NA,NA,NA,NA,NA,NA,NA,NA,NA,N,4,0,1,2,A,-,07,21658,A,N,C,C,A,A,H,-,A,D,0,NA,NA,Y,NA,Y,NA,A,08,0,0,1,0,0,0,0,0,1,-,-,33.5229,-117.2843,RIVERSIDE,UNINCORPORATED,-117.64076,33.8836
90506245,2017,2017-07-24,9840,2017-07-12,0910,021613,NA,3,1,7,3313,0,1,1,NA,2,023,I-215 N/B,BLAINE ST,528,S,N,A,-,Y,NA,NA,215,NA,NA,NA,NA,NA,N,Y,3,0,2,5,A,-,03,22350,NA,N,B,C,A,A,H,-,A,D,0,NA,NA,NA,Y,Y,NA,G,25,0,1,1,0,0,0,0,0,0,-,-,33.98194,-117.34154,RIVERSIDE,RIVERSIDE,-117.3415625,33.98191641
90506599,2017,2017-07-24,9685,2017-07-07,2350,015958,NA,5,3,9,3300,0,3,5,NA,2,001,AVENIDA LA CRESTA,MADRE VISTA,760,E,N,A,-,N,NA,NA,NA,NA,NA,NA,NA,NA,NA,Y,3,0,1,1,A,-,01,23152,A,N,E,I,A,A,H,-,D,D,0,NA,NA,NA,NA,Y,Y,A,01,0,1,0,0,0,0,0,0,0,-,-,33.56436,-117.30748,RIVERSIDE,UNINCORPORATED,-117.30766348,33.56433881
90507185,2017,2017-07-24,9840,2017-07-20,2250,020360,NA,4,3,6,3315,0,1,3,NA,2,031,SR-91 E/B TO I-15 S/B,E GRAND BLVD,3800,E,N,A,-,Y,NA,NA,91,NA,NA,NA,R,NA,E,N,4,0,2,2,A,-,01,23152,G,N,C,C,A,A,H,-,C,D,0,NA,NA,NA,NA,Y,Y,A,01,0,0,2,0,0,0,0,0,0,-,-,33.87965,-117.54712,RIVERSIDE,CORONA,-117.54712,33.87965
90507247,2017,2017-07-24,9840,2017-07-17,1700,019813,NA,1,2,7,3313,0,1,3,NA,2,020,SR-91 E/B,LA SIERRA AVE,600,W,N,B,-,Y,NA,NA,91,NA,NA,NA,NA,NA,E,Y,4,0,1,2,A,-,03,22350,NA,N,C,C,A,A,H,-,A,D,0,NA,NA,Y,NA,Y,NA,C,02,0,0,1,0,0,0,0,0,1,-,-,33.89728,-117.47936,RIVERSIDE,RIVERSIDE,-117.47936707,33.89730291
9050805,2020,2020-05-20,3311,2020-02-12,1006,16168,NA,3,5,4,3311,0,0,0,NA,0,006,DINAH SHORE DR,CROSSLEY RD,3580,E,N,A,-,N,NA,NA,NA,NA,NA,NA,NA,NA,NA,N,4,0,1,1,C,-,18,NA,NA,N,E,I,A,A,H,-,A,D,0,NA,NA,NA,NA,Y,NA,-,-,0,0,1,0,0,0,0,0,0,-,-,33.80855178833008,-116.48416900634766,RIVERSIDE,PALM SPRINGS,-116.47625732421876,33.80351638793945
90508219,2017,2017-07-25,9840,2017-07-18,1327,017504,NA,2,1,6,3394,0,1,1,NA,2,024,I-215 N/B,EUCALYPTUS AVE.,528,S,N,A,-,Y,NA,NA,215,NA,NA,NA,NA,NA,N,Y,4,0,1,4,A,-,03,22350,NA,N,C,C,A,A,H,-,A,D,0,NA,NA,NA,NA,Y,NA,A,01,0,0,1,0,0,0,0,0,0,-,-,33.92878,-117.28873,RIVERSIDE,MORENO VALLEY,-117.28861429,33.9287822
90509863,2017,2017-07-27,9655,2017-07-21,1005,016607,NA,5,1,2,3336,0,1,1,NA,2,202,I-10 W/B,SANDALWOOD DR,3200,E,N,A,-,Y,NA,NA,10,NA,NA,NA,NA,NA,W,N,3,0,1,1,A,-,08,22107,NA,N,E,I,A,A,H,-,A,D,0,NA,NA,NA,NA,Y,NA,A,07,0,1,0,0,0,0,0,0,0,-,-,33.98504,-117.0532,RIVERSIDE,CALIMESA,-117.05301339,33.98513064
90511825,2017,2017-07-28,9840,2017-07-22,2200,020210,NA,6,3,9,3300,0,3,5,NA,2,004,OLD ELSINORE RD,CALLAWAY RD,550,N,N,A,-,N,NA,NA,NA,NA,NA,NA,NA,NA,NA,N,3,0,1,2,A,-,08,22107,NA,F,G,B,E,A,H,-,D,D,0,Y,NA,NA,NA,Y,NA,D,22,0,1,0,0,1,0,0,0,0,-,-,33.7966,-117.2742,RIVERSIDE,UNINCORPORATED,-117.27423,33.79644647
90513558,2017,2017-08-01,9840,2017-07-28,1700,019361,NA,5,2,6,3394,0,1,3,NA,2,025,SR-60 E/B,HEACOCK STREET,2640,W,N,A,-,Y,NA,NA,60,NA,NA,NA,NA,NA,E,N,4,0,2,2,A,-,03,22350,NA,N,C,C,A,A,H,-,A,D,0,NA,NA,NA,NA,Y,NA,A,01,0,0,2,0,0,0,0,0,0,-,-,33.94086,-117.25336,RIVERSIDE,MORENO VALLEY,-117.25335997,33.94085834
90516934,2017,2017-08-04,9630,2017-07-25,1010,019310,NA,2,1,9,3300,0,3,5,NA,2,001,CAMINO AVENTURA,AVENIDA MANZANA,0,NA,Y,B,-,N,NA,NA,NA,NA,NA,NA,NA,NA,NA,Y,3,0,4,2,A,-,12,22450,A,N,D,C,A,A,H,-,A,A,0,NA,NA,NA,NA,Y,NA,D,22,0,2,2,0,0,0,0,0,0,-,-,33.9322,-116.49335,RIVERSIDE,UNINCORPORATED,-116.49338005,33.93215008
90516959,2017,2017-08-04,9840,2017-07-28,1025,016285,NA,5,1,9,3300,0,3,5,NA,2,004,GAVILAN ROAD,CAJALCO ROAD,105,S,N,A,-,N,NA,NA,NA,NA,NA,NA,NA,NA,NA,N,4,0,1,2,A,-,03,22350,NA,F,C,C,A,A,H,-,A,D,0,NA,NA,NA,NA,Y,NA,A,01,0,0,1,0,0,0,0,0,0,-,-,33.83236,-117.36231,RIVERSIDE,UNINCORPORATED,-117.36227857,33.83207287
90519483,2017,2017-08-09,9840,2017-07-30,1235,019361,NA,7,1,9,3300,0,3,5,NA,2,004,HAWKHILL AVENUE,ELDORADO ROAD,200,N,N,A,-,N,NA,NA,NA,NA,NA,NA,NA,NA,NA,N,2,0,1,2,A,-,09,21804,A,N,D,C,A,A,H,-,A,D,0,NA,NA,Y,NA,Y,NA,C,02,1,0,0,0,0,0,0,0,1,-,-,33.84901,-117.32829,RIVERSIDE,UNINCORPORATED,-117.32642043,33.84377632
90519703,2017,2017-08-09,9655,2017-08-03,2150,020350,NA,4,2,9,3300,0,1,3,NA,1,115,SR-243,SR-74,1056,N,N,A,-,Y,NA,NA,243,NA,NA,NA,NA,NA,NA,Y,4,0,1,1,A,-,01,23152,A,N,E,I,A,A,H,-,D,D,0,NA,NA,NA,NA,Y,Y,A,01,0,0,1,0,0,0,0,0,0,-,-,33.70802,-116.72556,RIVERSIDE,UNINCORPORATED,-116.72562131,33.70830927
9051973,2020,2020-03-09,3300,2020-01-13,1400,5182,24,1,5,3,3317,0,0,0,NA,0,024,BOB HOPE DR,GERALD FORD DR,246,S,N,A,-,N,NA,NA,NA,NA,NA,NA,NA,NA,NA,Y,4,0,3,4,A,-,03,22350,NA,N,C,C,A,A,H,-,A,A,0,NA,NA,NA,NA,Y,NA,A,07,0,0,3,0,0,0,0,0,0,-,-,NA,NA,RIVERSIDE,RANCHO MIRAGE,-116.40605926513672,33.78650665283203
90520828,2017,2017-08-10,9655,2017-07-27,1420,014602,NA,4,2,9,3300,0,3,5,NA,2,002,APACHE TRAIL,SEMINOLE DR,25,S,N,A,-,N,NA,NA,NA,NA,NA,NA,NA,NA,NA,Y,4,0,2,2,A,-,07,21658,A,N,D,C,A,A,H,-,A,D,0,NA,NA,NA,NA,Y,NA,A,01,0,0,2,0,0,0,0,0,0,-,-,33.92181,-116.80578,RIVERSIDE,UNINCORPORATED,-116.80755,33.92262
90521434,2017,2017-08-11,9840,2017-08-03,1730,017802,NA,4,2,6,3394,0,1,3,NA,2,025,SR-60 W/B,GILMAN SPRINGS RD.,2000,W,N,A,-,Y,NA,NA,60,NA,NA,NA,NA,NA,W,Y,3,0,1,1,A,-,08,22107,NA,N,E,I,A,A,H,-,A,D,0,NA,NA,NA,NA,Y,NA,A,01,0,1,0,0,0,0,0,0,0,-,-,33.93906,-117.1358,RIVERSIDE,MORENO VALLEY,-117.13582221,33.93898019
90522398,2017,2017-08-14,9840,2017-08-05,0415,019527,NA,6,3,7,3313,0,1,1,NA,2,023,SR-60 E/B,DAY ST,2000,W,N,A,-,Y,NA,NA,60,NA,NA,NA,NA,NA,E,Y,4,0,1,2,A,-,08,22107,NA,F,B,C,A,A,H,-,C,D,0,NA,NA,NA,NA,Y,NA,-,99,0,0,1,0,0,0,0,0,0,-,-,33.94377,-117.28647,RIVERSIDE,RIVERSIDE,-117.28646731,33.9437864
90524005,2017,2017-08-15,9685,2017-08-03,0329,017535,NA,4,3,4,3312,0,1,1,NA,2,020,I-215 NORTHBOUND,SR-74,300,S,N,A,B,Y,NA,NA,215,NA,NA,NA,NA,NA,N,Y,3,0,3,2,A,-,03,22350,NA,F,C,C,A,A,H,-,D,D,0,NA,NA,NA,NA,Y,NA,A,01,0,2,1,0,0,0,0,0,0,-,-,33.75202,-117.18915,RIVERSIDE,PERRIS,-117.18918753,33.75202045
90524020,2017,2017-08-15,9685,2017-08-03,1455,013006,NA,4,2,9,3300,0,3,5,NA,2,003,BUTTERFIELD STAGE ROAD,AVENUE LESTONNAC,0,NA,Y,A,-,N,NA,NA,NA,NA,NA,NA,NA,NA,NA,Y,3,0,1,2,A,-,09,21802,A,N,D,C,A,A,H,-,A,A,0,NA,NA,NA,NA,Y,NA,A,01,0,1,0,0,0,0,0,0,0,-,-,33.30576,-117.05301,RIVERSIDE,UNINCORPORATED,-117.09167002,33.51595002
90524249,2017,2017-08-16,9840,2017-08-07,0412,020210,NA,1,3,6,3394,0,1,3,NA,2,025,SR-60 W/B,PERRIS BLVD,3500,E,N,A,-,Y,NA,NA,60,NA,NA,NA,NA,NA,W,Y,4,0,1,2,A,-,03,22350,NA,N,C,C,A,A,H,-,D,D,0,NA,NA,NA,NA,Y,NA,A,01,0,0,1,0,0,0,0,0,0,-,-,33.93932,-117.21596,RIVERSIDE,MORENO VALLEY,-117.21596,33.9393089
90525289,2017,2017-08-17,9630,2017-08-07,1650,021513,NA,1,2,9,3300,0,1,3,NA,2,086,SR-86 S/B,52ND AVE,1056,S,N,A,-,Y,NA,NA,86,NA,NA,NA,NA,NA,S,Y,4,0,3,3,A,-,03,22350,NA,N,C,C,A,A,H,-,A,D,0,NA,NA,NA,NA,Y,NA,A,01,0,0,3,0,0,0,0,0,0,-,-,33.67109,-116.14546,RIVERSIDE,UNINCORPORATED,-116.14550443,33.67106229
90526423,2017,2017-08-18,9840,2017-08-13,2343,021042,NA,7,3,9,3300,0,3,5,NA,2,003,MAGNOLIA AVE,TEMESCAL ST,0,NA,Y,A,-,N,NA,NA,NA,NA,NA,NA,NA,NA,NA,Y,4,0,1,2,A,-,09,21802,A,N,D,C,A,A,H,-,C,A,0,NA,NA,NA,NA,Y,NA,A,01,0,0,1,0,0,0,0,0,0,-,-,33.874,-117.52824,RIVERSIDE,UNINCORPORATED,-117.52844002,33.87431007
90527568,2017,2017-08-21,9685,2017-08-09,0420,016765,NA,3,3,4,3307,0,1,3,NA,2,011,SR-74 WESTBOUND,CONARD AVE,60,W,N,A,-,Y,NA,NA,74,NA,NA,NA,NA,NA,W,Y,4,0,1,2,D,-,00,NA,NA,N,B,C,A,A,D,-,C,A,0,NA,NA,NA,NA,Y,Y,-,-,0,0,1,0,0,0,0,0,0,-,-,33.69802,-117.33093,RIVERSIDE,LAKE ELSINORE,-117.33088914,33.69798385
9052792,2019,2020-03-04,3313,2019-11-05,1314,1502,4,2,5,7,3313,0,0,0,NA,0,T42,CENTRAL AV,SHANNON RD N,640,E,N,A,-,N,NA,NA,NA,NA,NA,NA,NA,NA,NA,Y,3,0,1,1,A,-,08,22107,NA,N,E,I,A,A,H,-,A,D,0,NA,NA,NA,NA,Y,NA,A,01,0,1,0,0,0,0,0,0,0,-,-,33.953250885009766,-117.43569183349608,RIVERSIDE,RIVERSIDE,-117.43348693847656,33.953338623046875
90528107,2017,2017-08-22,9685,2017-08-10,1825,013006,NA,4,2,5,3335,0,1,1,NA,2,030,I-15 NORTHBOUND,SANTIAGO ROAD,528,N,N,A,-,Y,NA,NA,15,NA,NA,NA,NA,NA,N,Y,4,0,1,4,A,-,03,22350,NA,M,C,C,A,A,H,-,A,D,0,NA,NA,NA,NA,Y,NA,D,22,0,0,1,0,0,0,0,0,0,-,-,33.49156,-117.14454,RIVERSIDE,TEMECULA,-117.14448184,33.49158533
9053194,2020,2020-05-15,3300,2020-01-31,0826,4300,NA,5,5,4,3314,0,0,0,NA,0,NA,SAN JACINTO AV,COMMONWEALTH AV,0,NA,Y,A,-,N,NA,NA,NA,NA,NA,NA,NA,NA,NA,NA,4,0,1,2,A,-,12,21453,A,N,D,C,A,A,H,-,A,A,0,NA,NA,NA,NA,Y,NA,A,07,0,0,1,0,0,0,0,0,0,-,-,33.769161224365234,-116.95881652832033,RIVERSIDE,SAN JACINTO,-116.95877838134766,33.76919174194336
9053216,2020,2020-05-28,3300,2020-02-02,1445,5391,506B,7,5,5,3341,0,0,0,NA,0,056,AUDIE MURPHY RD,GOETZ RD,750,E,N,B,G,N,NA,NA,NA,NA,NA,NA,NA,NA,NA,N,3,0,1,1,C,-,18,NA,NA,N,F,I,A,B,H,-,A,D,0,NA,NA,NA,NA,Y,NA,-,-,0,1,0,0,0,0,0,0,0,-,-,NA,NA,RIVERSIDE,MENIFEE,NA,NA
9053266,2019,2020-03-04,3313,2019-12-28,0217,1855,1,6,5,7,3313,0,0,0,NA,0,1R19,14TH ST,LIME ST,0,NA,Y,A,-,N,NA,NA,NA,NA,NA,NA,NA,NA,NA,N,3,0,1,2,A,-,12,21453,A,N,D,C,A,A,H,-,C,A,0,NA,NA,NA,NA,Y,NA,A,01,0,1,0,0,0,0,0,0,0,-,-,33.97465896606445,-117.37476348876952,RIVERSIDE,RIVERSIDE,-117.37481689453124,33.97452163696289
9053271,2019,2020-03-04,3313,2019-12-10,0834,1686,4,2,5,7,3313,0,0,0,NA,0,T58,ARLINGTON AV,HILLSIDE AV,214,E,N,A,-,N,NA,NA,NA,NA,NA,NA,NA,NA,NA,Y,4,0,1,2,A,-,03,22350,NA,N,C,C,A,A,H,-,A,D,0,NA,NA,NA,NA,Y,NA,A,01,0,0,1,0,0,0,0,0,0,-,-,33.94517135620117,-117.43199157714844,RIVERSIDE,RIVERSIDE,-117.43115997314452,33.945953369140625
90534725,2017,2017-08-28,9840,2017-08-18,1730,019813,NA,5,2,7,3313,0,1,1,NA,2,023,I-215 S/B FROM SYCAMORE CANYON BLVD,FAIR ISLE DR,700,S,N,A,-,Y,NA,NA,215,NA,NA,NA,R,NA,S,N,3,0,2,2,A,-,03,22350,NA,N,C,C,A,A,H,-,A,A,0,NA,NA,NA,NA,Y,NA,A,01,0,1,1,0,0,0,0,0,0,-,-,33.94655,-117.2998,RIVERSIDE,RIVERSIDE,-117.2998,33.94655
90534727,2017,2017-08-28,9840,2017-08-17,0620,017893,NA,4,1,9,3300,0,3,5,NA,2,003,TEMESCAL CANYON RD.,TRILOGY PARKWAY,300,N,N,A,-,N,NA,NA,NA,NA,NA,NA,NA,NA,NA,N,3,0,1,1,A,-,01,23152,A,N,E,I,A,A,D,-,B,D,0,NA,NA,NA,NA,Y,Y,A,01,0,1,0,0,0,0,0,0,0,-,-,33.7677,-117.4875,RIVERSIDE,UNINCORPORATED,-117.48747191,33.76748158
90534731,2017,2017-08-28,9840,2017-08-18,2030,019501,NA,5,2,7,3313,0,1,3,NA,2,021,SR-91 E/B,14TH ST,1584,E,N,A,-,Y,NA,NA,NA,NA,NA,NA,NA,NA,NA,Y,3,0,1,1,A,-,08,22107,NA,N,E,I,A,A,H,-,D,D,0,NA,NA,NA,NA,Y,NA,A,01,0,1,0,0,0,0,0,0,0,-,-,33.58411,-117.2217,RIVERSIDE,RIVERSIDE,-117.37142163,33.97776297
90536719,2017,2017-08-30,9840,2017-08-28,0725,018281,NA,1,1,6,3345,0,1,3,NA,2,010,SR-60 W/B,COUNTRY VILLAGE RD,1950,W,N,A,-,Y,NA,NA,60,NA,NA,NA,NA,NA,W,Y,4,0,2,2,A,-,03,22350,NA,N,C,C,A,A,H,-,A,D,0,NA,NA,NA,NA,Y,NA,D,22,0,0,2,0,0,0,0,0,0,-,-,34.01874,-117.51337,RIVERSIDE,JURUPA VALLEY,-117.51337141,34.01877167
90537097,2017,2017-08-30,9685,2017-08-26,1320,017285,NA,6,1,5,3335,0,1,1,NA,2,030,I-15 NORTHBOUND,WINCHESTER ROAD,1700,N,N,A,-,Y,NA,NA,15,NA,NA,NA,NA,NA,N,Y,4,0,2,3,A,-,03,22350,NA,N,C,C,A,A,H,-,A,D,0,NA,NA,NA,NA,Y,NA,A,01,0,0,2,0,0,0,0,0,0,-,-,33.52312,-117.16312,RIVERSIDE,TEMECULA,-117.16314328,33.52310452
90537325,2017,2017-08-30,9685,2017-08-20,1550,013006,NA,7,2,5,3335,0,1,1,NA,2,030,I-15 NORTHBOUND,TEMECULA PARKWAY,6336,S,N,A,-,Y,NA,NA,NA,NA,NA,NA,NA,NA,NA,N,4,0,1,2,A,-,03,22350,NA,F,C,C,A,A,H,-,A,D,0,NA,NA,NA,NA,Y,NA,-,99,0,0,1,0,0,0,0,0,0,-,-,33.27429,-117.08103,RIVERSIDE,TEMECULA,NA,NA
9053891,2020,2020-05-20,3313,2020-02-13,1720,1384,1,4,5,7,3313,0,0,0,NA,0,M17,STRONG ST,MAIN ST,60,W,N,A,-,N,NA,NA,NA,NA,NA,NA,NA,NA,NA,Y,3,0,2,3,A,-,11,21954,A,N,G,B,D,A,H,-,B,A,0,Y,NA,NA,NA,Y,NA,N,60,0,1,1,0,2,0,0,0,0,-,-,34.0006103515625,-117.36411285400392,RIVERSIDE,RIVERSIDE,-117.36441802978516,34.00078201293945
90539190,2017,2017-09-01,9630,2017-07-23,1450,021513,NA,7,2,9,3300,0,1,3,NA,1,177,SR-177,OASIS ROAD,3168,S,N,A,-,Y,NA,NA,NA,NA,NA,NA,NA,NA,NA,Y,3,0,2,2,A,-,01,23152,F,F,F,A,A,A,H,-,A,D,0,NA,NA,NA,NA,Y,NA,A,01,0,1,1,0,0,0,0,0,0,-,-,33.72815,-116.3832,RIVERSIDE,UNINCORPORATED,NA,NA