CASE_ID,ACCIDENT_YEAR,PROC_DATE,JURIS,COLLISION_DATE,COLLISION_TIME,OFFICER_ID,REPORTING_DISTRICT,DAY_OF_WEEK,CHP_SHIFT,POPULATION,CNTY_CITY_LOC,SPECIAL_COND,BEAT_TYPE,CHP_BEAT_TYPE,CITY_DIVISION_LAPD,CHP_BEAT_CLASS,BEAT_NUMBER,PRIMARY_RD,SECONDARY_RD,DISTANCE,DIRECTION,INTERSECTION,WEATHER_1,WEATHER_2,STATE_HWY_IND,CALTRANS_COUNTY,CALTRANS_DISTRICT,STATE_ROUTE,ROUTE_SUFFIX,POSTMILE_PREFIX,POSTMILE,LOCATION_TYPE,RAMP_INTERSECTION,SIDE_OF_HWY,TOW_AWAY,COLLISION_SEVERITY,NUMBER_KILLED,NUMBER_INJURED,PARTY_COUNT,PRIMARY_COLL_FACTOR,PCF_CODE_OF_VIOL,PCF_VIOL_CATEGORY,PCF_VIOLATION,PCF_VIOL_SUBSECTION,HIT_AND_RUN,TYPE_OF_COLLISION,MVIW,PED_ACTION,ROAD_SURFACE,ROAD_COND_1,ROAD_COND_2,LIGHTING,CONTROL_DEVICE,CHP_ROAD_TYPE,PEDESTRIAN_ACCIDENT,BICYCLE_ACCIDENT,MOTORCYCLE_ACCIDENT,TRUCK_ACCIDENT,NOT_PRIVATE_PROPERTY,ALCOHOL_INVOLVED,STWD_VEHTYPE_AT_FAULT,CHP_VEHTYPE_AT_FAULT,COUNT_SEVERE_INJ,COUNT_VISIBLE_INJ,COUNT_COMPLAINT_PAIN,COUNT_PED_KILLED,COUNT_PED_INJURED,COUNT_BICYCLIST_KILLED,COUNT_BICYCLIST_INJURED,COUNT_MC_KILLED,COUNT_MC_INJURED,PRIMARY_RAMP,SECONDARY_RAMP,LATITUDE,LONGITUDE,COUNTY,CITY,POINT_X,POINT_Y
91125460,2019,2019-11-21,9840,2019-11-06,0300,015802,NA,3,3,9,3300,0,1,1,NA,2,040,I-215 S/B,VAN BUREN BLVD.,2500,N,N,A,-,Y,NA,NA,215,NA,NA,NA,NA,NA,S,Y,3,0,1,2,A,-,01,23152,A,N,C,C,A,A,H,-,C,D,0,NA,NA,NA,NA,Y,Y,A,01,0,1,0,0,0,0,0,0,0,-,-,33.89482116699219,-117.27387237548828,RIVERSIDE,UNINCORPORATED,-117.27388763427734,33.894813537597656
91125652,2019,2019-11-21,9840,2019-11-11,1906,017504,NA,1,2,9,3300,0,3,5,NA,2,004,CONTOUR AVE.,MAURICE ST.,10,E,N,A,-,N,NA,NA,NA,NA,NA,NA,NA,NA,NA,Y,4,0,1,2,A,-,03,22350,NA,N,C,C,A,A,H,-,C,A,0,NA,NA,NA,NA,Y,NA,D,22,0,0,1,0,0,0,0,0,0,-,-,33.80900955200195,-117.10874176025392,RIVERSIDE,UNINCORPORATED,-117.10888671875,33.808998107910156
91128462,2019,2019-11-25,9840,2019-11-09,0550,019242,NA,6,3,6,3394,0,1,3,NA,2,025,SR-60 E/B,PERRIS BLVD,1500,W,N,A,-,Y,NA,NA,60,NA,NA,NA,NA,NA,E,Y,2,0,2,2,A,-,01,23152,A,N,B,C,A,A,H,-,C,D,0,NA,NA,NA,NA,Y,Y,A,01,1,0,1,0,0,0,0,0,0,-,-,33.941001892089844,-117.23560333251952,RIVERSIDE,MORENO VALLEY,-117.23560333251952,33.94103240966797
9112973,2020,2020-09-04,3313,2020-06-15,1737,1384,5,1,5,7,3313,0,0,0,NA,0,M17,CALIFORNIA AV,VAN BUREN BL,26,W,N,A,-,N,NA,NA,NA,NA,NA,NA,NA,NA,NA,Y,3,0,1,1,A,-,01,23152,A,N,E,I,A,A,H,-,A,A,0,NA,NA,NA,NA,Y,Y,A,01,0,1,0,0,0,0,0,0,0,-,-,33.926658630371094,-117.45171356201172,RIVERSIDE,RIVERSIDE,-117.45182037353516,33.92652893066406
9112974,2020,2020-09-04,3313,2020-06-12,0618,2013,4,5,5,7,3313,0,0,0,NA,0,T78,ARLINGTON AV,MAGNOLIA AV,84,W,N,A,-,N,NA,NA,NA,NA,NA,NA,NA,NA,NA,Y,4,0,1,2,A,-,12,21453,A,M,B,C,A,A,H,-,A,A,0,NA,NA,NA,NA,Y,NA,A,07,0,0,1,0,0,0,0,0,0,-,-,33.946380615234375,-117.40103912353516,RIVERSIDE,RIVERSIDE,-117.40137481689452,33.94620132446289
91131287,2019,2019-11-27,9685,2019-11-16,0951,015906,NA,6,1,9,3300,0,1,3,NA,1,039,SR-79,LOS CABALLOS ROAD,0,NA,Y,A,-,Y,NA,NA,79,NA,NA,NA,NA,NA,NA,Y,2,0,1,2,A,-,09,21801,A,N,D,C,A,A,H,-,A,D,0,NA,NA,Y,NA,Y,NA,A,01,1,0,0,0,0,0,0,0,1,-,-,33.48529052734375,-117.0446319580078,RIVERSIDE,UNINCORPORATED,-117.0446319580078,33.48528289794922
91131302,2019,2019-11-27,9660,2019-11-25,1852,021189,NA,1,2,9,3300,0,1,1,NA,2,031,I-10 E/B,WILEY'S WELL RD.,11616,W,N,G,-,Y,NA,NA,10,NA,NA,NA,NA,NA,E,Y,4,0,1,2,A,-,07,21658,A,M,B,C,A,A,H,-,D,D,0,NA,NA,NA,NA,Y,NA,-,99,0,0,1,0,0,0,0,0,0,-,-,33.606109619140625,-114.93930053710938,RIVERSIDE,UNINCORPORATED,-114.93930053710938,33.605812072753906
91132044,2019,2019-12-02,9840,2019-11-19,1235,017893,NA,2,1,6,3315,0,1,1,NA,2,034,I-15 S/B,CORONA AVE,700,N,N,A,-,Y,NA,NA,15,NA,NA,NA,NA,NA,S,Y,4,0,1,1,A,-,08,22107,NA,N,B,I,A,A,D,-,A,D,0,NA,NA,NA,NA,Y,NA,A,01,0,0,1,0,0,0,0,0,0,-,-,33.89469909667969,-117.55809783935548,RIVERSIDE,CORONA,-117.55818176269533,33.8946418762207
91132116,2019,2019-12-02,9685,2019-11-12,1255,015165,NA,2,1,9,3300,0,1,3,NA,1,012,SR-74,BETTY ROAD,160,W,N,A,-,Y,NA,NA,74,NA,NA,NA,NA,NA,NA,Y,4,0,1,1,A,-,08,22107,NA,N,E,I,A,A,H,-,A,D,0,NA,NA,NA,NA,Y,NA,A,07,0,0,1,0,0,0,0,0,0,-,-,33.76211166381836,-117.26548004150392,RIVERSIDE,UNINCORPORATED,-117.26539611816406,33.761966705322266
91132179,2019,2019-12-02,9840,2019-10-23,0050,019890,NA,3,3,9,3300,0,1,1,NA,2,023,I-215 S/B,FAIR ISLE DR,1584,N,N,A,-,Y,NA,NA,215,NA,NA,NA,NA,NA,S,Y,4,0,1,3,A,-,07,21658,A,N,C,C,A,A,H,-,D,D,0,NA,NA,NA,NA,Y,NA,A,01,0,0,1,0,0,0,0,0,0,-,-,33.952449798583984,-117.30364227294922,RIVERSIDE,UNINCORPORATED,-117.30376434326172,33.9524040222168
91132966,2019,2019-12-02,9630,2019-11-25,1059,017467,NA,1,1,9,3300,0,3,5,NA,2,501,50TH AVE,JACKSON ST,1056,E,N,A,-,N,NA,NA,NA,NA,NA,NA,NA,NA,NA,Y,4,0,3,2,A,-,03,22350,NA,N,C,C,A,A,H,-,A,D,0,NA,NA,NA,NA,Y,NA,D,22,0,0,3,0,0,0,0,0,0,-,-,33.68550109863281,-116.21219635009766,RIVERSIDE,UNINCORPORATED,-116.21305847167967,33.68547058105469
9113335,2020,2020-08-13,3300,2020-05-26,1810,4211,38D3,2,5,4,3318,0,0,0,NA,0,MO877,COLLEGE DR,PACIFIC AV,0,NA,Y,A,-,N,NA,NA,NA,NA,NA,NA,NA,NA,NA,Y,3,0,1,1,A,-,03,22350,NA,N,E,I,A,A,H,-,A,A,0,NA,NA,NA,NA,Y,NA,A,01,0,1,0,0,0,0,0,0,0,-,-,33.78337097167969,-116.36541748046876,RIVERSIDE,PALM DESERT,-116.36541748046876,33.78350830078125
91133398,2019,2019-12-02,9840,2019-11-22,1005,018550,NA,5,1,6,3345,0,1,3,NA,2,010,SR-60 E/B,COUNTRY VILLAGE DR,1373,W,N,A,-,Y,NA,NA,60,NA,NA,NA,NA,NA,E,Y,4,0,1,1,A,-,08,22107,NA,N,E,I,A,A,H,-,A,D,0,NA,NA,NA,NA,Y,NA,A,08,0,0,1,0,0,0,0,0,0,-,-,34.0186882019043,-117.51061248779295,RIVERSIDE,JURUPA VALLEY,-117.51060485839844,34.01858139038086
9113340,2020,2020-08-13,3308,2020-06-01,1520,10800,518,1,5,5,3308,0,0,0,NA,0,NORTH,YALE ST,DEVONSHIRE AV,0,NA,Y,A,-,N,NA,NA,NA,NA,NA,NA,NA,NA,NA,N,4,0,2,2,A,-,09,21800,A,N,-,C,A,A,H,-,A,A,0,NA,NA,NA,NA,Y,NA,A,07,0,0,2,0,0,0,0,0,0,-,-,33.7511100769043,-116.94982147216795,RIVERSIDE,HEMET,-116.94994354248048,33.751258850097656
91133407,2019,2019-12-02,9840,2019-11-22,2235,020210,NA,5,3,6,3315,0,1,1,NA,2,032,I-15 N/B,HIDDEN VALLEY PKY,1700,S,N,A,-,Y,NA,NA,15,NA,NA,NA,NA,NA,N,Y,4,0,1,2,A,-,03,22350,NA,N,C,C,A,A,H,-,D,D,0,NA,NA,NA,NA,Y,NA,A,01,0,0,1,0,0,0,0,0,0,-,-,33.88933181762695,-117.55303192138672,RIVERSIDE,CORONA,-117.55303192138672,33.88932800292969
91134304,2019,2019-12-03,9840,2019-10-30,0855,017893,NA,3,1,9,3300,0,1,3,NA,2,030,SR-91 W/B,SR-71,2000,E,N,A,-,Y,NA,NA,91,NA,NA,NA,NA,NA,W,N,4,0,1,4,A,-,03,22350,NA,N,C,C,A,A,H,-,A,D,0,NA,NA,NA,NA,Y,NA,A,07,0,0,1,0,0,0,0,0,0,-,-,33.8849983215332,-117.63490295410156,RIVERSIDE,UNINCORPORATED,-117.6348876953125,33.884864807128906
91136169,2019,2019-12-04,9840,2019-11-25,1655,014335,NA,1,2,4,3344,0,1,1,NA,2,011,I-15 SOUTHBOUND,MISSION AVE,400,N,N,A,-,Y,NA,NA,15,NA,NA,NA,NA,NA,S,N,4,0,1,2,A,-,03,22350,NA,N,C,C,A,A,H,-,B,D,0,NA,NA,NA,NA,Y,NA,A,01,0,0,1,0,0,0,0,0,0,-,-,34.03020095825195,-117.55049896240234,RIVERSIDE,EASTVALE,-117.55046081542967,34.03020095825195
91136519,2019,2019-12-05,9840,2019-11-08,1605,021042,NA,5,2,9,3300,0,1,3,NA,2,301,SR-91 E/B,SR-71,1600,W,N,A,-,Y,NA,NA,91,NA,NA,NA,NA,NA,E,Y,4,0,1,3,D,-,00,NA,NA,N,H,C,A,A,H,-,A,D,0,NA,NA,NA,NA,Y,NA,-,-,0,0,1,0,0,0,0,0,0,-,-,33.881431579589844,-117.64878082275392,RIVERSIDE,UNINCORPORATED,-117.64878082275392,33.881439208984375
91137655,2019,2019-12-06,9840,2019-11-24,0159,021047,NA,7,3,9,3300,0,3,5,NA,2,004,ALESSANDRO BLVD,SAN GORGANIO DR,65,E,N,A,-,N,NA,NA,NA,NA,NA,NA,NA,NA,NA,Y,3,0,1,1,A,-,01,23152,A,N,E,I,A,A,H,-,C,D,0,NA,NA,NA,NA,Y,Y,D,22,0,1,0,0,0,0,0,0,0,-,-,33.91667175292969,-117.29589080810548,RIVERSIDE,UNINCORPORATED,-117.29595947265624,33.91678237915039
91137668,2019,2019-12-06,9840,2019-11-28,1440,020455,NA,4,2,6,3315,0,1,1,NA,2,034,I-15 S/B,MAGNOLIA AVE,3696,S,N,C,-,Y,NA,NA,15,NA,NA,NA,NA,NA,S,Y,3,0,2,1,A,-,03,22350,NA,N,E,I,A,B,H,-,A,D,0,NA,NA,NA,NA,Y,NA,A,01,0,1,1,0,0,0,0,0,0,-,-,33.857810974121094,-117.5356674194336,RIVERSIDE,CORONA,-117.53603363037108,33.85771560668945
91138260,2019,2019-12-10,9630,2019-12-01,1710,021515,NA,7,2,9,3300,0,1,1,NA,2,010,I-10 W/B,SR-62 WB OVERCROSS TO I-10 EB,1584,W,N,A,-,Y,NA,NA,10,NA,NA,NA,NA,NA,W,Y,3,0,5,3,A,-,03,22350,NA,N,C,C,A,A,H,-,D,D,0,NA,NA,NA,NA,Y,NA,A,01,0,2,3,0,0,0,0,0,0,-,-,33.916500091552734,-116.61395263671876,RIVERSIDE,UNINCORPORATED,-116.61394500732422,33.91653060913086
91138509,2019,2019-12-10,9685,2019-11-29,2130,016502,NA,5,2,9,3300,0,1,3,NA,1,039,SR-79,DUGAN DR.,550,N,N,B,-,Y,NA,NA,NA,NA,NA,NA,NA,NA,NA,Y,3,0,1,1,A,-,03,22350,NA,N,E,I,A,B,H,-,D,D,0,NA,NA,NA,NA,Y,NA,D,22,0,1,0,0,0,0,0,0,0,-,-,33.27539825439453,-116.55359649658205,RIVERSIDE,UNINCORPORATED,-116.92676544189452,33.46653747558594
91138803,2019,2019-12-10,9685,2019-12-07,1400,016502,NA,6,2,9,3300,0,1,3,NA,1,039,SR-79,LOS CABALLOS RD,20,S,N,B,C,Y,NA,NA,79,NA,NA,NA,NA,NA,NA,Y,4,0,2,2,A,-,08,22107,NA,N,D,C,A,B,H,-,A,D,0,NA,NA,NA,NA,Y,NA,A,07,0,0,2,0,0,0,0,0,0,-,-,33.48500061035156,-117.04419708251952,RIVERSIDE,UNINCORPORATED,-117.04420471191406,33.484989166259766
91140052,2019,2019-12-10,9840,2019-11-28,1210,015444,NA,4,1,9,3300,0,3,5,NA,2,003,KNABE RD,DESERT ACACIA LN,0,NA,Y,C,-,N,NA,NA,NA,NA,NA,NA,NA,NA,NA,Y,3,0,2,2,A,-,03,22350,NA,N,A,C,A,B,H,-,A,D,0,NA,NA,NA,NA,Y,NA,A,01,0,1,1,0,0,0,0,0,0,-,-,33.79193878173828,-117.4986572265625,RIVERSIDE,UNINCORPORATED,-117.49860382080078,33.79191970825195
91140089,2019,2019-12-10,9840,2019-12-04,1210,017037,NA,3,1,7,3313,0,1,3,NA,2,020,SR-91 W/B TO LA SIERRA AVE,LA SIERRA AVE,10,E,N,B,C,Y,NA,NA,91,NA,NA,NA,R,NA,W,Y,4,0,2,3,A,-,03,22350,NA,N,C,C,A,B,H,-,A,A,0,NA,NA,NA,NA,Y,NA,A,01,0,0,2,0,0,0,0,0,0,-,-,33.900901794433594,-117.47377777099608,RIVERSIDE,RIVERSIDE,-117.47377777099608,33.900901794433594
91140253,2019,2019-12-10,9685,2019-11-29,1315,013376,NA,5,1,4,3342,0,1,1,NA,2,034,I-215 SOUTHBOUND,LOS ALAMOS ROAD,500,S,N,B,-,Y,NA,NA,215,NA,NA,NA,NA,NA,S,Y,4,0,2,2,A,-,03,22350,NA,N,C,C,A,A,H,-,A,D,0,NA,NA,NA,NA,Y,NA,A,07,0,0,2,0,0,0,0,0,0,-,-,33.57817840576172,-117.18099975585938,RIVERSIDE,MURRIETA,-117.18103790283205,33.57817840576172
91140937,2019,2019-12-11,9840,2019-12-08,1145,017893,NA,7,1,9,3300,0,3,5,NA,2,003,ONTARIO AVE,GROVEWOOD DR.,97,W,N,B,-,N,NA,NA,NA,NA,NA,NA,NA,NA,NA,Y,3,0,1,1,A,-,08,22107,NA,N,E,I,A,A,H,-,A,D,0,NA,NA,NA,NA,Y,NA,A,01,0,1,0,0,0,0,0,0,0,-,-,33.840999603271484,-117.53119659423828,RIVERSIDE,UNINCORPORATED,-117.5312728881836,33.84096145629883
91141981,2019,2019-12-12,9685,2019-11-15,1850,016185,NA,5,2,9,3300,0,1,3,NA,1,026,SR-74,MELBA AVENUE,452,E,N,B,-,Y,NA,NA,74,NA,NA,NA,NA,NA,NA,Y,2,0,2,1,A,-,08,22107,NA,F,E,J,A,A,H,-,D,D,0,NA,NA,NA,NA,Y,NA,A,01,1,1,0,0,0,0,0,0,0,-,-,33.741798400878906,-117.10160064697266,RIVERSIDE,UNINCORPORATED,-117.10159301757813,33.741817474365234
91143577,2019,2019-12-16,9630,2019-12-04,2255,021604,NA,3,3,9,3300,0,3,5,NA,2,402,CORKILL RD,DILLON RD,990,S,N,A,-,N,NA,NA,NA,NA,NA,NA,NA,NA,NA,N,3,0,1,2,A,-,01,23152,A,M,C,E,A,A,H,-,D,D,0,NA,NA,NA,NA,Y,Y,A,01,0,1,0,0,0,0,0,0,0,-,-,33.92259979248047,-116.44043731689452,RIVERSIDE,UNINCORPORATED,-116.44050598144533,33.92253112792969
91144746,2019,2019-12-17,9840,2019-12-04,1610,020476,NA,3,2,9,3300,0,2,4,NA,2,042,VAN BUREN BLVD (1700 BLOCK),GARDER AVE.,200,W,N,B,-,N,NA,NA,NA,NA,NA,NA,NA,NA,NA,N,4,0,1,2,A,-,03,22350,NA,N,C,C,A,A,H,-,A,D,0,NA,NA,NA,NA,Y,NA,A,07,0,0,1,0,0,0,0,0,0,-,-,33.88241958618164,-117.36253356933594,RIVERSIDE,UNINCORPORATED,-117.36244964599608,33.8824348449707
91144848,2019,2019-12-17,9840,2019-12-07,0238,021047,NA,6,3,6,3315,0,1,1,NA,2,034,I-15 N/B,MAGNOLIA AVE.,1550,S,N,B,-,Y,NA,NA,15,NA,NA,NA,NA,NA,N,Y,4,0,1,1,C,-,18,NA,NA,N,E,J,A,B,H,-,D,D,0,NA,NA,NA,NA,Y,NA,-,-,0,0,1,0,0,0,0,0,0,-,-,33.8626594543457,-117.53856658935548,RIVERSIDE,CORONA,-117.53856658935548,33.86266326904297
91144982,2019,2019-12-17,9840,2019-11-02,2322,021218,NA,6,3,7,3313,0,1,3,NA,2,021,SR-91 E/B,IVY ST,100,W,N,A,-,Y,NA,NA,91,NA,NA,NA,NA,NA,E,Y,4,0,4,2,A,-,03,22350,NA,F,C,C,A,A,H,-,C,D,0,NA,NA,NA,NA,Y,NA,A,01,0,0,4,0,0,0,0,0,0,-,-,33.9594612121582,-117.37777709960938,RIVERSIDE,RIVERSIDE,-117.37786102294922,33.9594841003418
91145020,2019,2019-12-17,9840,2019-12-08,1720,021873,NA,7,2,7,3313,0,1,3,NA,2,020,SR-91 W/B,LA SIERRA AVE,1584,W,N,B,-,Y,NA,NA,91,NA,NA,NA,NA,NA,W,Y,4,0,3,3,A,-,08,22107,NA,F,C,C,A,B,H,-,C,D,0,NA,NA,NA,NA,Y,NA,A,07,0,0,3,0,0,0,0,0,0,-,-,33.8979606628418,-117.47799682617188,RIVERSIDE,RIVERSIDE,-117.4779815673828,33.89791488647461
91145764,2019,2019-12-18,9840,2019-12-05,1711,019719,NA,4,2,9,3300,0,3,5,NA,2,004,MARKHAM ST,BROWN ST,29,W,N,A,-,N,NA,NA,NA,NA,NA,NA,NA,NA,NA,N,4,0,1,2,A,-,12,22450,A,M,B,C,A,A,H,-,D,A,0,NA,NA,NA,NA,Y,NA,A,07,0,0,1,0,0,0,0,0,0,-,-,33.85171127319336,-117.29628753662108,RIVERSIDE,UNINCORPORATED,-117.29681396484376,33.851707458496094
91145872,2019,2019-12-18,9840,2019-11-24,1920,020455,NA,7,2,9,3300,0,3,5,NA,2,003,GRAND AVE,TEMPE ST,0,NA,Y,A,-,N,NA,NA,NA,NA,NA,NA,NA,NA,NA,Y,3,0,1,4,A,-,01,23152,A,M,D,C,A,A,H,-,D,D,0,NA,NA,NA,NA,Y,Y,A,07,0,1,0,0,0,0,0,0,0,-,-,33.664791107177734,-117.38636016845705,RIVERSIDE,UNINCORPORATED,-117.38636016845705,33.66481018066406
91147105,2019,2019-12-19,9840,2019-12-18,1455,016619,NA,3,2,6,3345,0,1,3,NA,2,010,SR-60 E/B,VALLEY WAY,2120,E,N,B,-,Y,NA,NA,NA,NA,NA,NA,NA,NA,NA,N,4,0,1,5,A,-,03,22350,NA,N,C,C,A,A,H,-,A,D,0,NA,NA,NA,Y,Y,NA,G,26,0,0,1,0,0,0,0,0,0,-,-,34.037498474121094,-117.25464630126952,RIVERSIDE,JURUPA VALLEY,-117.42736053466795,34.009742736816406
91147395,2019,2019-12-19,9840,2019-12-12,2105,021862,NA,4,2,6,3345,0,1,1,NA,2,011,I-15 N/B,68TH ST,300,N,N,A,-,Y,NA,NA,15,NA,NA,NA,NA,NA,N,N,4,0,1,2,A,-,03,22350,NA,N,C,C,A,A,H,-,C,D,0,NA,NA,NA,NA,Y,NA,A,01,0,0,1,0,0,0,0,0,0,-,-,33.96546936035156,-117.54868316650392,RIVERSIDE,JURUPA VALLEY,-117.54867553710938,33.96546936035156
91150942,2019,2019-12-23,9840,2019-12-15,1100,021943,NA,7,1,7,3313,0,1,3,NA,2,021,STATE ROUTE 91 W/B,MONROE ST,100,E,N,A,-,Y,NA,NA,91,NA,NA,NA,NA,NA,W,Y,4,0,1,2,A,-,08,22107,NA,N,E,I,A,A,H,-,A,D,0,NA,NA,NA,NA,Y,NA,A,01,0,0,1,0,0,0,0,0,0,-,-,33.923439025878906,-117.4269790649414,RIVERSIDE,RIVERSIDE,-117.4269790649414,33.923431396484375
91151452,2019,2019-12-24,9685,2019-12-08,1825,016185,NA,7,2,5,3341,0,1,1,NA,2,020,I-215 S/B,NEWPORT ROAD,310,S,N,B,-,Y,NA,NA,215,NA,NA,NA,NA,NA,S,Y,2,0,1,1,A,-,01,23152,A,N,E,I,A,B,H,-,C,A,0,NA,NA,NA,NA,Y,Y,A,01,1,0,0,0,0,0,0,0,0,-,-,33.684200286865234,-117.17130279541016,RIVERSIDE,MENIFEE,-117.17128753662108,33.6842041015625
91151747,2019,2019-12-24,9655,2019-12-18,1230,015795,NA,3,1,9,3300,0,1,1,NA,2,202,I-10 E/B,COUNTY LINE ROAD,250,E,N,B,-,Y,NA,NA,NA,NA,NA,NA,NA,NA,NA,N,4,0,1,2,A,-,07,21658,A,N,B,C,A,A,H,-,A,D,0,NA,NA,NA,NA,Y,NA,-,-,0,0,1,0,0,0,0,0,0,-,-,33.99570083618164,-117.06053161621094,RIVERSIDE,UNINCORPORATED,-117.06460571289063,34.00293731689453
91151923,2019,2019-12-24,9840,2019-12-19,1145,015705,NA,4,1,7,3313,0,1,3,NA,2,020,SR-91 E/B,TYLER ST.,650,W,N,A,-,Y,NA,NA,91,NA,NA,NA,NA,NA,E,N,3,0,2,2,A,-,03,22350,NA,N,C,C,A,A,H,-,A,D,0,NA,NA,NA,NA,Y,NA,A,01,0,2,0,0,0,0,0,0,0,-,-,33.90422821044922,-117.4602508544922,RIVERSIDE,RIVERSIDE,-117.46028137207033,33.9042854309082
91152049,2019,2019-12-24,9655,2019-12-18,1205,018320,NA,3,1,4,3301,0,1,1,NA,2,204,I-10 W/B,SUNSET AVE,2640,W,N,A,-,Y,NA,NA,10,NA,NA,NA,NA,NA,W,Y,4,0,1,1,A,-,16,29003,B,N,F,A,A,A,H,-,A,D,0,NA,NA,NA,NA,Y,NA,B,07,0,0,1,0,0,0,0,0,0,-,-,33.92613983154297,-116.92034149169922,RIVERSIDE,BANNING,-116.92034912109376,33.926002502441406
91152413,2019,2019-12-26,9630,2019-12-15,2327,021882,NA,7,3,9,3300,0,1,1,NA,2,010,I-10 E/B,INDIAN CANYON DR,2640,E,N,A,-,Y,NA,NA,NA,NA,NA,NA,NA,NA,NA,Y,2,0,3,1,A,-,08,22107,NA,N,E,I,A,A,H,-,D,D,0,NA,NA,NA,NA,Y,NA,A,07,2,1,0,0,0,0,0,0,0,-,-,33.899898529052734,-116.53109741210938,RIVERSIDE,UNINCORPORATED,-116.53728485107422,33.902278900146484
91152769,2019,2019-12-26,9840,2019-12-13,1450,021862,NA,5,2,6,3315,0,1,1,NA,2,034,I-15 S/B,E SIXTH ST.,530,N,N,A,-,Y,NA,NA,15,NA,NA,NA,NA,NA,S,Y,3,0,1,2,A,-,07,21658,A,N,B,C,A,A,H,-,A,D,0,NA,NA,NA,Y,Y,NA,A,01,0,1,0,0,0,0,0,0,0,-,-,33.875999450683594,-117.54573822021484,RIVERSIDE,CORONA,-117.54582977294922,33.87598419189453
91153041,2019,2019-12-26,9685,2019-12-23,2032,015050,NA,1,2,5,3335,0,1,1,NA,2,030,I-15 NORTHBOUND,WINCHESTER DR.,2112,N,N,B,C,Y,NA,NA,15,NA,NA,NA,NA,NA,N,Y,3,0,2,3,A,-,03,22350,NA,N,C,C,A,A,H,-,D,A,0,NA,NA,NA,NA,Y,NA,A,01,0,1,1,0,0,0,0,0,0,-,-,33.52703857421875,-117.16567230224608,RIVERSIDE,TEMECULA,-117.16573333740234,33.52699661254883
91153686,2019,2019-12-27,9840,2019-12-19,1645,015663,NA,4,2,4,3310,0,1,1,NA,2,011,I-15 N/B,SECOND ST,1340,N,N,A,-,Y,NA,NA,15,NA,NA,NA,NA,NA,N,Y,3,0,1,1,A,-,01,23152,A,N,E,I,A,A,D,-,B,D,0,NA,NA,NA,NA,Y,Y,D,22,0,1,0,0,0,0,0,0,0,-,-,33.91345977783203,-117.55776977539063,RIVERSIDE,NORCO,-117.55762481689452,33.91342544555664
91157434,2019,2020-01-02,9840,2019-12-23,1910,020455,NA,1,2,7,3313,0,1,3,NA,2,020,SR-91 W/B,TYLER ST,2000,E,N,C,-,Y,NA,NA,91,NA,NA,NA,NA,NA,W,Y,3,0,1,2,A,-,03,22350,NA,N,C,C,A,B,H,-,C,D,0,NA,NA,NA,NA,Y,NA,A,07,0,1,0,0,0,0,0,0,0,-,-,33.91054153442383,-117.44959259033205,RIVERSIDE,RIVERSIDE,-117.44959259033205,33.910545349121094
91158908,2019,2020-01-03,9840,2019-12-26,1255,019242,NA,4,1,7,3313,0,1,3,NA,2,010,SR-60 E/B,SR-91,50,W,N,B,C,Y,NA,NA,60,NA,NA,NA,NA,NA,E,N,4,0,2,2,A,-,03,22350,NA,N,C,C,A,B,H,-,A,D,0,NA,NA,NA,NA,Y,NA,A,07,0,0,2,0,0,0,0,0,0,-,-,33.993499755859375,-117.35780334472656,RIVERSIDE,RIVERSIDE,-117.35781860351563,33.99345779418945
91160507,2019,2020-01-07,9840,2019-12-26,1859,018611,NA,4,2,9,3300,0,3,5,NA,2,003,CAJALCO ROAD,LA SIERRA AVENUE,2160,W,N,A,-,Y,NA,NA,NA,NA,NA,NA,NA,NA,NA,Y,3,0,2,1,A,-,08,22107,NA,N,E,I,A,A,H,-,D,D,0,NA,NA,NA,NA,Y,Y,A,01,0,1,1,0,0,0,0,0,0,-,-,33.82976150512695,-117.46727752685548,RIVERSIDE,UNINCORPORATED,-117.46715545654295,33.82978820800781
91160556,2019,2020-01-07,9840,2019-12-28,1927,020455,NA,6,2,6,3315,0,1,3,NA,2,030,SR-91 W/B,SERFAS CLUB DR,4224,W,N,A,-,Y,NA,NA,91,NA,NA,NA,NA,NA,W,Y,4,0,2,2,A,-,03,22350,NA,N,C,C,A,A,H,-,C,D,0,NA,NA,NA,NA,Y,NA,A,07,0,0,2,0,0,0,0,0,0,-,-,33.88370132446289,-117.62699127197266,RIVERSIDE,CORONA,-117.62701416015624,33.883636474609375