CASE_ID,ACCIDENT_YEAR,PROC_DATE,JURIS,COLLISION_DATE,COLLISION_TIME,OFFICER_ID,REPORTING_DISTRICT,DAY_OF_WEEK,CHP_SHIFT,POPULATION,CNTY_CITY_LOC,SPECIAL_COND,BEAT_TYPE,CHP_BEAT_TYPE,CITY_DIVISION_LAPD,CHP_BEAT_CLASS,BEAT_NUMBER,PRIMARY_RD,SECONDARY_RD,DISTANCE,DIRECTION,INTERSECTION,WEATHER_1,WEATHER_2,STATE_HWY_IND,CALTRANS_COUNTY,CALTRANS_DISTRICT,STATE_ROUTE,ROUTE_SUFFIX,POSTMILE_PREFIX,POSTMILE,LOCATION_TYPE,RAMP_INTERSECTION,SIDE_OF_HWY,TOW_AWAY,COLLISION_SEVERITY,NUMBER_KILLED,NUMBER_INJURED,PARTY_COUNT,PRIMARY_COLL_FACTOR,PCF_CODE_OF_VIOL,PCF_VIOL_CATEGORY,PCF_VIOLATION,PCF_VIOL_SUBSECTION,HIT_AND_RUN,TYPE_OF_COLLISION,MVIW,PED_ACTION,ROAD_SURFACE,ROAD_COND_1,ROAD_COND_2,LIGHTING,CONTROL_DEVICE,CHP_ROAD_TYPE,PEDESTRIAN_ACCIDENT,BICYCLE_ACCIDENT,MOTORCYCLE_ACCIDENT,TRUCK_ACCIDENT,NOT_PRIVATE_PROPERTY,ALCOHOL_INVOLVED,STWD_VEHTYPE_AT_FAULT,CHP_VEHTYPE_AT_FAULT,COUNT_SEVERE_INJ,COUNT_VISIBLE_INJ,COUNT_COMPLAINT_PAIN,COUNT_PED_KILLED,COUNT_PED_INJURED,COUNT_BICYCLIST_KILLED,COUNT_BICYCLIST_INJURED,COUNT_MC_KILLED,COUNT_MC_INJURED,PRIMARY_RAMP,SECONDARY_RAMP,LATITUDE,LONGITUDE,COUNTY,CITY,POINT_X,POINT_Y
91206539,2020,2020-03-11,9655,2020-03-05,1345,015862,NA,4,1,9,3300,0,1,3,NA,2,315,SR-79,SIMPSON RD,12,S,N,A,-,Y,NA,NA,NA,NA,NA,NA,NA,NA,NA,Y,4,0,2,2,A,-,03,22350,NA,N,C,C,A,A,H,-,A,A,0,NA,NA,NA,NA,Y,NA,D,22,0,0,2,0,0,0,0,0,0,-,-,NA,NA,RIVERSIDE,UNINCORPORATED,NA,NA
91208914,2020,2020-03-16,9840,2020-03-05,1013,015705,NA,4,1,7,3313,0,1,1,NA,2,023,I-215 N/B,CENTRAL AVE.,1584,S,N,A,-,Y,NA,NA,215,NA,NA,NA,NA,NA,N,Y,3,0,1,3,A,-,03,22350,NA,N,C,C,A,A,H,-,A,D,0,NA,NA,NA,NA,Y,NA,A,01,0,1,0,0,0,0,0,0,0,-,-,33.95357894897461,-117.3041534423828,RIVERSIDE,RIVERSIDE,-117.30416107177734,33.95357131958008
91209406,2020,2020-03-16,9655,2020-03-12,1447,019393,NA,4,2,9,3300,0,1,1,NA,2,204,I-10 E/B,MORONGO TRAIL O/C,1584,E,N,B,C,Y,NA,NA,10,NA,NA,NA,NA,NA,E,Y,4,0,1,1,A,-,03,22350,NA,N,F,A,A,B,H,-,A,D,0,NA,NA,NA,NA,Y,NA,A,07,0,0,1,0,0,0,0,0,0,-,-,33.91899108886719,-116.80137634277344,RIVERSIDE,UNINCORPORATED,-116.8013153076172,33.91921615600586
91209583,2020,2020-03-17,9840,2020-03-15,2130,020102,NA,7,2,9,3300,0,3,5,NA,2,004,OLD ELSINORE RD,ALOHA ROAD,3500,N,N,B,-,N,NA,NA,NA,NA,NA,NA,NA,NA,NA,Y,4,0,1,2,A,-,01,23152,A,N,B,C,A,A,H,-,D,D,0,NA,NA,NA,NA,Y,Y,A,01,0,0,1,0,0,0,0,0,0,-,-,33.802490234375,-117.27446746826172,RIVERSIDE,UNINCORPORATED,-117.27436065673828,33.802433013916016
9121052,2020,2020-08-11,3325,2020-05-04,1549,2715,NA,1,5,4,3325,0,0,0,NA,0,001,CATHEDRAL CANYON DR,EAST PALM CANYON DR,0,NA,Y,A,-,N,NA,NA,NA,NA,NA,NA,NA,NA,NA,Y,3,0,2,3,A,-,12,21453,A,N,D,C,A,A,H,-,A,A,0,NA,NA,NA,NA,Y,NA,A,07,0,1,1,0,0,0,0,0,0,-,-,NA,NA,RIVERSIDE,CATHEDRAL CITY,-116.466801,33.780379
91211203,2020,2020-03-18,9685,2020-03-11,1241,015027,NA,3,1,9,3300,0,1,1,NA,2,030,N/B I-15,RAINBOW VALLEY BLVD,1584,N,N,B,-,Y,NA,NA,15,NA,NA,NA,NA,NA,NA,Y,3,0,1,2,A,-,03,22350,NA,N,C,C,A,A,H,-,A,D,0,NA,NA,NA,Y,Y,NA,A,01,0,1,0,0,0,0,0,0,0,-,-,33.43960189819336,-117.13842010498048,RIVERSIDE,UNINCORPORATED,-117.13846588134766,33.43961715698242
91211544,2020,2020-03-19,9840,2020-03-15,1427,020058,NA,7,2,6,3315,0,1,3,NA,2,031,SR-91 E/B,MAIN ST,2500,E,N,B,-,Y,NA,NA,91,NA,NA,NA,NA,NA,E,N,3,0,3,2,A,-,08,22107,NA,N,B,C,A,A,H,-,A,D,0,NA,NA,NA,NA,Y,NA,A,01,0,1,2,0,0,0,0,0,0,-,-,33.87913131713867,-117.55908203125,RIVERSIDE,CORONA,-117.55907440185548,33.87920379638672
91212187,2020,2020-03-19,9840,2020-03-18,1350,014571,NA,3,1,9,3300,0,2,4,NA,2,045,CAJALCO EXPY,HARVILL AVE,366,W,N,C,-,N,NA,NA,NA,NA,NA,NA,NA,NA,NA,Y,4,0,2,2,D,-,00,NA,NA,N,C,C,A,B,H,-,A,D,0,NA,NA,NA,NA,Y,NA,-,-,0,0,2,0,0,0,0,0,0,-,-,33.8401985168457,-117.25669860839844,RIVERSIDE,UNINCORPORATED,-117.25621795654295,33.84062194824219
91212257,2020,2020-03-19,9655,2020-03-15,1551,018383,NA,7,2,9,3300,0,1,3,NA,2,213,SR-79 S/B,CALIFORNIA AVE,3960,S,N,B,-,Y,NA,NA,79,NA,NA,NA,NA,NA,S,N,3,0,1,1,A,-,08,22107,NA,N,E,I,A,A,H,-,A,D,0,NA,NA,Y,NA,Y,NA,C,02,0,1,0,0,0,0,0,0,1,-,-,33.89963912963867,-116.98697662353516,RIVERSIDE,UNINCORPORATED,-116.98687744140624,33.89952850341797
91212925,2020,2020-03-20,9685,2020-03-14,1949,015050,NA,6,2,9,3300,0,1,3,NA,2,011,SR-74 W/B (ORTEGA HIGHWAY),GRAND AVE.,8976,W,N,A,-,Y,NA,NA,74,NA,NA,NA,NA,NA,W,Y,3,0,1,1,A,-,08,22107,NA,N,E,I,A,A,H,-,D,A,0,NA,NA,NA,NA,Y,NA,A,07,0,1,0,0,0,0,0,0,0,-,-,33.64664077758789,-117.3727798461914,RIVERSIDE,UNINCORPORATED,-117.37277221679688,33.646663665771484
91213044,2020,2020-03-20,9685,2020-03-15,0139,015906,NA,7,3,9,3300,0,1,3,NA,1,026,SR-74,RITTER AVENUE,101,E,N,B,-,Y,NA,NA,74,NA,NA,NA,NA,NA,NA,Y,4,0,1,3,A,-,03,22350,NA,N,C,C,A,A,C,-,D,D,0,NA,NA,NA,NA,Y,NA,A,01,0,0,1,0,0,0,0,0,0,-,-,33.743309020996094,-117.10878753662108,RIVERSIDE,UNINCORPORATED,-117.10878753662108,33.74332046508789
91213098,2020,2020-03-20,9840,2020-03-04,1922,017504,NA,3,2,9,3300,0,2,4,NA,2,043,RAMONA EXPRESSWAY,LAKEVIEW AVENUE,472,E,N,A,-,N,NA,NA,NA,NA,NA,NA,NA,NA,NA,N,1,1,0,2,A,-,03,22350,NA,F,G,B,E,A,H,-,D,D,0,Y,NA,NA,NA,Y,Y,A,01,0,0,0,1,0,0,0,0,0,-,-,33.83782958984375,-117.1219482421875,RIVERSIDE,UNINCORPORATED,-117.12220764160156,33.83780288696289
91213447,2020,2020-03-23,9840,2020-03-11,1903,021297,NA,3,2,7,3313,0,3,5,NA,2,002,DEVENER ST,VILLA ST,238,N,N,B,-,N,NA,NA,NA,NA,NA,NA,NA,NA,NA,N,3,0,1,2,A,-,11,21954,A,N,G,B,D,A,H,-,C,D,0,Y,NA,NA,NA,Y,NA,N,60,0,1,0,0,1,0,0,0,0,-,-,34.01396942138672,-117.34158325195313,RIVERSIDE,RIVERSIDE,-117.34158325195313,34.013893127441406
91215005,2020,2020-03-24,9630,2020-03-18,2357,021897,NA,3,3,9,3300,0,1,1,NA,2,302,I-10 E/B,HAYFIELD RD,7920,W,N,A,-,Y,NA,NA,10,NA,NA,NA,NA,NA,E,Y,3,0,1,1,A,-,01,23152,A,N,F,A,A,A,H,-,D,D,0,NA,NA,NA,NA,Y,Y,A,01,0,1,0,0,0,0,0,0,0,-,-,33.666168212890625,-115.68055725097656,RIVERSIDE,UNINCORPORATED,-115.68055725097656,33.66609573364258
91217576,2020,2020-03-27,9840,2020-03-17,2210,015802,NA,2,3,9,3300,0,1,1,NA,2,040,I-215 N/B,HARLEY KNOX BLVD.,1380,S,N,A,-,Y,NA,NA,NA,NA,NA,NA,NA,NA,NA,Y,4,0,1,1,C,-,18,NA,NA,N,E,I,A,A,H,-,C,D,0,NA,NA,NA,NA,Y,NA,-,-,0,0,1,0,0,0,0,0,0,-,-,33.862239837646484,-117.25646209716795,RIVERSIDE,UNINCORPORATED,-117.25804901123048,33.8590087890625
91219074,2020,2020-03-31,9840,2020-03-19,1735,021311,NA,4,2,7,3313,0,1,3,NA,2,021,SR-91 E/B,BROCKTON AVE,200,E,N,B,C,Y,NA,NA,91,NA,NA,NA,NA,NA,E,Y,4,0,1,2,A,-,01,23152,A,F,C,C,A,B,H,-,A,D,0,NA,NA,NA,NA,Y,Y,A,01,0,0,1,0,0,0,0,0,0,-,-,33.94287872314453,-117.3933563232422,RIVERSIDE,RIVERSIDE,-117.39336395263672,33.94288635253906
91222380,2020,2020-04-07,9655,2020-02-28,1900,020963,NA,5,2,9,3300,0,1,3,NA,1,314,STATE ROUTE 74 EASTBOUND,LINDA VISTA MOBILE HOME ESTATES ENTRACE,24,W,N,A,-,Y,NA,NA,74,NA,NA,NA,NA,NA,E,Y,1,1,0,2,A,-,11,21954,A,N,G,B,D,A,H,-,D,D,0,Y,NA,NA,NA,Y,NA,N,60,0,0,0,1,0,0,0,0,0,-,-,33.74784851074219,-116.87467956542967,RIVERSIDE,UNINCORPORATED,-116.87467956542967,33.747928619384766
91223057,2020,2020-04-08,9655,2020-04-01,1625,015892,NA,3,2,9,3300,0,1,3,NA,1,118,STATE ROUTE 74,PALM CANYON DRIVE,1056,W,N,A,-,Y,NA,NA,74,NA,NA,NA,NA,NA,NA,Y,4,0,1,1,A,-,08,22107,NA,N,E,I,A,A,H,-,A,D,0,NA,NA,NA,NA,Y,NA,A,07,0,0,1,0,0,0,0,0,0,-,-,33.579750061035156,-116.47055816650392,RIVERSIDE,UNINCORPORATED,-116.47055053710938,33.57984161376953
91223551,2020,2020-04-09,9840,2020-04-08,0840,012208,NA,3,1,9,3300,0,1,1,NA,2,040,INTERSTATE-215 S/B {ESCONDIDO FREEWAY},HARLEY KNOX BOULEVARD,67,S,N,B,C,Y,NA,NA,215,NA,NA,NA,NA,NA,S,Y,4,0,1,2,A,-,03,22350,NA,N,C,C,A,B,H,-,A,D,0,NA,NA,NA,Y,Y,NA,A,01,0,0,1,0,0,0,0,0,0,-,-,33.86228942871094,-117.25975036621094,RIVERSIDE,UNINCORPORATED,-117.25968933105467,33.8623161315918
91223732,2020,2020-04-09,9840,2020-04-07,1333,021198,NA,2,1,6,3315,0,1,3,NA,2,031,SR-91 E/B,MCKINLEY ST,2750,W,N,B,C,Y,NA,NA,91,NA,NA,NA,NA,NA,E,Y,4,0,1,1,A,-,08,22107,NA,N,E,I,A,B,H,-,A,D,0,NA,NA,NA,NA,Y,NA,A,01,0,0,1,0,0,0,0,0,0,-,-,33.8838996887207,-117.52660369873048,RIVERSIDE,CORONA,-117.52659606933594,33.88386917114258
91225174,2020,2020-04-14,9685,2020-04-09,1410,017833,NA,4,2,5,3341,0,1,1,NA,2,030,I-15 SOUTHBOUND,CALIFORNIA OAKS RD,2640,N,N,C,-,Y,NA,NA,NA,NA,NA,NA,NA,NA,NA,Y,4,0,1,2,A,-,03,22350,NA,N,B,C,A,B,H,-,A,D,0,NA,NA,NA,NA,Y,NA,A,01,0,0,1,0,0,0,0,0,0,-,-,33.57048034667969,-117.21414947509766,RIVERSIDE,MENIFEE,NA,NA
91225626,2020,2020-04-14,9685,2020-04-08,0700,015360,NA,3,1,5,3335,0,1,1,NA,2,030,I-15 NORTHBOUND,RANCHO CALIFORNIA RD.,1584,N,N,C,-,Y,NA,NA,NA,NA,NA,NA,NA,NA,NA,Y,4,0,1,1,A,-,08,22107,NA,N,F,A,A,B,H,-,A,D,0,NA,NA,NA,NA,Y,NA,A,01,0,0,1,0,0,0,0,0,0,-,-,33.876319885253906,-117.19203186035156,RIVERSIDE,TEMECULA,-117.15311431884766,33.50496292114258
91225845,2020,2020-04-15,9630,2020-04-10,1220,021897,NA,5,1,9,3300,0,1,3,NA,2,015,SR-62 W/B,INDIAN CANYON DR,4224,E,N,B,C,N,NA,NA,62,NA,NA,NA,NA,NA,W,Y,3,0,1,1,A,-,03,22350,NA,N,E,I,A,B,H,-,A,D,0,NA,NA,NA,NA,Y,NA,A,01,0,1,0,0,0,0,0,0,0,-,-,34.01499938964844,-116.57861328125,RIVERSIDE,UNINCORPORATED,-116.57859802246094,34.015037536621094
91226395,2020,2020-04-16,9630,2020-04-13,1400,020445,NA,1,2,9,3300,0,3,5,NA,2,501,CALHOUN STREET,52ND AVENUE,0,NA,Y,A,-,N,NA,NA,NA,NA,NA,NA,NA,NA,NA,Y,4,0,2,2,A,-,12,22450,A,N,D,C,A,A,H,-,A,A,0,NA,NA,NA,NA,Y,NA,A,01,0,0,2,0,0,0,0,0,0,-,-,33.6709098815918,-116.207763671875,RIVERSIDE,UNINCORPORATED,-116.2077407836914,33.67087936401367
91226430,2020,2020-04-16,9655,2020-04-07,1640,019449,NA,2,2,3,3302,0,1,1,NA,2,202,I-10 E/B,SR-60,2640,W,N,C,-,Y,NA,NA,10,NA,NA,NA,NA,NA,E,Y,4,0,1,1,A,-,07,21658,A,N,E,I,A,B,H,-,A,D,0,NA,NA,NA,NA,Y,NA,A,01,0,0,1,0,0,0,0,0,0,-,-,33.938419342041016,-116.99749755859376,RIVERSIDE,BEAUMONT,-116.99757385253906,33.93834686279297
91227686,2020,2020-04-20,9655,2020-04-16,1720,019630,NA,4,2,9,3300,0,3,5,NA,2,003,OFF-HIGHWAY NORTH OF OLIVE AVE.,LEON RD.,2376,W,N,A,-,N,NA,NA,NA,NA,NA,NA,NA,NA,NA,N,4,0,1,1,B,-,22,NA,NA,N,E,J,A,A,H,-,A,D,0,NA,NA,Y,NA,Y,NA,C,02,0,0,1,0,0,0,0,0,1,-,-,33.698089599609375,-117.12693786621094,RIVERSIDE,UNINCORPORATED,NA,NA
91227898,2020,2020-04-21,9840,2020-04-18,1625,021177,NA,6,2,9,3300,0,3,5,NA,2,004,MARKHAM STREET,WOOD ROAD,575,W,N,B,-,N,NA,NA,NA,NA,NA,NA,NA,NA,NA,Y,4,0,1,1,A,-,01,23152,A,N,E,I,A,A,H,-,A,D,0,NA,NA,NA,NA,Y,Y,D,22,0,0,1,0,0,0,0,0,0,-,-,33.85820007324219,-117.33331298828124,RIVERSIDE,UNINCORPORATED,-117.3332061767578,33.8581657409668
91228108,2020,2020-04-21,9630,2020-04-19,0823,019943,NA,7,1,9,3300,0,3,5,NA,2,404,BOB HOPE DRIVE,I-10 E/B TO BOB HOPE DRIVE OFF-RAMP,21,S,N,A,-,N,NA,NA,NA,NA,NA,NA,NA,NA,NA,Y,4,0,1,1,A,-,03,22350,NA,N,E,I,A,A,H,-,A,A,0,NA,NA,NA,NA,Y,NA,D,22,0,0,1,0,0,0,0,0,0,-,-,33.819480895996094,-116.40985870361328,RIVERSIDE,UNINCORPORATED,NA,NA
91230247,2020,2020-04-28,9840,2020-04-22,0220,020102,NA,3,3,6,3345,0,1,1,NA,2,011,I-15 N/B,I-15,650,N,N,A,-,Y,NA,NA,15,NA,NA,NA,NA,NA,N,Y,4,0,1,1,A,-,08,22107,NA,N,F,A,A,A,H,-,D,D,0,NA,NA,NA,NA,Y,NA,A,01,0,0,1,0,0,0,0,0,0,-,-,34.024009704589844,-117.55001831054688,RIVERSIDE,JURUPA VALLEY,-117.55010986328124,34.024009704589844
91231247,2020,2020-04-30,9655,2020-04-22,2100,018708,NA,3,2,9,3300,0,1,1,NA,2,204,I-10 E/B,MORONGO TRL,2640,W,N,A,-,Y,NA,NA,10,NA,NA,NA,NA,NA,E,Y,4,0,1,1,A,-,01,23152,A,N,E,I,A,A,H,-,D,D,0,NA,NA,NA,NA,Y,Y,A,01,0,0,1,0,0,0,0,0,0,-,-,33.925048828125,-116.81281280517578,RIVERSIDE,UNINCORPORATED,-116.81281280517578,33.925045013427734
91233058,2020,2020-05-04,9840,2020-04-26,1856,021096,NA,7,2,9,3300,0,2,4,NA,2,043,RAMONA EXPY,LAKEVIEW AVE.,4675,W,N,A,-,N,NA,NA,NA,NA,NA,NA,NA,NA,NA,Y,3,0,1,1,A,-,08,22107,NA,N,F,A,A,A,H,-,A,D,0,NA,NA,NA,NA,Y,NA,A,01,0,1,0,0,0,0,0,0,0,-,-,33.840911865234375,-117.14624786376952,RIVERSIDE,UNINCORPORATED,-117.1384048461914,33.84129333496094
91233572,2020,2020-05-04,9840,2020-04-26,2000,021831,NA,7,2,6,3315,0,1,3,NA,2,031,SR-91 E/B,I-15,200,E,N,A,-,Y,NA,NA,91,NA,NA,NA,NA,NA,E,Y,3,0,1,2,A,-,01,23152,A,N,C,C,A,A,H,-,A,D,0,NA,NA,NA,NA,Y,Y,A,01,0,1,0,0,0,0,0,0,0,-,-,33.882171630859375,-117.5453872680664,RIVERSIDE,CORONA,-117.54542541503906,33.88230514526367
91233725,2020,2020-05-05,9840,2020-05-03,0240,022180,NA,7,3,6,3345,0,1,3,NA,2,010,SR-60 W/B,VALLEY WAY,2000,W,N,A,-,Y,NA,NA,60,NA,NA,NA,NA,NA,W,Y,3,0,1,2,A,-,03,22350,NA,N,C,C,A,A,H,-,C,D,0,NA,NA,NA,NA,Y,NA,A,01,0,1,0,0,0,0,0,0,0,-,-,34.014400482177734,-117.44806671142578,RIVERSIDE,JURUPA VALLEY,-117.44810485839844,34.01411056518555
91234648,2020,2020-05-07,9840,2020-04-25,2330,019576,NA,6,3,9,3300,0,3,5,NA,2,002,RECHE CANYON RD,WOODSON AVE,50,E,N,A,-,N,NA,NA,NA,NA,NA,NA,NA,NA,NA,Y,4,0,1,1,A,-,08,22107,NA,N,E,I,A,A,H,-,C,D,0,NA,NA,NA,NA,Y,NA,A,01,0,0,1,0,0,0,0,0,0,-,-,34.00360107421875,-117.24169921875,RIVERSIDE,UNINCORPORATED,-117.24175262451172,34.00368881225586
91234810,2020,2020-05-07,9840,2020-05-02,2223,021261,NA,6,3,9,3300,0,1,1,NA,2,040,I-215 N/B,HARLEY KNOX BLVD,2000,N,N,A,-,Y,NA,NA,215,NA,NA,NA,NA,NA,N,Y,3,0,2,2,A,-,03,22350,NA,N,C,C,A,A,H,-,C,D,0,NA,NA,NA,NA,Y,Y,A,01,0,1,1,0,0,0,0,0,0,-,-,33.86785125732422,-117.2618408203125,RIVERSIDE,UNINCORPORATED,-117.26179504394533,33.86787033081055
91235549,2020,2020-05-11,9840,2020-05-03,0030,019576,NA,7,3,6,3394,0,1,3,NA,2,025,SR-60 EB,REDLANDS BLVD,1200,W,N,A,-,Y,NA,NA,60,NA,NA,NA,NA,NA,E,Y,3,0,1,1,A,-,01,23152,A,N,E,I,A,A,H,-,D,D,0,NA,NA,NA,NA,Y,Y,A,01,0,1,0,0,0,0,0,0,0,-,-,33.939048767089844,-117.16465759277344,RIVERSIDE,MORENO VALLEY,-117.16465759277344,33.93918991088867
91235844,2020,2020-05-11,9840,2020-05-07,1645,021950,NA,4,2,7,3313,0,1,3,NA,2,010,STATE ROUTE 60 E/B,ORANGE ST.,1000,E,N,A,-,Y,NA,NA,60,NA,NA,NA,NA,NA,E,Y,4,0,1,2,A,-,07,21658,A,N,C,C,A,A,H,-,A,D,0,NA,NA,NA,NA,Y,NA,D,22,0,0,1,0,0,0,0,0,0,-,-,33.993858337402344,-117.35855102539063,RIVERSIDE,RIVERSIDE,-117.35858154296876,33.99379348754883
91236928,2020,2020-05-13,9685,2020-05-11,1628,017285,NA,1,2,9,3300,0,1,3,NA,2,011,SR-74 (ORTEGA HIGHWAY),S. MAIN DIVIDE,4752,E,N,A,-,Y,NA,NA,74,NA,NA,NA,NA,NA,NA,Y,3,0,1,2,A,-,17,21461,A,N,D,C,A,A,H,-,A,A,0,NA,NA,Y,NA,Y,NA,A,01,0,1,0,0,0,0,0,0,1,-,-,33.65739059448242,-117.3977279663086,RIVERSIDE,UNINCORPORATED,-117.3977508544922,33.6573600769043
91238855,2020,2020-09-14,9840,2020-05-02,1431,021872,NA,6,2,6,3315,0,3,5,NA,2,003,TEMESCAL CANYON RD N/B,HORSETHIEF CANYON RD,15,S,N,A,-,N,NA,NA,NA,NA,NA,NA,NA,NA,NA,Y,3,0,1,1,D,-,00,NA,NA,N,F,A,A,A,H,-,A,D,0,NA,NA,Y,NA,Y,NA,-,-,0,1,0,0,0,0,0,0,1,-,-,33.74085998535156,-117.42752838134766,RIVERSIDE,CORONA,-117.42755126953124,33.74085998535156
91239098,2020,2020-06-10,9840,2020-05-16,1350,021481,NA,6,1,7,3313,0,1,3,NA,2,021,SR-91 E/B TO 14TH ST,14TH ST,20,W,N,A,-,Y,NA,NA,91,NA,NA,NA,R,NA,E,N,4,0,2,2,A,-,03,22350,NA,N,C,C,A,A,H,-,A,A,0,NA,NA,NA,NA,Y,NA,A,01,0,0,2,0,0,0,0,0,0,-,-,33.97333908081055,-117.37293243408205,RIVERSIDE,RIVERSIDE,-117.37293243408205,33.97333908081055
91241166,2020,2020-05-22,9840,2020-05-17,1400,021311,NA,7,2,9,3300,0,1,3,NA,2,030,SR-91 E/B,SR-71,1900,W,N,A,-,Y,NA,NA,91,NA,NA,NA,NA,NA,E,Y,3,0,2,1,A,-,08,22107,NA,N,F,A,A,A,H,-,A,D,0,NA,NA,Y,NA,Y,NA,C,02,0,2,0,0,0,0,0,0,2,-,-,33.88195037841797,-117.6466064453125,RIVERSIDE,UNINCORPORATED,-117.64661407470705,33.881961822509766
91241339,2020,2020-05-22,9840,2020-05-14,1205,019527,NA,4,1,9,3300,0,1,1,NA,2,023,I-215 N/B TO FAIR ISLE DR,FAIR ISLE DR,375,S,N,A,-,Y,NA,NA,215,NA,NA,NA,R,NA,N,N,4,0,1,2,A,-,03,22350,NA,N,C,C,A,A,H,-,A,A,0,NA,NA,NA,NA,Y,NA,A,01,0,0,1,0,0,0,0,0,0,-,-,33.947818756103516,-117.29991149902344,RIVERSIDE,UNINCORPORATED,-117.29991149902344,33.947818756103516
91245099,2020,2020-05-29,9840,2020-05-23,2140,019844,NA,6,2,6,3315,0,1,3,NA,2,030,SR-91 E/B,ORANGE COUNTY LINE,150,E,N,A,-,Y,NA,NA,91,NA,NA,NA,NA,NA,E,Y,4,0,1,2,A,-,08,22107,NA,N,C,E,A,A,H,-,D,D,0,NA,NA,NA,NA,Y,NA,A,07,0,0,1,0,0,0,0,0,0,-,-,33.86922073364258,-117.67218017578124,RIVERSIDE,CORONA,-117.67223358154295,33.869388580322266
91245773,2020,2020-06-01,9685,2020-05-24,1628,015050,NA,7,2,9,3300,0,1,3,NA,2,011,SR-74 E/B (ORTEGA HWY),SOUTH MAIN DIVIDE,6072,W,N,A,-,Y,NA,NA,74,NA,NA,NA,NA,NA,E,Y,3,0,1,1,A,-,08,22107,NA,N,F,I,A,A,H,-,A,D,0,NA,NA,Y,NA,Y,NA,C,02,0,1,0,0,0,0,0,0,1,-,-,33.641178131103516,-117.42151641845705,RIVERSIDE,UNINCORPORATED,-117.4215087890625,33.64117431640625
91248075,2020,2020-06-05,9840,2020-05-31,1159,015705,NA,7,1,7,3313,0,1,3,NA,2,021,SR-91 W/B,FOURTEENTH ST.,1584,E,N,A,-,Y,NA,NA,91,NA,NA,NA,NA,NA,W,Y,3,0,2,2,A,-,03,22350,NA,N,C,C,A,A,H,-,A,D,0,NA,NA,NA,NA,Y,NA,E,22,0,2,0,0,0,0,0,0,0,-,-,33.980690002441406,-117.36943817138672,RIVERSIDE,RIVERSIDE,-117.36943817138672,33.98068618774414
91248094,2020,2020-06-08,9840,2020-05-30,1646,021194,NA,6,2,9,3300,0,3,5,NA,2,004,VILLAGE WEST DRIVE,VAN BUREN BLVD,60,S,N,A,-,N,NA,NA,NA,NA,NA,NA,NA,NA,NA,Y,4,0,1,3,A,-,03,22350,NA,N,C,C,A,A,H,-,A,A,0,NA,NA,NA,NA,Y,NA,D,22,0,0,1,0,0,0,0,0,0,-,-,33.885101318359375,-117.28756713867188,RIVERSIDE,UNINCORPORATED,-117.28751373291016,33.88534164428711
91250069,2020,2020-06-10,9840,2020-06-04,0020,021950,NA,4,3,6,3315,0,1,1,NA,2,034,I-15 N/B,ONTARIO AVE.,1500,S,N,A,-,Y,NA,NA,15,NA,NA,NA,NA,NA,N,Y,4,0,1,2,A,-,03,22350,NA,F,C,C,A,A,D,-,C,D,0,NA,NA,NA,NA,Y,NA,A,01,0,0,1,0,0,0,0,0,0,-,-,33.83523941040039,-117.53141021728516,RIVERSIDE,CORONA,-117.5313720703125,33.835262298583984
91250888,2020,2020-06-11,9840,2020-06-05,0327,018849,NA,5,3,4,3307,0,1,1,NA,2,037,I-15 S/B,SR-74,4000,N,N,A,-,Y,NA,NA,15,NA,NA,NA,NA,NA,S,Y,2,0,1,1,A,-,01,23152,A,N,F,A,A,A,H,-,C,D,0,NA,NA,NA,NA,Y,Y,D,22,1,0,0,0,0,0,0,0,0,-,-,33.699058532714844,-117.34765625,RIVERSIDE,LAKE ELSINORE,-117.34754943847656,33.69922637939453
91252468,2020,2020-06-16,9840,2020-05-19,1310,015789,NA,2,1,6,3315,0,1,3,NA,2,031,SR-91 E/B,MAIN ST.,400,W,N,A,-,Y,NA,NA,NA,NA,NA,NA,NA,NA,NA,N,4,0,1,2,A,-,07,21658,A,N,B,C,A,A,H,-,A,D,0,NA,NA,NA,NA,Y,NA,E,22,0,0,1,0,0,0,0,0,0,-,-,33.87895965576172,-117.56587982177734,RIVERSIDE,CORONA,-117.56713104248048,33.88010025024414
91252526,2020,2020-06-16,9655,2020-06-11,1542,020695,NA,4,2,9,3300,0,1,3,NA,1,314,SR-74,MERIDIAN ST,0,NA,Y,A,-,Y,NA,NA,74,NA,NA,NA,NA,NA,NA,Y,4,0,2,2,A,-,09,21801,A,N,A,C,A,A,H,-,A,D,0,NA,NA,NA,NA,Y,NA,A,01,0,0,2,0,0,0,0,0,0,-,-,33.7476692199707,-116.92813873291016,RIVERSIDE,UNINCORPORATED,-116.92813873291016,33.74775314331055