CASE_ID,ACCIDENT_YEAR,PROC_DATE,JURIS,COLLISION_DATE,COLLISION_TIME,OFFICER_ID,REPORTING_DISTRICT,DAY_OF_WEEK,CHP_SHIFT,POPULATION,CNTY_CITY_LOC,SPECIAL_COND,BEAT_TYPE,CHP_BEAT_TYPE,CITY_DIVISION_LAPD,CHP_BEAT_CLASS,BEAT_NUMBER,PRIMARY_RD,SECONDARY_RD,DISTANCE,DIRECTION,INTERSECTION,WEATHER_1,WEATHER_2,STATE_HWY_IND,CALTRANS_COUNTY,CALTRANS_DISTRICT,STATE_ROUTE,ROUTE_SUFFIX,POSTMILE_PREFIX,POSTMILE,LOCATION_TYPE,RAMP_INTERSECTION,SIDE_OF_HWY,TOW_AWAY,COLLISION_SEVERITY,NUMBER_KILLED,NUMBER_INJURED,PARTY_COUNT,PRIMARY_COLL_FACTOR,PCF_CODE_OF_VIOL,PCF_VIOL_CATEGORY,PCF_VIOLATION,PCF_VIOL_SUBSECTION,HIT_AND_RUN,TYPE_OF_COLLISION,MVIW,PED_ACTION,ROAD_SURFACE,ROAD_COND_1,ROAD_COND_2,LIGHTING,CONTROL_DEVICE,CHP_ROAD_TYPE,PEDESTRIAN_ACCIDENT,BICYCLE_ACCIDENT,MOTORCYCLE_ACCIDENT,TRUCK_ACCIDENT,NOT_PRIVATE_PROPERTY,ALCOHOL_INVOLVED,STWD_VEHTYPE_AT_FAULT,CHP_VEHTYPE_AT_FAULT,COUNT_SEVERE_INJ,COUNT_VISIBLE_INJ,COUNT_COMPLAINT_PAIN,COUNT_PED_KILLED,COUNT_PED_INJURED,COUNT_BICYCLIST_KILLED,COUNT_BICYCLIST_INJURED,COUNT_MC_KILLED,COUNT_MC_INJURED,PRIMARY_RAMP,SECONDARY_RAMP,LATITUDE,LONGITUDE,COUNTY,CITY,POINT_X,POINT_Y
91350330,2020,2020-11-20,9685,2020-09-29,0510,015800,NA,2,3,9,3300,0,1,1,NA,2,010,I-15 NORTHBOUND,RAILROAD CANYON DRIVE,2500,N,N,A,-,Y,NA,NA,NA,NA,NA,NA,NA,NA,NA,Y,2,0,1,2,A,-,03,22350,NA,F,B,C,A,A,H,-,B,D,0,NA,NA,Y,NA,Y,NA,C,02,1,0,0,0,0,0,0,0,1,-,-,33.6651611328125,-117.30194854736328,RIVERSIDE,UNINCORPORATED,-117.30453491210938,33.667259216308594
91350862,2020,2020-11-23,9840,2020-11-11,1820,021037,NA,3,2,7,3313,0,1,3,NA,2,021,SR-91 EASTBOUND TO ADAMS ST.,ADAMS ST.,70,W,N,A,-,Y,NA,NA,91,NA,NA,NA,R,NA,E,N,4,0,1,3,A,-,03,22350,NA,N,C,C,A,A,H,-,C,A,0,NA,NA,NA,NA,Y,NA,A,01,0,0,1,0,0,0,0,0,0,-,-,33.926979064941406,-117.41998291015624,RIVERSIDE,RIVERSIDE,-117.41998291015624,33.926979064941406
91351636,2020,2020-11-23,9840,2020-11-18,1855,018281,NA,3,2,6,3315,0,1,3,NA,2,031,SR-91 E/B,BUCHANAN ST,1250,W,N,A,-,Y,NA,NA,91,NA,NA,NA,NA,NA,E,N,4,0,2,2,A,-,03,22350,NA,N,C,C,A,A,H,-,C,D,0,NA,NA,NA,NA,Y,NA,A,01,0,0,2,0,0,0,0,0,0,-,-,33.892398834228516,-117.5048370361328,RIVERSIDE,CORONA,-117.50482940673828,33.89237976074219
91352747,2020,2020-11-24,9840,2020-11-21,1855,021481,NA,6,2,7,3313,0,1,3,NA,2,020,SR-91 E/B,LA SIERRA AVE,2112,W,N,A,-,Y,NA,NA,91,NA,NA,NA,NA,NA,E,Y,4,0,1,1,A,-,08,22107,NA,N,E,I,A,A,H,-,C,D,0,NA,NA,NA,NA,Y,NA,A,01,0,0,1,0,0,0,0,0,0,-,-,33.897239685058594,-117.47904205322266,RIVERSIDE,RIVERSIDE,-117.47908782958984,33.89738845825195
91354953,2020,2020-11-30,9630,2020-11-14,2140,021908,NA,6,2,9,3300,0,3,5,NA,2,504,HAMMOND RD,68TH AVE,2112,S,N,A,-,N,NA,NA,NA,NA,NA,NA,NA,NA,NA,Y,3,0,1,1,A,-,01,23152,A,N,E,I,A,A,H,-,D,D,0,NA,NA,NA,NA,Y,Y,A,01,0,1,0,0,0,0,0,0,0,-,-,33.551509857177734,-116.0528564453125,RIVERSIDE,UNINCORPORATED,-116.05361938476563,33.551971435546875
91355776,2020,2020-11-30,9655,2020-11-22,0000,020774,NA,7,3,9,3300,0,3,5,NA,2,003,DOMENIGONI PKY,SR-79,0,NA,Y,A,-,Y,NA,NA,NA,NA,NA,NA,NA,NA,NA,Y,3,0,1,2,A,-,01,23152,A,M,D,C,A,A,H,-,C,A,0,NA,NA,NA,NA,Y,Y,A,07,0,1,0,0,0,0,0,0,0,-,-,33.69609832763672,-117.08473205566406,RIVERSIDE,UNINCORPORATED,-117.0848388671875,33.69626998901367
91356565,2020,2020-12-01,9655,2020-11-27,1100,015795,NA,5,1,9,3300,0,1,1,NA,2,204,I-10 E/B,HARGRAVE STREET,500,W,N,A,-,Y,NA,NA,NA,NA,NA,NA,NA,NA,NA,N,4,0,1,2,A,-,07,21658,A,M,B,C,A,A,D,E,A,D,0,NA,NA,Y,Y,Y,NA,G,25,0,0,1,0,0,0,0,0,1,-,-,33.92420959472656,-116.87158203125,RIVERSIDE,UNINCORPORATED,-116.86957550048828,33.92417907714844
91357061,2020,2020-12-02,9840,2020-11-19,2101,013968,NA,4,2,4,3310,0,1,1,NA,2,011,I-15 S/B,SECOND ST.,780,S,N,A,-,Y,NA,NA,15,NA,NA,NA,NA,NA,S,Y,4,0,1,3,A,-,03,22350,NA,N,C,C,A,A,H,-,C,A,0,NA,NA,NA,NA,Y,NA,A,07,0,0,1,0,0,0,0,0,0,-,-,33.90747833251953,-117.55946350097656,RIVERSIDE,NORCO,-117.55936431884766,33.90745544433594
9135739,2020,2020-09-16,3308,2020-07-16,2015,10800,505,4,5,5,3308,0,0,0,NA,0,NORTH,KIRBY ST,MENLO AV,64,N,N,A,-,N,NA,NA,NA,NA,NA,NA,NA,NA,NA,N,4,0,1,2,A,-,09,21804,A,N,D,C,A,A,H,-,C,D,0,NA,NA,NA,NA,Y,NA,A,01,0,0,1,0,0,0,0,0,0,-,-,33.7584114074707,-116.99787139892578,RIVERSIDE,HEMET,-116.99789428710938,33.758445739746094
9135840,2020,2020-09-23,3300,2020-07-28,1243,N5482,20D5,2,5,4,3318,0,0,0,NA,0,020,RT 111,BOB HOPE DR,0,NA,Y,A,-,N,NA,NA,NA,NA,NA,NA,NA,NA,NA,Y,4,0,2,2,A,-,12,21453,A,N,D,C,A,A,H,-,A,A,0,NA,NA,NA,NA,Y,NA,A,01,0,0,2,0,0,0,0,0,0,-,-,NA,NA,RIVERSIDE,PALM DESERT,-116.40927886962892,33.73731994628906
91358450,2020,2020-12-03,9655,2020-11-29,2000,018383,NA,7,2,2,3336,0,1,1,NA,2,202,I-10 W/B,CHERRY VALLEY BLVD,1220,E,N,A,-,Y,NA,NA,10,NA,NA,NA,NA,NA,W,Y,4,0,1,2,A,-,03,22350,NA,N,C,C,A,A,H,-,A,D,0,NA,NA,NA,NA,Y,NA,A,07,0,0,1,0,0,0,0,0,0,-,-,33.96643829345703,-117.03217315673828,RIVERSIDE,CALIMESA,-117.03212738037108,33.96653747558594
91359259,2020,2021-03-08,9840,2020-11-22,0007,021862,NA,7,3,9,3300,0,1,1,NA,2,041,I-215 N/B,PLACENTIA AVE,1915,N,N,A,-,Y,NA,NA,215,NA,NA,NA,NA,NA,N,Y,3,0,2,1,A,-,01,23152,A,N,E,I,A,A,H,-,D,D,0,NA,NA,NA,NA,Y,Y,A,07,0,2,0,0,0,0,0,0,0,-,-,33.8278694152832,-117.24417114257813,RIVERSIDE,UNINCORPORATED,-117.24415588378906,33.827877044677734
91359330,2020,2020-12-04,9840,2020-11-30,1425,020455,NA,1,2,9,3300,0,3,5,NA,2,003,CAJALCO RD,TEMESCAL CANYON RD,3168,E,N,A,-,N,NA,NA,NA,NA,NA,NA,NA,NA,NA,Y,2,0,3,3,A,-,05,21460,A,N,A,C,A,A,H,-,A,D,0,NA,NA,NA,NA,Y,NA,A,07,2,1,0,0,0,0,0,0,0,-,-,33.824581146240234,-117.50050354003906,RIVERSIDE,UNINCORPORATED,-117.5184326171875,33.82096862792969
91359455,2020,2020-12-04,9655,2020-11-28,0750,019462,NA,6,1,9,3300,0,1,3,NA,1,119,SR-371,HOWARD RD,0,NA,Y,A,-,Y,NA,NA,371,NA,NA,NA,NA,NA,NA,Y,3,0,1,2,A,-,05,21460,A,N,B,C,A,A,H,-,A,D,0,NA,NA,NA,NA,Y,NA,D,22,0,1,0,0,0,0,0,0,0,-,-,33.54859924316406,-116.71849822998048,RIVERSIDE,UNINCORPORATED,-116.71849822998048,33.54859161376953
9135998,2020,2020-09-24,3300,2020-07-25,2125,3613,916B,6,5,4,3312,0,0,0,NA,0,032,NUEVO RD,GATHER PL,0,NA,Y,A,-,N,NA,NA,NA,NA,NA,NA,NA,NA,NA,Y,3,0,2,2,A,-,12,22450,A,N,D,C,A,A,H,-,C,A,0,NA,NA,NA,NA,Y,NA,A,01,0,1,1,0,0,0,0,0,0,-,-,33.801090240478516,-117.21961975097656,RIVERSIDE,PERRIS,-117.219556,33.801089
91360282,2020,2020-12-07,9655,2020-11-30,1850,015892,NA,1,2,9,3300,0,3,5,NA,2,001,MITCHELL ROAD,HILL STREET,36,E,N,A,-,N,NA,NA,NA,NA,NA,NA,NA,NA,NA,Y,3,0,1,1,A,-,01,23152,A,N,E,I,A,A,H,-,D,A,0,NA,NA,NA,NA,Y,Y,A,01,0,1,0,0,0,0,0,0,0,-,-,33.56975173950195,-116.66465759277344,RIVERSIDE,UNINCORPORATED,-116.66582489013672,33.56981658935547
91360416,2020,2020-12-07,9655,2020-11-30,0350,021177,NA,1,3,3,3302,0,1,3,NA,2,212,STATE ROUTE 60 W/B,VEILE AVENUE,1320,W,N,A,-,Y,NA,NA,60,NA,NA,NA,NA,NA,W,Y,3,0,1,1,A,-,08,22107,NA,N,E,I,A,A,H,-,C,D,0,NA,NA,NA,NA,Y,NA,A,01,0,1,0,0,0,0,0,0,0,-,-,33.93320083618164,-116.98986053466795,RIVERSIDE,BEAUMONT,-116.9901123046875,33.933143615722656
91360639,2020,2020-12-07,9655,2020-12-01,1232,018168,NA,2,1,3,3302,0,1,1,NA,2,202,I-10 E/B,OAK VALLEY PARKWAY,250,E,N,A,-,Y,NA,NA,10,NA,NA,NA,NA,NA,E,Y,3,0,1,1,A,-,08,22107,NA,N,E,I,A,A,H,-,A,D,0,NA,NA,NA,NA,Y,NA,A,07,0,1,0,0,0,0,0,0,0,-,-,33.94424819946289,-117.00247955322266,RIVERSIDE,BEAUMONT,-117.00254821777344,33.94418716430664
91361511,2020,2020-12-08,9840,2020-12-04,1330,019874,NA,5,1,7,3313,0,1,1,NA,2,023,I-215 S/B,SPRUCE ST,290,N,N,A,-,Y,NA,NA,215,NA,NA,NA,NA,NA,S,Y,4,0,2,6,A,-,03,22350,NA,N,C,C,A,A,H,-,A,D,0,NA,NA,NA,Y,Y,NA,F,26,0,0,2,0,0,0,0,0,0,-,-,33.992488861083984,-117.3555908203125,RIVERSIDE,RIVERSIDE,-117.3555145263672,33.9925422668457
91363680,2020,2020-12-10,9840,2020-12-09,1655,021198,NA,3,2,7,3313,0,1,1,NA,2,023,I-215 N/B,MARTIN LUTHER KING BLVD,1660,S,N,A,-,Y,NA,NA,NA,NA,NA,NA,NA,NA,NA,Y,4,0,1,2,A,-,07,21658,A,N,B,C,A,A,H,-,D,D,0,NA,NA,NA,Y,Y,NA,F,26,0,0,1,0,0,0,0,0,0,-,-,33.94667053222656,-117.32584381103516,RIVERSIDE,RIVERSIDE,NA,NA
91366126,2020,2020-12-14,9840,2020-11-27,1945,019650,NA,5,2,9,3300,0,3,5,NA,2,004,SANTA ROSA MINE RD,PIEDRAS RD,3400,E,N,A,-,N,NA,NA,NA,NA,NA,NA,NA,NA,NA,Y,4,0,1,1,A,-,01,23152,A,N,E,I,A,A,H,-,D,D,0,NA,NA,NA,NA,Y,Y,A,01,0,0,1,0,0,0,0,0,0,-,-,33.78797912597656,-117.3334503173828,RIVERSIDE,UNINCORPORATED,-117.335401,33.788
9136646,2020,2020-10-12,3309,2020-08-05,0752,443,3309,3,5,4,3309,0,0,0,NA,0,002,MONROE ST,AVE 42,632,S,N,A,-,N,NA,NA,NA,NA,NA,NA,NA,NA,NA,N,3,0,1,2,A,-,12,21453,A,N,D,C,A,A,H,-,A,A,0,NA,NA,NA,NA,Y,NA,D,22,0,1,0,0,0,0,0,0,0,-,-,NA,NA,RIVERSIDE,INDIO,-116.23402404785156,33.74226379394531
9136669,2020,2020-10-20,3300,2020-08-04,0740,4097,002,2,5,6,3345,0,0,0,NA,0,NA,ETIWANDA AV,VAN BUREN BL,404,N,N,A,-,N,NA,NA,NA,NA,NA,NA,NA,NA,NA,N,4,0,1,2,A,-,03,22350,NA,N,C,C,A,A,H,-,A,A,0,NA,NA,NA,NA,Y,NA,-,NA,0,0,1,0,0,0,0,0,0,-,-,34.01551818847656,-117.52333831787108,RIVERSIDE,JURUPA VALLEY,-117.52449798583984,34.0175666809082
91367252,2020,2020-12-15,9840,2020-11-25,2212,019650,NA,3,3,7,3313,0,1,3,NA,2,021,STATE ROUTE 91 E/B,SPRUCE ST.,90,E,N,A,-,Y,NA,NA,91,NA,NA,NA,NA,NA,E,Y,3,0,1,2,A,-,01,23152,A,N,C,C,A,A,H,-,C,D,0,NA,NA,NA,Y,Y,Y,G,25,0,1,0,0,0,0,0,0,0,-,-,33.991180419921875,-117.3585205078125,RIVERSIDE,RIVERSIDE,-117.35855865478516,33.99120330810547
91367682,2020,2020-12-15,9630,2020-12-08,1755,016635,NA,2,2,9,3300,0,3,5,NA,2,404,RAMON RD,ROSEMARY LN,0,NA,Y,A,-,N,NA,NA,NA,NA,NA,NA,NA,NA,NA,Y,4,0,4,2,A,-,01,23152,A,M,D,C,A,A,H,-,D,D,0,NA,NA,NA,NA,Y,Y,D,22,0,0,4,0,0,0,0,0,0,-,-,33.48590850830078,-116.23345184326172,RIVERSIDE,UNINCORPORATED,-116.39308166503906,33.81645965576172
91367715,2020,2020-12-15,9840,2020-12-14,1620,016619,NA,1,2,6,3394,0,1,3,NA,2,025,SR-60 WB FROM MORENO BEACH DR,MORENO BEACH DR,50,E,N,A,-,Y,NA,NA,60,NA,NA,NA,R,NA,W,N,4,0,1,2,A,-,03,22350,NA,N,C,C,A,A,H,-,A,A,0,NA,NA,NA,NA,Y,NA,D,22,0,0,1,0,0,0,0,0,0,-,-,33.94102096557617,-117.17794799804688,RIVERSIDE,MORENO VALLEY,-117.17794799804688,33.94102096557617
91371782,2020,2020-12-21,9840,2020-12-11,0942,015705,NA,5,1,7,3313,0,1,3,NA,2,021,SR-91 E/B,MADISON ST.,100,W,N,A,-,Y,NA,NA,91,NA,NA,NA,NA,NA,E,Y,3,0,1,2,A,-,08,22107,NA,N,B,C,A,A,H,-,A,D,0,NA,NA,NA,Y,Y,NA,A,01,0,1,0,0,0,0,0,0,0,-,-,33.935489654541016,-117.40534973144533,RIVERSIDE,RIVERSIDE,-117.40536499023438,33.93552017211914
91372203,2020,2020-12-21,9840,2020-12-16,0734,015705,NA,3,1,7,3313,0,1,1,NA,2,024,I-215 N/B,EASTRIDGE AVE,1100,S,N,A,-,Y,NA,NA,215,NA,NA,NA,NA,NA,N,N,3,0,1,3,A,-,03,22350,NA,N,C,C,A,A,H,-,A,D,0,NA,NA,NA,NA,Y,NA,A,01,0,1,0,0,0,0,0,0,0,-,-,33.92580032348633,-117.2886199951172,RIVERSIDE,RIVERSIDE,-117.28854370117188,33.925804138183594
91373335,2020,2020-12-22,9840,2020-12-21,0940,017802,NA,1,1,7,3313,0,1,1,NA,2,023,I-215 N/B,CENTRAL AVE.,700,S,N,A,-,Y,NA,NA,NA,NA,NA,NA,NA,NA,NA,Y,4,0,2,3,A,-,03,22350,NA,N,C,C,A,A,H,-,A,D,0,NA,NA,NA,NA,Y,NA,A,01,0,0,2,0,0,0,0,0,0,-,-,33.95595169067383,-117.30587005615234,RIVERSIDE,RIVERSIDE,NA,NA
91374873,2020,2020-12-24,9630,2020-12-19,1825,021409,NA,6,2,9,3300,0,1,1,NA,2,301,I-10 E/B,CACTUS CITY REST AREA,23760,W,N,A,-,Y,NA,NA,10,NA,NA,NA,NA,NA,E,Y,4,0,1,1,A,-,08,22107,NA,N,E,I,A,A,H,-,D,D,0,NA,NA,NA,NA,Y,NA,A,01,0,0,1,0,0,0,0,0,0,-,-,33.690208435058594,-116.04408264160156,RIVERSIDE,UNINCORPORATED,-116.04404449462892,33.690338134765625
91375577,2020,2020-12-28,9685,2020-12-12,1230,017013,NA,6,1,9,3300,0,2,4,NA,2,016,GRAND AVENUE,ONTARIO WAY,341,N,N,A,-,N,NA,NA,NA,NA,NA,NA,NA,NA,NA,Y,4,0,1,2,A,-,03,22350,NA,N,C,C,A,A,H,-,A,D,0,NA,NA,NA,NA,Y,NA,A,07,0,0,1,0,0,0,0,0,0,-,-,33.62253952026367,-117.31813049316406,RIVERSIDE,UNINCORPORATED,-117.3179931640625,33.622501373291016
91376060,2020,2020-12-28,9685,2020-12-26,2030,016502,NA,6,2,9,3300,0,1,3,NA,1,040,SR-79,SAGE RD,5280,S,N,A,-,Y,NA,NA,79,NA,NA,NA,NA,NA,NA,Y,4,0,1,1,A,-,08,22107,NA,N,F,A,A,A,H,-,D,D,0,NA,NA,NA,NA,Y,NA,A,01,0,0,1,0,0,0,0,0,0,-,-,33.45669937133789,-116.89920043945313,RIVERSIDE,UNINCORPORATED,-116.8991928100586,33.456703186035156
91380945,2020,2021-01-05,9655,2020-12-29,0045,019449,NA,2,3,9,3300,0,1,1,NA,2,206,I-10 E/B,MAIN STREET,5808,E,N,A,-,Y,NA,NA,10,NA,NA,NA,NA,NA,E,Y,4,0,2,3,A,-,03,22350,NA,N,C,C,A,B,D,-,D,D,0,NA,NA,NA,NA,Y,NA,A,01,0,0,2,0,0,0,0,0,0,-,-,33.9205207824707,-116.75852966308594,RIVERSIDE,UNINCORPORATED,-116.75852966308594,33.92055130004883
91383748,2020,2021-01-08,9655,2020-12-30,1924,019440,NA,3,2,9,3300,0,1,3,NA,2,212,SR-60 W/B,GILMAN SPRINGS RD,11880,E,N,A,-,Y,NA,NA,NA,NA,NA,NA,NA,NA,NA,Y,4,0,3,2,A,-,08,22107,NA,N,B,C,A,A,H,-,D,D,0,NA,NA,NA,NA,Y,NA,A,01,0,0,3,0,0,0,0,0,0,-,-,33.94422912597656,-117.08773803710938,RIVERSIDE,UNINCORPORATED,NA,NA
91385267,2021,2021-01-11,9840,2021-01-01,1844,021950,NA,5,2,9,3300,0,1,1,NA,2,040,I-215 S/B,VAN BUREN BOULEVARD,13,N,N,A,-,Y,NA,NA,215,NA,NA,NA,NA,NA,S,Y,2,0,1,1,A,-,01,23152,F,N,E,I,A,A,H,-,C,A,0,NA,NA,Y,NA,Y,NA,C,02,1,0,0,0,0,0,0,0,1,-,-,33.88793182373047,-117.27079010009766,RIVERSIDE,UNINCORPORATED,-117.27036285400392,33.888160705566406
91385791,2021,2021-01-12,9630,2021-01-07,2139,020845,NA,4,2,9,3300,0,3,5,NA,2,404,VARNER RD.,RAMON RD.,1056,E,N,A,-,N,NA,NA,NA,NA,NA,NA,NA,NA,NA,Y,3,0,2,1,A,-,08,22107,NA,N,E,I,A,A,H,-,C,D,0,NA,NA,NA,NA,Y,NA,A,01,0,2,0,0,0,0,0,0,0,-,-,33.81291961669922,-116.39833068847656,RIVERSIDE,UNINCORPORATED,-116.3992919921875,33.81396484375
91386845,2021,2021-01-13,9685,2021-01-08,1235,017285,NA,5,1,5,3335,0,2,4,NA,2,016,GRAND AVENUE,TURNER STREET,35,N,N,A,-,N,NA,NA,NA,NA,NA,NA,NA,NA,NA,N,4,0,2,2,A,-,03,22350,NA,N,C,C,A,A,H,-,A,D,0,NA,NA,NA,NA,Y,NA,A,01,0,0,2,0,0,0,0,0,0,-,-,33.63378143310547,-117.33628845214844,RIVERSIDE,TEMECULA,-117.33615112304688,33.63370895385742
9138714,2020,2020-10-07,3313,2020-07-29,2017,0282,2,3,5,7,3313,0,0,0,NA,0,T48,CENTRAL AV,VICTORIA AV,405,W,N,A,-,N,NA,NA,NA,NA,NA,NA,NA,NA,NA,Y,3,0,1,2,A,-,03,22350,NA,N,C,C,A,A,H,-,D,A,0,NA,NA,NA,NA,Y,NA,A,01,0,1,0,0,0,0,0,0,0,-,-,33.95235061645508,-117.37037658691406,RIVERSIDE,RIVERSIDE,-117.37178802490234,33.95375061035156
91389522,2020,2021-01-18,9840,2020-09-25,1950,021297,NA,5,2,9,3300,0,2,4,NA,2,043,RAMONA EXPRESSWAY,BRIDGE STREET,3,W,N,A,-,N,NA,NA,NA,NA,NA,NA,NA,NA,NA,N,1,1,1,2,A,-,11,21954,A,N,G,B,D,A,H,-,C,D,0,Y,NA,NA,NA,Y,NA,N,60,0,0,1,1,0,0,0,0,0,-,-,33.840118408203125,-117.06858825683594,RIVERSIDE,UNINCORPORATED,-117.06861114501952,33.8400993347168
91390257,2021,2021-01-18,9630,2021-01-11,1517,019807,NA,1,2,9,3300,0,3,5,NA,2,502,AIRPORT BLVD,SR-86 N/B TO AIRPORT BLVD,0,NA,Y,A,-,Y,NA,NA,NA,NA,NA,NA,NA,NA,NA,N,3,0,1,2,A,-,12,21453,A,N,D,G,A,A,H,-,A,A,0,NA,Y,NA,NA,Y,NA,L,04,0,1,0,0,0,0,1,0,0,-,-,33.642051696777344,-116.13120269775392,RIVERSIDE,UNINCORPORATED,NA,NA
91390967,2021,2021-01-26,9685,2021-01-16,0445,14338,NA,6,3,9,3300,0,1,3,NA,1,012,SR-74,ELLIS AVE.,2112,E,N,A,-,Y,NA,NA,NA,NA,NA,NA,NA,NA,NA,Y,3,0,2,3,A,-,01,23152,A,N,A,C,A,A,H,-,C,D,0,NA,NA,NA,NA,Y,Y,A,07,0,2,0,0,0,0,0,0,0,-,-,33.45541000366211,-117.14824676513672,RIVERSIDE,UNINCORPORATED,-117.246826171875,33.775917053222656
9139132,2020,2020-11-10,3300,2020-08-06,1520,N4424,602E2,4,5,6,3394,0,0,0,NA,0,MV28,EUCALYPTUS AV,PERRIS BL,572,W,N,A,-,N,NA,NA,NA,NA,NA,NA,NA,NA,NA,Y,3,0,4,2,A,-,09,21804,A,N,D,C,A,A,H,-,A,D,0,NA,NA,NA,NA,Y,NA,A,01,0,2,2,0,0,0,0,0,0,-,-,33.93180847167969,-117.22625732421876,RIVERSIDE,MORENO VALLEY,-117.22817230224608,33.93177795410156
9139569,2020,2020-09-24,3315,2020-07-06,1107,001886,11E,1,5,6,3315,0,0,0,NA,0,002,SAMPSON AV,GRANITE ST,489,E,N,A,-,N,NA,NA,NA,NA,NA,NA,NA,NA,NA,Y,3,0,1,2,A,-,09,21801,A,N,A,C,A,A,H,-,A,D,0,NA,NA,NA,NA,Y,NA,A,01,0,1,0,0,0,0,0,0,0,-,-,33.88964080810547,-117.50161743164063,RIVERSIDE,CORONA,-117.50033569335938,33.890480041503906
9139612,2020,2020-09-21,3313,2020-07-31,0655,1996,1,5,5,7,3313,0,0,0,NA,0,T71,ARLINGTON AV,DIVISION ST,12,E,N,A,-,N,NA,NA,NA,NA,NA,NA,NA,NA,NA,N,4,0,1,2,A,-,09,21802,A,N,D,C,A,A,H,-,A,A,0,NA,NA,NA,NA,Y,NA,D,22,0,0,1,0,0,0,0,0,0,-,-,33.94511032104492,-117.3811264038086,RIVERSIDE,RIVERSIDE,-117.38095855712892,33.9463996887207
91399448,2021,2021-02-01,9840,2021-01-25,0445,021943,NA,1,3,7,3313,0,1,3,NA,2,010,STATE ROUTE 60 E/B,MISSION BLVD,700,W,N,C,-,Y,NA,NA,NA,NA,NA,NA,NA,NA,NA,Y,3,0,1,1,A,-,08,22107,NA,N,E,I,A,B,H,-,C,D,0,NA,NA,NA,NA,Y,NA,A,01,0,1,0,0,0,0,0,0,0,-,-,34.017948150634766,-117.53015899658205,RIVERSIDE,RIVERSIDE,-117.50896453857422,34.01864242553711
91401986,2021,2021-02-03,9655,2021-01-30,0728,018320,NA,6,1,9,3300,0,1,3,NA,2,213,SR-79 N/B,COUNY LANDFILL RD,4224,S,N,A,-,Y,NA,NA,79,NA,NA,NA,NA,NA,N,Y,4,0,1,2,A,-,07,21658,A,N,B,C,A,A,H,-,A,D,0,NA,NA,NA,NA,Y,NA,-,-,0,0,1,0,0,0,0,0,0,-,-,33.872520446777344,-116.9938507080078,RIVERSIDE,UNINCORPORATED,-116.99388885498048,33.87255096435547
91402464,2021,2021-02-04,9655,2021-01-29,1045,016885,NA,5,1,9,3300,0,1,3,NA,2,315,SR-79 S/B,HOLLAND ROAD,300,S,N,B,C,Y,NA,NA,79,NA,NA,NA,NA,NA,S,Y,3,0,1,2,A,-,03,22350,NA,N,A,C,A,B,H,-,A,D,0,NA,NA,NA,NA,Y,NA,A,01,0,1,0,0,0,0,0,0,0,-,-,33.66958999633789,-117.08502197265624,RIVERSIDE,UNINCORPORATED,-117.08479309082033,33.66959762573242
91403314,2021,2021-02-05,9630,2021-01-31,0452,020645,NA,7,3,9,3300,0,3,5,NA,2,501,MONROE ST,62ND AVE.,306,S,N,A,-,N,NA,NA,NA,NA,NA,NA,NA,NA,NA,Y,4,0,1,1,A,-,01,23152,A,N,E,I,A,A,H,-,D,A,0,NA,NA,NA,NA,Y,Y,D,22,0,0,1,0,0,0,0,0,0,-,-,33.597320556640625,-116.23329162597656,RIVERSIDE,UNINCORPORATED,-116.23338317871094,33.59740447998047
91403806,2021,2021-02-08,9655,2021-01-24,2225,019449,NA,7,3,4,3301,0,1,1,NA,2,204,I-10 E/B,HIGHLAND SPRINGS AVE,1584,E,N,C,-,Y,NA,NA,10,NA,NA,NA,NA,NA,E,Y,4,0,1,1,A,-,08,22107,NA,N,E,I,A,B,D,-,C,D,0,NA,NA,NA,NA,Y,NA,A,01,0,0,1,0,0,0,0,0,0,-,-,33.926639556884766,-116.94103240966795,RIVERSIDE,BANNING,-116.94103240966795,33.92655944824219
91405168,2021,2021-02-09,9630,2021-02-02,1410,016635,NA,2,2,9,3300,0,1,3,NA,2,014,SR-111 S/B,OVERTURE DR,2112,N,N,A,-,Y,NA,NA,NA,NA,NA,NA,NA,NA,NA,Y,4,0,1,1,A,-,08,22107,NA,N,E,I,A,A,H,-,A,D,0,NA,NA,NA,NA,Y,NA,A,07,0,0,1,0,0,0,0,0,0,-,-,33.53293991088867,-116.36395263671876,RIVERSIDE,UNINCORPORATED,-116.61188507080078,33.8922004699707