CASE_ID,ACCIDENT_YEAR,PROC_DATE,JURIS,COLLISION_DATE,COLLISION_TIME,OFFICER_ID,REPORTING_DISTRICT,DAY_OF_WEEK,CHP_SHIFT,POPULATION,CNTY_CITY_LOC,SPECIAL_COND,BEAT_TYPE,CHP_BEAT_TYPE,CITY_DIVISION_LAPD,CHP_BEAT_CLASS,BEAT_NUMBER,PRIMARY_RD,SECONDARY_RD,DISTANCE,DIRECTION,INTERSECTION,WEATHER_1,WEATHER_2,STATE_HWY_IND,CALTRANS_COUNTY,CALTRANS_DISTRICT,STATE_ROUTE,ROUTE_SUFFIX,POSTMILE_PREFIX,POSTMILE,LOCATION_TYPE,RAMP_INTERSECTION,SIDE_OF_HWY,TOW_AWAY,COLLISION_SEVERITY,NUMBER_KILLED,NUMBER_INJURED,PARTY_COUNT,PRIMARY_COLL_FACTOR,PCF_CODE_OF_VIOL,PCF_VIOL_CATEGORY,PCF_VIOLATION,PCF_VIOL_SUBSECTION,HIT_AND_RUN,TYPE_OF_COLLISION,MVIW,PED_ACTION,ROAD_SURFACE,ROAD_COND_1,ROAD_COND_2,LIGHTING,CONTROL_DEVICE,CHP_ROAD_TYPE,PEDESTRIAN_ACCIDENT,BICYCLE_ACCIDENT,MOTORCYCLE_ACCIDENT,TRUCK_ACCIDENT,NOT_PRIVATE_PROPERTY,ALCOHOL_INVOLVED,STWD_VEHTYPE_AT_FAULT,CHP_VEHTYPE_AT_FAULT,COUNT_SEVERE_INJ,COUNT_VISIBLE_INJ,COUNT_COMPLAINT_PAIN,COUNT_PED_KILLED,COUNT_PED_INJURED,COUNT_BICYCLIST_KILLED,COUNT_BICYCLIST_INJURED,COUNT_MC_KILLED,COUNT_MC_INJURED,PRIMARY_RAMP,SECONDARY_RAMP,LATITUDE,LONGITUDE,COUNTY,CITY,POINT_X,POINT_Y
91468879,2021,2021-05-10,9840,2021-04-29,0820,019527,NA,4,1,6,3394,0,1,3,NA,2,025,SR-60 W/B,DAY ST,2600,E,N,A,-,Y,NA,NA,60,NA,NA,NA,NA,NA,W,N,4,0,1,3,A,-,03,22350,NA,N,C,C,A,A,H,-,A,D,0,NA,NA,NA,NA,Y,NA,A,01,0,0,1,0,0,0,0,0,0,-,-,33.94123077392578,-117.27043914794922,RIVERSIDE,MORENO VALLEY,-117.27043151855467,33.94127655029297
91469375,2021,2021-05-10,9840,2021-05-09,2033,021297,NA,7,2,9,3300,0,1,1,NA,2,040,I-215 N/B,CACTUS AVE,1000,N,N,A,-,Y,NA,NA,215,NA,NA,NA,NA,NA,N,Y,3,0,1,3,A,-,01,23152,A,N,C,C,A,A,H,-,C,D,0,NA,NA,NA,NA,Y,Y,A,07,0,1,0,0,0,0,0,0,0,-,-,33.91136169433594,-117.28314208984376,RIVERSIDE,UNINCORPORATED,-117.28308868408205,33.911415100097656
91469890,2021,2021-05-11,9840,2021-05-01,0308,021950,NA,6,3,6,3394,0,1,3,NA,2,025,SR-60 E/B,REDLANDS BLVD.,500,E,N,A,-,Y,NA,NA,60,NA,NA,NA,NA,NA,E,Y,4,0,1,2,C,-,18,NA,NA,N,E,D,A,A,H,-,D,D,0,NA,NA,NA,NA,Y,NA,-,-,0,0,1,0,0,0,0,0,0,-,-,33.93912887573242,-117.15416717529295,RIVERSIDE,MORENO VALLEY,-117.15416717529295,33.93917465209961
91470390,2021,2021-05-11,9655,2021-05-04,1627,018383,NA,2,2,9,3300,0,3,5,NA,2,002,GILMAN SPRINGS RD,BRIDGE ST,250,E,N,A,-,N,NA,NA,NA,NA,NA,NA,NA,NA,NA,N,3,0,2,2,A,-,03,22350,NA,N,C,C,A,A,H,-,A,D,0,NA,NA,NA,NA,Y,NA,A,01,0,2,0,0,0,0,0,0,0,-,-,33.86941909790039,-117.04331207275392,RIVERSIDE,UNINCORPORATED,-117.06885528564452,33.888763427734375
91470979,2021,2021-05-12,9685,2021-05-05,1607,015957,NA,3,2,4,3342,0,1,1,NA,2,034,I-215 NORTHBOUND,LOS ALAMOS BLVD,350,S,N,A,-,Y,NA,NA,215,NA,NA,NA,NA,NA,N,Y,4,0,2,3,A,-,03,22350,NA,N,C,C,A,A,H,-,A,D,0,NA,NA,NA,NA,Y,NA,D,22,0,0,2,0,0,0,0,0,0,-,-,33.570560455322266,-117.18076324462892,RIVERSIDE,MURRIETA,-117.18074798583984,33.570560455322266
91473750,2021,2021-05-14,9840,2021-05-07,2330,019042,NA,5,3,4,3310,0,1,1,NA,2,011,I-15 N/B,HIDDEN VALLEY PKY,86,N,N,A,-,Y,NA,NA,15,NA,NA,NA,NA,NA,N,Y,4,0,1,1,A,-,01,23152,A,N,H,J,A,A,H,-,C,D,0,NA,NA,NA,NA,Y,Y,A,01,0,0,1,0,0,0,0,0,0,-,-,33.899200439453125,-117.5597915649414,RIVERSIDE,NORCO,-117.55978393554688,33.899200439453125
91474577,2021,2021-05-17,9840,2021-05-05,1005,017441,NA,3,1,9,3300,0,2,4,NA,2,045,CAJALCO RD.,BARTON ST.,435,W,N,A,-,N,NA,NA,NA,NA,NA,NA,NA,NA,NA,Y,3,0,1,1,A,-,08,22107,NA,N,E,I,A,A,H,-,A,D,0,NA,NA,NA,NA,Y,NA,A,07,0,1,0,0,0,0,0,0,0,-,-,33.83708953857422,-117.31336975097656,RIVERSIDE,UNINCORPORATED,-117.31327056884766,33.83698654174805
91475455,2021,2021-05-18,9655,2021-05-08,0943,019462,NA,6,1,9,3300,0,1,3,NA,1,115,SR-243,MARIAN VIEW DR,200,S,N,A,-,Y,NA,NA,243,NA,NA,NA,NA,NA,NA,Y,2,0,3,2,A,-,05,21460,A,N,D,C,A,A,H,-,A,D,0,NA,NA,NA,NA,Y,NA,A,01,1,0,2,0,0,0,0,0,0,-,-,33.734718322753906,-116.72393798828124,RIVERSIDE,UNINCORPORATED,-116.72396087646484,33.73469161987305
91475984,2021,2021-05-18,9685,2021-05-14,1955,015880,NA,5,2,9,3300,0,3,5,NA,2,003,DE PORTOLA ROAD (39300 BLOCK),AVENIDA BRAVURA,340,E,N,A,-,N,NA,NA,NA,NA,NA,NA,NA,NA,NA,Y,3,0,1,1,A,-,01,23152,A,N,F,I,A,A,H,-,B,D,0,NA,NA,NA,NA,Y,Y,A,01,0,1,0,0,0,0,0,0,0,-,-,33.53750991821289,-117.01168060302734,RIVERSIDE,UNINCORPORATED,-117.01175689697266,33.53742218017578
91476535,2021,2021-05-19,9840,2021-05-15,1100,017893,NA,6,1,6,3315,0,1,1,NA,2,034,I-15 S/B,EL CERRITO RD,1680,N,N,A,-,Y,NA,NA,15,NA,NA,NA,NA,NA,S,N,4,0,1,2,A,-,07,21658,A,N,C,C,A,A,H,-,A,D,0,NA,NA,NA,NA,Y,NA,D,22,0,0,1,0,0,0,0,0,0,-,-,33.83610153198242,-117.53250122070313,RIVERSIDE,CORONA,-117.53237152099608,33.83617401123047
91476766,2021,2021-05-19,9685,2021-05-13,1730,015957,NA,4,2,5,3341,0,1,1,NA,2,020,I-215 NORTHBOUND,NEWPORT RD,1000,S,N,A,-,Y,NA,NA,215,NA,NA,NA,NA,NA,N,Y,4,0,1,3,A,-,03,22350,NA,N,C,C,A,A,H,-,A,D,0,NA,NA,NA,NA,Y,NA,A,01,0,0,1,0,0,0,0,0,0,-,-,33.680320739746094,-117.17082977294922,RIVERSIDE,MENIFEE,-117.17075347900392,33.680320739746094
91478146,2021,2021-05-20,9840,2021-05-16,0535,019527,NA,7,3,9,3300,0,1,1,NA,2,023,I-215 S/B,CENTRAL AVE,370,N,N,C,-,Y,NA,NA,215,NA,NA,NA,NA,NA,S,Y,3,0,1,1,A,-,08,22107,NA,N,F,A,A,B,H,-,C,D,0,NA,NA,NA,NA,Y,NA,A,07,0,1,0,0,0,0,0,0,0,-,-,33.95941925048828,-117.31069183349608,RIVERSIDE,UNINCORPORATED,-117.3105926513672,33.95957946777344
9147817,2020,2020-11-10,3313,2020-08-24,0907,1686,2,1,5,7,3313,0,0,0,NA,0,T58,MARTIN LUTHER KING BL,OTTAWA AV,0,NA,Y,A,-,N,NA,NA,NA,NA,NA,NA,NA,NA,NA,Y,4,0,1,2,A,-,12,21453,A,N,D,C,A,A,A,-,A,A,0,NA,NA,NA,NA,Y,NA,D,22,0,0,1,0,0,0,0,0,0,-,-,33.968109130859375,-117.3528289794922,RIVERSIDE,RIVERSIDE,-117.35285949707033,33.96815872192383
9147829,2020,2020-11-10,3313,2020-08-21,1600,1880,3,5,5,7,3313,0,0,0,NA,0,T40,VAN BUREN BL,WOOD RD,690,W,N,A,-,N,NA,NA,NA,NA,NA,NA,NA,NA,NA,N,4,0,2,2,A,-,03,22350,NA,N,C,C,A,A,H,-,A,A,0,NA,NA,NA,NA,Y,NA,A,01,0,0,2,0,0,0,0,0,0,-,-,33.88713836669922,-117.33126068115234,RIVERSIDE,RIVERSIDE,-117.33363342285156,33.88713836669922
91479552,2021,2021-05-24,9840,2021-05-15,2240,019893,NA,6,3,6,3315,0,1,3,NA,2,031,STATE ROUTE 91 W/B,INTERSTATE 15,1308,W,N,A,-,Y,NA,NA,91,NA,NA,NA,NA,NA,W,Y,4,0,2,2,A,-,08,22107,NA,N,C,C,A,A,H,-,C,D,0,NA,NA,NA,NA,Y,NA,A,01,0,0,2,0,0,0,0,0,0,-,-,33.879878997802734,-117.55352020263672,RIVERSIDE,CORONA,-117.5535888671875,33.88010787963867
91481872,2021,2021-05-27,9655,2021-05-19,1305,016885,NA,3,1,4,3301,0,1,1,NA,2,204,I-10 E/B,22ND STREET,200,E,N,A,-,Y,NA,NA,10,NA,NA,NA,NA,NA,E,Y,3,0,1,1,A,-,08,22107,NA,N,F,A,A,A,D,-,A,D,0,NA,NA,Y,NA,Y,NA,C,02,0,1,0,0,0,0,0,0,1,-,-,33.92422103881836,-116.90017700195313,RIVERSIDE,BANNING,-116.90017700195313,33.92422103881836
91483349,2021,2021-05-27,9840,2021-05-16,1533,021194,NA,7,2,9,3300,0,2,4,NA,2,045,CAJALCO RD,FLORENCE STREET,150,E,N,B,-,N,NA,NA,NA,NA,NA,NA,NA,NA,NA,Y,4,0,1,1,A,-,01,23152,A,N,E,I,A,A,H,-,A,D,0,NA,NA,NA,NA,Y,Y,A,01,0,0,1,0,0,0,0,0,0,-,-,33.83721923828125,-117.2944107055664,RIVERSIDE,UNINCORPORATED,-117.2944107055664,33.837158203125
9148405,2020,2020-11-25,3300,2020-08-11,2142,3698,901B,2,5,4,3310,0,0,0,NA,0,050,6TH ST,RT 15,0,NA,Y,A,-,Y,RIV,8,15,-,-,45.423,R,4,N,N,4,0,1,2,A,-,12,21453,A,F,D,C,A,A,H,-,C,A,0,NA,NA,NA,NA,Y,NA,A,01,0,0,1,0,0,0,0,0,0,-,NF,33.93817901611328,-117.55487060546876,RIVERSIDE,NORCO,-117.55584716796876,33.93536376953125
91486831,2021,2021-06-01,9655,2021-05-25,0750,014743,NA,2,1,9,3300,0,1,3,NA,2,212,SR-60 W/B,JACK RABBIT TRAIL,15840,W,N,A,-,Y,NA,NA,60,NA,NA,NA,NA,NA,W,Y,4,0,1,5,A,-,03,22350,NA,N,C,C,A,A,D,-,A,D,0,NA,NA,NA,NA,Y,NA,A,07,0,0,1,0,0,0,0,0,0,-,-,33.943538665771484,-117.08136749267578,RIVERSIDE,UNINCORPORATED,-117.0813446044922,33.943382263183594
91486999,2021,2021-06-01,9840,2021-05-22,1423,021862,NA,6,2,9,3300,0,2,4,NA,2,039,MAGNOLIA AVE,LINCOLN ST.,30,E,N,A,-,N,NA,NA,NA,NA,NA,NA,NA,NA,NA,Y,4,0,1,2,A,-,03,22350,NA,N,C,C,A,A,H,-,A,A,0,NA,NA,NA,NA,Y,NA,A,01,0,0,1,0,0,0,0,0,0,-,-,33.88671875,-117.50576782226563,RIVERSIDE,UNINCORPORATED,-117.5058364868164,33.886627197265625
91487376,2021,2021-06-02,9630,2021-05-19,2315,021908,NA,3,3,9,3300,0,1,1,NA,2,301,I-10 E/B,CACTUS CITY REST AREA,7920,W,N,A,-,Y,NA,NA,10,NA,NA,NA,NA,NA,E,Y,3,0,2,2,A,-,02,22400,A,N,C,C,A,A,H,-,D,D,0,NA,NA,NA,Y,Y,NA,G,25,0,2,0,0,0,0,0,0,0,-,-,33.690731048583984,-116.04589080810548,RIVERSIDE,UNINCORPORATED,-116.04586791992188,33.6908073425293
91488244,2021,2021-06-03,9840,2021-06-01,1722,018611,NA,2,2,9,3300,0,1,1,NA,2,034,I-15 S/B,EL CERRITO ROAD,1620,S,N,A,-,Y,NA,NA,15,NA,NA,NA,NA,NA,S,N,4,0,3,2,A,-,03,22350,NA,N,C,C,A,A,H,-,A,D,0,NA,NA,NA,NA,Y,NA,D,22,0,0,3,0,0,0,0,0,0,-,-,33.82802963256836,-117.52709197998048,RIVERSIDE,UNINCORPORATED,-117.52703857421876,33.82808303833008
91490420,2021,2021-06-07,9685,2021-05-19,2340,014338,NA,3,3,3,3343,0,1,1,NA,2,010,I-15,BUNDY CANYON ROAD,2640,N,N,A,-,Y,NA,NA,15,NA,NA,NA,NA,NA,NA,N,3,0,1,2,A,-,03,22350,NA,F,C,C,A,A,H,-,D,D,0,NA,NA,NA,NA,Y,NA,-,99,0,1,0,0,0,0,0,0,0,-,-,33.63317108154297,-117.27780151367188,RIVERSIDE,WILDOMAR,-117.2778091430664,33.63316345214844
91490471,2021,2021-06-07,9840,2021-05-26,0849,014335,NA,3,1,9,3300,0,1,1,NA,2,037,I-15 NORTHBOUND,LAKE STREET,761,N,N,A,-,Y,NA,NA,NA,NA,NA,NA,NA,NA,NA,Y,4,0,2,5,A,-,03,22350,NA,N,C,C,A,A,H,-,A,D,0,NA,NA,NA,NA,Y,NA,A,01,0,0,2,0,0,0,0,0,0,-,-,33.730201721191406,-117.39569854736328,RIVERSIDE,UNINCORPORATED,-117.39286041259766,33.73019027709961
91491973,2021,2021-06-14,9630,2021-02-25,0930,019153,NA,4,1,9,3300,0,3,5,NA,2,001,YERXA ROAD,LOTUS LANE,200,N,N,A,G,N,NA,NA,NA,NA,NA,NA,NA,NA,NA,Y,1,1,0,1,A,-,01,23152,G,N,F,A,A,A,H,-,A,D,0,NA,NA,Y,NA,Y,Y,C,02,0,0,0,0,0,0,0,1,0,-,-,33.93544006347656,-116.4800033569336,RIVERSIDE,UNINCORPORATED,-116.47992706298828,33.93650817871094
91497736,2021,2021-06-15,9655,2021-06-10,2315,020774,NA,4,3,9,3300,0,1,1,NA,2,204,I-10 W/B,MAIN STREET,898,W,N,A,-,Y,NA,NA,10,NA,NA,NA,NA,NA,W,Y,3,0,1,3,A,-,03,22350,NA,N,C,C,A,A,D,-,D,A,0,NA,NA,NA,NA,Y,NA,A,01,0,1,0,0,0,0,0,0,0,-,-,33.91876983642578,-116.77996826171876,RIVERSIDE,UNINCORPORATED,-116.77996826171876,33.91890335083008
91499194,2021,2021-06-17,9840,2021-06-12,1830,021873,NA,6,2,6,3315,0,1,3,NA,2,031,SR-91 W/B,LINCOLN AVE.,1200,E,N,A,-,Y,NA,NA,91,NA,NA,NA,NA,NA,W,N,3,0,1,2,A,-,03,22350,NA,N,C,C,A,A,H,-,A,D,0,NA,NA,NA,NA,Y,NA,D,22,0,1,0,0,0,0,0,0,0,-,-,33.88174819946289,-117.57866668701172,RIVERSIDE,CORONA,-117.57868957519533,33.88153839111328
91501077,2021,2021-06-21,9655,2021-06-12,0105,020704,NA,6,3,9,3300,0,1,3,NA,1,314,SR-74,BEE CANYON TRUCK TRAIL,0,NA,N,A,-,Y,NA,NA,74,NA,NA,NA,NA,NA,NA,N,3,0,1,1,A,-,08,22107,NA,N,F,A,A,A,H,-,D,D,0,NA,NA,NA,NA,Y,NA,A,01,0,1,0,0,0,0,0,0,0,-,-,33.733951568603516,-116.81320190429688,RIVERSIDE,UNINCORPORATED,-116.81314086914063,33.73398208618164
91501276,2021,2021-06-21,9840,2021-06-11,2320,022180,NA,5,3,6,3345,0,1,1,NA,2,011,I-15 N/B,MISSION BOULEVARD,500,S,N,A,-,Y,NA,NA,15,NA,NA,NA,NA,NA,N,Y,2,0,1,1,A,-,08,22107,NA,N,E,8,A,A,H,-,C,D,0,NA,NA,NA,NA,Y,NA,D,22,1,0,0,0,0,0,0,0,0,-,-,34.028289794921875,-117.55001831054688,RIVERSIDE,JURUPA VALLEY,-117.54999542236328,34.028289794921875
91502034,2021,2021-06-21,9840,2021-06-12,0040,021943,NA,6,3,6,3394,0,1,3,NA,2,025,STATE ROUTE 60 WESTBOUND,DAY ST,1280,E,N,A,-,Y,NA,NA,60,NA,NA,NA,NA,NA,W,Y,4,0,1,2,A,-,01,23152,A,N,C,C,A,A,H,-,D,D,0,NA,NA,NA,NA,Y,Y,A,07,0,0,1,0,0,0,0,0,0,-,-,33.94192886352539,-117.27451324462892,RIVERSIDE,MORENO VALLEY,-117.27449798583984,33.941978454589844
91502084,2021,2021-06-21,9840,2021-06-09,1140,017802,NA,3,1,6,3394,0,1,3,NA,2,025,SR-60 W/B,PIGEON PASS RD.,300,W,N,A,-,Y,NA,NA,60,NA,NA,NA,NA,NA,W,Y,4,0,1,2,A,-,08,22107,NA,N,B,C,A,A,H,-,A,D,0,NA,NA,NA,NA,Y,NA,A,01,0,0,1,0,0,0,0,0,0,-,-,33.94084930419922,-117.26325988769533,RIVERSIDE,MORENO VALLEY,-117.26325988769533,33.94089126586914
91502545,2021,2021-06-22,9840,2021-06-18,1420,021198,NA,5,2,6,3315,0,1,1,NA,2,034,I-15 S/B,ONTARIO AVE,1627,N,N,A,-,Y,NA,NA,15,NA,NA,NA,NA,NA,S,N,4,0,1,2,A,-,03,22350,NA,N,C,C,A,A,H,-,A,D,0,NA,NA,NA,NA,Y,NA,A,07,0,0,1,0,0,0,0,0,0,-,-,33.84865188598633,-117.53459167480467,RIVERSIDE,CORONA,-117.53457641601563,33.84864807128906
91503901,2021,2021-06-23,9685,2021-06-17,0815,017285,NA,4,1,9,3300,0,3,5,NA,2,003,DE PORTOLA ROAD,MONTE DE ORO ROAD,500,W,N,A,-,N,NA,NA,NA,NA,NA,NA,NA,NA,NA,N,3,0,1,2,A,-,08,22107,NA,F,B,G,A,B,H,-,A,D,0,NA,Y,NA,NA,Y,NA,-,99,0,1,0,0,0,0,1,0,0,-,-,33.53546142578125,-117.01306915283205,RIVERSIDE,UNINCORPORATED,-117.01309204101563,33.535423278808594
91504377,2021,2021-06-23,9655,2021-06-13,0115,021008,NA,7,3,9,3300,0,1,1,NA,2,202,I-10 WB,CHERRY VALLEY BLVD,2112,E,N,A,-,Y,NA,NA,10,NA,NA,NA,NA,NA,W,Y,4,0,1,2,A,-,01,23152,A,N,C,C,A,A,H,-,D,D,0,NA,NA,NA,NA,Y,Y,A,01,0,0,1,0,0,0,0,0,0,-,-,33.964561462402344,-117.02921295166016,RIVERSIDE,UNINCORPORATED,-117.02916717529295,33.96460723876953
9150441,2020,2020-10-20,3313,2020-08-25,1404,1736,5,2,5,7,3313,0,0,0,NA,0,T49,CYPRESS AV,CHALLEN AV,344,W,N,A,-,N,NA,NA,NA,NA,NA,NA,NA,NA,NA,NA,4,0,3,2,A,-,09,21804,A,N,D,C,A,A,H,-,A,D,0,NA,NA,NA,NA,Y,NA,A,01,0,0,3,0,0,0,0,0,0,-,-,33.942649841308594,-117.46572875976563,RIVERSIDE,RIVERSIDE,-117.46694183349608,33.9428825378418
91505901,2021,2021-06-24,9655,2021-06-15,1720,020695,NA,2,2,9,3300,0,2,4,NA,2,322,STETSON AVE.,EVELYN WAY,277,E,N,A,-,N,NA,NA,NA,NA,NA,NA,NA,NA,NA,N,4,0,1,3,A,-,03,22350,NA,N,C,C,A,A,H,-,A,D,0,NA,NA,NA,NA,Y,NA,A,01,0,0,1,0,0,0,0,0,0,-,-,33.72943878173828,-116.96038055419922,RIVERSIDE,UNINCORPORATED,-116.95993041992188,33.72943878173828
9150607,2020,2020-11-25,3300,2020-08-13,1851,4153,910J,4,5,5,3335,0,0,0,NA,0,068,TEMECULA PKWY,OLD TOWN FRONT ST,0,NA,Y,A,-,Y,RIV,8,15,-,-,3.531,R,4,S,Y,4,0,1,2,A,-,08,22107,NA,N,C,E,A,A,H,-,A,D,0,NA,NA,NA,NA,Y,NA,A,07,0,0,1,0,0,0,0,0,0,-,-,NA,NA,RIVERSIDE,TEMECULA,-117.14150238037108,33.48227310180664
91506597,2021,2021-06-25,9685,2021-06-18,1040,017285,NA,5,1,5,3335,0,1,1,NA,2,030,I-15 S/B,TEMECULA PARKWAY,3696,S,N,A,-,Y,NA,NA,15,NA,NA,NA,NA,NA,S,Y,4,0,4,3,A,-,01,23152,A,N,C,C,A,A,H,-,A,D,0,NA,NA,NA,NA,Y,Y,A,01,0,0,4,0,0,0,0,0,0,-,-,33.470458984375,-117.1372299194336,RIVERSIDE,TEMECULA,-117.13727569580078,33.47044372558594
91508253,2021,2021-06-28,9630,2021-06-24,1555,016635,NA,4,2,9,3300,0,1,3,NA,2,014,OVERTURE DRIVE,SR-111 S/B,0,NA,Y,A,-,Y,NA,NA,NA,NA,NA,NA,NA,NA,NA,N,2,0,2,2,A,-,09,21802,A,N,D,C,A,A,H,-,A,A,0,NA,NA,Y,NA,Y,NA,D,22,2,0,0,0,0,0,0,0,2,-,-,33.53200912475586,-116.36215972900392,RIVERSIDE,UNINCORPORATED,-116.60623168945313,33.88886260986328
91508319,2021,2021-06-28,9660,2021-06-18,2225,022508,NA,5,3,3,3303,0,1,1,NA,2,032,I-10 W/B,DEFRAIN BLVD OVERCROSSING,388,W,N,A,-,Y,NA,NA,10,NA,NA,NA,NA,NA,W,Y,3,0,2,1,A,-,01,23152,A,N,F,A,A,A,H,-,D,D,0,NA,NA,NA,NA,Y,Y,A,01,0,2,0,0,0,0,0,0,0,-,-,33.6067008972168,-114.62386322021484,RIVERSIDE,BLYTHE,-114.62386322021484,33.606693267822266
91508619,2021,2021-06-29,9840,2021-06-14,0001,019844,NA,1,3,6,3315,0,1,1,NA,2,034,I-15 N/B TO ONTARIO AVENUE,ONTARIO AVE,2000,S,N,A,-,Y,NA,NA,15,NA,NA,NA,R,NA,N,N,3,0,1,1,A,-,01,23152,A,N,E,I,A,A,H,-,C,D,0,NA,NA,NA,NA,Y,Y,A,01,0,1,0,0,0,0,0,0,0,-,-,33.839778900146484,-117.53388214111328,RIVERSIDE,CORONA,-117.53388214111328,33.839778900146484
9150922,2020,2020-09-23,3300,2020-07-01,0549,5630,916D,3,5,4,3312,0,0,0,NA,0,032,PRRIS BL,METZ RD,0,NA,Y,A,-,N,NA,NA,NA,NA,NA,NA,NA,NA,NA,Y,2,0,2,2,A,-,09,21802,A,N,D,C,A,A,H,-,A,A,0,NA,NA,NA,NA,Y,NA,A,01,2,0,0,0,0,0,0,0,0,-,-,33.79378128051758,-117.22595977783205,RIVERSIDE,PERRIS,-117.2261199951172,33.793800354003906
91512150,2021,2021-07-02,9655,2021-04-06,0425,018708,NA,2,3,2,3336,0,1,1,NA,2,202,INTERSTATE 10 WESTBOUND,CHERRY VALLEY BOULEVARD,1664,E,N,B,-,Y,NA,NA,10,NA,NA,NA,NA,NA,W,Y,1,1,0,1,A,-,01,23152,G,N,F,A,A,A,H,-,D,D,0,NA,NA,NA,NA,Y,Y,D,22,0,0,0,0,0,0,0,0,0,-,-,33.96556854248047,-117.03038024902344,RIVERSIDE,CALIMESA,-117.03038787841795,33.96555709838867
91514424,2021,2021-07-07,9840,2021-07-06,0612,012208,NA,2,1,9,3300,0,2,4,NA,2,045,CAJALCO EXPRESSWAY,HARVILL AVENUE,1312,E,N,A,-,Y,NA,NA,NA,NA,NA,NA,NA,NA,NA,N,4,0,1,3,A,-,03,22350,NA,N,C,C,A,A,H,-,A,A,0,NA,NA,NA,NA,Y,NA,A,01,0,0,1,0,0,0,0,0,0,-,-,33.843509674072266,-117.25180053710938,RIVERSIDE,UNINCORPORATED,-117.2520751953125,33.84343338012695
91514648,2021,2021-07-07,9840,2021-07-01,2238,020766,NA,4,3,7,3313,0,1,3,NA,2,021,SR-91 W/B,BROCKTON AVE,800,W,N,A,-,Y,NA,NA,91,NA,NA,NA,NA,NA,W,Y,4,0,1,2,A,-,07,21658,A,M,B,C,A,A,H,-,C,D,0,NA,NA,NA,NA,Y,NA,A,01,0,0,1,0,0,0,0,0,0,-,-,33.94110107421875,-117.39607238769533,RIVERSIDE,RIVERSIDE,-117.39610290527344,33.94114685058594
91514683,2021,2021-07-07,9840,2021-07-02,1420,021297,NA,5,2,9,3300,0,3,5,NA,2,004,MARSHALL ST,LOPEZ RD,750,N,N,A,-,N,NA,NA,NA,NA,NA,NA,NA,NA,NA,Y,3,0,1,2,A,-,09,21801,B,N,A,C,A,A,H,-,A,D,0,NA,NA,NA,NA,Y,NA,D,22,0,1,0,0,0,0,0,0,0,-,-,33.783931732177734,-117.27864837646484,RIVERSIDE,UNINCORPORATED,-117.2785873413086,33.784934997558594
91516537,2021,2021-07-09,9840,2021-06-28,0834,018248,NA,1,1,6,3315,0,1,S,NA,2,300,SR-91 W/B,SR-71 N/B,3168,E,N,A,-,Y,NA,NA,91,NA,NA,NA,NA,NA,W,Y,4,0,1,2,A,-,07,21658,A,N,C,C,A,A,A,-,A,A,0,NA,NA,NA,NA,Y,NA,A,01,0,0,1,0,0,0,0,0,0,-,-,33.884639739990234,-117.63040161132813,RIVERSIDE,CORONA,-117.63040161132813,33.8846321105957
91516600,2021,2021-07-09,9630,2021-05-22,2115,019807,NA,6,2,9,3300,0,3,5,NA,2,504,64TH AVE,DATE PALM ST,528,E,N,A,-,N,NA,NA,NA,NA,NA,NA,NA,NA,NA,N,4,0,1,2,A,-,03,22350,NA,F,C,C,A,A,G,-,D,D,0,NA,NA,NA,NA,Y,NA,-,99,0,0,1,0,0,0,0,0,0,-,-,33.58395004272461,-115.07286071777344,RIVERSIDE,UNINCORPORATED,-116.07278,33.583874
91519241,2021,2021-07-13,9840,2021-06-23,0210,019576,NA,3,3,7,3313,0,1,3,NA,2,021,SR-91 E/B,ARLINGTON AVE,1000,W,N,A,-,Y,NA,NA,91,NA,NA,NA,NA,NA,E,Y,2,0,1,2,A,-,03,22350,NA,F,C,C,A,A,H,-,C,D,0,NA,NA,NA,NA,Y,NA,D,22,1,0,0,0,0,0,0,0,0,-,-,33.94068145751953,-117.39617919921876,RIVERSIDE,RIVERSIDE,-117.39627838134766,33.940818786621094
91519355,2021,2021-07-13,9840,2021-05-25,0001,018849,NA,2,3,6,3315,0,1,1,NA,2,034,I-15 N/B,MAGNOLIA AVE,1750,S,N,A,-,Y,NA,NA,15,NA,NA,NA,NA,NA,N,Y,3,0,1,2,A,-,01,23152,A,N,C,C,A,A,D,-,C,A,0,NA,NA,NA,Y,Y,Y,A,01,0,1,0,0,0,0,0,0,0,-,-,33.8621711730957,-117.53814697265624,RIVERSIDE,CORONA,-117.53813934326172,33.862178802490234