CASE_ID,ACCIDENT_YEAR,PROC_DATE,JURIS,COLLISION_DATE,COLLISION_TIME,OFFICER_ID,REPORTING_DISTRICT,DAY_OF_WEEK,CHP_SHIFT,POPULATION,CNTY_CITY_LOC,SPECIAL_COND,BEAT_TYPE,CHP_BEAT_TYPE,CITY_DIVISION_LAPD,CHP_BEAT_CLASS,BEAT_NUMBER,PRIMARY_RD,SECONDARY_RD,DISTANCE,DIRECTION,INTERSECTION,WEATHER_1,WEATHER_2,STATE_HWY_IND,CALTRANS_COUNTY,CALTRANS_DISTRICT,STATE_ROUTE,ROUTE_SUFFIX,POSTMILE_PREFIX,POSTMILE,LOCATION_TYPE,RAMP_INTERSECTION,SIDE_OF_HWY,TOW_AWAY,COLLISION_SEVERITY,NUMBER_KILLED,NUMBER_INJURED,PARTY_COUNT,PRIMARY_COLL_FACTOR,PCF_CODE_OF_VIOL,PCF_VIOL_CATEGORY,PCF_VIOLATION,PCF_VIOL_SUBSECTION,HIT_AND_RUN,TYPE_OF_COLLISION,MVIW,PED_ACTION,ROAD_SURFACE,ROAD_COND_1,ROAD_COND_2,LIGHTING,CONTROL_DEVICE,CHP_ROAD_TYPE,PEDESTRIAN_ACCIDENT,BICYCLE_ACCIDENT,MOTORCYCLE_ACCIDENT,TRUCK_ACCIDENT,NOT_PRIVATE_PROPERTY,ALCOHOL_INVOLVED,STWD_VEHTYPE_AT_FAULT,CHP_VEHTYPE_AT_FAULT,COUNT_SEVERE_INJ,COUNT_VISIBLE_INJ,COUNT_COMPLAINT_PAIN,COUNT_PED_KILLED,COUNT_PED_INJURED,COUNT_BICYCLIST_KILLED,COUNT_BICYCLIST_INJURED,COUNT_MC_KILLED,COUNT_MC_INJURED,PRIMARY_RAMP,SECONDARY_RAMP,LATITUDE,LONGITUDE,COUNTY,CITY,POINT_X,POINT_Y
92066651,2023,2023-05-11,9630,2023-05-02,1115,017467,NA,2,1,7,3313,0,3,5,NA,2,002,LINGAYAN AVENUE,VAN BUREN ST,220,E,N,A,-,N,NA,NA,NA,NA,NA,NA,NA,NA,NA,N,4,0,1,2,A,-,21,22106,NA,M,H,C,A,A,H,-,A,D,0,NA,NA,NA,NA,Y,NA,-,99,0,0,1,0,0,0,0,0,0,-,-,33.701358795166016,-116.19818115234376,RIVERSIDE,RIVERSIDE,-116.19831848144533,33.70137023925781
92067815,2022,2023-05-12,9685,2022-10-11,1020,016885,NA,2,1,5,3335,0,1,1,NA,2,030,I-15 N/B FROM TEMECULA PARKWAY,TEMECULA PARKWAY,521,N,N,B,-,Y,RIV,NA,15,NA,NA,3.518,H,NA,R,N,1,1,0,1,A,-,01,23152,F,N,F,A,A,A,H,-,A,D,0,NA,NA,Y,NA,Y,NA,C,02,0,0,0,0,0,0,0,1,0,-,-,33.48176956176758,-117.14063262939452,RIVERSIDE,TEMECULA,-117.14090728759766,33.48169708251953
92068629,2023,2023-05-15,9840,2023-05-07,138,021194,NA,7,3,7,3313,0,1,3,NA,2,025,SR-60 W/B,DAY STREET,1353,W,N,A,-,Y,RIV,NA,60,NA,NA,13.044,H,NA,L,Y,3,0,4,2,A,-,01,23152,A,N,C,C,A,A,H,-,D,D,0,NA,NA,NA,NA,Y,Y,A,01,0,2,2,0,0,0,0,0,0,-,-,33.94350051879883,-117.2834701538086,RIVERSIDE,RIVERSIDE,-117.2834701538086,33.94348907470703
92069217,2023,2023-06-23,9685,2023-05-04,1535,017903,NA,4,2,5,3335,0,1,1,NA,2,030,INTERSTATE 15,RANCHO CALIFORNIA ROAD,1584,N,N,B,-,Y,RIV,NA,15,NA,NA,6.042,H,NA,L,Y,3,0,4,4,A,-,03,22350,NA,N,C,C,A,A,G,-,A,D,0,NA,NA,NA,Y,Y,NA,F,56,0,1,3,0,0,0,0,0,0,-,-,33.51511001586914,-117.15834045410156,RIVERSIDE,TEMECULA,-117.15828704833984,33.515132904052734
92069673,2023,2023-05-16,9840,2023-04-29,1704,021080,NA,6,2,6,3394,0,1,3,NA,2,025,SR-60 E/B,FREDERICK ST.,2482,W,N,A,-,Y,RIV,NA,60,NA,NA,13.856,H,NA,R,N,4,0,2,2,A,-,08,22107,NA,M,C,C,A,A,H,-,A,D,0,NA,NA,NA,NA,Y,NA,B,01,0,0,2,0,0,0,0,0,0,-,-,33.940921783447266,-117.2697982788086,RIVERSIDE,MORENO VALLEY,-117.2697982788086,33.9409294128418
92071347,2023,2023-05-17,9685,2023-04-20,905,016765,NA,4,1,9,3300,0,1,3,NA,1,026,SR-74,RITTER AVE,0,NA,Y,A,-,Y,RIV,NA,74,NA,NA,32.344,H,NA,R,Y,3,0,1,3,A,-,09,21800,A,N,D,C,A,A,H,-,A,A,0,NA,NA,NA,NA,Y,NA,A,01,0,1,0,0,0,0,0,0,0,-,-,33.74338150024414,-117.10965728759766,RIVERSIDE,UNINCORPORATED,-117.10965728759766,33.74330520629883
92074561,2023,2023-05-22,9840,2023-04-15,1650,017441,NA,6,2,6,3345,0,1,3,NA,2,010,SR-60 E/B,RUBIDOUX BLVD,1335,W,N,A,-,Y,RIV,NA,60,NA,NA,9.291,H,NA,R,Y,4,0,1,4,A,-,03,22350,NA,N,C,2,A,A,H,-,A,D,0,NA,NA,NA,NA,Y,NA,D,22,0,0,1,0,0,0,0,0,0,-,-,34.004188537597656,-117.40503692626952,RIVERSIDE,JURUPA VALLEY,-117.40503692626952,34.004150390625
92075251,2023,2023-05-23,9840,2023-05-10,1530,016619,NA,3,2,6,3345,0,1,3,NA,2,010,SR-60 E/B,CAMINO REAL,100,E,N,A,-,Y,RIV,NA,60,NA,R,6.343,H,NA,R,N,4,0,1,2,A,-,03,22350,NA,N,C,C,A,A,H,-,A,D,0,NA,NA,NA,NA,Y,NA,A,01,0,0,1,0,0,0,0,0,0,-,-,34.01409912109375,-117.44965362548828,RIVERSIDE,JURUPA VALLEY,-117.4496612548828,34.014060974121094
92075253,2023,2023-05-23,9840,2023-05-10,1435,019219,NA,3,2,7,3313,0,1,1,NA,2,040,I-215 SOUTHBOUND,CACTUS AVENUE,1000,N,N,B,-,Y,RIV,NA,215,NA,R,35.946,H,NA,L,Y,4,0,2,2,A,-,07,21658,A,N,C,C,A,A,H,-,A,D,0,NA,NA,NA,NA,Y,NA,A,07,0,0,2,0,0,0,0,0,0,-,-,33.911048889160156,-117.2831573486328,RIVERSIDE,RIVERSIDE,-117.2831573486328,33.911048889160156
92075274,2023,2023-05-23,9840,2023-05-10,1416,021261,NA,3,2,9,3300,0,1,1,NA,2,041,I-215 S/B,RAMONA EXPWY,1690,S,N,B,-,Y,RIV,NA,215,NA,R,30.606,H,NA,L,Y,2,0,1,2,A,-,07,21658,A,N,B,C,A,A,H,-,A,D,0,NA,NA,Y,NA,Y,NA,D,22,1,0,0,0,0,0,0,0,1,-,-,33.83919906616211,-117.24958801269533,RIVERSIDE,UNINCORPORATED,-117.24961090087892,33.839195251464844
9207576,2020,2021-02-11,3313,2020-12-08,1628,0623,1,2,5,7,3313,0,0,0,NA,0,M10,JURUPA AV,RIO RANCHO WY,449,E,N,A,-,N,NA,NA,NA,NA,NA,NA,NA,NA,NA,Y,4,0,1,2,A,-,08,22107,NA,N,D,C,A,A,H,-,B,D,0,NA,NA,NA,NA,Y,NA,D,22,0,0,1,0,0,0,0,0,0,-,-,33.96162033081055,-117.42559051513672,RIVERSIDE,RIVERSIDE,-117.42422485351563,33.96236801147461
92076189,2022,2023-05-24,9685,2022-11-12,0205,016986,NA,6,3,9,3300,0,3,5,NA,2,003,"36000 BLOCK, BENTON ROAD",BEECH STREET,259,E,N,A,-,N,NA,NA,NA,NA,NA,NA,NA,NA,NA,Y,1,1,0,2,A,-,01,23152,A,N,C,C,A,A,H,-,D,D,0,NA,NA,Y,NA,Y,Y,C,02,0,0,0,0,0,0,0,1,0,-,-,33.590858459472656,-117.10626220703124,RIVERSIDE,UNINCORPORATED,-117.10629272460938,33.59088134765625
92076284,2023,2023-05-24,9840,2023-05-13,1728,019219,NA,6,2,7,3313,0,1,3,NA,2,020,SR-91 WESTBOUND,LA SIERRA  AVENUE,50,W,N,A,-,Y,RIV,NA,91,NA,NA,11.96,H,NA,L,N,4,0,2,2,A,-,03,22350,NA,N,C,C,A,A,H,-,A,D,0,NA,NA,NA,NA,Y,NA,-,-,0,0,2,0,0,0,0,0,0,-,-,33.89992904663086,-117.4738998413086,RIVERSIDE,RIVERSIDE,-117.47390747070313,33.89994430541992
92077220,2023,2023-05-25,9685,2023-05-16,800,015757,NA,2,1,9,3300,0,3,5,NA,2,003,WISTERIA LOOP,CHEROKEE ROSE ST,0,NA,Y,A,-,N,NA,NA,NA,NA,NA,NA,NA,NA,NA,N,4,0,1,2,A,-,09,21802,A,N,D,C,A,A,H,-,A,A,0,NA,NA,NA,NA,Y,NA,A,07,0,0,1,0,0,0,0,0,0,-,-,33.60857009887695,-117.09485626220705,RIVERSIDE,UNINCORPORATED,-117.09481048583984,33.60855484008789
92077614,2023,2023-05-25,9840,2023-05-07,2017,021080,NA,7,2,7,3313,0,1,1,NA,2,023,I-215 NB,CENTRAL AVE.,2640,N,N,A,-,Y,RIV,NA,215,NA,NA,40.035,H,NA,R,N,3,0,3,2,A,-,03,22350,NA,N,C,C,A,A,H,-,C,D,0,NA,NA,NA,NA,Y,NA,D,22,0,1,2,0,0,0,0,0,0,-,-,33.96107864379883,-117.31806182861328,RIVERSIDE,RIVERSIDE,-117.31805419921876,33.96108627319336
92077658,2023,2023-05-25,9840,2023-05-16,1735,017441,NA,2,2,7,3313,0,1,1,NA,2,022,I-215 N/B,COLUMBIA AVE,2440,N,N,A,-,Y,RIV,NA,215,NA,NA,44.358,H,NA,R,N,4,0,1,2,A,-,03,22350,NA,N,C,C,A,A,H,-,A,D,0,NA,NA,NA,NA,Y,NA,A,01,0,0,1,0,0,0,0,0,0,-,-,34.00720977783203,-117.34790802001952,RIVERSIDE,RIVERSIDE,-117.34796905517578,34.007240295410156
92078814,2023,2023-05-26,9840,2023-05-18,750,017802,NA,4,1,6,3345,0,1,3,NA,2,010,SR-60 W/B4,PACIFIC AVE.,1000,W,N,A,-,Y,RIV,NA,60,NA,NA,7.866,H,NA,L,N,3,0,4,4,A,-,03,22350,NA,N,C,C,A,A,H,-,A,D,0,NA,NA,NA,NA,Y,NA,D,22,0,4,0,0,0,0,0,0,0,-,-,34.010169982910156,-117.4284210205078,RIVERSIDE,JURUPA VALLEY,-117.42840576171876,34.01020050048828
92081059,2023,2023-05-30,9840,2023-05-28,1550,020455,NA,7,2,6,3315,0,1,3,NA,2,030,SR-91 E/B,LINCOLN AVE,2300,W,N,A,-,Y,RIV,NA,91,NA,NA,4.92,H,NA,R,Y,3,0,2,5,A,-,03,22350,NA,N,C,C,A,A,H,-,A,D,0,NA,NA,NA,NA,Y,NA,D,22,0,1,1,0,0,0,0,0,0,-,-,33.882080078125,-117.5905532836914,RIVERSIDE,CORONA,-117.59056091308594,33.88215637207031
92081332,2023,2023-05-30,9685,2023-05-17,1905,015906,NA,3,2,9,3300,0,1,3,NA,1,031,SR-79 NORTHBOUND (WINCHESTER ROAD),MAX GILLISS BOULEVARD,433,S,N,A,-,Y,RIV,NA,79,NA,R,8.33,H,NA,R,Y,4,0,1,3,A,-,01,23152,F,M,C,C,A,A,H,-,A,D,0,NA,NA,NA,NA,Y,NA,A,01,0,0,1,0,0,0,0,0,0,-,-,33.59693145751953,-117.11943817138672,RIVERSIDE,UNINCORPORATED,-117.11939239501952,33.596900939941406
92083455,2023,2023-06-01,9655,2023-05-19,1825,021908,NA,5,2,9,3300,0,3,5,NA,2,003,OLIVE AVE,SR-79,1056,W,N,A,-,Y,NA,NA,NA,NA,NA,NA,NA,NA,NA,N,3,0,1,2,A,-,09,21800,A,N,D,C,A,A,H,-,A,D,0,NA,NA,Y,NA,Y,NA,-,-,0,1,0,0,0,0,0,0,1,-,-,33.699798583984375,-117.0915069580078,RIVERSIDE,UNINCORPORATED,-117.08831787109376,33.699764251708984
92083501,2023,2023-06-01,9685,2023-05-15,2255,019183,NA,1,3,7,3313,0,1,1,NA,2,030,I-15 N/B,TEMECULA PKWY,5280,S,N,A,-,Y,RIV,NA,15,NA,R,2.414,H,NA,R,Y,4,0,3,5,A,-,01,23152,A,M,C,C,A,A,H,-,D,D,0,NA,NA,NA,NA,Y,Y,A,01,0,0,3,0,0,0,0,0,0,-,-,33.46628189086914,-117.13609313964844,RIVERSIDE,RIVERSIDE,-117.13612365722656,33.466278076171875
92083660,2023,2023-06-01,9655,2023-05-24,2205,022361,NA,3,3,9,3300,0,1,3,NA,2,315,SR-79,OLIVE AVE.,50,S,N,A,-,Y,RIV,NA,79,NA,R,16.136,H,NA,R,Y,3,0,2,3,A,-,01,23152,A,N,C,C,A,A,H,-,D,D,0,NA,NA,NA,NA,Y,Y,A,01,0,1,1,0,0,0,0,0,0,-,-,33.69961929321289,-117.08487701416016,RIVERSIDE,UNINCORPORATED,-117.08488464355467,33.69961929321289
92083865,2023,2023-06-01,9655,2023-05-27,1725,021732,NA,6,2,4,3301,0,1,1,NA,2,204,I-10 E/B,SUNSET AVENUE,2112,W,N,A,-,Y,RIV,NA,10,NA,NA,10.983,H,NA,R,N,4,0,1,2,A,-,03,22350,NA,M,C,C,A,A,D,-,A,D,0,NA,NA,NA,NA,Y,NA,-,99,0,0,1,0,0,0,0,0,0,-,-,33.92549133300781,-116.91790008544922,RIVERSIDE,BANNING,-116.91790008544922,33.92547607421875
92085716,2023,2023-06-05,9840,2023-05-25,1620,017006,NA,4,2,9,3300,0,3,5,NA,2,003,TEMESCAL CANYON RD,SQUAW MOUNTAIN RD,0,NA,Y,A,-,N,NA,NA,NA,NA,NA,NA,NA,NA,NA,N,3,0,1,2,A,-,21,22106,NA,F,D,G,A,A,H,-,A,A,0,NA,Y,NA,NA,Y,NA,-,-,0,1,0,0,0,0,1,0,0,-,-,33.876949310302734,-117.54617309570313,RIVERSIDE,UNINCORPORATED,-117.48763275146484,33.76826095581055
92085724,2023,2023-06-05,9840,2023-05-24,1305,017882,NA,3,1,9,3300,0,2,4,NA,2,045,CAJALCO RD,DAY ST,1320,E,N,A,-,N,NA,NA,NA,NA,NA,NA,NA,NA,NA,Y,4,0,1,3,A,-,03,22350,NA,M,C,C,A,A,H,-,A,D,0,NA,NA,NA,NA,Y,NA,D,22,0,0,1,0,0,0,0,0,0,-,-,33.83734893798828,-117.27539825439452,RIVERSIDE,UNINCORPORATED,-117.27464294433594,33.837337493896484
92087462,2023,2023-06-07,9685,2023-05-25,2250,015906,NA,4,3,3,3343,0,1,1,NA,2,010,I-15 SOUTHBOUND,OLIVE STREET UNDERCROSSING,630,N,N,A,-,Y,RIV,NA,15,NA,NA,17.655,H,NA,L,Y,3,0,1,2,A,-,01,23152,A,N,C,C,A,A,H,-,D,D,0,NA,NA,NA,Y,Y,Y,A,07,0,1,0,0,0,0,0,0,0,-,-,33.643531799316406,-117.28491973876952,RIVERSIDE,WILDOMAR,-117.2848892211914,33.6435432434082
92088407,2023,2023-06-07,9685,2023-05-27,359,019860,NA,6,3,9,3300,0,3,5,NA,2,003,LEON ROAD,HILTON ROAD,36,N,N,A,-,N,NA,NA,NA,NA,NA,NA,NA,NA,NA,Y,4,0,1,1,A,-,01,23152,A,N,E,I,A,A,H,-,D,D,0,NA,NA,NA,NA,Y,Y,A,07,0,0,1,0,0,0,0,0,0,-,-,33.625431060791016,-117.11898803710938,RIVERSIDE,UNINCORPORATED,-117.1188507080078,33.62534713745117
92090165,2023,2023-06-09,9840,2023-05-27,1946,018849,NA,6,2,7,3313,0,1,3,NA,2,021,SR-91 W/B,MADISON ST,710,E,N,A,-,Y,RIV,NA,91,NA,NA,16.795,H,NA,L,N,4,0,1,1,A,-,08,22107,NA,N,E,I,A,A,H,-,B,D,0,NA,NA,Y,NA,Y,NA,C,02,0,0,1,0,0,0,0,0,1,-,-,33.93711853027344,-117.40297698974608,RIVERSIDE,RIVERSIDE,-117.40292358398438,33.93705368041992
92093386,2023,2023-06-14,9840,2023-06-01,945,014916,NA,4,1,9,3300,0,3,5,NA,2,004,ALESSANDRO BLVD,I215,528,E,N,B,-,N,NA,NA,NA,NA,NA,NA,NA,NA,NA,N,4,0,1,2,A,-,12,21453,A,N,D,C,A,A,H,-,A,A,0,NA,NA,NA,NA,Y,NA,A,07,0,0,1,0,0,0,0,0,0,-,-,33.916690826416016,-117.2868194580078,RIVERSIDE,UNINCORPORATED,-117.28571319580078,33.9168701171875
92094674,2023,2023-06-15,9840,2023-06-03,2031,020220,NA,6,2,9,3300,0,3,5,NA,2,004,ALEXANDER STREET,BAILLY STREET,0,NA,Y,A,-,N,NA,NA,NA,NA,NA,NA,NA,NA,NA,Y,2,0,2,2,A,-,09,21801,B,N,D,C,A,A,H,-,D,D,0,NA,NA,Y,NA,Y,NA,C,02,2,0,0,0,0,0,0,0,1,-,-,33.853919982910156,-117.3051300048828,RIVERSIDE,UNINCORPORATED,-117.30508422851563,33.8538703918457
92094987,2023,2023-06-15,9840,2023-06-05,1540,019219,NA,1,2,9,3300,0,1,1,NA,2,040,I-215 SOUTHBOUND,CACTUS AVENUE,100,N,N,A,-,Y,RIV,NA,215,NA,R,35.792,H,NA,L,N,4,0,1,2,A,-,03,22350,NA,N,C,C,A,A,H,-,A,D,0,NA,NA,NA,NA,Y,NA,A,01,0,0,1,0,0,0,0,0,0,-,-,33.90938949584961,-117.28132629394533,RIVERSIDE,UNINCORPORATED,-117.28138732910156,33.90934753417969
92095214,2023,2023-06-16,9655,2023-06-05,2233,021048,NA,1,3,9,3300,0,1,3,NA,2,315,STATE ROUTE 79 NORTHBOUND,9TH STREET,0,NA,Y,A,-,Y,RIV,NA,79,NA,R,17.065,H,NA,R,Y,2,0,2,2,A,-,11,21954,A,N,G,B,E,A,H,-,D,D,0,Y,NA,Y,NA,Y,Y,N,60,2,0,0,0,1,0,0,0,1,-,-,33.71274948120117,-117.08406829833984,RIVERSIDE,UNINCORPORATED,-117.08409118652344,33.7127685546875
92095776,2023,2023-06-16,9655,2023-06-15,1005,019049,NA,4,1,9,3300,0,3,5,NA,2,002,BROOKSIDE AVENUE,SR-79,0,NA,Y,B,-,Y,NA,NA,NA,NA,NA,NA,NA,NA,NA,Y,3,0,1,2,A,-,12,21453,A,N,D,C,A,A,H,-,A,A,0,NA,NA,NA,NA,Y,NA,A,01,0,1,0,0,0,0,0,0,0,-,-,33.96147155761719,-116.9772720336914,RIVERSIDE,UNINCORPORATED,NA,NA
92097000,2023,2023-06-19,9840,2023-06-07,1429,018611,NA,3,2,6,3315,0,1,3,NA,2,030,SR-91 E/B,GREEN RIVER ROAD,2056,W,N,B,-,Y,NA,NA,NA,NA,NA,NA,NA,NA,NA,Y,3,0,4,2,A,-,03,22350,NA,N,C,C,A,A,H,-,A,D,0,NA,NA,NA,NA,Y,NA,A,07,0,1,3,0,0,0,0,0,0,-,-,NA,NA,RIVERSIDE,CORONA,-117.6608657836914,33.87572479248047
92100721,2023,2023-06-23,9660,2023-06-22,819,019623,NA,4,1,9,3300,0,3,5,NA,2,003,DEFRAIN BLVD.,10TH AVE,120,S,N,A,-,N,NA,NA,NA,NA,NA,NA,NA,NA,NA,Y,4,0,2,2,A,-,08,22107,NA,N,B,C,A,A,B,D,A,A,0,NA,NA,NA,NA,Y,NA,A,07,0,0,2,0,0,0,0,0,0,-,-,33.63140869140625,-114.62361907958984,RIVERSIDE,UNINCORPORATED,-114.62358856201172,33.63142395019531
92100755,2023,2023-06-23,9685,2023-06-12,55,019183,NA,1,3,4,3342,0,1,1,NA,2,020,I-215 (N/B),SCOTT ROAD,550,S,N,B,-,Y,NA,NA,NA,NA,NA,NA,NA,NA,NA,Y,2,0,1,1,A,-,01,23152,A,N,E,I,A,A,H,-,C,D,0,NA,NA,NA,NA,Y,Y,A,01,1,0,0,0,0,0,0,0,0,-,-,33.64019012451172,-117.17048645019533,RIVERSIDE,MURRIETA,-117.17105865478516,33.64018630981445
92101077,2023,2023-06-23,9630,2023-06-16,1315,021513,NA,5,1,9,3300,0,3,5,NA,2,001,NORTH INDIAN CANYON DR,DILLON RD,128,N,N,A,-,N,NA,NA,NA,NA,NA,NA,NA,NA,NA,Y,4,0,1,2,A,-,03,22350,NA,N,C,C,A,A,H,-,A,A,0,NA,NA,NA,NA,Y,NA,A,07,0,0,1,0,0,0,0,0,0,-,-,33.92523956298828,-116.54524993896484,RIVERSIDE,UNINCORPORATED,-116.54527282714844,33.92518997192383
92105287,2023,2023-06-29,9630,2023-06-21,1400,022441,NA,3,2,9,3300,0,3,5,NA,2,501,55TH AVENUE,VAN BUREN STREET,1600,W,N,A,-,N,NA,NA,NA,NA,NA,NA,NA,NA,NA,Y,2,0,3,2,A,-,01,23152,F,N,D,C,A,A,H,-,A,D,0,NA,NA,NA,NA,Y,NA,A,01,3,0,0,0,0,0,0,0,0,-,-,33.649330139160156,-116.20435333251952,RIVERSIDE,UNINCORPORATED,-116.20421600341795,33.649349212646484
9210915,2020,2021-01-20,3325,2020-11-17,1816,515,3325,2,5,4,3325,0,0,0,NA,0,002,33RD AV,SHIFTING SANDS TRL,0,W,N,A,-,N,NA,NA,NA,NA,NA,NA,NA,NA,NA,N,4,0,1,2,A,-,08,22107,NA,N,B,G,A,A,H,-,C,D,0,NA,Y,NA,NA,Y,NA,A,01,0,0,1,0,0,0,1,0,0,-,-,NA,NA,RIVERSIDE,CATHEDRAL CITY,-116.47232055664063,33.808631896972656
9210919,2020,2021-01-20,3325,2020-11-02,1756,535C,DESER,1,5,4,3325,0,0,0,NA,0,002,RAMON RD,NEUMA DR,304,E,N,A,-,N,NA,NA,NA,NA,NA,NA,NA,NA,NA,Y,2,0,2,2,A,-,08,22107,NA,F,D,C,A,A,H,-,C,D,0,NA,NA,NA,NA,Y,NA,A,01,1,0,1,0,0,0,0,0,0,-,-,NA,NA,RIVERSIDE,CATHEDRAL CITY,-116.45036315917967,33.816009521484375
92109625,2023,2023-07-05,9685,2023-06-24,1940,018539,NA,6,2,9,3300,0,1,3,NA,1,039,SR-79 S/B,WOODCHUCK ROAD,1000,N,N,A,-,Y,RIV,NA,79,NA,NA,11.351,H,NA,L,Y,4,0,1,3,A,-,05,21460,A,M,A,C,A,A,H,-,A,D,0,NA,NA,NA,NA,Y,NA,-,99,0,0,1,0,0,0,0,0,0,-,-,33.46875,-117.00649261474608,RIVERSIDE,UNINCORPORATED,-117.00649261474608,33.4687385559082
92109921,2023,2023-07-05,9840,2023-06-22,1316,017006,NA,4,1,6,3345,0,1,1,NA,2,011,I-15 N/B,PHILADELPHIA ST,500,S,N,A,-,Y,RIV,NA,15,NA,NA,52.184,H,NA,R,Y,3,0,2,3,A,-,03,22350,NA,N,C,C,A,A,H,-,A,D,0,NA,NA,NA,NA,Y,NA,A,07,0,1,1,0,0,0,0,0,0,-,-,34.032039642333984,-117.55011749267578,RIVERSIDE,JURUPA VALLEY,-117.55013275146484,34.032039642333984
92110225,2023,2023-07-05,9655,2023-06-23,450,021977,NA,5,3,9,3300,0,1,3,NA,2,212,STATE ROUTE 60 EASTBOUND,JACK RABBIT TRAIL,7920,W,N,A,-,Y,RIV,NA,60,NA,NA,26.163,H,NA,R,Y,3,0,1,1,A,-,08,22107,NA,N,E,I,A,A,H,-,B,D,0,NA,NA,NA,NA,Y,Y,A,01,0,1,0,0,0,0,0,0,0,-,-,33.947021484375,-117.0603485107422,RIVERSIDE,UNINCORPORATED,-117.0603485107422,33.94701385498047
92113787,2023,2023-07-11,9840,2023-06-29,1632,020913,NA,4,2,7,3313,0,1,1,NA,2,023,I-215 S/B,BLAINE ST,1585,N,N,A,-,Y,RIV,NA,215,NA,NA,42.495,H,NA,L,N,4,0,2,3,A,-,03,22350,NA,N,C,C,A,A,H,-,A,D,0,NA,NA,NA,NA,Y,NA,D,22,0,0,2,0,0,0,0,0,0,-,-,33.9864616394043,-117.34673309326172,RIVERSIDE,RIVERSIDE,-117.3466339111328,33.98652648925781
92113839,2023,2023-07-11,9630,2023-06-30,39,021416,NA,5,3,9,3300,0,3,5,NA,2,001,MOUNTAIN VIEW RD,DILLON RD,1584,S,N,A,-,N,NA,NA,NA,NA,NA,NA,NA,NA,NA,Y,2,0,2,2,A,-,01,23152,A,N,C,E,A,A,H,-,D,D,0,NA,NA,NA,NA,Y,Y,A,01,1,0,1,0,0,0,0,0,0,-,-,33.91999816894531,-116.4755630493164,RIVERSIDE,UNINCORPORATED,-116.47561645507813,33.920623779296875
92114423,2023,2023-07-11,9655,2023-06-29,1251,021732,NA,4,1,9,3300,0,1,3,NA,2,315,WINCHESTER ROAD,CONSTRUCTION ROAD,1056,N,N,A,-,N,NA,NA,NA,NA,NA,NA,NA,NA,NA,Y,4,0,1,2,A,-,09,21801,A,N,D,C,A,A,H,-,A,D,0,NA,NA,NA,NA,Y,NA,-,-,0,0,1,0,0,0,0,0,0,-,-,33.68117904663086,-117.08431243896484,RIVERSIDE,UNINCORPORATED,-117.08421325683594,33.681175231933594
9211454,2020,2022-06-18,3313,2020-11-24,2003,1827,1,2,5,7,3313,0,0,0,NA,0,T43,BROCKTON AV,BEATTY DR,0,NA,Y,A,-,N,NA,NA,NA,NA,NA,NA,NA,NA,NA,Y,1,1,1,2,A,-,12,21453,A,N,A,C,A,A,H,-,C,A,0,NA,NA,NA,NA,Y,Y,A,01,1,0,0,0,0,0,0,0,0,-,-,33.95444869995117,-117.39675903320313,RIVERSIDE,RIVERSIDE,-117.39678192138672,33.955528259277344
92118608,2023,2023-07-18,9840,2023-07-04,2255,021873,NA,2,3,6,3394,0,1,3,NA,2,025,SR-60 W/B,PERRIS BLVD.,2050,W,N,A,-,Y,RIV,NA,60,NA,NA,15.943,H,NA,L,Y,3,0,1,2,A,-,08,22107,NA,N,B,C,A,A,H,-,C,D,0,NA,NA,NA,NA,Y,NA,A,01,0,1,0,0,0,0,0,0,0,-,-,33.941200256347656,-117.23352813720705,RIVERSIDE,MORENO VALLEY,-117.23352813720705,33.94116973876953
92118713,2023,2023-07-17,9840,2023-07-07,403,021218,NA,5,3,7,3313,0,1,1,NA,2,023,I-215 S/B,CENTRAL AVE,1584,N,N,A,-,Y,RIV,NA,215,NA,NA,39.825,H,NA,L,Y,3,0,1,2,A,-,08,22107,NA,M,B,C,A,A,H,-,D,D,0,NA,NA,NA,NA,Y,NA,-,99,0,1,0,0,0,0,0,0,0,-,-,33.960670471191406,-117.31456756591795,RIVERSIDE,RIVERSIDE,-117.3145751953125,33.9607048034668
92121101,2023,2023-07-19,9685,2023-07-16,1620,016502,NA,7,2,5,3335,0,1,1,NA,2,030,I-15 N/B,RANCHO CALIFORNIA RD.,3538,N,N,A,-,Y,RIV,NA,15,NA,NA,5.658,H,NA,R,N,4,0,1,2,A,-,03,22350,NA,N,C,C,A,A,H,-,A,D,0,NA,NA,NA,NA,Y,NA,A,01,0,0,1,0,0,0,0,0,0,-,-,33.51020812988281,-117.15543365478516,RIVERSIDE,TEMECULA,-117.1554718017578,33.510196685791016