CASE_ID,ACCIDENT_YEAR,PROC_DATE,JURIS,COLLISION_DATE,COLLISION_TIME,OFFICER_ID,REPORTING_DISTRICT,DAY_OF_WEEK,CHP_SHIFT,POPULATION,CNTY_CITY_LOC,SPECIAL_COND,BEAT_TYPE,CHP_BEAT_TYPE,CITY_DIVISION_LAPD,CHP_BEAT_CLASS,BEAT_NUMBER,PRIMARY_RD,SECONDARY_RD,DISTANCE,DIRECTION,INTERSECTION,WEATHER_1,WEATHER_2,STATE_HWY_IND,CALTRANS_COUNTY,CALTRANS_DISTRICT,STATE_ROUTE,ROUTE_SUFFIX,POSTMILE_PREFIX,POSTMILE,LOCATION_TYPE,RAMP_INTERSECTION,SIDE_OF_HWY,TOW_AWAY,COLLISION_SEVERITY,NUMBER_KILLED,NUMBER_INJURED,PARTY_COUNT,PRIMARY_COLL_FACTOR,PCF_CODE_OF_VIOL,PCF_VIOL_CATEGORY,PCF_VIOLATION,PCF_VIOL_SUBSECTION,HIT_AND_RUN,TYPE_OF_COLLISION,MVIW,PED_ACTION,ROAD_SURFACE,ROAD_COND_1,ROAD_COND_2,LIGHTING,CONTROL_DEVICE,CHP_ROAD_TYPE,PEDESTRIAN_ACCIDENT,BICYCLE_ACCIDENT,MOTORCYCLE_ACCIDENT,TRUCK_ACCIDENT,NOT_PRIVATE_PROPERTY,ALCOHOL_INVOLVED,STWD_VEHTYPE_AT_FAULT,CHP_VEHTYPE_AT_FAULT,COUNT_SEVERE_INJ,COUNT_VISIBLE_INJ,COUNT_COMPLAINT_PAIN,COUNT_PED_KILLED,COUNT_PED_INJURED,COUNT_BICYCLIST_KILLED,COUNT_BICYCLIST_INJURED,COUNT_MC_KILLED,COUNT_MC_INJURED,PRIMARY_RAMP,SECONDARY_RAMP,LATITUDE,LONGITUDE,COUNTY,CITY,POINT_X,POINT_Y
92428968,2024,2024-07-02,9630,2024-06-26,805,019758,NA,3,1,9,3300,0,3,5,NA,2,501,53RD AVE,CALHOUN ST,0,NA,Y,A,-,N,NA,NA,NA,NA,NA,NA,NA,NA,NA,Y,3,0,1,2,A,-,09,21802,A,N,C,C,A,A,H,-,A,A,0,NA,NA,NA,NA,Y,NA,A,01,0,1,0,0,0,0,0,0,0,-,-,33.663818359375,-116.20783233642578,RIVERSIDE,UNINCORPORATED,-116.20785522460938,33.663761138916016
92435441,2024,2024-07-10,9840,2024-07-09,1110,016284,NA,2,1,7,3313,0,1,1,NA,2,022,I-215 S/B,CENTER STREET,2115,S,N,A,-,Y,RIV,NA,215,NA,NA,44.613,H,NA,L,Y,3,0,2,2,A,-,03,22350,NA,N,C,C,A,A,H,-,A,D,0,NA,NA,NA,Y,Y,NA,A,08,0,1,1,0,0,0,0,0,0,-,-,34.010501861572266,-117.34607696533205,RIVERSIDE,RIVERSIDE,-117.34600830078124,34.010467529296875
92437571,2024,2024-07-12,9840,2024-06-28,1125,021311,NA,5,1,9,3300,0,1,1,NA,2,011,I-15 S/B,CANTU GALLEANO RANCH RD.,65,N,N,A,-,Y,RIV,NA,15,NA,NA,50.157,H,NA,L,N,3,0,1,2,A,-,08,22107,NA,N,B,C,A,A,H,-,A,D,0,NA,NA,NA,NA,Y,NA,-,-,0,1,0,0,0,0,0,0,0,-,-,34.002601623535156,-117.55049896240234,RIVERSIDE,UNINCORPORATED,-117.55052185058594,34.002601623535156
92437586,2024,2024-07-12,9840,2024-06-30,434,021308,NA,7,3,7,3313,0,1,3,NA,2,020,SR-91 W/B,ADAMS ST,1056,W,N,A,-,Y,RIV,NA,91,NA,NA,15.331,H,NA,L,N,4,0,1,3,A,-,01,23152,A,N,B,C,A,A,H,-,C,D,0,NA,NA,NA,NA,Y,Y,A,01,0,0,1,0,0,0,0,0,0,-,-,33.92504119873047,-117.42401123046876,RIVERSIDE,RIVERSIDE,-117.4240493774414,33.92508316040039
92441348,2024,2024-07-17,9630,2024-07-07,2030,023809,NA,7,2,9,3300,0,3,5,NA,2,501,60TH AVE,HARRISON ST,0,NA,Y,A,-,N,NA,NA,NA,NA,NA,NA,NA,NA,NA,Y,4,0,1,2,A,-,09,21802,A,N,D,2,A,A,H,-,D,A,0,NA,NA,NA,NA,Y,NA,A,01,0,0,1,0,0,0,0,0,0,-,-,33.612918853759766,-116.18125915527344,RIVERSIDE,UNINCORPORATED,-116.18122863769533,33.612876892089844
92442928,2024,2024-07-18,9630,2024-06-19,0,021897,NA,3,3,9,3300,0,1,3,NA,1,074,SR-74,PALOWET DR,11616,W,N,A,-,Y,RIV,NA,74,NA,NA,90.641,H,NA,R,N,3,0,1,2,A,-,08,22107,NA,F,H,G,A,A,H,-,D,D,0,NA,Y,NA,NA,Y,NA,-,99,0,1,0,0,0,0,1,0,0,-,-,33.65637969970703,-116.39837646484376,RIVERSIDE,UNINCORPORATED,-116.39836883544922,33.65639114379883
92444660,2024,2024-07-22,9685,2024-07-16,515,019897,NA,2,3,5,3335,0,1,1,NA,2,030,I-15 SOUTHBOUND,OVERLAND DRIVE,1173,S,N,B,-,Y,RIV,NA,15,NA,NA,6.015,H,NA,L,Y,4,0,1,2,A,-,07,21658,A,F,F,A,A,A,H,-,B,D,0,NA,NA,Y,NA,Y,NA,-,99,0,0,1,0,0,0,0,0,1,-,-,33.514801025390625,-117.15805053710938,RIVERSIDE,TEMECULA,-117.1580810546875,33.51478576660156
92444767,2024,2024-07-22,9840,2024-07-17,1824,021194,NA,3,2,7,3313,0,1,1,NA,2,023,I-215 S/B,UNIVERSITY AVE,1500,N,N,A,-,Y,RIV,NA,215,NA,NA,41.804,H,NA,L,N,4,0,1,2,A,-,07,21658,A,N,C,C,A,A,H,-,A,D,0,NA,NA,Y,NA,Y,NA,A,01,0,0,1,0,0,0,0,0,1,-,-,33.97901153564453,-117.33882904052734,RIVERSIDE,RIVERSIDE,-117.33885955810548,33.97898864746094
9246425,2021,2021-04-12,3313,2021-02-19,1652,1830,4,5,5,7,3313,0,0,0,NA,0,T41,VAN BUREN BL,VICTORIA AV,0,NA,Y,A,-,N,NA,NA,NA,NA,NA,NA,NA,NA,NA,N,3,0,1,3,C,-,18,NA,NA,N,C,C,A,A,H,-,A,A,0,NA,NA,NA,NA,Y,NA,-,-,0,1,0,0,0,0,0,0,0,-,-,33.90398025512695,-117.43450164794922,RIVERSIDE,RIVERSIDE,-117.4338836669922,33.90479278564453
92472080,2024,2024-07-22,9840,2024-07-18,2005,019874,NA,4,2,6,3315,0,1,S,NA,2,310,SR-91,MAIN ST.,928,W,N,A,-,Y,RIV,NA,91,NA,NA,6.088,H,NA,R,Y,4,0,1,3,A,-,03,22350,NA,N,C,C,A,A,H,-,B,D,0,NA,NA,NA,NA,Y,NA,A,01,0,0,1,0,0,0,0,0,0,-,-,33.88042068481445,-117.5705108642578,RIVERSIDE,CORONA,-117.57049560546876,33.8804931640625
9248069,2021,2021-04-12,3309,2021-02-10,2137,2018,3309,3,5,4,3309,0,0,0,NA,0,002,AVE 41,JACKSON ST,0,NA,Y,A,-,N,NA,NA,NA,NA,NA,NA,NA,NA,NA,N,3,0,1,2,A,-,08,22107,NA,F,G,G,A,A,H,-,C,A,0,NA,Y,NA,NA,Y,NA,L,04,0,1,0,0,0,0,1,0,0,-,-,NA,NA,RIVERSIDE,INDIO,-116.21675872802734,33.75129699707031
9248903,2021,2021-04-30,3313,2021-03-22,1802,2032,2,1,5,7,3313,0,0,0,NA,0,T72,UNIVERSITY AV,DOUGLASS AVE E,0,NA,Y,A,-,N,NA,NA,NA,NA,NA,NA,NA,NA,NA,N,3,0,2,2,A,-,12,21453,A,N,A,C,A,A,H,-,A,A,0,NA,NA,NA,NA,Y,NA,A,01,0,1,1,0,0,0,0,0,0,-,-,33.97555923461914,-117.37478637695313,RIVERSIDE,RIVERSIDE,-117.35536193847656,33.975685119628906
9248907,2021,2021-04-28,3313,2021-03-20,2246,1809,5,6,5,7,3313,0,0,0,NA,0,1R57,HOLE AV,BINGHAM AV,0,NA,Y,A,-,N,NA,NA,NA,NA,NA,NA,NA,NA,NA,Y,3,0,2,2,A,-,09,21800,A,N,D,C,A,A,H,-,C,A,0,NA,NA,NA,NA,Y,NA,A,01,0,1,1,0,0,0,0,0,0,-,-,33.91699981689453,-117.47657775878906,RIVERSIDE,RIVERSIDE,-117.47654724121094,33.9172477722168
9250101,2021,2022-12-08,3313,2021-04-05,2020,1488,5,1,5,7,3313,0,0,0,NA,0,M20,VAN BUREN BL,WELLS AV,0,NA,Y,A,-,N,NA,NA,NA,NA,NA,NA,NA,NA,NA,Y,4,0,4,4,A,-,12,21453,A,N,D,C,A,A,H,-,A,A,0,NA,NA,NA,NA,Y,NA,A,01,0,0,4,0,0,0,0,0,0,-,-,33.93375015258789,-117.4543228149414,RIVERSIDE,RIVERSIDE,-117.4541015625,33.934329986572266
9252310,2021,2021-04-15,3308,2021-01-19,1236,10470,525,2,5,5,3308,0,0,0,NA,0,SOUTH,ACACIA AV,SANDERSON AV,228,E,N,A,-,N,NA,NA,NA,NA,NA,NA,NA,NA,NA,Y,4,0,1,2,A,-,09,21804,A,N,D,C,A,A,H,-,A,A,0,NA,NA,NA,NA,Y,NA,A,01,0,0,1,0,0,0,0,0,0,-,-,33.74386978149414,-117.00647735595705,RIVERSIDE,HEMET,-117.00593566894533,33.743865966796875
9254361,2021,2021-05-18,3313,2021-04-15,1515,2034,4,4,5,7,3313,0,0,0,NA,0,T72,MAGNOLIA AV,JEFFERSON ST,0,NA,Y,A,-,N,NA,NA,NA,NA,NA,NA,NA,NA,NA,Y,3,0,3,2,A,-,12,21453,A,N,D,C,A,A,H,-,A,A,0,NA,NA,NA,NA,Y,NA,-,-,0,1,2,0,0,0,0,0,0,-,-,NA,NA,RIVERSIDE,RIVERSIDE,-117.41693878173828,33.93727111816406
9254586,2021,2021-04-29,3313,2021-02-11,1514,1499,NA,4,5,7,3313,0,0,0,NA,0,M34,FILLMORE ST,ALLWOOD DR,61,N,N,A,-,N,NA,NA,NA,NA,NA,NA,NA,NA,NA,N,4,0,1,2,A,-,09,21801,A,N,H,A,A,A,H,-,A,D,0,NA,NA,Y,NA,Y,NA,A,01,0,0,1,0,0,0,0,0,1,-,-,33.887718200683594,-117.47547912597656,RIVERSIDE,RIVERSIDE,-117.47460174560548,33.88819885253906
9254831,2020,2021-04-30,3313,2020-12-30,0948,443,3309,3,5,7,3313,0,0,0,NA,0,005,AVE 40,POLE # 920368 D,270,W,N,A,-,N,NA,NA,NA,NA,NA,NA,NA,NA,NA,Y,3,0,1,1,A,-,01,23153,A,N,E,I,A,A,H,-,A,A,0,NA,NA,NA,NA,Y,NA,A,07,0,1,0,0,0,0,0,0,0,-,-,NA,NA,RIVERSIDE,RIVERSIDE,NA,NA
9255373,2021,2021-05-11,3313,2021-04-24,2308,1829,4,6,5,7,3313,0,0,0,NA,0,1R55,ARLINGTON AV,VAN BUREN BL,290,E,N,A,-,N,NA,NA,NA,NA,NA,NA,NA,NA,NA,NA,3,0,1,3,A,-,04,21703,NA,N,C,C,A,A,H,-,C,D,0,NA,NA,NA,NA,Y,NA,A,01,0,1,0,0,0,0,0,0,0,-,-,33.945228576660156,-117.4541015625,RIVERSIDE,RIVERSIDE,-117.4530792236328,33.94573974609375
9255975,2021,2021-05-17,3308,2021-04-10,1540,10620,524,6,5,5,3308,0,0,0,NA,0,SOUTH,FLORIDA AV,PROMENADE DR,37,W,N,A,-,Y,RIV,8,74,-,-,37.65,H,-,E,Y,4,0,2,2,A,-,03,22350,NA,N,C,C,A,A,H,-,A,A,0,NA,NA,NA,NA,Y,NA,D,22,0,0,2,0,0,0,0,0,0,-,-,33.7421989440918,-117.01654815673828,RIVERSIDE,HEMET,-117.02022552490234,33.74393081665039
9257339,2021,2021-04-29,3313,2021-03-19,1845,1565,3,5,5,7,3313,0,0,0,NA,0,3R38,ALESSANDRO BL,NORTHROP DR,260,E,N,A,-,N,NA,NA,NA,NA,NA,NA,NA,NA,NA,N,3,0,1,2,A,-,03,22350,NA,N,C,G,A,A,H,-,C,A,0,NA,Y,NA,NA,Y,NA,A,01,0,1,0,0,0,0,1,0,0,-,-,33.91651153564453,-117.32067108154295,RIVERSIDE,RIVERSIDE,-117.31986236572266,33.916351318359375
92601416,2024,2024-07-25,9655,2024-07-21,530,019871,NA,7,3,4,3301,0,1,1,NA,2,204,I-10 W/B,HIGHLAND SPRINGS AVENUE,1050,E,N,A,-,Y,RIV,NA,10,NA,NA,9.524,H,NA,L,Y,4,0,1,1,A,-,08,22107,NA,N,E,I,A,A,H,-,A,D,0,NA,NA,NA,NA,Y,NA,A,01,0,0,1,0,0,0,0,0,0,-,-,33.92707824707031,-116.9432373046875,RIVERSIDE,BANNING,-116.94325256347656,33.92691421508789
9260211,2021,2021-05-24,3313,2021-05-07,1646,1477,3,5,5,7,3313,0,0,0,NA,0,M27,CANYON CREST DR,MISSION GROVE PKWY N,0,NA,Y,A,-,NA,NA,NA,NA,NA,NA,NA,NA,NA,NA,Y,4,0,2,2,A,-,12,21453,A,N,D,C,A,A,H,-,A,A,0,NA,NA,NA,NA,Y,NA,A,01,0,0,2,0,0,0,0,0,0,-,-,33.928829193115234,-117.33621215820313,RIVERSIDE,RIVERSIDE,-117.3359603881836,33.93041229248047
92602408,2024,2024-07-25,9840,2024-07-09,2251,023885,NA,2,3,6,3315,0,1,3,NA,2,031,SR-91 E/B,MCKINLEY ST,3838,W,N,A,-,Y,RIV,NA,91,NA,NA,8.441,H,NA,R,N,4,0,1,3,A,-,01,23152,A,N,C,C,A,A,H,-,D,D,0,NA,NA,NA,NA,Y,Y,D,22,0,0,1,0,0,0,0,0,0,-,-,33.88364028930664,-117.53018951416016,RIVERSIDE,CORONA,-117.53018951416016,33.88368225097656
9263951,2021,2021-05-20,3313,2021-04-27,1510,1880,5,2,5,7,3313,0,0,0,NA,0,M10,ARLINGTON AV,TYLER ST,209,W,N,A,-,NA,NA,NA,NA,NA,NA,NA,NA,NA,NA,NA,4,0,2,2,A,-,09,21804,A,N,D,C,A,A,H,-,A,D,0,NA,NA,NA,NA,Y,NA,A,01,0,0,2,0,0,0,0,0,0,-,-,33.946441650390625,-117.47750854492188,RIVERSIDE,RIVERSIDE,-117.47830963134766,33.946590423583984
9264516,2021,2021-05-24,3313,2021-05-06,1620,1830,2,4,5,7,3313,0,0,0,NA,0,T41,UNIVERSITY AV,OTTAWA AV,32,W,N,A,-,N,NA,NA,NA,NA,NA,NA,NA,NA,NA,N,4,0,1,2,A,-,03,22350,NA,M,C,C,A,A,H,-,A,A,0,NA,NA,NA,NA,Y,NA,A,01,0,0,1,0,0,0,0,0,0,-,-,33.97557067871094,-117.35270690917967,RIVERSIDE,RIVERSIDE,-117.35294342041016,33.97560119628906
9265693,2021,2021-05-26,3313,2021-05-12,1152,1686,4,3,5,7,3313,0,0,0,NA,0,T58,MAGNOLIA AV,CROWELL AV,0,NA,Y,A,-,N,NA,NA,NA,NA,NA,NA,NA,NA,NA,N,4,0,1,3,A,-,09,21801,A,N,D,C,A,A,H,-,A,D,0,NA,NA,NA,NA,Y,NA,A,07,0,0,1,0,0,0,0,0,0,-,-,33.93376922607422,-117.4216766357422,RIVERSIDE,RIVERSIDE,-117.42141723632813,33.934715270996094
9266401,2021,2021-06-14,3309,2021-03-17,1714,2009,3309,3,5,4,3309,0,0,0,NA,0,003,INDIO BL,VAN BUREN ST,42,W,N,A,-,N,NA,NA,NA,NA,NA,NA,NA,NA,NA,Y,4,0,1,3,-,-,-,NA,A,N,C,C,A,A,H,-,A,A,0,NA,NA,NA,NA,Y,Y,D,22,0,0,1,0,0,0,0,0,0,-,-,NA,NA,RIVERSIDE,INDIO,-116.19896697998048,33.708744049072266
9269343,2021,2021-06-01,3308,2021-05-04,0849,10610,504,2,5,5,3308,0,0,0,NA,0,NORTH,MENLO AV,BRISBANE ST,0,NA,Y,A,-,N,NA,NA,NA,NA,NA,NA,NA,NA,NA,Y,4,0,2,2,A,-,09,21802,A,N,D,C,A,A,H,-,A,A,0,NA,NA,NA,NA,Y,NA,A,01,0,0,2,0,0,0,0,0,0,-,-,33.7563591003418,-117.00762176513672,RIVERSIDE,HEMET,-117.01116180419922,33.75812530517578
9269791,2021,2021-10-15,3325,2021-03-12,1306,1611,NA,5,5,4,3325,0,0,0,NA,0,NA,CATHEDRAL CANYON DR,PALM CANYON DR,0,NA,Y,A,-,N,NA,NA,NA,NA,NA,NA,NA,NA,NA,Y,4,0,2,3,A,-,12,21453,A,N,B,C,A,A,H,-,A,A,0,NA,NA,NA,NA,Y,NA,A,01,0,0,2,0,0,0,0,0,0,-,-,NA,NA,RIVERSIDE,CATHEDRAL CITY,-116.4668197631836,33.78056335449219
92715378,2024,2024-07-26,9840,2024-07-19,955,021311,NA,5,1,9,3300,0,3,5,NA,2,004,SAN JACINTO AVE.,ALOHA RD.,120,W,N,A,-,N,NA,NA,NA,NA,NA,NA,NA,NA,NA,Y,4,0,1,2,A,-,09,21801,A,N,D,C,A,A,H,-,A,D,0,NA,NA,NA,NA,Y,NA,-,-,0,0,1,0,0,0,0,0,0,-,-,33.78651809692383,-117.26589965820313,RIVERSIDE,UNINCORPORATED,-117.26576995849608,33.78651809692383
9271957,2021,2021-06-10,3313,2021-05-25,1528,1222,3,2,5,7,3313,0,0,0,NA,0,M36,VAN BUREN BL,BOUNTIFUL ST,50,W,N,A,-,N,NA,NA,NA,NA,NA,NA,NA,NA,NA,N,4,0,2,3,A,-,03,22350,NA,N,C,C,A,A,H,-,A,A,0,NA,NA,NA,NA,Y,NA,A,01,0,0,2,0,0,0,0,0,0,-,-,33.88600158691406,-117.3289031982422,RIVERSIDE,RIVERSIDE,-117.32811737060548,33.887760162353516
9273960,2021,2021-06-30,3313,2021-06-01,1950,2031,1,2,5,7,3313,0,0,0,NA,0,T43,MARKET ST,9TH ST,0,NA,Y,A,-,N,NA,NA,NA,NA,NA,NA,NA,NA,NA,N,2,0,1,2,A,-,10,21950,A,N,G,B,B,A,H,-,B,A,0,Y,NA,NA,NA,Y,NA,A,01,1,0,0,0,1,0,0,0,0,-,-,33.98149871826172,-117.37651824951172,RIVERSIDE,RIVERSIDE,-117.37641143798828,33.98147964477539
9273961,2021,2021-06-30,3313,2021-06-02,1655,2031,2,3,5,7,3313,0,0,0,NA,0,T43,WATKINS DR,BIG SPRINGS RD,335,N,N,A,-,N,NA,NA,NA,NA,NA,NA,NA,NA,NA,N,3,0,1,2,A,-,09,21804,A,N,D,C,A,A,H,-,A,A,0,NA,NA,NA,NA,Y,NA,A,01,0,1,0,0,0,0,0,0,0,-,-,33.97570037841797,-117.31648254394533,RIVERSIDE,RIVERSIDE,-117.31651306152344,33.97657775878906
9275272,2021,2021-07-06,3313,2021-03-04,1104,1910,5,4,5,7,3313,0,0,0,NA,0,T70,INDIANA AV,RACINE DR,16,W,N,A,-,N,NA,NA,NA,NA,NA,NA,NA,NA,NA,N,4,0,2,2,A,-,03,22350,NA,N,C,C,A,A,H,-,A,A,0,NA,NA,NA,NA,Y,NA,-,-,0,0,2,0,0,0,0,0,0,-,-,33.90319061279297,-117.45993041992188,RIVERSIDE,RIVERSIDE,-117.46003723144533,33.90290451049805
92798730,2024,2024-07-26,9840,2024-07-17,2118,021194,NA,3,2,6,3394,0,1,3,NA,2,025,STATE ROUTE 60 EASTBOUND,FREDERICK STREET,2112,W,N,A,-,Y,RIV,NA,60,NA,NA,13.984,H,NA,R,N,1,1,0,2,A,-,11,21954,A,N,G,B,E,A,H,-,D,D,0,Y,NA,NA,NA,Y,NA,-,-,0,0,0,1,0,0,0,0,0,-,-,33.94057846069336,-117.26759338378906,RIVERSIDE,MORENO VALLEY,-117.26759338378906,33.940673828125
92800509,2024,2024-07-29,9630,2024-07-13,1905,023194,NA,6,2,4,3310,0,1,1,NA,2,021,I-10 E/B,COOK ST,5280,E,N,A,-,Y,RIV,NA,10,NA,NA,47.959,H,NA,R,Y,2,0,1,2,A,-,03,22350,NA,N,C,C,A,A,H,-,A,D,0,NA,NA,Y,NA,Y,Y,C,02,1,0,0,0,0,0,0,0,1,-,-,33.77693176269531,-116.339599609375,RIVERSIDE,NORCO,-116.339599609375,33.77693176269531
92800841,2024,2024-07-29,9840,2024-07-20,733,020659,NA,6,1,7,3313,0,1,1,NA,2,023,I-215 N/B,MARTIN LUTHER KING BLVD,10,N,N,A,-,Y,RIV,NA,215,NA,NA,40.874,H,NA,R,Y,4,0,2,3,A,-,08,22107,NA,M,H,C,A,A,H,-,A,D,0,NA,NA,NA,NA,Y,NA,-,99,0,0,2,0,0,0,0,0,0,-,-,33.968929290771484,-117.32833099365234,RIVERSIDE,RIVERSIDE,-117.32840728759766,33.96887969970703
9280207,2021,2021-06-24,3308,2021-05-07,0415,10752,518,5,5,5,3308,0,0,0,NA,0,NORTH,FLORIDA AV,COLUMBIA ST,25,W,N,A,-,Y,RIV,8,74,-,-,42.08,H,-,W,N,3,0,1,2,A,-,11,21955,NA,N,G,B,D,A,H,-,C,A,0,Y,NA,NA,NA,Y,NA,N,60,0,1,0,0,1,0,0,0,0,-,-,33.74753952026367,-116.94548797607422,RIVERSIDE,HEMET,-116.94573211669922,33.7476692199707
9280559,2021,2021-08-04,3313,2021-06-07,0222,1906,2,1,5,7,3313,0,0,0,NA,0,1R27,COLUMBIA AV,IOWA AV,0,NA,Y,A,-,N,NA,NA,NA,NA,NA,NA,NA,NA,NA,Y,3,0,2,2,A,-,12,21453,A,N,D,C,A,A,H,-,C,A,0,NA,NA,NA,NA,Y,NA,A,01,0,2,0,0,0,0,0,0,0,CO,-,34.0012092590332,-117.3397979736328,RIVERSIDE,RIVERSIDE,-117.33980560302734,34.001163482666016
9283540,2021,2021-07-21,3301,2021-06-17,1419,U494,44,4,5,4,3301,0,0,0,NA,0,003,COUNTRY CLUB DR,SUN LAKES BL,0,NA,Y,A,-,N,NA,NA,NA,NA,NA,NA,NA,NA,NA,N,4,0,1,2,A,-,10,21950,C,N,G,B,B,A,H,-,A,A,0,Y,NA,NA,NA,Y,NA,A,01,0,0,1,0,1,0,0,0,0,-,-,33.91733169555664,-116.93982696533205,RIVERSIDE,BANNING,-116.9424057006836,33.92218017578125
9284838,2021,2021-06-22,3325,2021-04-26,1756,1302,NA,1,5,4,3325,0,0,0,NA,0,002,RAMON RD,WHISPERING PALMS TRL,0,NA,Y,A,-,N,NA,NA,NA,NA,NA,NA,NA,NA,NA,N,4,0,2,5,A,-,03,22350,NA,N,C,C,A,A,H,-,A,A,0,NA,NA,NA,NA,Y,NA,-,NA,0,0,2,0,0,0,0,0,0,-,-,NA,NA,RIVERSIDE,CATHEDRAL CITY,-116.47120666503906,33.81584548950195
9284949,2021,2021-06-23,3313,2021-05-07,1621,1499,5,5,5,7,3313,0,0,0,NA,0,M34,MAGNOLIA AV,EVEREST AV,15,S,N,A,-,N,NA,NA,NA,NA,NA,NA,NA,NA,NA,Y,4,0,1,2,A,-,09,21802,A,N,D,C,A,A,H,-,A,A,0,NA,NA,NA,NA,Y,NA,A,01,0,0,1,0,0,0,0,0,0,-,-,33.921791076660156,-117.4433135986328,RIVERSIDE,RIVERSIDE,-117.44293975830078,33.92247772216797
9284951,2021,2021-06-30,3313,2021-05-11,0835,1026,5,2,5,7,3313,0,0,0,NA,0,T52,MAGNOLIA AV,HARRISON ST,0,NA,Y,A,-,N,NA,NA,NA,NA,NA,NA,NA,NA,NA,Y,4,0,2,2,A,-,12,21453,A,N,D,C,A,A,H,-,A,A,0,NA,NA,NA,NA,Y,NA,-,-,0,0,2,0,0,0,0,0,0,-,-,33.917301177978516,-117.45223236083984,RIVERSIDE,RIVERSIDE,-117.45403289794922,33.916194915771484
9285842,2021,2021-08-10,3313,2021-06-15,1417,1575,3,2,5,7,3313,0,0,0,NA,0,M12,ARLINGTON AV,VIA SAN LUIS,50,W,N,A,-,N,NA,NA,NA,NA,NA,NA,NA,NA,NA,NA,4,0,2,2,A,-,21,22106,NA,N,C,C,A,A,H,-,A,A,0,NA,NA,NA,NA,Y,NA,A,01,0,0,2,0,0,0,0,0,0,-,-,33.945159912109375,-117.42632293701172,RIVERSIDE,RIVERSIDE,-117.4253158569336,33.94601821899414
9286706,2021,2021-08-17,3313,2021-06-16,0950,2031,4,3,5,7,3313,0,0,0,NA,0,2R43,CENTRAL AV,ACORN ST,0,NA,Y,A,-,N,NA,NA,NA,NA,NA,NA,NA,NA,NA,Y,3,0,1,2,A,-,09,21802,A,N,D,D,A,A,H,-,A,A,0,NA,NA,NA,NA,Y,NA,A,01,0,1,0,0,0,0,0,0,0,-,-,33.956390380859375,-117.45404052734376,RIVERSIDE,RIVERSIDE,-117.45397186279295,33.95637893676758
9291937,2021,2021-08-11,3301,2021-06-04,1817,U494,3,5,5,4,3301,0,0,0,NA,0,002,W RAMSEY ST,APEX AV,0,NA,Y,A,-,N,NA,NA,NA,NA,NA,NA,NA,NA,NA,Y,4,0,1,2,A,-,03,22350,NA,N,C,D,A,A,H,-,A,D,0,NA,NA,NA,NA,Y,NA,A,01,0,0,1,0,0,0,0,0,0,-,-,33.92905044555664,-116.93817138671876,RIVERSIDE,BANNING,-116.93813323974608,33.9290657043457
9294940,2021,2022-06-30,3313,2021-03-24,2138,2006,2,3,5,7,3313,0,0,0,NA,0,3R28,CHICAGO AV,MARTIN LUTHER KING BL,0,NA,Y,A,-,N,NA,NA,NA,NA,NA,NA,NA,NA,NA,Y,4,0,2,2,A,-,12,21453,A,F,D,C,A,A,H,-,C,A,0,NA,NA,NA,NA,Y,NA,-,-,0,0,2,0,0,0,0,0,0,-,-,33.96805953979492,-117.34848785400392,RIVERSIDE,RIVERSIDE,-117.3485107421875,33.96812438964844
9297701,2021,2021-08-10,3309,2021-06-14,0734,332,3309,1,5,4,3309,0,0,0,NA,0,005,AVE 42,COUNTRY CLUB DR,0,NA,Y,A,-,N,NA,NA,NA,NA,NA,NA,NA,NA,NA,Y,3,0,1,2,A,-,12,21453,A,N,D,C,A,A,H,-,A,A,0,NA,NA,NA,Y,Y,NA,F,21,0,1,0,0,0,0,0,0,0,-,-,NA,NA,RIVERSIDE,INDIO,-116.26595306396484,33.742340087890625
9298892,2021,2021-08-27,3313,2021-04-14,2500,2025,5,3,5,7,3313,0,0,0,NA,0,S64,ARLINGTON AV,LOGAN CT,0,NA,N,A,-,N,NA,NA,NA,NA,NA,NA,NA,NA,NA,N,4,0,1,2,B,-,22,NA,NA,N,C,C,A,A,H,-,A,D,0,NA,NA,NA,NA,Y,NA,-,-,0,0,1,0,0,0,0,0,0,-,-,33.94649124145508,-117.46758270263672,RIVERSIDE,RIVERSIDE,-117.4677276611328,33.94670486450195
92997145,2024,2024-07-31,9840,2024-07-29,1430,021943,NA,1,2,9,3300,0,3,5,NA,2,002,RECHE CANYON ROAD,KEISSEL ROAD,450,S,N,A,-,N,NA,NA,NA,NA,NA,NA,NA,NA,NA,N,2,0,2,2,A,-,09,21804,A,N,C,C,A,A,H,-,A,D,0,NA,NA,NA,NA,Y,NA,A,01,1,0,1,0,0,0,0,0,0,-,-,34.0013313293457,-117.23206329345705,RIVERSIDE,UNINCORPORATED,-117.23209381103516,34.00136947631836
9308355,2021,2021-08-31,3301,2021-07-18,1438,U498,1,7,5,4,3301,0,0,0,NA,0,001,E RAMSEY ST,N PHILIPS ST,293,W,N,A,-,N,NA,NA,NA,NA,NA,NA,NA,NA,NA,Y,3,0,2,1,A,-,03,22350,NA,N,E,I,A,A,H,-,A,D,0,NA,NA,NA,NA,Y,NA,A,01,0,1,1,0,0,0,0,0,0,-,-,33.92517852783203,-116.86531829833984,RIVERSIDE,BANNING,-116.86563110351563,33.92538070678711