CASE_ID,ACCIDENT_YEAR,PROC_DATE,JURIS,COLLISION_DATE,COLLISION_TIME,OFFICER_ID,REPORTING_DISTRICT,DAY_OF_WEEK,CHP_SHIFT,POPULATION,CNTY_CITY_LOC,SPECIAL_COND,BEAT_TYPE,CHP_BEAT_TYPE,CITY_DIVISION_LAPD,CHP_BEAT_CLASS,BEAT_NUMBER,PRIMARY_RD,SECONDARY_RD,DISTANCE,DIRECTION,INTERSECTION,WEATHER_1,WEATHER_2,STATE_HWY_IND,CALTRANS_COUNTY,CALTRANS_DISTRICT,STATE_ROUTE,ROUTE_SUFFIX,POSTMILE_PREFIX,POSTMILE,LOCATION_TYPE,RAMP_INTERSECTION,SIDE_OF_HWY,TOW_AWAY,COLLISION_SEVERITY,NUMBER_KILLED,NUMBER_INJURED,PARTY_COUNT,PRIMARY_COLL_FACTOR,PCF_CODE_OF_VIOL,PCF_VIOL_CATEGORY,PCF_VIOLATION,PCF_VIOL_SUBSECTION,HIT_AND_RUN,TYPE_OF_COLLISION,MVIW,PED_ACTION,ROAD_SURFACE,ROAD_COND_1,ROAD_COND_2,LIGHTING,CONTROL_DEVICE,CHP_ROAD_TYPE,PEDESTRIAN_ACCIDENT,BICYCLE_ACCIDENT,MOTORCYCLE_ACCIDENT,TRUCK_ACCIDENT,NOT_PRIVATE_PROPERTY,ALCOHOL_INVOLVED,STWD_VEHTYPE_AT_FAULT,CHP_VEHTYPE_AT_FAULT,COUNT_SEVERE_INJ,COUNT_VISIBLE_INJ,COUNT_COMPLAINT_PAIN,COUNT_PED_KILLED,COUNT_PED_INJURED,COUNT_BICYCLIST_KILLED,COUNT_BICYCLIST_INJURED,COUNT_MC_KILLED,COUNT_MC_INJURED,PRIMARY_RAMP,SECONDARY_RAMP,LATITUDE,LONGITUDE,COUNTY,CITY,POINT_X,POINT_Y
94792228,2025,2025-08-06,9840,2025-08-05,745,018221,NA,2,1,4,3344,0,1,1,NA,2,011,I-15 S/B,LIMONITE AVE.,3960,N,N,A,-,Y,RIV,NA,15,NA,NA,49.017,H,NA,L,N,4,0,1,2,A,-,03,22350,NA,N,C,C,A,A,D,-,A,D,0,NA,NA,NA,NA,Y,NA,A,01,0,0,1,0,0,0,0,0,0,-,-,33.98617935180664,-117.54905700683594,RIVERSIDE,EASTVALE,-117.54917144775392,33.98617172241211
9479424,2022,2022-08-22,3313,2022-05-13,2041,2083,5,5,5,7,3313,0,0,0,NA,0,3R50,CALIFORNIA AV,ACACIA ST,111,W,N,A,-,N,NA,NA,NA,NA,NA,NA,NA,NA,NA,N,4,0,1,2,A,-,09,21804,A,F,D,C,A,A,H,-,D,D,0,NA,NA,NA,NA,Y,Y,A,01,0,0,1,0,0,0,0,0,0,-,-,33.92612075805664,-117.45274353027344,RIVERSIDE,RIVERSIDE,-117.45299530029295,33.9259033203125
94798997,2025,2025-08-12,9685,2025-07-29,1720,019183,NA,2,2,3,3343,0,1,1,NA,2,010,I-15 S/B TO CLINTON KEITH OFF-RAMP,CLINTON KEITH RD,175,N,N,A,-,Y,NA,NA,NA,NA,NA,NA,NA,NA,NA,Y,4,0,1,2,A,-,03,22350,NA,N,C,C,A,A,H,-,A,A,0,NA,NA,NA,NA,Y,NA,D,22,0,0,1,0,0,0,0,0,0,-,-,33.59585952758789,-117.24604034423828,RIVERSIDE,WILDOMAR,-117.24400329589844,33.59445571899414
94799684,2025,2025-08-12,9685,2025-07-30,1800,019183,NA,3,2,9,3300,0,1,3,NA,1,012,SR-74 E/B (ORTEGA HWY),HAMMACK AVE,355,W,N,A,-,Y,NA,NA,NA,NA,NA,NA,NA,NA,NA,N,4,0,4,2,A,-,05,21460,NA,N,D,C,A,A,D,-,A,D,0,NA,NA,NA,NA,Y,NA,A,01,0,0,4,0,0,0,0,0,0,-,-,33.714599609375,-117.30477905273438,RIVERSIDE,UNINCORPORATED,-117.30465698242188,33.71466064453125
94799985,2025,2025-08-12,9685,2025-08-03,1428,022028,NA,7,2,5,3341,0,1,1,NA,2,020,I-215 SB,SCOTT RD,5069,N,N,A,-,Y,RIV,NA,215,NA,R,16.517,H,NA,L,Y,3,0,1,1,A,-,08,22107,NA,N,E,8,A,A,H,-,A,D,0,NA,NA,NA,NA,Y,NA,A,07,0,1,0,0,0,0,0,0,0,-,-,33.656070709228516,-117.1714096069336,RIVERSIDE,MENIFEE,-117.17131042480467,33.65606689453125
94801299,2025,2025-08-13,9840,2025-08-05,1131,018248,NA,2,1,6,3315,0,1,1,NA,2,034,I-15 N/B,ONTARIO AVE,2429,N,N,A,-,Y,RIV,NA,15,NA,NA,39.157,H,NA,R,Y,4,0,1,3,A,-,08,22107,NA,N,C,C,A,A,H,-,A,D,0,NA,NA,NA,NA,Y,NA,A,01,0,0,1,0,0,0,0,0,0,-,-,33.85041046142578,-117.53426361083984,RIVERSIDE,CORONA,-117.53429412841795,33.850406646728516
94802888,2025,2025-08-14,9840,2025-08-05,1507,021080,NA,2,2,9,3300,0,2,4,NA,2,043,RAMONA EXPRESSWAY,BRIDGE ST,1267,E,N,A,-,N,NA,NA,NA,NA,NA,NA,NA,NA,NA,Y,3,0,1,1,C,-,18,NA,NA,N,F,A,A,A,H,-,A,D,0,NA,NA,NA,NA,Y,NA,-,-,0,1,0,0,0,0,0,0,0,-,-,33.83980178833008,-117.0647201538086,RIVERSIDE,UNINCORPORATED,-117.06446075439452,33.83985900878906
94804794,2025,2025-08-15,9685,2025-08-05,1030,015295,NA,2,1,9,3300,0,3,5,NA,2,003,LEON ROAD,KELLER ROAD,0,NA,Y,A,-,N,NA,NA,NA,NA,NA,NA,NA,NA,NA,Y,3,0,3,2,A,-,09,21802,A,N,D,2,A,A,H,-,A,A,0,NA,NA,NA,NA,Y,NA,A,01,0,3,0,0,0,0,0,0,0,-,-,33.62710952758789,-117.11888122558594,RIVERSIDE,UNINCORPORATED,-117.1188735961914,33.62703323364258
94807465,2025,2025-08-18,9840,2025-08-18,800,018512,NA,1,1,7,3313,0,1,3,NA,2,020,SR-91 W/B,TYLER ST,10,W,N,A,-,Y,RIV,NA,91,NA,NA,13.043,H,NA,L,N,4,0,2,2,A,-,07,21658,A,N,C,C,A,A,H,-,A,D,0,NA,NA,NA,NA,Y,NA,A,07,0,0,2,0,0,0,0,0,0,-,-,33.90639877319336,-117.45700073242188,RIVERSIDE,RIVERSIDE,-117.45696258544922,33.90635299682617
9480845,2022,2022-07-28,3302,2022-06-21,2026,1088,NA,2,5,3,3302,0,0,0,NA,0,002,8TH ST,PENNSYLVANIA AV,0,NA,Y,A,-,N,NA,NA,NA,NA,NA,NA,NA,NA,NA,N,4,0,1,2,A,-,12,22450,A,N,D,C,A,A,H,-,B,A,0,NA,NA,NA,NA,Y,NA,A,01,0,0,1,0,0,0,0,0,0,-,-,33.93244171142578,-116.96607208251952,RIVERSIDE,BEAUMONT,-116.96604919433594,33.932491302490234
94808527,2025,2025-08-19,9655,2025-07-29,2323,022839,NA,2,3,3,3302,0,1,1,NA,2,202,I-10 W/B,CALIFORNIA AVENUE,445,W,N,A,-,Y,RIV,NA,10,NA,NA,7.228,H,NA,L,Y,3,0,1,2,A,-,08,22107,NA,M,E,8,A,A,H,-,C,D,0,NA,NA,NA,Y,Y,Y,A,01,0,1,0,0,0,0,0,0,0,-,-,33.928550720214844,-116.98272705078124,RIVERSIDE,BEAUMONT,-116.98279571533205,33.928470611572266
94808695,2025,2025-08-19,9685,2025-08-07,122,021218,NA,4,3,5,3341,0,1,1,NA,2,020,I-215 NORTHBOUND,NEWPORT RD,7920,S,N,A,-,Y,RIV,NA,215,NA,R,16.773,H,NA,R,Y,4,0,1,2,A,-,01,23152,A,N,C,C,A,A,H,-,D,D,0,NA,NA,NA,NA,Y,Y,A,01,0,0,1,0,0,0,0,0,0,-,-,33.659759521484375,-117.1709213256836,RIVERSIDE,MENIFEE,-117.17095947265624,33.659759521484375
94811411,2025,2025-08-20,9685,2025-08-10,1930,021977,NA,7,2,9,3300,0,3,5,NA,2,002,MCPHERSON ROAD,GREY TERR,400,N,N,A,-,N,NA,NA,NA,NA,NA,NA,NA,NA,NA,N,2,0,1,1,C,-,18,NA,NA,N,E,H,A,A,H,-,D,D,0,NA,NA,Y,NA,Y,NA,-,-,1,0,0,0,0,0,0,0,1,-,-,33.748661041259766,-117.2495574951172,RIVERSIDE,UNINCORPORATED,-117.24964904785156,33.748451232910156
94812694,2025,2025-08-21,9840,2025-08-12,716,018248,NA,2,1,7,3313,0,1,1,NA,2,023,I-215 N/B,FAIR ISLE DR,1742,S,N,A,-,Y,RIV,NA,215,NA,R,38.593,H,NA,R,N,4,0,2,2,A,-,03,22350,NA,N,C,C,A,A,H,-,A,D,0,NA,NA,NA,NA,Y,NA,D,22,0,0,2,0,0,0,0,0,0,-,-,33.94575119018555,-117.29646301269533,RIVERSIDE,RIVERSIDE,-117.29635620117188,33.945960998535156
94812928,2025,2025-08-21,9840,2025-08-14,1118,023168,NA,4,1,7,3313,0,1,1,NA,2,023,I-215 N/B,CENTRAL AVE,2111,S,N,A,-,Y,RIV,NA,215,NA,NA,39.1,H,NA,R,N,4,0,1,4,A,-,03,22350,NA,N,C,C,A,A,H,-,A,D,0,NA,NA,NA,NA,Y,NA,A,07,0,0,1,0,0,0,0,0,0,-,-,33.954620361328125,-117.3049774169922,RIVERSIDE,RIVERSIDE,-117.30496978759766,33.954627990722656
94814540,2025,2025-08-22,9630,2025-08-13,345,021515,NA,3,3,9,3300,0,1,3,NA,2,015,SR-62 W/B,N. INDIAN CANYON DR,2112,E,N,A,-,Y,RIV,NA,62,NA,R,6.901,H,NA,L,Y,4,0,1,2,A,-,07,21658,A,N,B,2,A,A,H,-,D,D,0,NA,NA,NA,Y,Y,NA,F,26,0,0,1,0,0,0,0,0,0,-,-,34.01129913330078,-116.57524871826172,RIVERSIDE,UNINCORPORATED,-116.5752410888672,34.01130294799805
94816926,2025,2025-08-25,9840,2025-08-15,2035,023154,NA,5,2,9,3300,0,2,4,NA,2,043,RAMONA EXPRESSWAY,BERNASCONI RD,30,W,N,A,-,N,NA,NA,NA,NA,NA,NA,NA,NA,NA,Y,3,0,1,2,A,-,03,22350,NA,N,C,2,A,A,H,-,D,D,0,NA,NA,NA,NA,Y,NA,D,22,0,1,0,0,0,0,0,0,0,-,-,33.838829040527344,-117.15374755859376,RIVERSIDE,UNINCORPORATED,-117.15369415283205,33.83888244628906
94817018,2025,2025-08-25,9840,2025-08-22,742,023816,NA,5,1,9,3300,0,3,5,NA,2,003,SOUTHBOUND TEMESCAL CANYON RD,JOLORA AVENUE,9,N,N,A,-,N,NA,NA,NA,NA,NA,NA,NA,NA,NA,Y,3,0,1,2,A,-,03,22350,NA,N,C,C,A,A,H,-,A,D,0,NA,NA,NA,NA,Y,NA,A,01,0,1,0,0,0,0,0,0,0,-,-,33.83306121826172,-117.51908111572266,RIVERSIDE,UNINCORPORATED,-117.51900482177734,33.833011627197266
94819009,2025,2025-08-26,9840,2025-08-22,1934,019874,NA,5,2,6,3315,0,1,S,NA,2,310,SR-91 E/B (FASTRAK),LINCOLN AVENUE,146,E,N,A,-,Y,RIV,NA,91,NA,NA,5.598,H,NA,R,N,4,0,2,3,C,-,18,NA,NA,N,H,J,A,A,H,-,A,D,0,NA,NA,NA,Y,Y,NA,-,-,0,0,2,0,0,0,0,0,0,-,-,33.88138961791992,-117.57884216308594,RIVERSIDE,CORONA,-117.57884216308594,33.88137435913086
94819016,2025,2025-08-26,9685,2025-08-14,1420,019183,NA,4,2,4,3307,0,2,4,NA,2,016,GRAND AVE,MORRISON PLACE,160,N,N,A,-,N,NA,NA,NA,NA,NA,NA,NA,NA,NA,N,4,0,1,3,A,-,08,22107,NA,F,B,C,E,A,H,-,A,A,0,Y,NA,NA,NA,Y,NA,D,22,0,0,1,0,1,0,0,0,0,-,-,33.625450134277344,-117.32289123535156,RIVERSIDE,LAKE ELSINORE,-117.32271575927734,33.62542724609375
94822410,2025,2025-08-28,9840,2025-08-27,1656,018611,NA,3,2,7,3313,0,1,3,NA,2,021,SR-91 W/B,ARLINGTON AVENUE,1000,W,N,A,-,Y,RIV,NA,91,NA,NA,17.623,H,NA,L,Y,3,0,1,3,A,-,03,22350,NA,N,C,C,A,A,H,-,A,D,0,NA,NA,NA,NA,Y,NA,D,22,0,1,0,0,0,0,0,0,0,-,-,33.94437026977539,-117.39163208007813,RIVERSIDE,RIVERSIDE,-117.3916473388672,33.94438171386719
94822487,2025,2025-08-28,9685,2025-08-20,810,015295,NA,3,1,4,3342,0,1,1,NA,2,030,INTERSTATE 15 SOUTHBOUND,WARM SPRINGS CREEK BRIDGE,1320,S,N,A,-,Y,RIV,NA,15,NA,NA,7.515,H,NA,L,N,3,0,1,2,A,-,03,22350,NA,N,B,C,A,A,H,-,A,D,0,NA,NA,Y,NA,Y,NA,C,02,0,1,0,0,0,0,0,0,1,-,-,33.53379821777344,-117.17070770263672,RIVERSIDE,MURRIETA,-117.17072296142578,33.53379440307617
94823312,2025,2026-01-28,9840,2025-08-28,1855,022738,NA,4,2,7,3313,0,1,3,NA,2,010,SR-60 E/B,MARKET ST,1848,W,N,A,-,Y,RIV,NA,60,NA,NA,10.741,H,NA,R,Y,4,0,1,2,A,-,03,22350,NA,N,C,C,A,A,H,-,A,D,0,NA,NA,NA,NA,Y,NA,A,01,0,0,1,0,0,0,0,0,0,-,-,34.002838134765625,-117.38021850585938,RIVERSIDE,RIVERSIDE,-117.38021087646484,34.00285720825195
94823797,2025,2025-08-29,9840,2025-08-26,2113,021862,NA,2,2,7,3313,0,1,3,NA,2,021,SR-91 E/B,SPRUCE ST,1690,W,N,A,-,Y,RIV,NA,91,NA,NA,21.148,H,NA,R,N,3,0,2,2,A,-,03,22350,NA,N,C,C,A,A,H,-,C,D,0,NA,NA,NA,NA,Y,NA,A,01,0,2,0,0,0,0,0,0,0,-,-,33.98775863647461,-117.36286926269533,RIVERSIDE,RIVERSIDE,-117.36286926269533,33.987762451171875
9482681,2022,2022-07-28,3313,2022-07-02,1044,1756,NA,6,5,7,3313,0,0,0,NA,0,NA,UNIVERSITY AV,CRANFORD AV,520,W,N,A,-,N,NA,NA,NA,NA,NA,NA,NA,NA,NA,N,4,0,2,2,A,-,03,22350,NA,N,C,C,A,A,H,-,A,D,0,NA,NA,NA,NA,Y,NA,A,01,0,0,2,0,0,0,0,0,0,-,-,33.975521087646484,-117.34409332275392,RIVERSIDE,RIVERSIDE,-117.34590911865234,33.975608825683594
94826827,2025,2025-09-02,9655,2025-06-03,609,023001,NA,2,1,4,3301,0,1,1,NA,2,204,INTERSTATE 10 EASTBOUND,HARGRAVE STREET,2112,E,N,A,-,Y,RIV,NA,10,NA,NA,14.332,H,NA,R,Y,1,1,1,1,A,-,08,22107,NA,N,E,8,A,A,H,-,A,D,0,NA,NA,NA,NA,Y,NA,A,07,1,0,0,0,0,0,0,0,0,-,-,33.92436981201172,-116.8598175048828,RIVERSIDE,BANNING,-116.85983276367188,33.9244499206543
94827264,2025,2025-09-02,9840,2025-08-28,1335,021481,NA,4,1,7,3313,0,1,3,NA,2,021,SR-91 W/B,MISSION INN AVE,320,E,N,B,-,Y,RIV,NA,91,NA,NA,20.612,H,NA,L,N,4,0,1,3,A,-,08,22107,NA,N,B,C,A,A,H,-,A,D,0,NA,NA,NA,Y,Y,NA,A,07,0,0,1,0,0,0,0,0,0,-,-,33.9815788269043,-117.36846923828124,RIVERSIDE,RIVERSIDE,-117.36843872070313,33.98155212402344
94828877,2025,2025-09-03,9685,2025-08-25,1615,015906,NA,1,2,9,3300,0,1,3,NA,1,039,SR-79,ANZA ROAD,380,S,N,A,-,Y,RIV,NA,79,NA,NA,14.476,H,NA,R,N,4,0,1,3,A,-,03,22350,NA,F,C,C,A,A,H,-,A,D,0,NA,NA,NA,NA,Y,NA,A,01,0,0,1,0,0,0,0,0,0,-,-,33.48881912231445,-117.05428314208984,RIVERSIDE,UNINCORPORATED,-117.05427551269533,33.488826751708984
94830723,2025,2025-09-04,9840,2025-09-02,915,017802,NA,2,1,6,3345,0,1,3,NA,2,010,SR-60 W/B,RUBIDOUX BLVD.,150,W,N,A,-,Y,RIV,NA,60,NA,NA,9.529,H,NA,L,N,3,0,2,2,A,-,03,22350,NA,N,C,C,A,A,H,-,A,D,0,NA,NA,NA,NA,Y,NA,A,01,0,2,0,0,0,0,0,0,0,-,-,34.004669189453125,-117.40078735351563,RIVERSIDE,JURUPA VALLEY,-117.40078735351563,34.004638671875
94838660,2025,2025-09-10,9630,2025-08-29,1835,024113,NA,5,2,9,3300,0,3,5,NA,2,505,BEACHCOMBER WAY,69TH AVE,0,NA,Y,A,-,N,NA,NA,NA,NA,NA,NA,NA,NA,NA,N,4,0,1,2,A,-,09,21800,A,M,D,C,A,A,H,-,B,D,0,NA,NA,NA,NA,Y,NA,-,99,0,0,1,0,0,0,0,0,0,-,-,33.547210693359375,-115.94022369384766,RIVERSIDE,UNINCORPORATED,-115.94017028808594,33.547157287597656
94840261,2025,2025-12-22,9655,2025-09-02,1615,021048,NA,2,2,9,3300,0,3,5,NA,2,002,MORONGO TRAIL,SEMINOLE DR,0,NA,Y,B,-,N,NA,NA,NA,NA,NA,NA,NA,NA,NA,N,4,0,1,2,A,-,07,21658,A,N,D,C,A,A,H,-,A,A,0,NA,NA,NA,NA,Y,NA,A,01,0,0,1,0,0,0,0,0,0,-,-,33.92205047607422,-116.80577850341795,RIVERSIDE,UNINCORPORATED,-116.80596923828124,33.921730041503906
94840579,2025,2025-09-11,9840,2025-09-08,1810,021943,NA,1,2,7,3313,0,1,3,NA,2,010,STATE ROUTE 60 EASTBOUND,ORANGE STREET,360,E,N,A,-,Y,RIV,NA,60,NA,NA,11.891,H,NA,R,N,3,0,1,3,A,-,03,22350,NA,N,C,C,A,A,H,-,A,D,0,NA,NA,NA,NA,Y,NA,A,07,0,1,0,0,0,0,0,0,0,-,-,33.995418548583984,-117.36234283447266,RIVERSIDE,RIVERSIDE,-117.3623504638672,33.99539566040039
94842866,2024,2025-09-12,9630,2024-11-16,228,022508,NA,6,3,9,3300,0,1,3,NA,2,014,STATE ROUTE 111 NORTHBOUND,OVETURE DRIVE,6336,N,N,A,-,Y,RIV,NA,111,NA,R,59.664,H,NA,R,Y,1,1,1,1,A,-,01,23152,A,N,F,A,A,A,H,-,D,D,0,NA,NA,NA,NA,Y,Y,A,07,1,0,0,0,0,0,0,0,0,-,-,33.89889144897461,-116.62287139892578,RIVERSIDE,UNINCORPORATED,-116.62286376953124,33.898921966552734
94847872,2025,2025-09-17,9840,2025-09-16,1935,017459,NA,2,2,7,3313,0,1,3,NA,2,021,SR-91 E/B,SPRUCE ST,80,W,N,A,-,Y,RIV,NA,91,NA,NA,21.45,H,NA,R,Y,3,0,1,2,A,-,08,22107,NA,N,C,C,A,A,H,-,D,D,0,NA,NA,NA,NA,Y,NA,A,01,0,1,0,0,0,0,0,0,0,-,-,33.990570068359375,-117.35891723632813,RIVERSIDE,RIVERSIDE,-117.35897064208984,33.990596771240234
94848551,2025,2025-09-17,9840,2025-09-17,917,019893,NA,3,1,6,3315,0,1,3,NA,2,031,SR-91 W/B,MCKINLEY STREET,1722,W,N,A,-,Y,RIV,NA,91,NA,NA,8.832,H,NA,L,Y,4,0,1,3,A,-,03,22350,NA,N,C,C,A,A,H,-,A,D,0,NA,NA,NA,NA,Y,NA,A,07,0,0,1,0,0,0,0,0,0,-,-,33.88438034057617,-117.52356719970705,RIVERSIDE,CORONA,-117.52357482910156,33.884403228759766
94848686,2025,2025-09-17,9840,2025-08-31,1900,023412,NA,7,2,9,3300,0,3,5,NA,2,004,N/B COLE AVE,MARKHAM STREET,1300,S,N,A,-,N,NA,NA,NA,NA,NA,NA,NA,NA,NA,N,2,0,1,1,A,-,03,22350,NA,N,F,A,A,A,H,-,B,D,0,NA,NA,NA,NA,Y,NA,A,42,1,0,0,0,0,0,0,0,0,-,-,33.85702133178711,-117.32276153564452,RIVERSIDE,UNINCORPORATED,-117.32257843017578,33.854679107666016
94849819,2025,2025-09-18,9685,2025-09-08,1720,020989,NA,1,2,9,3300,0,1,3,NA,1,012,SR-74,BETTY RD,0,NA,Y,A,-,N,NA,NA,NA,NA,NA,NA,NA,NA,NA,Y,3,0,3,2,A,-,09,21802,A,N,D,C,A,A,H,-,A,A,0,NA,NA,NA,NA,Y,NA,A,01,0,1,2,0,0,0,0,0,0,-,-,33.76219940185547,-117.26480102539063,RIVERSIDE,UNINCORPORATED,-117.26995086669922,33.759117126464844
94852937,2025,2025-09-22,9655,2025-09-13,1052,023380,NA,6,1,9,3300,0,1,1,NA,2,204,I-10 W/B,MALKI RD,640,W,N,A,-,Y,RIV,NA,10,NA,R,16.411,H,NA,L,N,3,0,1,2,A,-,07,21658,A,N,C,C,A,A,H,-,A,D,0,NA,NA,Y,NA,Y,NA,C,02,0,1,0,0,0,0,0,0,1,-,-,33.93144989013672,-116.8242416381836,RIVERSIDE,UNINCORPORATED,-116.82423400878906,33.931522369384766
94852942,2025,2025-09-22,9655,2025-09-17,1305,019462,NA,3,1,9,3300,0,1,1,NA,2,202,I-10 W/B,BEAUMONT AVE,1500,W,N,B,-,Y,RIV,NA,10,NA,NA,6.927,H,NA,L,Y,4,0,1,2,C,-,18,NA,NA,N,B,C,A,A,H,-,A,D,0,NA,NA,NA,Y,Y,NA,-,-,0,0,1,0,0,0,0,0,0,-,-,33.93162155151367,-116.98623657226563,RIVERSIDE,UNINCORPORATED,-116.98625946044922,33.931602478027344
94853483,2025,2025-09-22,9655,2025-09-18,1338,019462,NA,4,1,9,3300,0,1,3,NA,1,215,SR-243,FILKINS STREET,2000,S,N,C,-,Y,RIV,NA,243,NA,NA,27.456,H,NA,R,Y,3,0,1,1,A,-,03,22350,NA,N,E,I,A,B,H,-,A,D,0,NA,NA,NA,NA,Y,NA,A,07,0,1,0,0,0,0,0,0,0,-,-,33.90665054321289,-116.86634826660156,RIVERSIDE,UNINCORPORATED,-116.86632537841795,33.9066162109375
94854659,2025,2025-09-22,9630,2025-09-16,725,022858,NA,2,1,9,3300,0,3,5,NA,2,001,AVENIDA MANZANA,AVENIDA IDILIO,0,NA,Y,A,-,N,NA,NA,NA,NA,NA,NA,NA,NA,NA,Y,4,0,2,2,A,-,12,22450,A,N,D,C,A,A,H,-,A,A,0,NA,NA,NA,NA,Y,NA,A,07,0,0,2,0,0,0,0,0,0,-,-,33.928531646728516,-116.49333953857422,RIVERSIDE,UNINCORPORATED,NA,NA
94855168,2025,2025-09-22,9840,2025-09-06,1101,024362,NA,6,1,7,3313,0,1,3,NA,2,031,STATE ROUTE 91,MAIN STREET,430,W,N,A,-,Y,RIV,NA,91,NA,NA,6.273,H,NA,R,N,4,0,1,2,A,-,03,22350,NA,N,C,C,A,A,H,-,A,D,0,NA,NA,NA,NA,Y,NA,A,01,0,0,1,0,0,0,0,0,0,-,-,33.87997817993164,-117.5672607421875,RIVERSIDE,RIVERSIDE,-117.56723785400392,33.88014221191406
94857890,2025,2025-09-24,9630,2025-09-16,740,016635,NA,2,1,9,3300,0,1,1,NA,2,020,I-10 W/B,RAMON RD,0.2,E,N,A,-,Y,RIV,NA,10,NA,NA,43.625,H,NA,L,Y,2,0,2,1,A,-,08,22107,NA,N,F,A,A,A,H,-,A,D,0,NA,NA,NA,NA,Y,NA,D,22,1,0,1,0,0,0,0,0,0,-,-,33.813838958740234,-116.400390625,RIVERSIDE,UNINCORPORATED,-116.40045928955078,33.81377410888672
94858597,2025,2025-09-24,9840,2025-09-17,821,021080,NA,3,1,6,3345,0,1,3,NA,2,010,SR-60 E/B,RUBIDOUX BLVD,330,E,N,A,-,Y,RIV,NA,60,NA,NA,9.626,H,NA,R,N,4,0,2,4,A,-,03,22350,NA,N,C,C,A,A,H,-,A,D,0,NA,NA,NA,NA,Y,NA,D,22,0,0,2,0,0,0,0,0,0,-,-,34.00463104248047,-117.39923095703124,RIVERSIDE,JURUPA VALLEY,-117.39923095703124,34.00464630126953
94858695,2025,2025-09-24,9840,2025-07-21,15,022974,NA,1,3,9,3300,0,1,3,NA,2,030,STATE ROUTE 91 WESTBOUND,SERFAS CLUB DRIVE,115,W,N,A,-,Y,RIV,NA,91,NA,R,3.685,H,NA,L,Y,1,1,0,1,A,-,08,22107,NA,N,E,I,A,A,H,-,D,D,0,NA,NA,NA,NA,Y,NA,A,01,0,0,0,0,0,0,0,0,0,-,-,33.88079071044922,-117.61363983154295,RIVERSIDE,UNINCORPORATED,-117.61361694335938,33.88090515136719
94859684,2025,2025-09-25,9840,2025-09-15,1225,017802,NA,1,1,7,3313,0,1,3,NA,2,020,SR-91 E/B TO PIERCE ST.,PIERCE ST.,8,W,N,A,-,Y,NA,NA,NA,NA,NA,NA,NA,NA,NA,N,2,0,1,2,A,-,10,21950,A,N,G,B,B,A,H,-,A,A,0,Y,NA,NA,NA,Y,NA,D,22,1,0,0,0,1,0,0,0,0,-,-,33.896820068359375,-117.49272918701172,RIVERSIDE,RIVERSIDE,-117.49288940429688,33.897247314453125
94861608,2025,2025-09-26,9685,2025-09-17,805,016347,NA,3,1,9,3300,0,3,5,NA,2,003,WARREN ROAD,BOREL ROAD,10,E,N,A,-,N,NA,NA,NA,NA,NA,NA,NA,NA,NA,Y,3,0,2,2,A,-,08,22100,B,N,A,C,A,A,H,-,A,A,0,NA,NA,NA,NA,Y,NA,D,22,0,2,0,0,0,0,0,0,0,-,-,33.568641662597656,-117.03170013427734,RIVERSIDE,UNINCORPORATED,-117.03167724609376,33.5684928894043
94861865,2025,2025-09-26,9840,2025-09-20,2035,023688,NA,6,2,6,3315,0,1,1,NA,2,034,I-15 S/B,EL CERRITO RD,175,E,N,A,-,Y,NA,NA,NA,NA,NA,NA,NA,NA,NA,Y,4,0,1,2,A,-,07,21658,A,M,B,C,A,A,H,-,D,D,0,NA,NA,NA,NA,Y,NA,-,99,0,0,1,0,0,0,0,0,0,-,-,33.800941467285156,-117.1264419555664,RIVERSIDE,CORONA,-117.52970886230467,33.8316535949707
94861866,2025,2025-09-26,9655,2025-09-24,840,018320,NA,3,1,9,3300,0,1,3,NA,2,213,SR-79 S/B,CALIFORNIA AVE,1267,S,N,A,-,Y,RIV,NA,79,NA,NA,39.059,H,NA,L,N,4,0,2,2,A,-,03,22350,NA,N,C,C,A,A,D,-,A,D,0,NA,NA,NA,NA,Y,NA,A,01,0,0,2,0,0,0,0,0,0,-,-,33.907989501953125,-116.98267364501952,RIVERSIDE,UNINCORPORATED,-116.9826889038086,33.907997131347656
94862068,2025,2025-09-26,9840,2025-09-20,758,023816,NA,6,1,7,3313,0,1,1,NA,2,023,INTERSTATE 215 NORTHBOUND,CENTRAL AVENUE,2405,N,N,A,-,Y,RIV,NA,215,NA,NA,39.958,H,NA,R,Y,3,0,1,2,A,-,03,22350,NA,N,C,C,A,A,H,-,A,D,0,NA,NA,NA,NA,Y,NA,A,01,0,1,0,0,0,0,0,0,0,-,-,33.96089172363281,-117.31674957275392,RIVERSIDE,RIVERSIDE,-117.31674957275392,33.96085739135742