CASE_ID,ACCIDENT_YEAR,PROC_DATE,JURIS,COLLISION_DATE,COLLISION_TIME,OFFICER_ID,REPORTING_DISTRICT,DAY_OF_WEEK,CHP_SHIFT,POPULATION,CNTY_CITY_LOC,SPECIAL_COND,BEAT_TYPE,CHP_BEAT_TYPE,CITY_DIVISION_LAPD,CHP_BEAT_CLASS,BEAT_NUMBER,PRIMARY_RD,SECONDARY_RD,DISTANCE,DIRECTION,INTERSECTION,WEATHER_1,WEATHER_2,STATE_HWY_IND,CALTRANS_COUNTY,CALTRANS_DISTRICT,STATE_ROUTE,ROUTE_SUFFIX,POSTMILE_PREFIX,POSTMILE,LOCATION_TYPE,RAMP_INTERSECTION,SIDE_OF_HWY,TOW_AWAY,COLLISION_SEVERITY,NUMBER_KILLED,NUMBER_INJURED,PARTY_COUNT,PRIMARY_COLL_FACTOR,PCF_CODE_OF_VIOL,PCF_VIOL_CATEGORY,PCF_VIOLATION,PCF_VIOL_SUBSECTION,HIT_AND_RUN,TYPE_OF_COLLISION,MVIW,PED_ACTION,ROAD_SURFACE,ROAD_COND_1,ROAD_COND_2,LIGHTING,CONTROL_DEVICE,CHP_ROAD_TYPE,PEDESTRIAN_ACCIDENT,BICYCLE_ACCIDENT,MOTORCYCLE_ACCIDENT,TRUCK_ACCIDENT,NOT_PRIVATE_PROPERTY,ALCOHOL_INVOLVED,STWD_VEHTYPE_AT_FAULT,CHP_VEHTYPE_AT_FAULT,COUNT_SEVERE_INJ,COUNT_VISIBLE_INJ,COUNT_COMPLAINT_PAIN,COUNT_PED_KILLED,COUNT_PED_INJURED,COUNT_BICYCLIST_KILLED,COUNT_BICYCLIST_INJURED,COUNT_MC_KILLED,COUNT_MC_INJURED,PRIMARY_RAMP,SECONDARY_RAMP,LATITUDE,LONGITUDE,COUNTY,CITY,POINT_X,POINT_Y
6342324,2014,2016-01-14,9630,2014-01-15,1908,15339,NA,3,2,9,3300,0,1,1,NA,2,021,RT 10,MONTEREY AV,5280,E,N,A,-,Y,RIV,8,10,-,-,45.51,H,-,W,Y,4,0,1,1,A,-,08,22107,NA,N,E,I,A,A,H,-,D,D,1,NA,NA,NA,NA,Y,NA,D,22,0,0,1,0,0,0,0,0,0,-,-,33.79945,-116.37708,RIVERSIDE,UNINCORPORATED,-116.37361706,33.79743537
6342519,2014,2016-02-18,9840,2014-01-24,1800,16342,NA,5,2,6,3345,0,1,1,NA,2,011,RT 15,RT 60,1584,S,N,A,-,Y,RIV,8,15,-,-,50.9,H,-,N,Y,4,0,1,2,A,-,03,22350,NA,N,C,C,A,A,H,-,C,D,1,NA,NA,NA,NA,Y,NA,A,01,0,0,1,0,0,0,0,0,0,-,-,34.01364,-117.55024,RIVERSIDE,JURUPA VALLEY,-117.5500557,34.01352062
6347204,2016,2017-02-11,3313,2016-03-10,1033,1772,E,4,5,7,3313,0,0,0,NA,0,T45,CENTRAL AV,RT 91,0,NA,Y,A,-,Y,RIV,8,91,-,-,18.266,R,4,E,Y,4,0,3,2,A,-,12,21453,A,N,D,C,A,A,H,-,A,A,0,NA,NA,NA,NA,Y,NA,A,01,0,0,3,0,0,0,0,0,0,-,EF,NA,NA,RIVERSIDE,RIVERSIDE,-117.38499339,33.95163812
6351951,2014,2014-06-11,3313,2014-01-10,1121,127,CENTE,5,5,7,3313,0,0,0,NA,0,T53,ARLINGTON AV,INDIANA AV,395,E,N,A,-,N,NA,NA,NA,NA,NA,NA,NA,NA,NA,Y,3,0,1,2,A,-,12,21453,A,N,D,C,A,A,H,-,A,A,0,NA,NA,NA,NA,Y,NA,A,01,0,1,0,0,0,0,0,0,0,-,-,NA,NA,RIVERSIDE,RIVERSIDE,-117.38665158,33.94630126
6353551,2014,2016-03-11,9840,2014-01-02,1800,16342,NA,4,2,6,3315,0,1,3,NA,2,031,RT 91,RT 15,100,W,N,A,-,Y,RIV,8,91,-,-,7.43,H,-,E,N,4,0,1,2,A,-,03,22350,NA,N,C,C,A,A,H,-,C,D,1,NA,NA,NA,NA,Y,NA,A,01,0,0,1,0,0,0,0,0,0,-,-,33.88183,-117.54672,RIVERSIDE,CORONA,-117.54762237,33.8816911
6353597,2014,2014-06-05,3313,2014-01-02,0637,127,WEST,4,5,7,3313,0,0,0,NA,0,T53,ARLINGTON AV,MITCHELL AV,15,E,N,A,-,N,NA,NA,NA,NA,NA,NA,NA,NA,NA,Y,3,0,1,1,C,-,18,NA,NA,N,H,H,A,A,H,-,A,A,0,NA,NA,Y,NA,Y,NA,-,-,0,1,0,0,0,0,0,0,1,-,-,NA,NA,RIVERSIDE,RIVERSIDE,-117.49154154,33.94465235
6356772,2014,2016-02-20,9840,2014-01-17,1625,15844,NA,5,2,7,3313,0,1,1,NA,2,023,RT 215,LINDEN ST,5,S,N,A,-,Y,RIV,8,215,-,-,41.83,H,-,N,Y,4,0,1,2,A,-,03,22350,NA,N,C,C,A,A,H,-,A,D,1,NA,NA,NA,NA,Y,NA,I,10,0,0,1,0,0,0,0,0,0,-,-,33.98271,-117.3417,RIVERSIDE,RIVERSIDE,-117.33891704,33.97933271
6358245,2014,2016-02-22,9685,2014-01-26,1120,013006,NA,7,1,5,3335,0,1,1,NA,2,030,RT 15,TEMECULA PKWY,2640,N,N,A,-,Y,RIV,8,15,-,-,3.94,H,-,S,Y,4,0,2,3,A,-,03,22350,NA,N,C,C,A,A,H,-,A,D,1,NA,NA,NA,NA,Y,NA,A,01,0,0,2,0,0,0,0,0,0,-,-,NA,NA,RIVERSIDE,TEMECULA,-117.14354696,33.48794285
6358572,2014,2016-03-21,9840,2014-01-14,0710,14868,NA,2,1,6,3394,0,1,3,NA,2,025,RT 60,FREDERICK ST,800,E,N,A,-,Y,RIV,8,60,-,-,14.47,H,-,W,Y,4,0,1,2,A,-,03,22350,NA,N,C,C,A,A,H,-,A,D,1,NA,NA,NA,NA,Y,NA,A,01,0,0,1,0,0,0,0,0,0,-,-,33.94111,-117.25455,RIVERSIDE,MORENO VALLEY,-117.25911306,33.94093352
6359038,2014,2016-02-03,3300,2014-02-07,1421,N4575,503A,5,5,5,3341,0,0,0,NA,0,053,RT 215,MCCALL BL,6,S,N,B,-,Y,RIV,8,215,-,R,20.532,R,1,N,N,3,0,1,2,A,-,10,21950,A,N,G,B,B,A,H,-,A,A,0,Y,NA,NA,Y,Y,NA,F,26,0,1,0,0,1,0,0,0,0,NF,-,NA,NA,RIVERSIDE,MENIFEE,-117.18776487,33.71066838
6359819,2014,2015-01-20,3300,2014-01-14,1336,4453,506D,2,5,5,3341,0,0,0,NA,0,056,NEWPORT RD,HAUN RD,0,NA,Y,A,-,N,NA,NA,NA,NA,NA,NA,NA,NA,NA,N,4,0,1,2,A,-,09,21453,C,N,D,C,A,A,H,-,A,A,0,NA,NA,NA,NA,Y,NA,D,22,0,0,1,0,0,0,0,0,0,-,-,NA,NA,RIVERSIDE,MENIFEE,-117.17552008,33.68506001
6361792,2014,2014-06-28,3313,2014-02-02,1048,1738,NORTH,7,5,7,3313,0,0,0,NA,0,B121,IOWA AV,PALMYRITA AV,0,NA,Y,B,-,N,NA,NA,NA,NA,NA,NA,NA,NA,NA,N,4,0,1,2,A,-,09,21802,A,N,D,C,A,A,H,-,A,B,0,NA,NA,NA,NA,Y,NA,-,NA,0,0,1,0,0,0,0,0,0,-,-,NA,NA,RIVERSIDE,RIVERSIDE,-117.33986011,34.0047701
6362391,2014,2014-06-11,3313,2014-01-22,2112,1073,WEST,3,5,7,3313,0,0,0,NA,0,T42,PIERCE ST,PIERCE ST 3883,0,NA,-,A,-,N,NA,NA,NA,NA,NA,NA,NA,NA,NA,N,4,0,1,2,B,-,22,NA,NA,N,D,G,A,A,H,-,C,D,0,NA,Y,NA,NA,Y,NA,L,04,0,0,1,0,0,0,1,0,0,-,-,NA,NA,RIVERSIDE,RIVERSIDE,NA,NA
6363612,2014,2014-06-11,3313,2014-01-09,2004,1222,WEST,4,5,7,3313,0,0,0,NA,0,T41,INDIANA AV,SAYWARD CIR,246,W,N,A,-,N,NA,NA,NA,NA,NA,NA,NA,NA,NA,Y,2,0,2,2,A,-,03,22350,NA,N,D,C,A,A,H,-,C,D,0,NA,NA,NA,NA,Y,NA,A,01,2,0,0,0,0,0,0,0,0,-,-,NA,NA,RIVERSIDE,RIVERSIDE,-117.48229157,33.89182594
6365678,2014,2016-02-22,9840,2014-01-25,0403,15800,NA,6,3,4,3310,0,1,1,NA,2,011,RT 15,6TH ST,475,S,N,A,-,Y,RIV,8,15,-,-,45.51,H,-,N,N,3,0,1,1,A,-,08,22107,NA,N,E,I,A,A,H,-,C,D,1,NA,NA,NA,NA,Y,NA,D,22,0,1,0,0,0,0,0,0,0,-,-,33.9388,-117.55445,RIVERSIDE,NORCO,-117.55581849,33.936621
6365815,2014,2014-06-03,9630,2014-01-31,1340,020570,NA,5,1,9,3300,0,3,5,NA,2,002,DARBY RD,PALM ROYAL DR,1584,E,N,A,-,N,NA,NA,NA,NA,NA,NA,NA,NA,NA,N,3,0,3,1,A,-,03,22350,NA,N,E,I,A,A,H,-,A,D,0,NA,NA,NA,NA,Y,NA,D,22,0,2,1,0,0,0,0,0,0,-,-,33.73451,-116.29524,RIVERSIDE,UNINCORPORATED,-116.295905,33.734538
6365983,2014,2016-03-11,9840,2014-02-06,1545,13500,NA,4,2,7,3313,0,1,3,NA,2,020,RT 91,TYLER ST,300,W,N,C,-,Y,RIV,8,91,-,-,12.98,H,-,W,Y,4,0,1,2,A,-,03,22350,NA,N,C,C,A,B,H,-,A,D,1,NA,NA,NA,NA,Y,NA,A,01,0,0,1,0,0,0,0,0,0,-,-,33.90343,-117.46074,RIVERSIDE,RIVERSIDE,-117.45786663,33.90583262
6367413,2014,2016-03-17,9655,2014-01-31,0909,014583,NA,5,1,4,3301,0,1,1,NA,2,204,RT 10,MALKI RD,645,W,N,C,-,Y,RIV,8,10,-,R,16.42,H,-,W,Y,4,0,1,1,A,-,03,22350,NA,N,E,I,A,B,H,-,A,D,1,NA,NA,NA,NA,Y,NA,A,01,0,0,1,0,0,0,0,0,0,-,-,33.93174,-116.82883,RIVERSIDE,BANNING,-116.82406563,33.93150741
6367421,2014,2016-03-11,9655,2014-01-24,2020,018262,NA,5,2,9,3300,0,1,3,NA,2,212,RT 60,GILMAN SPRINGS RD,10560,E,N,A,-,Y,RIV,8,60,-,-,24.1,H,-,W,N,4,0,1,2,A,-,03,22350,NA,N,C,C,A,A,H,-,D,D,1,NA,NA,NA,NA,Y,NA,A,01,0,0,1,0,0,0,0,0,0,-,-,33.93961,-117.09441,RIVERSIDE,UNINCORPORATED,-117.09428221,33.93968811
6367429,2014,2014-06-09,9655,2014-01-27,2042,017720,NA,1,2,9,3300,0,1,3,NA,2,311,GILMAN SPRINGS RD,ALESSANDRO BL,55,W,N,A,-,N,NA,NA,NA,NA,NA,NA,NA,NA,NA,Y,2,0,1,2,A,-,09,21801,A,F,F,A,A,A,H,-,D,D,0,NA,NA,Y,NA,Y,NA,-,99,1,0,0,0,0,0,0,0,1,-,-,33.91962,-117.10425,RIVERSIDE,UNINCORPORATED,-117.10404496,33.91964748
6367453,2014,2014-06-17,3313,2014-02-03,0858,581,NORTH,1,5,7,3313,0,0,0,NA,0,M25,14TH ST,MAIN ST,0,NA,Y,A,-,N,NA,NA,NA,NA,NA,NA,NA,NA,NA,N,4,0,2,2,A,-,09,21801,A,N,D,C,A,A,H,-,A,A,0,NA,NA,NA,NA,Y,NA,A,01,0,0,2,0,0,0,0,0,0,-,-,NA,NA,RIVERSIDE,RIVERSIDE,-117.37839007,33.97617009
6371185,2014,2014-06-11,3300,2014-01-10,0745,N3672,916A,5,5,4,3312,0,0,0,NA,0,031,RAMONA EXPWY,RAMONA XING,0,NA,Y,A,-,N,NA,NA,NA,NA,NA,NA,NA,NA,NA,Y,2,0,2,2,A,-,08,22107,NA,N,B,C,A,A,H,-,A,A,0,NA,NA,Y,NA,Y,NA,A,01,1,0,1,0,0,0,0,0,1,-,-,NA,NA,RIVERSIDE,PERRIS,-117.25100008,33.84377009
6371529,2014,2014-06-02,3300,2014-01-10,1641,3839,604C2,5,5,6,3394,0,0,0,NA,0,044,IRIS AV,COACHLIGHT CT,30,E,N,A,-,N,NA,NA,NA,NA,NA,NA,NA,NA,NA,N,4,0,1,2,A,-,21,22106,NA,N,C,C,A,A,H,-,A,A,0,NA,NA,NA,NA,Y,NA,A,07,0,0,1,0,0,0,0,0,0,-,-,NA,NA,RIVERSIDE,MORENO VALLEY,-117.20223548,33.89304226
6371549,2014,2014-06-02,3309,2014-01-13,1504,326,3309,1,5,4,3309,0,0,0,NA,0,001,MONROE ST,HOOVER ST,0,NA,Y,A,-,N,NA,NA,NA,NA,NA,NA,NA,NA,NA,N,4,0,1,2,A,-,12,21453,A,N,D,C,A,A,H,-,A,A,0,NA,NA,NA,NA,Y,NA,A,08,0,0,1,0,0,0,0,0,0,-,-,NA,NA,RIVERSIDE,INDIO,-116.23377012,33.72677007
6376482,2014,2014-07-09,3313,2014-02-03,1541,1073,NA,1,5,7,3313,0,0,0,NA,0,NA,MAGNOLIA AV,ELIZABETH ST,5,S,N,A,-,N,NA,NA,NA,NA,NA,NA,NA,NA,NA,N,4,0,1,2,A,-,10,21950,A,N,G,B,B,A,H,-,A,A,0,Y,NA,NA,NA,Y,NA,A,01,0,0,1,0,1,0,0,0,0,-,-,NA,NA,RIVERSIDE,RIVERSIDE,-117.39268707,33.95948763
6377213,2014,2016-03-11,9840,2014-02-25,1520,12208,NA,2,2,6,3315,0,1,3,NA,2,031,RT 91,RT 15,1265,W,N,B,-,Y,RIV,8,91,-,-,7.21,H,-,E,Y,4,0,1,2,A,-,03,22350,NA,N,C,C,A,A,H,-,A,D,1,NA,NA,NA,NA,Y,NA,A,01,0,0,1,0,0,0,0,0,0,-,-,33.88049,-117.55153,RIVERSIDE,CORONA,-117.55122491,33.88061541
6377233,2014,2016-03-17,9840,2014-02-22,1230,17162,NA,6,1,6,3315,0,1,1,NA,2,034,RT 15,MAGNOLIA AV,123,N,N,A,-,Y,RIV,8,15,-,-,40.52,R,2,N,Y,4,0,1,3,A,-,08,22107,NA,N,E,I,A,A,H,-,A,D,1,NA,NA,NA,NA,Y,NA,A,01,0,0,1,0,0,0,0,0,0,-,-,33.93801,-117.55432,RIVERSIDE,CORONA,-117.54337705,33.86807188
6378176,2014,2014-06-06,3300,2014-01-29,1421,N4654,910A,3,5,5,3335,0,0,0,NA,0,062,WINCHESTER RD,RORIPAUGH RD,95,W,N,A,-,N,NA,NA,NA,NA,NA,NA,NA,NA,NA,N,4,0,4,2,A,-,03,22350,NA,N,C,C,A,A,H,-,A,A,0,NA,NA,NA,NA,Y,NA,A,01,0,0,4,0,0,0,0,0,0,-,-,NA,NA,RIVERSIDE,TEMECULA,-117.14875046,33.53340816
6378180,2014,2014-06-06,3300,2014-01-30,0550,2914,910R2,4,5,5,3335,0,0,0,NA,0,061,WINCHESTER RD,YNEZ RD,0,NA,Y,A,-,N,NA,NA,NA,NA,NA,NA,NA,NA,NA,Y,4,0,1,2,A,-,12,21453,A,N,D,C,A,A,H,-,C,A,0,NA,NA,NA,NA,Y,NA,A,08,0,0,1,0,0,0,0,0,0,-,-,NA,NA,RIVERSIDE,TEMECULA,-117.16036007,33.5246601
6378231,2014,2014-06-06,3300,2014-01-17,1749,N2248,87C1,5,5,2,3316,0,0,0,NA,0,373,FRED WARING DR,VIA TOSCANA,172,E,N,A,-,N,NA,NA,NA,NA,NA,NA,NA,NA,NA,Y,4,0,1,3,A,-,03,22350,NA,N,C,D,A,A,H,-,B,A,0,NA,NA,NA,NA,Y,NA,A,01,0,0,1,0,0,0,0,0,0,-,-,NA,NA,RIVERSIDE,INDIAN WELLS,-116.33687683,33.72895805
6380712,2014,2014-07-02,3313,2014-02-22,1250,1631,N,6,5,7,3313,0,0,0,NA,0,B119,MAGNOLIA AV,ELIZABETH ST,0,NA,Y,A,-,N,NA,NA,NA,NA,NA,NA,NA,NA,NA,Y,4,0,1,2,A,-,12,21453,A,N,D,C,A,A,H,-,A,A,0,NA,NA,NA,NA,Y,NA,A,01,0,0,1,0,0,0,0,0,0,-,-,NA,NA,RIVERSIDE,RIVERSIDE,-117.39268008,33.95950012
6380796,2014,2014-06-04,3300,2014-01-04,1650,2694,920A,6,5,4,3314,0,0,0,NA,0,070,SANDERSON AV,RAMONA BL,1683,S,N,A,-,N,NA,NA,NA,NA,NA,NA,NA,NA,NA,Y,3,0,1,1,A,-,08,22107,NA,N,E,I,A,A,H,-,A,D,0,NA,NA,NA,NA,Y,NA,A,01,0,1,0,0,0,0,0,0,0,-,-,33.81895,-117.00575,RIVERSIDE,SAN JACINTO,-117.00679627,33.81713017
6381553,2014,2014-06-17,9630,2014-02-11,2332,19843,NA,2,3,9,3300,0,3,5,NA,2,002,MOUNTAIN VIEW RD,DILLON RD,2640,N,N,A,-,N,NA,NA,NA,NA,NA,NA,NA,NA,NA,Y,2,0,2,2,A,-,06,21751,NA,N,A,C,A,A,H,-,D,D,0,NA,NA,NA,NA,Y,NA,D,23,1,1,0,0,0,0,0,0,0,-,-,33.93238,-116.47568,RIVERSIDE,UNINCORPORATED,-116.4756599,33.93218483
6384249,2014,2016-02-20,9840,2014-02-18,0610,14868,NA,2,1,7,3313,0,1,1,NA,2,023,RT 215,CENTRAL AV,300,S,N,E,-,Y,RIV,8,215,-,-,39.42,H,-,N,Y,4,0,1,4,A,-,03,22350,NA,N,C,C,A,A,H,-,B,D,1,NA,NA,NA,NA,Y,NA,A,07,0,0,1,0,0,0,0,0,0,-,-,NA,NA,RIVERSIDE,RIVERSIDE,-117.30845892,33.95829626
6384693,2014,2014-06-05,3308,2014-01-21,1804,8344,527,2,5,5,3308,0,0,0,NA,0,SOUTH,SAN JACINTO ST,ACACIA AV,0,NA,Y,A,-,N,NA,NA,NA,NA,NA,NA,NA,NA,NA,N,3,0,1,2,A,-,09,21800,A,N,B,G,A,A,H,-,D,A,0,NA,Y,NA,NA,Y,Y,L,04,0,1,0,0,0,0,1,0,0,-,-,NA,NA,RIVERSIDE,HEMET,-116.95862003,33.74397007
6385158,2014,2014-06-09,3300,2014-01-25,0417,4699,3300,6,5,5,3341,0,0,0,NA,0,501D,MAPES RD,EDISON POLE,183,W,N,A,-,N,NA,NA,NA,NA,NA,NA,NA,NA,NA,N,2,0,1,1,A,-,03,22350,NA,N,E,I,A,A,H,-,D,D,0,NA,NA,NA,NA,Y,Y,A,01,1,0,0,0,0,0,0,0,0,-,-,NA,NA,RIVERSIDE,MENIFEE,NA,NA
6385162,2014,2015-03-12,3300,2014-01-09,1828,4460,503C,4,5,5,3341,0,0,0,NA,0,053,MCCALL BL,MCCALL BL 27400,0,NA,Y,A,-,N,NA,NA,NA,NA,NA,NA,NA,NA,NA,Y,2,0,1,2,A,-,11,21954,A,N,G,B,D,A,H,-,C,A,0,Y,NA,NA,NA,Y,Y,N,60,1,0,0,0,1,0,0,0,0,-,-,NA,NA,RIVERSIDE,MENIFEE,-117.181761,33.715353
6385313,2014,2014-06-16,3300,2014-02-08,1546,N4575,507D,6,5,5,3341,0,0,0,NA,0,057,NEWPORT RD,RT 215,271,W,N,A,-,N,NA,NA,NA,NA,NA,NA,NA,NA,NA,Y,4,0,1,2,A,-,03,22350,NA,N,C,C,A,A,H,-,A,A,0,NA,NA,NA,NA,Y,NA,A,01,0,0,1,0,0,0,0,0,0,-,SO,NA,NA,RIVERSIDE,MENIFEE,-117.17245793,33.685138
6385321,2014,2014-06-12,3300,2014-02-09,1640,N2176,500B,7,5,5,3341,0,0,0,NA,0,050,GOETZ RD,VISTA WY,0,NA,Y,A,-,N,NA,NA,NA,NA,NA,NA,NA,NA,NA,Y,4,0,1,2,A,-,09,21804,A,N,D,C,A,A,H,-,A,D,0,NA,NA,NA,NA,Y,NA,A,01,0,0,1,0,0,0,0,0,0,-,-,NA,NA,RIVERSIDE,MENIFEE,-117.24060013,33.68943005
6386726,2014,2016-03-16,9630,2014-02-17,1300,020380,NA,1,1,9,3300,0,1,3,NA,1,074,RT 74,BIGHORN DR,3168,E,N,A,-,Y,RIV,8,74,-,-,85.77,H,-,W,N,2,0,1,1,A,-,03,22350,NA,N,F,A,A,A,B,-,A,D,0,NA,NA,Y,NA,Y,NA,C,02,1,0,0,0,0,0,0,0,1,-,-,33.62548,-116.40368,RIVERSIDE,UNINCORPORATED,-116.40361498,33.62606617
6388159,2014,2016-03-17,9685,2014-02-08,1500,017169,NA,6,2,4,3342,0,1,1,NA,2,030,RT 15,CALIFORNIA OAKS RD,2640,N,N,A,-,Y,RIV,8,15,-,-,11.12,H,-,S,Y,3,0,1,1,A,-,07,21658,A,N,E,J,A,A,H,-,A,D,1,NA,NA,NA,NA,Y,NA,A,01,0,1,0,0,0,0,0,0,0,-,-,33.57227,-117.21644,RIVERSIDE,MURRIETA,-117.2138267,33.57045067
6388239,2014,2014-06-16,3300,2014-02-01,1800,3613,508B,6,5,5,3341,0,0,0,NA,0,058,BUNDY CANYON RD,WRIGHT RD,0,NA,Y,A,-,N,NA,NA,NA,NA,NA,NA,NA,NA,NA,N,3,0,1,2,A,-,03,22350,NA,F,C,G,A,A,H,-,D,D,0,NA,Y,NA,NA,Y,NA,A,01,0,1,0,0,0,0,1,0,0,-,-,NA,NA,RIVERSIDE,MENIFEE,-117.21740007,33.64174005
6389307,2014,2014-06-25,3313,2014-02-13,0845,127,CENTE,4,5,7,3313,0,0,0,NA,0,T53,INDIANA AV,ARROWHEAD ST,460,E,N,A,-,N,NA,NA,NA,NA,NA,NA,NA,NA,NA,N,4,0,1,2,A,-,09,21801,A,N,D,C,A,A,H,-,A,D,0,NA,NA,NA,NA,Y,NA,A,08,0,0,1,0,0,0,0,0,0,-,-,NA,NA,RIVERSIDE,RIVERSIDE,-117.4295156,33.92091583
6390403,2014,2014-06-10,9840,2014-01-24,0637,18248,NA,5,1,9,3300,0,3,5,NA,2,002,RECHE CANYON RD,RECHE VISTA DR,10032,S,N,A,-,N,NA,NA,NA,NA,NA,NA,NA,NA,NA,Y,4,0,1,1,A,-,08,22107,NA,N,F,A,A,A,H,-,A,D,0,NA,NA,NA,NA,Y,NA,A,01,0,0,1,0,0,0,0,0,0,-,-,NA,NA,RIVERSIDE,UNINCORPORATED,-117.2049512,33.97422079
6390804,2014,2015-01-26,3300,2014-01-22,1635,3924,36J1,3,5,4,3318,0,0,0,NA,0,MO871,PORTOLA AV,SILVER SANDS PKWY,661,N,N,A,-,N,NA,NA,NA,NA,NA,NA,NA,NA,NA,N,4,0,2,3,A,-,03,22350,NA,N,-,C,A,A,H,-,A,D,0,NA,NA,Y,NA,Y,NA,A,07,0,0,2,0,0,0,0,0,0,-,-,NA,NA,RIVERSIDE,PALM DESERT,-116.37370375,33.75430853
6393151,2014,2014-06-13,3313,2014-01-17,0557,140,NORTH,5,5,7,3313,0,0,0,NA,0,M37,ARLINGTON AV,HARDING ST,0,NA,Y,A,-,N,NA,NA,NA,NA,NA,NA,NA,NA,NA,N,4,0,1,2,A,-,09,21801,A,N,D,G,A,A,H,-,C,D,0,NA,Y,NA,NA,Y,NA,A,07,0,0,1,0,0,0,1,0,0,-,-,NA,NA,RIVERSIDE,RIVERSIDE,-117.39945001,33.9462401
6393155,2014,2014-06-13,3313,2014-01-20,1720,1475,W,1,5,7,3313,0,0,0,NA,0,T40,PIERCE ST,MAGNOLIA AV,246,N,N,A,-,N,NA,NA,NA,NA,NA,NA,NA,NA,NA,N,3,0,1,2,A,-,09,21804,A,N,D,G,A,A,H,-,B,A,0,NA,Y,NA,NA,Y,NA,L,04,0,1,0,0,0,0,1,0,0,-,-,NA,NA,RIVERSIDE,RIVERSIDE,-117.49159185,33.89568321
6393187,2014,2014-06-13,3313,2014-01-13,1852,1073,NORTH,1,5,7,3313,0,0,0,NA,0,T42,CENTRAL AV,DE ANZA AV,0,W,N,A,-,N,NA,NA,NA,NA,NA,NA,NA,NA,NA,Y,2,0,2,2,A,-,11,21955,NA,N,G,B,D,A,H,-,C,A,0,Y,NA,NA,NA,Y,NA,N,60,1,1,0,0,1,0,0,0,0,-,-,NA,NA,RIVERSIDE,RIVERSIDE,-117.39342009,33.95354006
6393387,2014,2016-02-20,3313,2014-01-29,0800,1562,EAST,3,5,7,3313,0,0,0,NA,0,230,BLAINE ST,RT 215,3,W,N,A,-,Y,RIV,8,215,-,-,42.355,R,1,S,N,4,0,2,3,A,-,10,21950,A,F,G,B,B,A,H,-,A,D,0,Y,NA,NA,NA,Y,NA,A,NA,0,0,2,0,2,0,0,0,0,-,-,NA,NA,RIVERSIDE,RIVERSIDE,-117.34509308,33.98505576
6393415,2014,2014-06-05,3308,2014-01-08,1852,10515,544,3,5,5,3308,0,0,0,NA,0,SOUTH,STETSON AV,SANDERSON AV,0,NA,Y,A,-,N,NA,NA,NA,NA,NA,NA,NA,NA,NA,Y,4,0,1,2,A,-,09,21453,C,N,A,C,A,A,H,-,C,A,0,NA,NA,NA,NA,Y,NA,A,01,0,0,1,0,0,0,0,0,0,-,-,NA,NA,RIVERSIDE,HEMET,-117.00667006,33.72937003
6393419,2014,2014-06-05,3308,2014-01-28,1821,8344,600,2,5,5,3308,0,0,0,NA,0,NORTH,MOUNTAIN AV,SOBOBA ST,0,NA,Y,A,-,N,NA,NA,NA,NA,NA,NA,NA,NA,NA,Y,4,0,3,2,A,-,09,21802,A,N,D,C,A,-,H,-,D,A,0,NA,NA,NA,NA,Y,NA,A,01,0,0,3,0,0,0,0,0,0,-,-,NA,NA,RIVERSIDE,HEMET,-116.91923002,33.76249002
6395667,2014,2016-03-17,9840,2014-03-03,1020,12208,NA,1,1,6,3315,0,1,1,NA,2,034,RT 15,MAGNOLIA AV,387,S,N,B,-,Y,RIV,8,15,-,-,40.28,H,-,N,N,4,0,1,2,A,-,03,22350,NA,N,C,C,A,A,H,-,A,D,1,NA,NA,NA,NA,Y,NA,D,22,0,0,1,0,0,0,0,0,0,-,-,33.86499,-117.54711,RIVERSIDE,CORONA,-117.54126021,33.86519503
6397507,2014,2016-01-13,9840,2014-02-05,0715,12208,NA,3,1,6,3315,0,1,3,NA,2,030,RT 91,GREEN RIVER RD,3520,W,N,B,-,Y,RIV,8,91,-,R,0.36,H,-,W,N,4,0,1,3,A,-,03,22350,NA,N,C,C,A,A,H,-,A,D,1,NA,NA,NA,NA,Y,NA,A,01,0,0,1,0,0,0,0,0,0,-,-,33.87171,-117.66627,RIVERSIDE,CORONA,-117.6663566,33.87174281
6403052,2014,2016-03-14,9840,2014-03-08,1645,018611,NA,6,2,6,3315,0,1,3,NA,2,030,RT 91,GREEN RIVER RD,1100,W,N,A,-,Y,RIV,8,91,-,R,0.82,H,-,E,Y,4,0,1,4,A,-,03,22350,NA,N,C,C,A,A,H,-,A,D,1,NA,NA,NA,NA,Y,NA,D,22,0,0,1,0,0,0,0,0,0,-,-,33.87709,-117.65907,RIVERSIDE,CORONA,-117.66033817,33.87634063
6405223,2014,2014-06-25,9840,2014-03-24,1425,13500,NA,1,2,9,3300,0,3,5,NA,2,002,IOWA AV,MAIN ST,132,S,N,B,-,N,NA,NA,NA,NA,NA,NA,NA,NA,NA,Y,4,0,1,4,A,-,03,22350,NA,N,C,C,A,A,H,-,A,A,0,NA,NA,NA,NA,Y,NA,A,07,0,0,1,0,0,0,0,0,0,-,-,34.01938,-117.33891,RIVERSIDE,UNINCORPORATED,-117.339284,34.01929
6405267,2014,2016-03-21,9840,2014-03-05,0655,013950,NA,3,1,9,3300,0,3,5,NA,2,003,INDIAN TRUCK TRL,RT 15,205,E,N,A,-,Y,RIV,8,15,-,-,30.196,R,4,N,Y,4,0,1,2,A,-,12,21453,A,N,D,C,A,A,H,-,A,A,1,NA,NA,NA,NA,Y,NA,D,22,0,0,1,0,0,0,0,0,0,-,-,NA,NA,RIVERSIDE,UNINCORPORATED,-117.44916926,33.74712951
6405278,2014,2016-03-21,9840,2014-03-17,0230,019874,NA,1,3,6,3394,0,1,3,NA,2,025,RT 60,NASON ST,2640,W,N,A,-,Y,RIV,8,60,-,-,17.87,H,-,E,Y,3,0,1,1,A,-,01,23152,A,N,F,A,A,A,-,-,D,D,1,NA,NA,NA,NA,Y,Y,D,22,0,1,0,0,0,0,0,0,0,-,-,33.56191,-117.11419,RIVERSIDE,MORENO VALLEY,-117.20022877,33.93916079
6405828,2014,2015-10-12,3300,2014-01-31,1224,3480,89A1,5,5,2,3316,0,0,0,NA,0,089,RT 111,VILLAGE CENTER DR,227,E,N,A,-,N,NA,NA,NA,NA,NA,NA,NA,NA,NA,Y,4,0,1,4,A,-,03,22350,NA,N,C,C,A,A,H,-,A,A,0,NA,NA,NA,NA,Y,NA,A,01,0,0,1,0,0,0,0,0,0,-,-,NA,NA,RIVERSIDE,INDIAN WELLS,-116.35815685,33.72137056
6407446,2014,2016-03-21,9840,2014-03-10,2310,12585,NA,1,3,6,3345,0,1,3,NA,2,010,RT 60,PYRITE ST,4224,E,N,A,-,Y,RIV,8,60,-,R,6.41,H,-,W,Y,3,0,1,2,A,-,03,22350,NA,N,C,C,A,A,H,-,D,D,1,NA,NA,NA,Y,Y,NA,A,01,0,1,0,0,0,0,0,0,0,-,-,34.01394,-117.44606,RIVERSIDE,JURUPA VALLEY,-117.44850573,34.01416117