CASE_ID,ACCIDENT_YEAR,PROC_DATE,JURIS,COLLISION_DATE,COLLISION_TIME,OFFICER_ID,REPORTING_DISTRICT,DAY_OF_WEEK,CHP_SHIFT,POPULATION,CNTY_CITY_LOC,SPECIAL_COND,BEAT_TYPE,CHP_BEAT_TYPE,CITY_DIVISION_LAPD,CHP_BEAT_CLASS,BEAT_NUMBER,PRIMARY_RD,SECONDARY_RD,DISTANCE,DIRECTION,INTERSECTION,WEATHER_1,WEATHER_2,STATE_HWY_IND,CALTRANS_COUNTY,CALTRANS_DISTRICT,STATE_ROUTE,ROUTE_SUFFIX,POSTMILE_PREFIX,POSTMILE,LOCATION_TYPE,RAMP_INTERSECTION,SIDE_OF_HWY,TOW_AWAY,COLLISION_SEVERITY,NUMBER_KILLED,NUMBER_INJURED,PARTY_COUNT,PRIMARY_COLL_FACTOR,PCF_CODE_OF_VIOL,PCF_VIOL_CATEGORY,PCF_VIOLATION,PCF_VIOL_SUBSECTION,HIT_AND_RUN,TYPE_OF_COLLISION,MVIW,PED_ACTION,ROAD_SURFACE,ROAD_COND_1,ROAD_COND_2,LIGHTING,CONTROL_DEVICE,CHP_ROAD_TYPE,PEDESTRIAN_ACCIDENT,BICYCLE_ACCIDENT,MOTORCYCLE_ACCIDENT,TRUCK_ACCIDENT,NOT_PRIVATE_PROPERTY,ALCOHOL_INVOLVED,STWD_VEHTYPE_AT_FAULT,CHP_VEHTYPE_AT_FAULT,COUNT_SEVERE_INJ,COUNT_VISIBLE_INJ,COUNT_COMPLAINT_PAIN,COUNT_PED_KILLED,COUNT_PED_INJURED,COUNT_BICYCLIST_KILLED,COUNT_BICYCLIST_INJURED,COUNT_MC_KILLED,COUNT_MC_INJURED,PRIMARY_RAMP,SECONDARY_RAMP,LATITUDE,LONGITUDE,COUNTY,CITY,POINT_X,POINT_Y
6990144,2015,2017-01-14,9655,2015-07-18,1030,015795,NA,6,1,9,3300,0,1,3,NA,2,213,RT 79,GILMAN SPRINGS RD,2640,N,N,B,C,Y,RIV,8,79,-,R,34.89,H,-,S,Y,3,0,1,1,A,-,08,22107,NA,N,E,I,A,B,H,-,A,D,0,NA,NA,NA,NA,Y,NA,A,07,0,1,0,0,0,0,0,0,0,-,-,33.86002,-117.00937,RIVERSIDE,UNINCORPORATED,-117.00911227,33.86011058
6990374,2015,2017-01-14,9655,2015-07-08,0805,012408,NA,3,1,9,3300,0,1,3,NA,1,314,RT 74 FLORIDA AVE EB,HEMET ST,0,NA,Y,A,-,Y,RIV,8,74,-,-,43.338,I,5,E,Y,4,0,1,2,A,-,09,21802,A,N,D,C,A,A,H,-,A,A,1,NA,NA,NA,NA,Y,NA,A,01,0,0,1,0,0,0,0,0,0,-,-,33.74748,-116.92401,RIVERSIDE,UNINCORPORATED,-116.92383741,33.7477571
6990386,2015,2015-07-28,9655,2015-07-15,0545,017720,NA,3,3,9,3300,0,3,5,NA,2,003,STOWE RD,RICHMOND RD,120,E,N,E,-,N,NA,NA,NA,NA,NA,NA,NA,NA,NA,Y,4,0,1,1,A,-,08,22107,NA,N,E,I,A,A,H,-,B,D,0,NA,NA,NA,NA,Y,NA,A,01,0,0,1,0,0,0,0,0,0,-,-,33.72179,-117.07322,RIVERSIDE,UNINCORPORATED,-117.07277748999999,33.72183103
6992758,2015,2016-07-26,3300,2015-07-15,1715,N6168,87F1,3,5,2,3316,0,0,0,NA,0,087,RT 111,MANITOU DR,30,W,N,A,-,N,NA,NA,NA,NA,NA,NA,NA,NA,NA,Y,4,0,1,2,A,-,03,22350,NA,N,C,C,A,A,H,-,A,A,0,NA,NA,NA,NA,Y,NA,A,01,0,0,1,0,0,0,0,0,0,-,-,NA,NA,RIVERSIDE,INDIAN WELLS,-116.31774771,33.72099846
6994660,2015,2015-08-29,3313,2015-07-14,1816,0399,NORTH,2,5,7,3313,0,0,0,NA,0,M18,LIME ST,MISSION INN AV,31,N,N,A,-,N,NA,NA,NA,NA,NA,NA,NA,NA,NA,N,4,0,2,3,A,-,03,22350,NA,M,C,C,A,A,H,-,A,A,0,NA,NA,NA,NA,Y,NA,A,07,0,0,2,0,0,0,0,0,0,-,-,NA,NA,RIVERSIDE,RIVERSIDE,-117.37030145,33.98136469
6994672,2015,2015-08-29,3313,2015-07-12,0929,154,CTR,7,5,7,3313,0,0,0,NA,0,B315,INDIANA AV,MARY ST,211,E,N,A,-,N,NA,NA,NA,NA,NA,NA,NA,NA,NA,Y,2,0,2,1,A,-,08,22107,NA,N,F,I,A,A,H,-,A,D,0,NA,NA,NA,NA,Y,NA,A,01,1,0,1,0,0,0,0,0,0,-,-,NA,NA,RIVERSIDE,RIVERSIDE,-117.39299065,33.94225358
6996594,2015,2015-08-29,3300,2015-07-08,2500,N4224,602E1,3,5,6,3394,0,0,0,NA,0,028,SUNNYMEAD BL,INDIAN ST,0,NA,Y,A,-,N,NA,NA,NA,NA,NA,NA,NA,NA,NA,N,3,0,1,2,A,-,07,21658,A,M,C,C,A,A,H,-,A,A,0,NA,NA,Y,NA,Y,NA,D,22,0,1,0,0,0,0,0,0,1,-,-,NA,NA,RIVERSIDE,MORENO VALLEY,-117.23507004,33.93906001
6996764,2015,2015-08-19,3302,2015-05-29,2500,727,3302,5,5,3,3302,0,0,0,NA,0,003,BROOKSIDE LN,CALUMET AV,237,E,N,A,-,N,NA,NA,NA,NA,NA,NA,NA,NA,NA,N,3,0,1,2,A,-,03,22350,NA,N,C,E,A,A,H,-,A,D,0,NA,NA,NA,NA,Y,NA,A,01,0,1,0,0,0,0,0,0,0,-,-,NA,NA,RIVERSIDE,BEAUMONT,-116.99241768,33.93813769
6997073,2015,2015-08-10,3308,2015-06-11,0003,10550,285,4,5,5,3308,0,0,0,NA,0,NORTH,ESPLANADE AV,SANDERSON AV,1078,W,N,A,-,N,NA,NA,NA,NA,NA,NA,NA,NA,NA,N,4,0,1,2,A,-,11,21954,A,N,G,B,E,A,H,-,D,D,0,Y,NA,NA,NA,Y,Y,N,60,0,0,1,0,1,0,0,0,0,-,-,NA,NA,RIVERSIDE,HEMET,-117.01022479,33.7727385
6997940,2015,2015-08-29,9840,2015-07-22,1335,12191,NA,3,1,9,3300,0,3,5,NA,2,004,EL NIDO AV,ORANGE AV,480,N,N,A,-,N,NA,NA,NA,NA,NA,NA,NA,NA,NA,Y,3,0,1,2,A,-,09,21804,A,N,D,C,A,A,H,-,A,D,0,NA,NA,NA,NA,Y,NA,A,01,0,1,0,0,0,0,0,0,0,-,-,NA,NA,RIVERSIDE,UNINCORPORATED,-117.19557445,33.8169848
6997958,2015,2017-01-14,9840,2015-07-18,0513,12208,NA,6,3,6,3315,0,1,3,NA,2,030,RT 91,GREEN RIVER RD,763,E,N,B,-,Y,RIV,8,91,-,R,1.17,H,-,W,Y,4,0,1,3,A,-,03,22350,NA,N,C,C,A,A,D,-,C,A,1,NA,NA,NA,NA,Y,NA,A,01,0,0,1,0,0,0,0,0,0,-,-,33.5247,-117.39203,RIVERSIDE,CORONA,-117.65594451,33.87968772
6998489,2015,2015-07-23,3300,2015-02-22,1759,N4883,002B,7,5,6,3345,0,0,0,NA,0,020,PEDLEY AV,45TH ST,50,S,N,C,-,N,NA,NA,NA,NA,NA,NA,NA,NA,NA,Y,2,0,4,2,A,-,01,23153,NA,N,A,C,A,B,H,-,D,D,0,NA,NA,NA,NA,Y,Y,A,01,2,2,0,0,0,0,0,0,0,-,-,NA,NA,RIVERSIDE,JURUPA VALLEY,-117.47544035,34.00725299
6998539,2015,2017-01-10,9840,2015-07-13,1600,17459,NA,1,2,7,3313,0,1,3,NA,2,010,RT 60,ORANGE ST,250,E,N,A,-,Y,RIV,8,60,-,-,11.87,H,-,E,Y,4,0,1,3,A,-,03,22350,NA,N,C,C,A,A,H,-,A,D,1,NA,NA,NA,NA,Y,NA,D,22,0,0,1,0,0,0,0,0,0,-,-,33.99489,-117.36154,RIVERSIDE,RIVERSIDE,-117.3626604,33.99552151
6998605,2015,2017-01-20,9840,2015-07-10,1415,17459,NA,5,2,6,3345,0,1,1,NA,2,011,RT 15,68TH ST,900,S,N,A,-,Y,RIV,8,15,-,-,47.25,H,-,N,Y,4,0,1,2,A,-,07,21658,A,N,B,C,A,A,H,-,A,D,1,NA,NA,Y,NA,Y,NA,D,22,0,0,1,0,0,0,0,0,1,-,-,33.96052,-117.54884,RIVERSIDE,JURUPA VALLEY,-117.54873835,33.96054522
7000354,2015,2015-08-03,3300,2015-05-26,2016,4384,920E,2,5,4,3314,0,0,0,NA,0,072,IDYLLWILD DR,ATTENBOROUGH WY,0,NA,Y,A,-,N,NA,NA,NA,NA,NA,NA,NA,NA,NA,N,4,0,1,2,A,-,11,21956,NA,N,B,B,D,A,H,-,C,D,0,Y,NA,NA,NA,Y,NA,N,60,0,0,1,0,1,0,0,0,0,-,-,NA,NA,RIVERSIDE,SAN JACINTO,-116.96615012,33.79496006
7001165,2015,2017-01-03,9685,2015-07-15,1530,13925,NA,3,2,5,3335,0,1,1,NA,2,030,RT 15,SANTIAGO RD,300,N,N,A,-,Y,RIV,8,15,-,-,4.19,H,-,S,Y,4,0,2,3,A,-,03,22350,NA,N,C,C,A,A,H,-,A,D,1,NA,NA,NA,NA,Y,NA,A,01,0,0,2,0,0,0,0,0,0,-,-,NA,NA,RIVERSIDE,TEMECULA,-117.14479031,33.49140007
7001189,2015,2017-01-23,9655,2015-07-05,1510,015892,NA,7,2,9,3300,0,1,3,NA,1,119,RT 371,RT 74,20,W,N,A,-,Y,RIV,8,371,-,-,77.14,H,-,E,Y,4,0,1,2,A,-,21,22106,NA,N,C,C,A,A,H,-,A,A,0,NA,NA,NA,NA,Y,NA,A,01,0,0,1,0,0,0,0,0,0,-,-,33.56938,-116.59145,RIVERSIDE,UNINCORPORATED,-116.5915541,33.56948671
7002854,2015,2015-08-29,3313,2015-07-03,1438,1537,N,5,5,7,3313,0,0,0,NA,0,T40,MAGNOLIA AV,JURUPA AV,90,N,N,A,-,N,NA,NA,NA,NA,NA,NA,NA,NA,NA,Y,4,0,1,3,A,-,03,22350,NA,N,C,C,A,A,H,-,A,A,0,NA,NA,NA,NA,Y,NA,A,08,0,0,1,0,0,0,0,0,0,-,-,NA,NA,RIVERSIDE,RIVERSIDE,-117.39163267,33.96115386
7004355,2014,2015-08-05,3300,2014-12-16,1850,4587,916B,2,5,4,3312,0,0,0,NA,0,032,MILDRED ST,CAMINO DEL SOL,265,E,N,A,-,N,NA,NA,NA,NA,NA,NA,NA,NA,NA,Y,4,0,1,2,A,-,08,22103,NA,N,D,C,A,A,H,-,C,D,0,NA,NA,NA,NA,Y,NA,-,NA,0,0,1,0,0,0,0,0,0,-,-,NA,NA,RIVERSIDE,PERRIS,-117.21916052,33.7956467
7004862,2015,2015-07-25,3300,2015-06-15,0220,4183,604A1,1,5,6,3394,0,0,0,NA,0,041,NASON ST,FIR AV,15,S,N,A,-,N,NA,NA,NA,NA,NA,NA,NA,NA,NA,Y,4,0,1,1,A,-,08,22107,NA,N,E,I,A,A,H,-,C,A,0,NA,NA,NA,NA,Y,Y,A,01,0,0,1,0,0,0,0,0,0,-,-,NA,NA,RIVERSIDE,MORENO VALLEY,-117.19154,33.93541891
7005368,2015,2017-01-10,9840,2015-07-08,1030,14335,NA,3,1,9,3300,0,1,3,NA,2,025,RT 60,REDLANDS AV,66,W,N,A,-,Y,RIV,8,60,-,-,20.264,R,2,E,Y,3,0,2,1,A,-,03,22350,NA,N,E,I,A,A,H,-,A,D,1,NA,NA,NA,NA,Y,NA,A,01,0,1,1,0,0,0,0,0,0,TO,-,NA,NA,RIVERSIDE,UNINCORPORATED,-117.15855181,33.9391693
7006030,2015,2015-07-23,9655,2015-06-04,0803,12408,NA,4,1,9,3300,0,3,5,NA,2,003,GILMAN SPRINGS RD,BRIDGE ST,1584,W,N,B,-,N,NA,NA,NA,NA,NA,NA,NA,NA,NA,Y,1,1,3,3,A,-,08,22107,NA,N,B,C,A,A,H,-,A,D,0,NA,NA,NA,NA,Y,NA,A,07,0,2,1,0,0,0,0,0,0,-,-,33.87271,-117.04846,RIVERSIDE,UNINCORPORATED,-117.0745763,33.89020372
7006145,2015,2015-09-23,3300,2015-05-24,1909,4773,905L,7,5,4,3307,0,0,0,NA,0,093,MACHADO ST,MARI DR,70,N,N,A,-,N,NA,NA,NA,NA,NA,NA,NA,NA,NA,Y,1,1,0,1,A,-,03,22350,NA,N,E,I,A,A,H,-,A,D,0,NA,NA,Y,NA,Y,NA,C,02,0,0,0,0,0,0,0,1,0,-,-,NA,NA,RIVERSIDE,LAKE ELSINORE,-117.38327232,33.67836341
7006343,2015,2017-03-20,3308,2015-09-13,0022,10377,294,7,5,5,3308,0,0,0,NA,0,NORTH,SANDERSON AV,EATON AV,502,S,N,A,-,N,NA,NA,NA,NA,NA,NA,NA,NA,NA,Y,1,1,1,2,A,-,08,22107,NA,N,A,C,A,A,H,-,C,A,0,NA,NA,NA,NA,Y,NA,A,08,0,1,0,0,0,0,0,0,0,-,-,NA,NA,RIVERSIDE,HEMET,-117.0066049,33.76410521
7006483,2015,2015-12-22,3309,2015-04-13,2500,294,3309,1,5,4,3309,0,0,0,NA,0,004,MILES AV,SWINGLE ST,0,NA,Y,A,-,N,NA,NA,NA,NA,NA,NA,NA,NA,NA,Y,1,1,0,2,A,-,11,21950,B,N,G,B,B,A,H,-,C,A,0,Y,NA,NA,NA,Y,NA,N,60,0,0,0,1,0,0,0,0,0,-,-,NA,NA,RIVERSIDE,INDIO,-116.24829012,33.7219901
7009908,2015,2015-08-20,3300,2015-07-22,1440,2403,920A,3,5,4,3314,0,0,0,NA,0,070,COTTONWOOD AV,WARREN RD,1328,E,N,A,-,N,NA,NA,NA,NA,NA,NA,NA,NA,NA,Y,4,0,1,1,A,-,01,23152,A,N,F,A,A,A,H,-,A,D,0,NA,NA,NA,NA,Y,Y,A,01,0,0,1,0,0,0,0,0,0,-,-,NA,NA,RIVERSIDE,SAN JACINTO,-117.02924438,33.78740784
7010312,2015,2015-08-19,3300,2015-07-16,1818,3775,602A7,4,5,6,3394,0,0,0,NA,0,MV22,ALESSANDRO BL,GRAHAM ST,945,W,N,A,-,N,NA,NA,NA,NA,NA,NA,NA,NA,NA,N,4,0,2,2,A,-,03,22350,NA,N,C,C,A,A,H,-,A,D,0,NA,NA,NA,NA,Y,NA,A,01,0,0,2,0,0,0,0,0,0,-,-,NA,NA,RIVERSIDE,MORENO VALLEY,-117.25553519,33.91732
7010491,2015,2015-08-04,9685,2015-07-22,1530,13925,NA,3,2,9,3300,0,3,5,NA,2,003,EAST BENTON RD,TUCALOTA HILLS RD,1900,S,N,A,-,N,NA,NA,NA,NA,NA,NA,NA,NA,NA,Y,3,0,1,1,A,-,08,22107,NA,N,F,I,A,A,H,-,A,D,0,NA,NA,NA,NA,Y,NA,A,01,0,1,0,0,0,0,0,0,0,-,-,NA,NA,RIVERSIDE,UNINCORPORATED,-116.9933023,33.57659372
7011558,2015,2015-09-19,3300,2015-08-06,1240,4097,602D2,4,5,6,3394,0,0,0,NA,0,026,SUNNYMEAD BL,HEACOCK ST,0,NA,Y,A,-,N,NA,NA,NA,NA,NA,NA,NA,NA,NA,N,4,0,1,2,A,-,03,22350,NA,N,C,C,A,A,H,-,A,A,0,NA,NA,NA,NA,Y,NA,A,01,0,0,1,0,0,0,0,0,0,-,-,NA,NA,RIVERSIDE,MORENO VALLEY,-117.24379011,33.93905011
7011566,2015,2015-09-19,3300,2015-08-23,1802,3536,602D3,7,5,6,3394,0,0,0,NA,0,MV26,ALLESANDRO BL,COVEY QUAIL LN,0,NA,Y,A,-,N,NA,NA,NA,NA,NA,NA,NA,NA,NA,Y,4,0,1,2,A,-,12,21453,A,N,D,C,A,A,H,-,B,A,0,NA,NA,NA,NA,Y,NA,A,01,0,0,1,0,0,0,0,0,0,-,-,NA,NA,RIVERSIDE,MORENO VALLEY,-117.23112006,33.91735002
7011685,2015,2017-02-03,9660,2015-07-18,0408,021051,NA,6,3,9,3300,0,1,1,NA,2,030,RT 10,RT 177,5280,E,N,A,-,Y,RIV,8,10,-,R,105.99,H,-,E,Y,3,0,3,1,C,-,18,NA,NA,N,H,H,A,A,H,-,D,D,1,NA,NA,NA,NA,Y,NA,-,-,0,2,1,0,0,0,0,0,0,-,-,33.71039,-115.38383,RIVERSIDE,UNINCORPORATED,-115.38479191,33.71045206
7011712,2015,2015-08-06,3313,2015-07-21,0458,1509,W,2,5,7,3313,0,0,0,NA,0,A431,TYLER ST,SINCLAIR AV,179,N,N,A,-,N,NA,NA,NA,NA,NA,NA,NA,NA,NA,Y,3,0,1,1,A,-,01,23152,A,N,E,I,A,A,H,-,C,D,0,NA,NA,NA,NA,Y,Y,A,08,0,1,0,0,0,0,0,0,0,-,-,NA,NA,RIVERSIDE,RIVERSIDE,-117.47871512,33.93922326
7011796,2015,2017-01-14,3311,2015-07-15,1038,15648,NA,3,5,4,3311,0,0,0,NA,0,006,RT 111,GOLF CLUB DR,0,NA,Y,A,-,Y,RIV,8,111,-,-,47.252,I,5,S,Y,3,0,1,3,A,-,12,21453,A,N,-,C,A,A,H,-,A,A,0,NA,NA,Y,NA,Y,NA,A,07,0,1,0,0,0,0,0,0,1,-,-,NA,NA,RIVERSIDE,PALM SPRINGS,-116.48648486,33.79084992
7011987,2015,2015-08-10,3300,2015-07-12,2121,5241,45B1,7,5,3,3392,0,0,0,NA,0,LA45,PGA BL,RESIDENCE CLUB DR,266,N,N,A,-,N,NA,NA,NA,NA,NA,NA,NA,NA,NA,Y,3,0,1,1,A,-,07,21658,A,N,A,I,A,A,H,-,C,D,0,NA,NA,NA,NA,Y,NA,A,01,0,1,0,0,0,0,0,0,0,-,-,NA,NA,RIVERSIDE,LA QUINTA,-116.2674683,33.65454817
7012167,2015,2015-08-08,3300,2015-06-22,1438,2664,509B,1,5,5,3341,0,0,0,NA,0,059,ANTELOPE RD,GARBANI RD,0,NA,Y,A,-,N,NA,NA,NA,NA,NA,NA,NA,NA,NA,Y,4,0,2,2,A,-,09,21802,A,N,D,C,A,A,H,-,A,A,0,NA,NA,NA,NA,Y,NA,A,01,0,0,2,0,0,0,0,0,0,-,-,NA,NA,RIVERSIDE,MENIFEE,-117.17043002,33.65596002
7012267,2015,2017-01-20,9840,2015-07-18,1500,016497,NA,6,2,9,3300,0,1,1,NA,2,037,RT 15,LAKE ST,3168,N,N,B,C,Y,RIV,8,15,-,-,27.31,H,-,N,Y,4,0,1,2,A,-,03,22350,NA,N,B,C,A,B,H,-,A,D,1,NA,NA,NA,NA,Y,NA,A,01,0,0,1,0,0,0,0,0,0,-,-,33.73318,-117.40475,RIVERSIDE,UNINCORPORATED,-117.40361995,33.73280419
7012277,2015,2017-01-10,9840,2015-07-22,1710,016619,NA,3,2,6,3394,0,1,3,NA,2,025,RT 60,FREDERICK ST,350,W,N,A,-,Y,RIV,8,60,-,-,14.25,H,-,E,Y,3,0,1,2,A,-,03,22350,NA,N,B,C,A,A,H,-,A,D,1,NA,NA,Y,NA,Y,NA,C,02,0,1,0,0,0,0,0,0,1,-,-,33.94069,-117.26046,RIVERSIDE,MORENO VALLEY,-117.26294095,33.94070395
7014764,2015,2017-01-10,9840,2015-07-24,1850,15800,NA,5,2,7,3313,0,1,1,NA,2,023,RT 60,RT 215,260,E,N,A,-,Y,RIV,8,60,-,R,12.26,H,-,W,N,3,0,1,1,A,-,08,22107,NA,N,E,I,A,A,H,-,A,D,1,NA,NA,NA,NA,Y,NA,D,22,0,1,0,0,0,0,0,0,0,-,-,33.99318,-117.3566,RIVERSIDE,RIVERSIDE,-117.29143712,33.94483691
7014809,2015,2017-01-14,9840,2015-07-19,0015,19874,NA,7,3,7,3313,0,1,3,NA,2,021,RT 91,MADISON ST,400,W,N,B,-,Y,RIV,8,91,-,-,16.57,H,-,E,Y,4,0,1,2,A,-,01,23152,A,N,C,C,A,B,D,-,D,D,1,NA,NA,NA,NA,Y,Y,D,22,0,0,1,0,0,0,0,0,0,-,-,33.93516,-117.40587,RIVERSIDE,RIVERSIDE,-117.40613716,33.93507534
7015845,2015,2015-08-25,3311,2015-07-28,1415,15484,NA,2,5,4,3311,0,0,0,NA,0,NA,MESQUITE AV,VELLA RD,75,E,N,A,-,N,NA,NA,NA,NA,NA,NA,NA,NA,NA,N,3,0,1,1,A,-,03,22350,NA,N,F,J,A,A,H,-,A,A,0,NA,NA,Y,NA,Y,NA,C,02,0,1,0,0,0,0,0,0,1,-,-,NA,NA,RIVERSIDE,PALM SPRINGS,-116.49710411,33.80859
7017531,2015,2015-09-04,9655,2015-08-03,0100,015892,NA,1,3,9,3300,0,3,5,NA,2,001,LA CIMA RD,TERWILLIGER RD,202,E,N,A,-,N,NA,NA,NA,NA,NA,NA,NA,NA,NA,N,3,0,1,1,A,-,08,22107,NA,N,E,I,A,A,H,-,D,D,0,NA,NA,NA,NA,Y,Y,D,22,0,1,0,0,0,0,0,0,0,-,-,33.51158,-116.63072,RIVERSIDE,UNINCORPORATED,-116.63036002,33.51157008
7017588,2015,2015-08-25,9655,2015-07-22,0838,013757,NA,3,1,9,3300,0,3,5,NA,2,003,SAGE RD,SEL GADO CANYON RD,250,S,N,A,-,N,NA,NA,NA,NA,NA,NA,NA,NA,NA,Y,3,0,1,1,A,-,03,22350,NA,N,F,A,A,A,B,D,A,A,0,NA,NA,NA,NA,Y,NA,D,22,0,1,0,0,0,0,0,0,0,-,-,33.65829,-116.94487,RIVERSIDE,UNINCORPORATED,-116.944917,33.658429
7018576,2015,2015-08-24,3306,2015-06-02,0723,036,NA,2,5,3,3306,0,0,0,NA,0,NA,MISSION LAKES BL,VISTA DEL VALLE,0,NA,Y,A,-,N,NA,NA,NA,NA,NA,NA,NA,NA,NA,N,3,0,1,2,A,-,12,22450,A,N,D,G,A,A,-,-,A,A,0,NA,Y,NA,NA,Y,NA,L,04,0,1,0,0,0,0,1,0,0,-,-,NA,NA,RIVERSIDE,DESERT HOT SPRINGS,-116.50344008,33.97602001
7022046,2015,2017-01-14,9840,2015-07-30,0929,17903,NA,4,1,7,3313,0,1,3,NA,2,020,RT 91,TYLER ST,528,E,N,B,-,Y,RIV,8,91,-,-,13.16,H,-,E,Y,3,0,1,4,A,-,03,22350,NA,N,C,C,A,A,H,-,A,D,1,NA,NA,NA,NA,Y,Y,A,01,0,1,0,0,0,0,0,0,0,-,-,33.90783,-117.45414,RIVERSIDE,RIVERSIDE,-117.4551638,33.90721326
7022062,2015,2017-01-10,9840,2015-07-23,1030,14916,NA,4,1,6,3394,0,1,3,NA,2,025,RT 60,HEACOCK ST,10,E,N,A,-,Y,RIV,8,60,-,-,15.37,H,-,W,Y,4,0,1,3,A,-,03,22350,NA,N,C,C,A,A,H,-,A,D,1,NA,NA,NA,NA,Y,NA,A,01,0,0,1,0,0,0,0,0,0,-,-,33.94123,-117.2435,RIVERSIDE,MORENO VALLEY,-117.24349815,33.94117609
7022358,2015,2017-01-11,9840,2015-07-22,2240,15802,RIVER,3,3,6,3345,0,1,1,NA,2,011,RT 15,CANTU GALLEANO RANCH RD,500,N,N,A,-,Y,RIV,8,15,-,-,50.22,H,-,N,Y,4,0,1,2,A,-,01,23152,A,N,C,C,A,A,H,-,C,D,1,NA,NA,NA,NA,Y,Y,A,01,0,0,1,0,0,0,0,0,0,-,-,34.00129,-117.55287,RIVERSIDE,JURUPA VALLEY,-117.55008892,34.00360635
7022991,2015,2015-08-25,9655,2015-07-31,0408,019049,NA,5,3,9,3300,0,3,5,NA,2,003,GILMAN SPRINGS RD,COUNTRY CLUB DR,600,W,N,A,-,N,NA,NA,NA,NA,NA,NA,NA,NA,NA,Y,3,0,1,2,A,-,01,23152,A,M,B,C,A,A,H,-,C,D,0,NA,NA,NA,NA,Y,Y,A,07,0,1,0,0,0,0,0,0,0,-,-,33.83196,-116.98334,RIVERSIDE,UNINCORPORATED,-116.98313313,33.83179096
7023142,2015,2015-12-10,3300,2015-07-04,1151,N4883,001G,6,5,6,3345,0,0,0,NA,0,014,GOLDEN WEST AV,MISSION BL,0,NA,Y,A,-,N,NA,NA,NA,NA,NA,NA,NA,NA,NA,N,4,0,1,2,A,-,12,21453,A,N,D,C,A,A,H,-,A,A,0,NA,NA,NA,NA,Y,NA,D,22,0,0,1,0,0,0,0,0,0,-,-,NA,NA,RIVERSIDE,JURUPA VALLEY,-117.42951013,34.00824009
7023321,2015,2017-01-10,3300,2015-07-04,1239,N4883,002F,6,5,6,3345,0,0,0,NA,0,022,COUNTRY VILLAGE RD,RT 60,0,NA,Y,A,-,Y,RIV,8,60,-,R,3.189,R,4,W,Y,3,0,1,2,A,-,12,21453,A,N,D,C,A,A,H,-,A,A,0,NA,NA,NA,NA,Y,NA,A,01,0,1,0,0,0,0,0,0,0,-,WF,NA,NA,RIVERSIDE,JURUPA VALLEY,-117.50404508,34.01911503
7023845,2015,2015-08-25,3311,2015-07-29,1407,15648,NA,3,5,4,3311,0,0,0,NA,0,002,NORTH INDIAN CANYON DR,PALM SPRINGS STATION RD,880,N,N,A,-,N,NA,NA,NA,NA,NA,NA,NA,NA,NA,N,4,0,1,2,A,-,04,21703,NA,F,C,C,A,A,H,-,A,D,0,NA,NA,NA,NA,Y,NA,A,01,0,0,1,0,0,0,0,0,0,-,-,NA,NA,RIVERSIDE,PALM SPRINGS,NA,NA
7023966,2015,2016-03-28,3311,2015-07-19,1721,15925,DESER,7,5,4,3311,0,0,0,NA,0,003,AVENIDA CABALLEROS,TAHQUITZ CANYON WY,36,S,N,C,-,N,NA,NA,NA,NA,NA,NA,NA,NA,NA,Y,4,0,2,2,A,-,12,21453,A,N,F,C,A,B,-,-,A,A,0,NA,NA,NA,NA,Y,NA,A,01,0,0,2,0,0,0,0,0,0,-,-,NA,NA,RIVERSIDE,PALM SPRINGS,-116.53696,33.82318
7023969,2015,2015-10-08,3311,2015-07-26,0335,15959,NA,7,5,4,3311,0,0,0,NA,0,002,EAST ALEJO RD,NORTH HERMOSA DR,221,W,N,A,-,N,NA,NA,NA,NA,NA,NA,NA,NA,NA,Y,2,0,1,2,A,-,01,23152,A,N,E,E,A,A,H,-,C,D,0,NA,NA,NA,NA,Y,Y,A,01,1,0,0,0,0,0,0,0,0,-,-,NA,NA,RIVERSIDE,PALM SPRINGS,-116.53330467,33.830320209999996
7024349,2015,2015-08-20,3311,2015-08-05,1823,15689,NA,3,5,4,3311,0,0,0,NA,0,BIK,SOUTH INDIAN CANYON DR,LA PLAZA,0,NA,Y,A,-,N,NA,NA,NA,NA,NA,NA,NA,NA,NA,Y,4,0,1,2,A,-,08,22100,B,N,B,C,A,A,H,-,B,D,0,NA,NA,Y,NA,Y,NA,A,01,0,0,1,0,0,0,0,0,1,-,-,NA,NA,RIVERSIDE,PALM SPRINGS,-116.54558008,33.82214001
7024877,2015,2015-08-24,3300,2015-07-21,1549,N5073,38B2,2,5,4,3318,0,0,0,NA,0,T390,MONTEREY AV,DINAH SHORE DR,289,N,N,B,-,N,NA,NA,NA,NA,NA,NA,NA,NA,NA,Y,3,0,1,2,A,-,08,22107,NA,N,B,C,A,A,H,-,A,D,0,NA,NA,Y,NA,Y,NA,D,22,0,1,0,0,0,0,0,0,1,-,-,NA,NA,RIVERSIDE,PALM DESERT,-116.38826964,33.80274062
7025240,2015,2015-09-22,3300,2015-07-17,1331,3988,002C,5,5,6,3345,0,0,0,NA,0,020,PEDLEY AV,MISSION BL,4,N,N,A,-,N,NA,NA,NA,NA,NA,NA,NA,NA,NA,N,4,0,1,2,A,-,21,22106,NA,N,C,C,A,A,H,-,A,A,0,NA,NA,NA,Y,Y,NA,F,27,0,0,1,0,0,0,0,0,0,-,-,NA,NA,RIVERSIDE,JURUPA VALLEY,-117.47543632,34.01180052
7026076,2015,2015-08-22,3300,2015-07-07,2145,N4187,001C,2,5,6,3345,0,0,0,NA,0,010,PALOMA RD,HALL AV,13,E,N,A,-,N,NA,NA,NA,NA,NA,NA,NA,NA,NA,N,2,0,1,2,A,-,11,21950,B,N,G,B,E,A,H,-,C,D,0,Y,NA,NA,NA,Y,Y,N,60,1,0,0,0,1,0,0,0,0,-,-,NA,NA,RIVERSIDE,JURUPA VALLEY,-117.38658561,34.01253882
7027845,2015,2017-01-14,9660,2015-08-06,1500,021051,NA,4,2,9,3300,0,1,1,NA,2,030,RT 10,CORN SPRINGS RD,5280,W,N,C,-,Y,RIV,8,10,-,R,113.38,H,-,W,Y,3,0,2,1,C,-,18,NA,NA,N,F,A,A,B,H,-,A,D,1,NA,NA,NA,Y,Y,NA,-,-,0,1,1,0,0,0,0,0,0,-,-,33.68758,-115.25965,RIVERSIDE,UNINCORPORATED,-115.26012893,33.68765627
7027899,2015,2015-10-08,3300,2015-09-29,1836,N4809,920A,2,5,4,3314,0,0,0,NA,0,070,RAMONA EXPWY,SANDERSON AV,178,W,N,A,-,N,NA,NA,NA,NA,NA,NA,NA,NA,NA,N,4,0,1,3,A,-,03,22350,NA,N,C,C,A,A,H,-,D,A,0,NA,NA,NA,NA,Y,NA,A,07,0,0,1,0,0,0,0,0,0,-,-,NA,NA,RIVERSIDE,SAN JACINTO,-117.00418402,33.82362358