CASE_ID,ACCIDENT_YEAR,PROC_DATE,JURIS,COLLISION_DATE,COLLISION_TIME,OFFICER_ID,REPORTING_DISTRICT,DAY_OF_WEEK,CHP_SHIFT,POPULATION,CNTY_CITY_LOC,SPECIAL_COND,BEAT_TYPE,CHP_BEAT_TYPE,CITY_DIVISION_LAPD,CHP_BEAT_CLASS,BEAT_NUMBER,PRIMARY_RD,SECONDARY_RD,DISTANCE,DIRECTION,INTERSECTION,WEATHER_1,WEATHER_2,STATE_HWY_IND,CALTRANS_COUNTY,CALTRANS_DISTRICT,STATE_ROUTE,ROUTE_SUFFIX,POSTMILE_PREFIX,POSTMILE,LOCATION_TYPE,RAMP_INTERSECTION,SIDE_OF_HWY,TOW_AWAY,COLLISION_SEVERITY,NUMBER_KILLED,NUMBER_INJURED,PARTY_COUNT,PRIMARY_COLL_FACTOR,PCF_CODE_OF_VIOL,PCF_VIOL_CATEGORY,PCF_VIOLATION,PCF_VIOL_SUBSECTION,HIT_AND_RUN,TYPE_OF_COLLISION,MVIW,PED_ACTION,ROAD_SURFACE,ROAD_COND_1,ROAD_COND_2,LIGHTING,CONTROL_DEVICE,CHP_ROAD_TYPE,PEDESTRIAN_ACCIDENT,BICYCLE_ACCIDENT,MOTORCYCLE_ACCIDENT,TRUCK_ACCIDENT,NOT_PRIVATE_PROPERTY,ALCOHOL_INVOLVED,STWD_VEHTYPE_AT_FAULT,CHP_VEHTYPE_AT_FAULT,COUNT_SEVERE_INJ,COUNT_VISIBLE_INJ,COUNT_COMPLAINT_PAIN,COUNT_PED_KILLED,COUNT_PED_INJURED,COUNT_BICYCLIST_KILLED,COUNT_BICYCLIST_INJURED,COUNT_MC_KILLED,COUNT_MC_INJURED,PRIMARY_RAMP,SECONDARY_RAMP,LATITUDE,LONGITUDE,COUNTY,CITY,POINT_X,POINT_Y
81387243,2021,2021-01-14,3349,2021-01-01,0010,364,NA,5,5,5,3341,0,0,0,NA,0,002,SCOTT RD,ANTELOPE RD,83,E,N,A,-,N,NA,NA,NA,NA,NA,NA,NA,NA,NA,Y,4,0,1,1,A,-,01,23152,A,N,E,I,A,A,H,-,C,A,0,NA,NA,NA,NA,Y,Y,A,01,0,0,1,0,0,0,0,0,0,-,-,33.64152908325195,-117.16790771484376,RIVERSIDE,MENIFEE,-117.16782379150392,33.64162826538086
81387799,2021,2021-01-15,3300,2021-01-12,1235,4323,910K,2,5,5,3335,0,0,0,NA,0,064,RANCHO CALIFORNIA ROAD,MORAGA ROAD,250,E,N,A,-,N,NA,NA,NA,NA,NA,NA,NA,NA,NA,Y,4,0,1,3,A,-,03,22350,NA,N,C,C,A,A,H,-,A,A,0,NA,NA,NA,Y,Y,NA,F,26,0,0,1,0,0,0,0,0,0,-,-,NA,NA,RIVERSIDE,TEMECULA,-117.13929748535156,33.50761032104492
81387814,2020,2021-01-15,3300,2020-09-18,1752,5254,901,5,5,4,3310,0,0,0,NA,0,051,3RD ST,CORONA AV,0,NA,Y,A,-,N,NA,NA,NA,NA,NA,NA,NA,NA,NA,N,2,0,1,1,A,-,08,22107,NA,N,E,I,A,A,H,-,A,A,0,NA,NA,Y,NA,Y,NA,C,02,1,0,0,0,0,0,0,0,1,-,-,33.91823959350586,-117.54837799072266,RIVERSIDE,NORCO,-117.54808044433594,33.918701171875
81391142,2021,2021-01-20,3315,2021-01-12,1845,002089,1B,2,5,6,3315,0,0,0,NA,0,001,RIVER RD,COUNTRY CLUB LN,65,N,N,A,-,N,NA,NA,NA,NA,NA,NA,NA,NA,NA,Y,4,0,2,3,A,-,08,22107,NA,N,C,C,A,A,H,-,C,A,0,NA,NA,NA,NA,Y,NA,A,01,0,0,2,0,0,0,0,0,0,-,-,NA,NA,RIVERSIDE,CORONA,-117.58245849609376,33.90802764892578
81392401,2020,2021-01-22,3300,2020-07-11,0645,4649,905A,6,5,4,3307,0,0,0,NA,0,095,SH 74,RIVERSIDE ST,0,NA,Y,A,-,Y,NA,NA,NA,NA,NA,NA,NA,NA,NA,Y,1,1,0,3,A,-,12,21453,A,N,D,C,A,A,H,-,A,A,0,NA,NA,NA,Y,Y,NA,F,26,0,0,0,0,0,0,0,0,0,-,-,33.71232986450195,-117.3118896484375,RIVERSIDE,LAKE ELSINORE,NA,NA
81393922,2021,2021-01-26,3300,2021-01-23,2223,5375,910I,6,5,5,3335,0,0,0,NA,0,063,MARGARITA RD,LA SERENA WY,0,NA,Y,F,-,N,NA,NA,NA,NA,NA,NA,NA,NA,NA,Y,2,0,2,2,A,-,01,23152,A,N,D,C,A,B,H,-,C,A,0,NA,NA,NA,Y,Y,Y,F,76,1,0,1,0,0,0,0,0,0,-,-,33.513580322265625,-117.12387084960938,RIVERSIDE,TEMECULA,-117.1240005493164,33.51373291015625
81393967,2020,2021-01-26,3300,2020-12-03,1947,4940,920A,4,5,4,3314,0,0,0,NA,0,070,WARREN RD,COTTONWOOD AVE,0,NA,Y,A,-,N,NA,NA,NA,NA,NA,NA,NA,NA,NA,Y,2,0,2,2,A,-,08,22107,NA,N,C,C,A,A,G,-,D,B,0,NA,NA,Y,NA,Y,NA,A,01,1,0,1,0,0,0,0,0,1,-,-,33.78750991821289,-117.03365325927734,RIVERSIDE,SAN JACINTO,-117.03359985351563,33.78744125366211
8139410,2016,2016-12-21,3300,2016-11-24,1325,3968,601E1,4,5,6,3394,0,0,0,NA,0,MV16,IRONWOOD AV,PERRIS BL,23,W,N,A,-,N,NA,NA,NA,NA,NA,NA,NA,NA,NA,N,4,0,1,2,A,-,10,21950,A,N,G,B,B,A,H,-,A,A,0,Y,NA,NA,NA,Y,NA,A,01,0,0,1,0,1,0,0,0,0,-,-,33.94665,-117.22639,RIVERSIDE,MORENO VALLEY,-117.2265056,33.94667
81394744,2020,2021-01-27,3306,2020-11-18,2151,708,3306,3,5,3,3306,0,0,0,NA,0,NA,PALM DR,DILLON RD,638,S,N,A,-,N,NA,NA,NA,NA,NA,NA,NA,NA,NA,Y,2,0,1,2,A,-,11,21954,A,N,G,B,D,A,H,-,D,D,0,Y,NA,NA,NA,Y,NA,N,60,1,0,0,0,1,0,0,0,0,-,-,33.92496871948242,-116.50173950195313,RIVERSIDE,DESERT HOT SPRINGS,-116.5017318725586,33.92322540283203
8139628,2016,2017-01-10,3300,2016-12-09,1743,4713,910B,5,5,5,3335,0,0,0,NA,0,063,WINCHESTER RD,NICOLAS RD,1042,W,N,A,-,N,NA,NA,NA,NA,NA,NA,NA,NA,NA,Y,4,0,1,3,A,-,03,22350,NA,N,C,C,A,A,H,-,D,D,0,NA,NA,NA,NA,Y,NA,A,01,0,0,1,0,0,0,0,0,0,-,-,NA,NA,RIVERSIDE,TEMECULA,-117.14588789,33.53664182
81402102,2021,2021-02-04,3300,2021-01-04,0608,5976,809D,1,5,3,3343,0,0,0,NA,0,NA,CLINTON KEITH RD,STABLE LANES RD,0,NA,Y,A,-,N,NA,NA,NA,NA,NA,NA,NA,NA,NA,N,4,0,1,2,A,-,08,22107,NA,N,D,C,A,A,H,-,B,D,0,NA,NA,NA,NA,Y,NA,A,01,0,0,1,0,0,0,0,0,0,-,-,33.59368896484375,-117.2492904663086,RIVERSIDE,WILDOMAR,-117.24887847900392,33.59280776977539
81402948,2020,2021-02-05,3300,2020-12-21,1108,N6519,603 B,1,5,6,3394,0,0,0,NA,0,MV34,PERRIS BLVD,NANDINA AVE,77,S,N,A,-,N,NA,NA,NA,NA,NA,NA,NA,NA,NA,N,3,0,3,3,A,-,03,22350,NA,N,C,C,A,A,H,-,A,D,0,NA,NA,NA,NA,Y,NA,A,01,0,1,2,0,0,0,0,0,0,-,-,33.866539001464844,-117.2260284423828,RIVERSIDE,MORENO VALLEY,-117.2261962890625,33.86628723144531
81403004,2021,2021-02-05,3315,2021-02-02,1418,11119,3E,2,5,6,3315,0,0,0,NA,0,003,MAGNOLIA AV,EL SOBRANTE RD,0,NA,Y,A,-,Y,NA,NA,NA,NA,NA,NA,NA,NA,NA,Y,4,0,3,2,A,-,12,21453,A,N,D,C,A,A,H,-,A,A,0,NA,NA,NA,NA,Y,NA,A,01,0,0,3,0,0,0,0,0,0,-,-,33.86507034301758,-117.54338073730467,RIVERSIDE,CORONA,-117.5435028076172,33.86520767211914
81404780,2021,2021-02-09,3300,2021-01-09,1200,N6635,002V,6,5,6,3345,0,0,0,NA,0,026,BAIN ST,54TH ST,166,N,N,A,-,N,NA,NA,NA,NA,NA,NA,NA,NA,NA,Y,4,0,1,1,A,-,03,22350,NA,N,E,I,A,A,H,-,A,A,0,NA,NA,NA,NA,Y,NA,A,01,0,0,1,0,0,0,0,0,0,-,-,33.98994827270508,-117.50578308105467,RIVERSIDE,JURUPA VALLEY,-117.50587463378906,33.99044418334961
81404818,2021,2021-02-09,3300,2021-01-16,1540,4850,602 D,6,5,6,3394,0,0,0,NA,0,MV26,INDIAN ST,BAY AVE,55,N,N,A,-,N,NA,NA,NA,NA,NA,NA,NA,NA,NA,Y,3,0,1,1,A,-,03,22350,NA,N,F,A,A,A,H,-,A,A,0,NA,NA,Y,NA,Y,NA,C,02,0,1,0,0,0,0,0,0,1,-,-,33.92082977294922,-117.23500823974608,RIVERSIDE,MORENO VALLEY,-117.23500823974608,33.921051025390625
8140615,2016,2016-10-07,3300,2016-09-13,1042,4996,603C4,2,5,6,3394,0,0,0,NA,0,MV36,IRIS AV,KITCHING ST,43,E,N,A,-,N,NA,NA,NA,NA,NA,NA,NA,NA,NA,N,4,0,1,2,A,-,03,22350,NA,F,C,C,A,A,H,-,A,A,0,NA,NA,Y,NA,Y,NA,A,01,0,0,1,0,0,0,0,0,1,-,-,33.88834,-117.21789,RIVERSIDE,MORENO VALLEY,-117.21729885,33.88826628
81406432,2021,2021-02-11,3300,2021-02-02,0025,N7146,910K,2,5,5,3335,0,0,0,NA,0,064,NORTHGATE AV,SHELDON CT,323,W,N,A,-,N,NA,NA,NA,NA,NA,NA,NA,NA,NA,Y,4,0,1,1,C,-,18,NA,NA,N,E,J,A,A,A,-,C,D,0,NA,NA,NA,NA,Y,NA,-,-,0,0,1,0,0,0,0,0,0,-,-,33.4892692565918,-117.14048004150392,RIVERSIDE,TEMECULA,-117.14151000976563,33.48939895629883
8140762,2016,2016-10-10,3300,2016-09-12,1120,N2646,601B5,1,5,6,3394,0,0,0,NA,0,012,PERRIS BL,MANZANITA AV,315,N,N,A,-,N,NA,NA,NA,NA,NA,NA,NA,NA,NA,N,4,0,1,1,A,-,08,22107,NA,N,E,I,A,A,H,-,A,D,0,NA,NA,NA,NA,Y,NA,A,01,0,0,1,0,0,0,0,0,0,-,-,33.96404,-117.23002,RIVERSIDE,MORENO VALLEY,-117.23070597,33.96470635
81408018,2021,2021-02-15,3300,2021-01-28,1300,4996,602 A,4,5,6,3394,0,0,0,NA,0,MV22,EUCALYPTUS AVE,FREDERICK ST,193,W,N,A,-,N,NA,NA,NA,NA,NA,NA,NA,NA,NA,Y,4,0,1,2,A,-,01,23152,A,N,C,D,A,A,H,-,A,A,0,NA,NA,NA,NA,Y,Y,A,01,0,0,1,0,0,0,0,0,0,-,-,33.93156051635742,-117.26145935058594,RIVERSIDE,MORENO VALLEY,-117.26204681396484,33.931495666503906
81408072,2020,2021-02-15,3349,2020-12-29,2322,380,NA,2,5,5,3341,0,0,0,NA,0,001,MENIFEE RD,CAMINO CRISTAL,315,N,N,A,-,N,NA,NA,NA,NA,NA,NA,NA,NA,NA,Y,4,0,1,1,C,-,18,NA,NA,N,E,I,A,A,H,-,C,D,0,NA,NA,NA,NA,Y,NA,-,-,0,0,1,0,0,0,0,0,0,-,-,33.68846893310547,-117.15274047851563,RIVERSIDE,MENIFEE,-117.15219879150392,33.68913269042969
81408497,2021,2021-02-16,3300,2021-01-06,1713,N4809,920A,3,5,4,3314,0,0,0,NA,0,070,RAMONA BLVD,LYON AVE,0,NA,Y,A,-,N,NA,NA,NA,NA,NA,NA,NA,NA,NA,Y,4,0,2,2,A,-,12,22450,A,N,D,C,A,A,H,-,C,A,0,NA,NA,NA,NA,Y,NA,A,07,0,0,2,0,0,0,0,0,0,-,-,NA,NA,RIVERSIDE,SAN JACINTO,-116.9882583618164,33.808048248291016
81409482,2021,2021-02-17,3300,2021-02-14,1637,5228,910E,7,5,5,3335,0,0,0,NA,0,061,RANCHO CALIFORNIA RD,N/B INTERSTATE 15 OFFRAMP,0,NA,Y,A,-,N,NA,NA,NA,NA,NA,NA,NA,NA,NA,Y,4,0,1,2,A,-,12,21453,A,N,D,C,A,A,H,-,A,A,0,NA,NA,NA,NA,Y,NA,A,01,0,0,1,0,0,0,0,0,0,-,-,NA,NA,RIVERSIDE,TEMECULA,-117.15154266357422,33.500701904296875
81410446,2021,2021-02-18,3300,2021-02-14,1744,5228,910C,7,5,5,3335,0,0,0,NA,0,063,BUTTERFIELD STAGE RD,LA SERENA WY,0,NA,Y,A,-,N,NA,NA,NA,NA,NA,NA,NA,NA,NA,Y,2,0,3,2,A,-,01,23153,B,N,D,C,A,A,H,-,B,A,0,NA,NA,NA,NA,Y,Y,A,01,1,1,1,0,0,0,0,0,0,-,-,33.5306396484375,-117.10118865966795,RIVERSIDE,TEMECULA,-117.10120391845705,33.53057861328125
81410449,2021,2021-02-18,3300,2021-01-29,2127,5980,011G,5,5,4,3344,0,0,0,NA,0,060,CELEBRATION DR,SHADY DR,330,W,N,A,-,N,NA,NA,NA,NA,NA,NA,NA,NA,NA,N,4,0,1,2,A,-,01,23152,A,N,A,E,A,A,H,-,C,D,0,NA,NA,NA,NA,Y,Y,A,01,0,0,1,0,0,0,0,0,0,-,-,33.98455047607422,-117.55384063720705,RIVERSIDE,EASTVALE,-117.55553436279295,33.98503494262695
81411291,2021,2021-02-19,3300,2021-02-16,1225,3290,916B,2,5,4,3312,0,0,0,NA,0,034,PERRIS BLVD,MILDRED ST,0,NA,Y,A,-,N,NA,NA,NA,NA,NA,NA,NA,NA,NA,Y,4,0,1,2,A,-,12,21453,A,N,D,C,A,A,H,-,A,A,0,NA,NA,NA,NA,Y,NA,D,22,0,0,1,0,0,0,0,0,0,-,-,33.79560089111328,-117.22593688964844,RIVERSIDE,PERRIS,-117.22612762451172,33.795631408691406
81413116,2021,2021-02-23,3300,2021-01-30,0640,5414,916B,6,5,4,3312,0,0,0,NA,0,032,WILSON AVE,ORANGE AVE,0,NA,Y,E,-,N,NA,NA,NA,NA,NA,NA,NA,NA,NA,N,4,0,1,2,A,-,12,22450,A,N,D,C,A,B,H,-,A,D,0,NA,NA,NA,NA,Y,NA,A,01,0,0,1,0,0,0,0,0,0,-,-,33.81578063964844,-117.21298980712892,RIVERSIDE,PERRIS,-117.21299743652344,33.815635681152344
81414090,2020,2021-02-24,3349,2020-11-04,1842,321,NA,3,5,5,3341,0,0,0,NA,0,001,MENIFEE RD,MATTHEWS RD,0,NA,Y,A,-,N,NA,NA,NA,NA,NA,NA,NA,NA,NA,N,2,0,2,2,A,-,05,21651,B,N,A,C,A,A,H,-,D,A,0,NA,NA,NA,NA,Y,NA,A,01,1,1,0,0,0,0,0,0,0,-,-,33.7329216003418,-117.15409088134766,RIVERSIDE,MENIFEE,-117.15409088134766,33.73297119140625
81416643,2021,2021-02-26,3300,2021-02-04,1630,3481,920E,4,5,4,3314,0,0,0,NA,0,072,RAMONA EXPY,VILLAGE AT SAN JACINTO,0,NA,Y,A,-,N,NA,NA,NA,NA,NA,NA,NA,NA,NA,Y,3,0,1,2,A,-,12,21453,A,N,D,C,A,A,H,-,A,A,0,NA,NA,NA,NA,Y,NA,D,22,0,1,0,0,0,0,0,0,0,-,-,NA,NA,RIVERSIDE,SAN JACINTO,-116.9590072631836,33.8013801574707
8141846,2016,2016-10-14,3313,2016-09-27,1820,1523,W,2,5,7,3313,0,0,0,NA,0,M22,INDIANA AV,FENSMUIR ST,0,NA,Y,A,-,N,NA,NA,NA,NA,NA,NA,NA,NA,NA,Y,4,0,4,2,A,-,09,21801,A,N,A,C,A,A,H,-,A,A,0,NA,NA,NA,NA,Y,NA,A,01,0,0,4,0,0,0,0,0,0,-,-,NA,NA,RIVERSIDE,RIVERSIDE,-117.47565003,33.89471011
8142019,2016,2016-10-13,3313,2016-09-08,0049,1703,C,4,5,7,3313,0,0,0,NA,0,A315,MAGNOLIA AV,MUIR AV,92,E,N,A,-,N,NA,NA,NA,NA,NA,NA,NA,NA,NA,N,4,0,1,1,A,-,08,22107,NA,N,E,I,A,A,H,-,C,D,0,NA,NA,NA,NA,Y,NA,A,01,0,0,1,0,0,0,0,0,0,-,-,NA,NA,RIVERSIDE,RIVERSIDE,-117.4512932,33.91758565
81421116,2021,2021-03-05,3315,2021-03-02,1737,003282,13D,2,5,6,3315,0,0,0,NA,0,003,ONTARIO AV,COMPTON AV,190,E,N,A,-,N,NA,NA,NA,NA,NA,NA,NA,NA,NA,N,4,0,1,2,A,-,03,22350,NA,N,C,C,A,A,H,-,C,A,0,NA,NA,NA,NA,Y,NA,A,01,0,0,1,0,0,0,0,0,0,-,-,33.84497833251953,-117.5364227294922,RIVERSIDE,CORONA,-117.53620147705078,33.84483337402344
8142260,2016,2016-10-26,3300,2016-10-06,0708,3359,507D,4,5,5,3341,0,0,0,NA,0,057,NEWPORT RD,MENIFEE LAKES DR,170,E,N,A,-,N,NA,NA,NA,NA,NA,NA,NA,NA,NA,N,4,0,1,2,A,-,03,22350,NA,N,C,C,A,A,H,-,A,A,0,NA,NA,NA,NA,Y,NA,A,01,0,0,1,0,0,0,0,0,0,-,-,NA,NA,RIVERSIDE,MENIFEE,-117.15822298,33.685
81422922,2021,2021-03-09,3300,2021-03-03,1547,4546,910B,3,5,5,3335,0,0,0,NA,0,063,MARGARITA RD,HARVESTON WY,0,NA,Y,B,C,N,NA,NA,NA,NA,NA,NA,NA,NA,NA,Y,2,0,2,3,A,-,03,22350,NA,N,D,C,A,B,H,-,A,D,0,NA,NA,NA,NA,Y,NA,D,22,1,1,0,0,0,0,0,0,0,-,-,33.53628921508789,-117.15131378173828,RIVERSIDE,TEMECULA,-117.1516342163086,33.53633117675781
81425670,2021,2021-03-12,3300,2021-02-22,1537,3552,916B,1,5,4,3312,0,0,0,NA,0,032,NUEVO RD,I-215 NBOFF,0,NA,Y,A,-,Y,NA,NA,NA,NA,NA,NA,NA,NA,NA,Y,4,0,2,2,A,-,12,21453,A,F,D,C,A,A,H,-,A,A,0,NA,NA,NA,NA,Y,NA,A,01,0,0,2,0,0,0,0,0,0,-,-,33.83747100830078,-117.19660186767578,RIVERSIDE,PERRIS,-117.23284912109376,33.80259704589844
81426657,2021,2021-03-15,3315,2021-03-12,1714,003035,2B,5,5,6,3315,0,0,0,NA,0,002,MAIN ST,PARKRIDGE AV,1056,S,N,B,C,N,NA,NA,NA,NA,NA,NA,NA,NA,NA,Y,4,0,1,2,A,-,09,21804,A,M,D,C,A,B,H,-,C,D,0,NA,NA,NA,NA,Y,NA,A,01,0,0,1,0,0,0,0,0,0,-,-,33.89308166503906,-117.56356811523438,RIVERSIDE,CORONA,-117.56404113769533,33.89020919799805
81427779,2021,2021-03-16,3300,2021-02-25,0905,N4225,905F,4,5,4,3307,0,0,0,NA,0,092,MAIN ST,FLINT ST,0,NA,Y,A,-,N,NA,NA,NA,NA,NA,NA,NA,NA,NA,Y,4,0,1,2,A,-,09,21802,A,N,D,C,A,A,H,-,A,D,0,NA,NA,NA,NA,Y,NA,A,01,0,0,1,0,0,0,0,0,0,-,-,33.676578521728516,-117.32444763183594,RIVERSIDE,LAKE ELSINORE,-117.32488250732422,33.67505645751953
81427852,2021,2021-03-16,3315,2021-02-28,0228,003547,5C,7,5,6,3315,0,0,0,NA,0,004,AVENIDA DEL VISTA,VIA SANTIAGO,420,S,N,A,-,N,NA,NA,NA,NA,NA,NA,NA,NA,NA,Y,3,0,1,2,A,-,08,22107,NA,N,C,E,A,A,H,-,C,D,0,NA,NA,NA,NA,Y,NA,A,01,0,1,0,0,0,0,0,0,0,-,-,33.87574005126953,-117.59718322753906,RIVERSIDE,CORONA,-117.59778594970705,33.87476348876953
81429694,2021,2021-03-18,3300,2021-03-06,1422,N4225,905D,6,5,4,3307,0,0,0,NA,0,091,DIAMOND DR,AUTO CENTER DR,0,NA,Y,A,-,N,NA,NA,NA,NA,NA,NA,NA,NA,NA,Y,4,0,2,2,A,-,09,21801,A,N,A,C,A,A,H,-,A,A,0,NA,NA,NA,NA,Y,NA,A,08,0,0,2,0,0,0,0,0,0,-,-,33.660640716552734,-117.29976654052734,RIVERSIDE,LAKE ELSINORE,-117.29987335205078,33.660701751708984
81429755,2021,2021-03-18,3300,2021-03-01,1400,5592,Y83,1,5,3,3305,0,0,0,NA,0,Y83,AVE 52,CESAR CHAVEZ ST,154,W,N,A,-,N,NA,NA,NA,NA,NA,NA,NA,NA,NA,N,4,0,1,2,A,-,09,21801,A,F,D,C,A,A,H,-,A,D,0,NA,NA,NA,NA,Y,NA,A,01,0,0,1,0,0,0,0,0,0,-,-,33.67087936401367,-116.18160247802734,RIVERSIDE,COACHELLA,-116.182187,33.670865
81430551,2021,2021-03-19,3300,2021-02-13,1112,5987,011K,6,5,4,3344,0,0,0,NA,0,061,HAMNER AV,68TH ST,0,NA,Y,A,-,N,NA,NA,NA,NA,NA,NA,NA,NA,NA,N,2,0,1,1,A,-,03,22350,NA,N,H,A,A,A,H,-,A,A,0,NA,NA,Y,NA,Y,Y,C,02,1,0,0,0,0,0,0,0,1,-,-,33.96405029296875,-117.55799865722656,RIVERSIDE,EASTVALE,-117.558349609375,33.9644775390625
81430684,2021,2021-03-19,3349,2021-01-30,1851,379,NA,6,5,5,3341,0,0,0,NA,0,001,NEWPORT RD,I-215 NBON,841,E,N,A,-,Y,NA,NA,215,NA,NA,NA,NA,NA,NA,Y,4,0,1,3,A,-,04,21703,NA,F,C,C,A,A,H,-,C,A,0,NA,NA,NA,NA,Y,NA,A,07,0,0,1,0,0,0,0,0,0,-,-,33.685150146484375,-117.1724090576172,RIVERSIDE,MENIFEE,-117.1716537475586,33.68544006347656
8143100,2016,2016-11-01,3315,2016-10-12,1640,11119,3E,3,5,6,3315,0,0,0,NA,0,NA,RIMPAU AV,CALIFORNIA AV,347,N,N,A,-,N,NA,NA,NA,NA,NA,NA,NA,NA,NA,N,4,0,1,2,A,-,09,21804,A,N,D,C,A,A,H,-,A,D,0,NA,NA,NA,NA,Y,NA,-,NA,0,0,1,0,0,0,0,0,0,-,-,NA,NA,RIVERSIDE,CORONA,-117.54459388,33.86263078
8143264,2016,2016-10-27,3315,2016-10-01,0721,002852,7C,6,5,6,3315,0,0,0,NA,0,001,6TH ST,SHERMAN AV,0,NA,Y,A,-,N,NA,NA,NA,NA,NA,NA,NA,NA,NA,Y,3,0,2,2,A,-,12,21453,A,N,D,C,A,A,H,-,A,A,0,NA,NA,NA,NA,Y,NA,-,NA,0,1,1,0,0,0,0,0,0,-,-,NA,NA,RIVERSIDE,CORONA,-117.58880013,33.87779002
81432753,2021,2021-03-23,3300,2021-02-28,1320,4850,604 B,7,5,6,3394,0,0,0,NA,0,MV42,JOHN F KENNEDY DR,MORENO BEACH DR,20,E,N,A,-,N,NA,NA,NA,NA,NA,NA,NA,NA,NA,Y,4,0,1,2,A,-,03,22350,NA,N,A,C,A,A,H,-,A,A,0,NA,NA,NA,NA,Y,NA,A,01,0,0,1,0,0,0,0,0,0,-,-,33.90264129638672,-117.17410278320313,RIVERSIDE,MORENO VALLEY,-117.17405700683594,33.90277099609375
81433837,2021,2021-03-24,3315,2021-03-20,0822,004066,3H,6,5,6,3315,0,0,0,NA,0,002,SIXTH ST,RIMPAU AV,0,NA,Y,A,-,N,NA,NA,NA,NA,NA,NA,NA,NA,NA,Y,3,0,1,2,A,-,01,23153,G,N,C,C,A,A,H,-,A,D,0,NA,NA,NA,NA,Y,NA,A,01,0,1,0,0,0,0,0,0,0,-,-,33.8745002746582,-117.55259704589844,RIVERSIDE,CORONA,-117.55263519287108,33.87456130981445
81436583,2021,2021-03-26,3300,2021-03-01,2110,4867,601 E,1,5,6,3394,0,0,0,NA,0,MV16,PERRIS BLVD,SH-60 W/B OFFRAMP,0,NA,Y,A,-,N,NA,NA,NA,NA,NA,NA,NA,NA,NA,N,4,0,1,2,A,-,12,21453,A,N,D,C,A,A,H,-,C,A,0,NA,NA,NA,NA,Y,NA,D,22,0,0,1,0,0,0,0,0,0,-,-,33.94009017944336,-117.2261199951172,RIVERSIDE,MORENO VALLEY,-117.226396,33.940316
81436589,2021,2021-03-26,3311,2021-02-08,0157,15918,NA,1,5,4,3311,0,0,0,NA,0,BIK,PALM CANYON DRIVE S,BARISTO ROAD,0,NA,Y,A,-,N,NA,NA,NA,NA,NA,NA,NA,NA,NA,Y,2,0,1,1,A,-,01,23152,A,N,E,I,A,A,E,H,C,D,0,NA,NA,NA,NA,Y,Y,D,22,1,0,0,0,0,0,0,0,0,-,-,33.81922149658203,-116.54705810546876,RIVERSIDE,PALM SPRINGS,-116.54679107666016,33.81944274902344
81437573,2021,2021-03-29,3315,2021-03-21,0947,003788,8E,7,5,6,3315,0,0,0,NA,0,004,GREEN RIVER RD,PASEO GRANDE,0,NA,Y,A,-,N,NA,NA,NA,NA,NA,NA,NA,NA,NA,N,4,0,1,2,A,-,12,21453,A,N,D,G,A,A,H,-,A,A,0,NA,Y,NA,NA,Y,NA,L,04,0,0,1,0,0,0,1,0,0,-,-,33.86334991455078,-117.61406707763672,RIVERSIDE,CORONA,-117.61414337158205,33.86319351196289
81438977,2021,2021-03-30,3300,2021-03-09,1651,3698,Y80,2,5,3,3305,0,0,0,NA,0,Y80,AVE 48,CHAPARROSA,0,NA,Y,A,-,N,NA,NA,NA,NA,NA,NA,NA,NA,NA,N,4,0,1,2,A,-,09,21801,A,N,D,C,A,A,H,-,A,D,0,NA,NA,NA,NA,Y,NA,A,08,0,0,1,0,0,0,0,0,0,-,-,NA,NA,RIVERSIDE,COACHELLA,-116.20537567138672,33.700355529785156
81439863,2021,2021-03-31,3300,2021-03-25,0547,N4544,602 D,4,5,6,3394,0,0,0,NA,0,MV26,DRACAEA AVE,HEACOCK ST,16,W,N,B,-,N,NA,NA,NA,NA,NA,NA,NA,NA,NA,Y,4,0,1,2,A,-,12,21453,A,N,D,C,A,A,H,-,B,A,0,NA,NA,NA,NA,Y,NA,A,01,0,0,1,0,0,0,0,0,0,-,-,33.928199768066406,-117.24382019042967,RIVERSIDE,MORENO VALLEY,-117.24383544921876,33.928138732910156
81440459,2020,2021-04-01,3300,2020-09-03,1310,3988,002V,4,5,6,3345,0,0,0,NA,0,026,ETIWANDA AV,JURUPA RD,0,NA,Y,A,-,N,NA,NA,NA,NA,NA,NA,NA,NA,NA,N,1,1,1,2,A,-,01,23152,A,N,D,C,A,A,H,-,A,A,0,NA,NA,Y,NA,Y,Y,-,-,0,0,1,0,0,0,0,1,0,-,-,33.99251174926758,-117.52339935302734,RIVERSIDE,JURUPA VALLEY,-117.52342987060548,33.992698669433594
81444610,2021,2021-04-07,3300,2021-04-05,1219,2680,910A,1,5,5,3335,0,0,0,NA,0,061,WINCHESTER RD,RORIPAUGH RD,0,NA,Y,A,-,Y,NA,NA,NA,NA,NA,NA,NA,NA,NA,Y,4,0,1,2,A,-,03,22350,NA,N,C,C,A,A,H,-,A,A,0,NA,NA,NA,NA,Y,NA,A,01,0,0,1,0,0,0,0,0,0,-,-,33.533538818359375,-117.14827728271484,RIVERSIDE,TEMECULA,-117.14857482910156,33.53362274169922
81444671,2021,2021-04-07,3300,2021-03-21,1333,4339,601 E,7,5,6,3394,0,0,0,NA,0,MV16,PERRIS BLVD,ELDER AVE,26,N,N,A,-,N,NA,NA,NA,NA,NA,NA,NA,NA,NA,N,3,0,3,2,A,-,03,22350,NA,N,C,C,A,A,H,-,A,A,0,NA,NA,NA,NA,Y,NA,A,01,0,1,2,0,0,0,0,0,0,-,-,33.94097137451172,-117.2264404296875,RIVERSIDE,MORENO VALLEY,-117.22638702392578,33.94102096557617