CASE_ID,ACCIDENT_YEAR,PROC_DATE,JURIS,COLLISION_DATE,COLLISION_TIME,OFFICER_ID,REPORTING_DISTRICT,DAY_OF_WEEK,CHP_SHIFT,POPULATION,CNTY_CITY_LOC,SPECIAL_COND,BEAT_TYPE,CHP_BEAT_TYPE,CITY_DIVISION_LAPD,CHP_BEAT_CLASS,BEAT_NUMBER,PRIMARY_RD,SECONDARY_RD,DISTANCE,DIRECTION,INTERSECTION,WEATHER_1,WEATHER_2,STATE_HWY_IND,CALTRANS_COUNTY,CALTRANS_DISTRICT,STATE_ROUTE,ROUTE_SUFFIX,POSTMILE_PREFIX,POSTMILE,LOCATION_TYPE,RAMP_INTERSECTION,SIDE_OF_HWY,TOW_AWAY,COLLISION_SEVERITY,NUMBER_KILLED,NUMBER_INJURED,PARTY_COUNT,PRIMARY_COLL_FACTOR,PCF_CODE_OF_VIOL,PCF_VIOL_CATEGORY,PCF_VIOLATION,PCF_VIOL_SUBSECTION,HIT_AND_RUN,TYPE_OF_COLLISION,MVIW,PED_ACTION,ROAD_SURFACE,ROAD_COND_1,ROAD_COND_2,LIGHTING,CONTROL_DEVICE,CHP_ROAD_TYPE,PEDESTRIAN_ACCIDENT,BICYCLE_ACCIDENT,MOTORCYCLE_ACCIDENT,TRUCK_ACCIDENT,NOT_PRIVATE_PROPERTY,ALCOHOL_INVOLVED,STWD_VEHTYPE_AT_FAULT,CHP_VEHTYPE_AT_FAULT,COUNT_SEVERE_INJ,COUNT_VISIBLE_INJ,COUNT_COMPLAINT_PAIN,COUNT_PED_KILLED,COUNT_PED_INJURED,COUNT_BICYCLIST_KILLED,COUNT_BICYCLIST_INJURED,COUNT_MC_KILLED,COUNT_MC_INJURED,PRIMARY_RAMP,SECONDARY_RAMP,LATITUDE,LONGITUDE,COUNTY,CITY,POINT_X,POINT_Y
81914494,2022,2022-11-10,3315,2022-11-04,1653,004274,1G,5,5,6,3315,0,0,0,NA,0,001,AUTO CENTER DR,WARDLOW RD,0,NA,Y,A,-,N,NA,NA,NA,NA,NA,NA,NA,NA,NA,N,4,0,1,2,A,-,08,22107,NA,N,B,C,A,A,H,-,A,A,0,NA,NA,NA,NA,Y,NA,A,01,0,0,1,0,0,0,0,0,0,-,-,NA,NA,RIVERSIDE,CORONA,-117.6128158569336,33.882110595703125
81918722,2022,2022-11-16,3300,2022-10-03,1149,N4883,002P,1,5,6,3345,0,0,0,NA,0,024,VAN BUREN BL,RUTILE ST,101,S,N,A,-,N,NA,NA,NA,NA,NA,NA,NA,NA,NA,N,4,0,1,2,A,-,03,22350,NA,N,C,C,A,A,H,-,A,A,0,NA,NA,NA,NA,Y,NA,A,07,0,0,1,0,0,0,0,0,0,-,-,34.002620697021484,-117.49681091308594,RIVERSIDE,JURUPA VALLEY,-117.49747467041016,34.00353240966797
81918775,2022,2022-11-16,3308,2022-10-11,1543,10899,NA,2,5,5,3308,0,0,0,NA,0,SOUTH,SANDERSON AVE,THORNTON AVE,82,N,N,B,-,N,NA,NA,NA,NA,NA,NA,NA,NA,NA,N,4,0,1,2,A,-,03,22350,NA,M,C,C,A,A,H,-,A,A,0,NA,NA,NA,NA,Y,NA,A,07,0,0,1,0,0,0,0,0,0,-,-,33.72526168823242,-117.00659942626952,RIVERSIDE,HEMET,-117.00665283203124,33.72553634643555
81918902,2022,2022-11-16,3315,2022-11-14,1812,11119,1D,1,5,6,3315,0,0,0,NA,0,001,COTA ST,RINCON ST,0,NA,Y,A,-,N,NA,NA,NA,NA,NA,NA,NA,NA,NA,Y,4,0,2,2,A,-,09,21802,A,N,D,C,A,A,H,-,C,A,0,NA,NA,NA,NA,Y,NA,A,01,0,0,2,0,0,0,0,0,0,-,-,33.88861083984375,-117.56983947753906,RIVERSIDE,CORONA,-117.57005310058594,33.8895378112793
81920871,2022,2022-11-18,3300,2022-08-26,0707,4449,002D,5,5,6,3345,0,0,0,NA,0,020,FELSPAR ST,GALENA ST,429,S,N,A,-,N,NA,NA,NA,NA,NA,NA,NA,NA,NA,Y,1,1,0,1,A,-,01,23152,B,N,E,I,A,A,H,-,A,D,0,NA,NA,NA,NA,Y,Y,D,22,0,0,0,0,0,0,0,0,0,-,-,34.004638671875,-117.48406219482422,RIVERSIDE,JURUPA VALLEY,-117.48414611816406,34.00331497192383
81920880,2022,2022-11-18,3300,2022-10-13,1227,N6910,NA,4,5,6,3345,0,0,0,NA,0,NA,MISSION BL,PYRITE ST,0,NA,Y,A,-,N,NA,NA,NA,NA,NA,NA,NA,NA,NA,N,3,0,1,2,D,-,00,NA,NA,N,D,C,A,A,H,-,A,A,0,NA,NA,NA,NA,Y,NA,-,-,0,1,0,0,0,0,0,0,0,-,-,34.01179885864258,-117.4623565673828,RIVERSIDE,JURUPA VALLEY,-117.46236419677734,34.011802673339844
81922466,2022,2022-11-21,3313,2022-11-05,0906,2073,2,6,5,7,3313,0,0,0,NA,0,T70,CANYON CREST DR,RANSOM RD,19,S,N,B,C,N,NA,NA,NA,NA,NA,NA,NA,NA,NA,N,4,0,3,3,A,-,03,22350,NA,N,C,C,A,B,H,-,A,A,0,NA,NA,NA,NA,Y,NA,A,01,0,0,3,0,0,0,0,0,0,-,-,33.9405403137207,-117.33206939697266,RIVERSIDE,RIVERSIDE,-117.33234405517578,33.94032287597656
81922733,2022,2022-11-21,3313,2022-11-09,0745,2073,4,3,5,7,3313,0,0,0,NA,0,T70,MC KINLEY ST,ARLINGTON AV,253,S,N,A,-,N,NA,NA,NA,NA,NA,NA,NA,NA,NA,N,3,0,3,3,A,-,08,22107,NA,N,A,C,A,A,H,-,A,D,0,NA,NA,NA,NA,Y,NA,A,01,0,2,1,0,0,0,0,0,0,-,-,NA,NA,RIVERSIDE,RIVERSIDE,-117.40042877197266,33.945587158203125
81923914,2022,2022-11-22,3300,2022-11-13,1543,5978,85B1,7,5,3,3305,0,0,0,NA,0,Y85,HY 86S,50TH AV (N),1733,S,N,A,-,N,NA,NA,NA,NA,NA,NA,NA,NA,NA,N,4,0,1,2,A,-,03,22350,NA,N,C,C,A,A,H,-,A,A,0,NA,NA,NA,NA,Y,NA,A,07,0,0,1,0,0,0,0,0,0,-,-,33.68767166137695,-116.16396331787108,RIVERSIDE,COACHELLA,NA,NA
81924850,2022,2022-11-23,3300,2022-10-31,0815,N6519,604 B,1,5,6,3394,0,0,0,NA,0,MV16,PERRIS BLVD,PICO VISTA WAY,26,N,N,A,-,N,NA,NA,NA,NA,NA,NA,NA,NA,NA,N,4,0,3,2,A,-,03,22350,NA,N,C,C,A,A,H,-,A,A,0,NA,NA,NA,NA,Y,NA,A,01,0,0,3,0,0,0,0,0,0,-,-,33.95906066894531,-117.22608184814452,RIVERSIDE,MORENO VALLEY,-117.22706604003906,33.958885192871094
81924852,2022,2022-11-23,3300,2022-11-07,1500,4867,604 A,1,5,6,3394,0,0,0,NA,0,MV42,NASON ST,SH-60 EBON/R,320,N,N,B,-,N,NA,NA,NA,NA,NA,NA,NA,NA,NA,N,4,0,1,2,A,-,03,22350,NA,N,C,C,A,A,H,-,A,A,0,NA,NA,NA,NA,Y,NA,A,01,0,0,1,0,0,0,0,0,0,-,-,33.93806838989258,-117.19126892089844,RIVERSIDE,MORENO VALLEY,-117.191548,33.939524
81925932,2022,2022-11-24,3300,2022-11-19,0945,4713,910M,6,5,5,3335,0,0,0,NA,0,067,DE PORTOLA RD,JEDEDIAH SMITH RD,0,NA,Y,A,-,N,NA,NA,NA,NA,NA,NA,NA,NA,NA,N,3,0,1,2,A,-,12,22450,A,N,D,G,A,A,H,-,A,A,0,NA,Y,NA,NA,Y,NA,L,04,0,1,0,0,0,0,1,0,0,-,-,33.478309631347656,-117.1230697631836,RIVERSIDE,TEMECULA,-117.12263488769533,33.47857666015625
81926155,2022,2022-11-24,3313,2022-10-06,1108,1641,3,4,5,7,3313,0,0,0,NA,0,T55,INDIANA AV,MARY ST,415,E,N,A,-,N,NA,NA,NA,NA,NA,NA,NA,NA,NA,Y,3,0,2,2,A,-,09,21804,A,N,D,C,A,A,H,-,A,D,0,NA,NA,NA,NA,Y,NA,A,01,0,1,1,0,0,0,0,0,0,-,-,33.940731048583984,-117.39369964599608,RIVERSIDE,RIVERSIDE,-117.39248657226563,33.94261932373047
8192630,2016,2017-01-11,3315,2016-12-05,1412,001226,7A,1,5,6,3315,0,0,0,NA,0,NA,6TH ST,LINCOLN AV,0,NA,Y,A,-,N,NA,NA,NA,NA,NA,NA,NA,NA,NA,Y,3,0,1,2,A,-,17,21451,A,N,D,C,A,A,H,-,A,A,0,NA,NA,NA,NA,Y,NA,A,07,0,1,0,0,0,0,0,0,0,-,-,NA,NA,RIVERSIDE,CORONA,-117.58328009,33.87719007
81927061,2022,2022-11-28,3315,2022-11-12,1802,004754,3C,6,5,6,3315,0,0,0,NA,0,002,FULLERTON AV,FRANCIS ST (N),0,NA,Y,A,-,N,NA,NA,NA,NA,NA,NA,NA,NA,NA,Y,4,0,1,2,A,-,09,21801,A,N,D,C,A,A,H,-,C,D,0,NA,NA,Y,NA,Y,NA,A,01,0,0,1,0,0,0,0,0,1,-,-,33.86811828613281,-117.55577087402344,RIVERSIDE,CORONA,-117.55582427978516,33.8680534362793
8192758,2016,2016-12-22,3313,2016-11-08,0742,1686,E,2,5,7,3313,0,0,0,NA,0,T58,KRAMERIA AV,MEADOW LN,65,E,N,A,-,N,NA,NA,NA,NA,NA,NA,NA,NA,NA,N,4,0,1,2,A,-,01,23152,E,N,C,C,A,A,H,-,A,D,0,NA,NA,NA,NA,Y,NA,A,07,0,0,1,0,0,0,0,0,0,-,-,33.87996,-117.32991,RIVERSIDE,RIVERSIDE,-117.32971655,33.88005427
81931202,2022,2022-12-01,3349,2022-08-17,1242,466,ME302,3,5,5,3341,0,0,0,NA,0,003,HAUN RD,NEWPORT RD,0,NA,Y,A,-,N,NA,NA,NA,NA,NA,NA,NA,NA,NA,Y,3,0,1,2,A,-,12,21453,A,N,D,C,A,A,H,-,A,A,0,NA,NA,NA,NA,Y,NA,-,-,0,1,0,0,0,0,0,0,0,-,-,33.685081481933594,-117.17566680908205,RIVERSIDE,MENIFEE,-117.17567443847656,33.6849479675293
81931214,2022,2022-12-01,3349,2022-10-21,1544,340,NA,5,5,5,3341,0,0,0,NA,0,001,MENIFEE RD,PATELLI WAY,78,N,N,A,-,N,NA,NA,NA,NA,NA,NA,NA,NA,NA,Y,4,0,1,2,A,-,08,22107,NA,N,B,C,A,A,H,-,A,A,0,NA,NA,NA,NA,Y,NA,A,01,0,0,1,0,0,0,0,0,0,-,-,33.755821228027344,-117.15389251708984,RIVERSIDE,MENIFEE,-117.15413665771484,33.7561149597168
8193220,2016,2017-01-24,3300,2016-11-25,0600,3505,42D1,5,5,3,3392,0,0,0,NA,0,042,JEFFERSON ST,AVENUE 49,0,NA,Y,A,-,N,NA,NA,NA,NA,NA,NA,NA,NA,NA,Y,2,0,3,3,A,-,-,NA,NA,N,C,C,A,A,H,-,C,A,0,NA,NA,NA,NA,Y,NA,-,-,1,1,1,0,0,0,0,0,0,-,-,33.69247,-116.26872,RIVERSIDE,LA QUINTA,-116.26880008,33.69250001
81933253,2022,2022-12-05,3308,2022-10-31,0736,10379,506,1,5,5,3308,0,0,0,NA,0,NORTH,PALM AVE,MENLO AVE,0,NA,Y,A,-,N,NA,NA,NA,NA,NA,NA,NA,NA,NA,N,4,0,1,2,A,-,10,21950,A,N,G,B,B,A,H,-,A,A,0,Y,NA,NA,NA,Y,NA,A,07,0,0,1,0,1,0,0,0,0,-,-,33.756351470947266,-116.9769287109375,RIVERSIDE,HEMET,-116.98046112060548,33.75838851928711
81934808,2022,2022-12-06,3300,2022-11-22,1506,4283,LA41,2,5,3,3392,0,0,0,NA,0,LA41,JEFFERSON ST,VISTA GRANDE,40,N,N,A,-,N,NA,NA,NA,NA,NA,NA,NA,NA,NA,Y,4,0,1,2,A,-,03,22350,NA,F,C,C,A,A,H,-,A,A,0,NA,NA,NA,NA,Y,NA,D,22,0,0,1,0,0,0,0,0,0,-,-,33.709449768066406,-116.26863098144533,RIVERSIDE,LA QUINTA,-116.26882934570313,33.709590911865234
8193556,2016,2017-05-03,3311,2016-11-23,2051,15855,3311,3,5,4,3311,0,0,0,NA,0,006,E PALM CANYON,GENE AUTRY TRL,0,NA,N,A,-,Y,RIV,8,111,-,T,47.78,H,-,N,Y,3,0,1,2,A,-,01,23152,A,N,C,C,A,A,H,-,C,A,0,NA,NA,NA,NA,Y,Y,A,01,0,1,0,0,0,0,0,0,0,-,-,NA,NA,RIVERSIDE,PALM SPRINGS,-116.49469894,33.79323828
8193730,2016,2017-01-04,3300,2016-11-29,1521,4996,604D2,2,5,6,3394,0,0,0,NA,0,MV46,WALNUT CT,ALESSANDRO BL,134,N,N,A,-,N,NA,NA,NA,NA,NA,NA,NA,NA,NA,N,3,0,1,2,A,-,11,21954,A,N,G,B,D,A,H,-,A,D,0,Y,NA,NA,NA,Y,NA,N,60,0,1,0,0,1,0,0,0,0,-,-,33.91718,-117.16688,RIVERSIDE,MORENO VALLEY,-117.1668727,33.91782704
81937877,2022,2022-12-09,3300,2022-11-28,1700,N6838,001B,1,5,6,3345,0,0,0,NA,0,010,CANAL ST,ALTA ST,114,S,N,A,-,N,NA,NA,NA,NA,NA,NA,NA,NA,NA,Y,4,0,1,2,A,-,03,22350,NA,N,D,C,A,A,H,-,D,D,0,NA,NA,NA,NA,Y,NA,A,01,0,0,1,0,0,0,0,0,0,-,-,34.006229400634766,-117.40534210205078,RIVERSIDE,JURUPA VALLEY,-117.40550994873048,34.00605392456055
81940398,2022,2022-12-13,3300,2022-11-22,0710,4111,910E,2,5,5,3335,0,0,0,NA,0,061,RANCHO CALIFORNIA RD,BUSINESS PARK DR,500,W,N,A,-,N,NA,NA,NA,NA,NA,NA,NA,NA,NA,Y,3,0,2,2,A,-,05,21650,NA,N,A,C,A,A,H,-,A,D,0,NA,NA,NA,NA,Y,NA,A,01,0,1,1,0,0,0,0,0,0,-,-,33.497589111328125,-117.16184997558594,RIVERSIDE,TEMECULA,-117.16329956054688,33.49739456176758
81940617,2022,2022-12-13,3349,2022-10-25,1947,551,ME204,2,5,5,3341,0,0,0,NA,0,002,NEWPORT RD,ANTELOPE RD,0,NA,Y,A,-,N,NA,NA,NA,NA,NA,NA,NA,NA,NA,Y,4,0,2,2,A,-,09,21453,C,N,D,C,A,C,H,-,C,A,0,NA,NA,NA,NA,Y,NA,D,22,0,0,2,0,0,0,0,0,0,-,-,33.68516159057617,-117.1672134399414,RIVERSIDE,MENIFEE,-117.16722869873048,33.684967041015625
81941490,2022,2022-12-14,3300,2022-12-06,0723,2812,012D,2,5,4,3344,0,0,0,NA,0,061,68TH ST,WELLS SPRINGS ST,0,NA,Y,B,-,N,NA,NA,NA,NA,NA,NA,NA,NA,NA,Y,3,0,2,2,A,-,12,22450,A,N,D,C,A,B,H,-,A,A,0,NA,NA,NA,NA,Y,NA,A,07,0,1,1,0,0,0,0,0,0,-,-,33.96403121948242,-117.55255126953124,RIVERSIDE,EASTVALE,-117.55288696289063,33.964534759521484
81943920,2022,2022-12-16,3300,2022-12-01,1553,N7028,601 D,4,5,6,3394,0,0,0,NA,0,MV14,IRONWOOD AVE,CHESAPEAKE RD,0,NA,Y,B,-,N,NA,NA,NA,NA,NA,NA,NA,NA,NA,N,3,0,7,2,A,-,09,21802,A,N,D,C,A,A,H,-,A,A,0,NA,NA,NA,NA,Y,NA,A,01,0,4,3,0,0,0,0,0,0,-,-,33.946678161621094,-117.25740814208984,RIVERSIDE,MORENO VALLEY,-117.25772094726563,33.94658660888672
81944114,2022,2022-12-16,3315,2022-12-12,0833,002504,11D,1,5,6,3315,0,0,0,NA,0,002,PROMENADE AV,TRADEWIND PL,0,NA,Y,C,-,N,NA,NA,NA,NA,NA,NA,NA,NA,NA,N,4,0,1,2,A,-,12,21453,A,N,D,C,A,B,H,-,A,A,0,NA,NA,NA,NA,Y,NA,-,99,0,0,1,0,0,0,0,0,0,-,-,NA,NA,RIVERSIDE,CORONA,-117.5201416015625,33.89227294921875
81946453,2022,2022-12-20,3300,2022-12-10,1205,N7713,38D3,6,5,4,3318,0,0,0,NA,0,T38,PORTOLA AVE,FRANK SINATRA DR,208,S,N,A,-,N,NA,NA,NA,NA,NA,NA,NA,NA,NA,N,4,0,1,1,A,-,01,23152,A,N,E,I,A,A,H,-,A,D,0,NA,NA,NA,Y,Y,Y,F,26,0,0,1,0,0,0,0,0,0,-,-,33.77248001098633,-116.37075805664063,RIVERSIDE,PALM DESERT,-116.37092590332033,33.772003173828125
81946483,2022,2022-12-20,3308,2022-12-03,2155,10870,NA,6,5,5,3308,0,0,0,NA,0,NA,ACACIA AVE,SANTA FE ST,0,NA,Y,A,-,N,NA,NA,NA,NA,NA,NA,NA,NA,NA,N,4,0,2,2,A,-,09,21800,D,F,D,G,A,A,H,-,C,A,0,NA,Y,NA,NA,Y,Y,-,99,0,0,2,0,0,0,2,0,0,-,-,NA,NA,RIVERSIDE,HEMET,-116.96295928955078,33.743934631347656
81946529,2022,2022-12-20,3300,2022-12-14,1949,4808,920H,3,5,4,3314,0,0,0,NA,0,074,ESPLANADE AVE,VILLINES AVE,0,NA,Y,A,-,N,NA,NA,NA,NA,NA,NA,NA,NA,NA,N,4,0,2,2,D,-,00,NA,NA,N,D,C,A,A,H,-,C,A,0,NA,NA,NA,NA,Y,NA,-,-,0,0,2,0,0,0,0,0,0,-,-,33.76940155029297,-116.93611145019533,RIVERSIDE,SAN JACINTO,-116.9360580444336,33.769386291503906
81946613,2022,2022-12-20,3313,2022-12-06,0810,1026,5,2,5,7,3313,0,0,0,NA,0,T52,ARLINGTON AVE,RUTLAND AVE (N),0,NA,Y,A,-,N,NA,NA,NA,NA,NA,NA,NA,NA,NA,N,4,0,1,2,A,-,12,21453,A,N,D,C,A,A,H,-,A,A,0,NA,NA,NA,NA,Y,NA,-,-,0,0,1,0,0,0,0,0,0,-,-,33.9463005065918,-117.46882629394533,RIVERSIDE,RIVERSIDE,-117.46873474121094,33.94650650024414
81951837,2022,2022-12-26,3311,2022-12-02,1749,16404,3311,5,5,4,3311,0,0,0,NA,0,001,INDIAN CANYON DRIVE N,VIA ESCUELA,0,NA,Y,A,-,N,NA,NA,NA,NA,NA,NA,NA,NA,NA,Y,3,0,2,2,A,-,09,21802,A,N,D,C,A,A,H,-,C,D,0,NA,NA,NA,NA,Y,NA,A,01,0,2,0,0,0,0,0,0,0,-,-,33.848480224609375,-116.54560089111328,RIVERSIDE,PALM SPRINGS,-116.54557800292967,33.84847640991211
81951900,2022,2022-12-26,3313,2022-12-09,1707,1489,4,5,5,7,3313,0,0,0,NA,0,T44,EVEREST AVE,MAGNOLIA AVE,22,N,N,A,-,N,NA,NA,NA,NA,NA,NA,NA,NA,NA,N,4,0,1,2,A,-,11,21950,B,N,G,B,D,A,H,-,C,D,0,Y,NA,NA,NA,Y,NA,A,01,0,0,1,0,1,0,0,0,0,-,-,33.92245101928711,-117.44294738769533,RIVERSIDE,RIVERSIDE,-117.44293975830078,33.922550201416016
81957388,2022,2023-01-02,3313,2022-12-16,0905,1641,4,5,5,7,3313,0,0,0,NA,0,T55,CENTRAL AVE,MAGNOLIA AVE,560,E,N,A,-,N,NA,NA,NA,NA,NA,NA,NA,NA,NA,Y,3,0,2,2,A,-,09,21801,A,N,D,C,A,A,H,-,A,D,0,NA,NA,NA,NA,Y,NA,A,01,0,1,1,0,0,0,0,0,0,-,-,33.95240020751953,-117.39646911621094,RIVERSIDE,RIVERSIDE,-117.39461517333984,33.953529357910156
8195905,2016,2017-01-03,3300,2016-12-16,0926,N6000,502C,5,5,5,3341,0,0,0,NA,0,052,MURRIETA RD,CHAMBERS AV,0,NA,Y,B,C,N,NA,NA,NA,NA,NA,NA,NA,NA,NA,N,3,0,1,2,A,-,08,22107,NA,N,A,G,A,B,H,-,A,A,0,NA,Y,NA,NA,Y,NA,D,22,0,1,0,0,0,0,1,0,0,-,-,33.72148,-117.20619,RIVERSIDE,MENIFEE,-117.20624009,33.72149012
81959227,2022,2023-01-04,3311,2022-12-03,1701,16057,NA,6,5,4,3311,0,0,0,NA,0,NA,DINAH SHORE DRIVE,SR 111 (GENE AUTRY TRAIL),0,NA,Y,A,-,Y,RIV,NA,111,NA,T,48.872,H,NA,R,N,4,0,2,3,A,-,09,21801,A,N,D,C,A,A,H,-,D,A,0,NA,NA,NA,NA,Y,NA,A,01,0,0,2,0,0,0,0,0,0,-,-,33.808631896972656,-116.49285125732422,RIVERSIDE,PALM SPRINGS,-116.49286651611328,33.808631896972656
81959348,2022,2023-01-04,3349,2022-09-10,2100,456,NA,6,5,5,3341,0,0,0,NA,0,003,NEWPORT RD,WINTER HAWK RD,0,NA,Y,A,-,N,NA,NA,NA,NA,NA,NA,NA,NA,NA,Y,4,0,2,2,A,-,01,23152,A,N,D,C,A,A,H,-,C,A,0,NA,NA,NA,NA,Y,Y,A,01,0,0,2,0,0,0,0,0,0,-,-,33.68505859375,-117.19303894042967,RIVERSIDE,MENIFEE,-117.19296264648438,33.68503952026367
81960413,2022,2023-01-05,3300,2022-12-30,1736,5730,20D4,5,5,3,3317,0,0,0,NA,0,S20,BOB HOPE DR,AVENIDA LAS PALMAS,0,NA,Y,A,-,N,NA,NA,NA,NA,NA,NA,NA,NA,NA,Y,3,0,4,2,A,-,17,21451,A,N,D,C,A,A,H,-,C,A,0,NA,NA,NA,NA,Y,NA,A,01,0,1,3,0,0,0,0,0,0,-,-,33.74053955078125,-116.40830993652344,RIVERSIDE,RANCHO MIRAGE,-116.40823364257813,33.740577697753906
81960447,2022,2023-01-05,3300,2022-12-18,1718,N6843,920E,7,5,4,3314,0,0,0,NA,0,072,STATE ST,RAMONA BLVD,79,N,N,A,-,N,NA,NA,NA,NA,NA,NA,NA,NA,NA,Y,3,0,1,3,A,-,03,22350,NA,N,C,C,A,A,H,-,C,A,0,NA,NA,NA,NA,Y,NA,A,01,0,1,0,0,0,0,0,0,0,-,-,33.794368743896484,-116.9714126586914,RIVERSIDE,SAN JACINTO,-116.97152709960938,33.794525146484375
81961400,2022,2023-01-06,3300,2022-12-16,1727,N6799,22D3,5,5,3,3317,0,0,0,NA,0,022,FRANK SINATRA DR,BOB HOPE DR,2306,E,N,A,-,N,NA,NA,NA,NA,NA,NA,NA,NA,NA,N,2,0,2,2,A,-,09,21803,B,N,D,C,A,A,H,-,D,D,0,NA,NA,NA,NA,Y,NA,A,01,1,0,1,0,0,0,0,0,0,-,-,33.772430419921875,-116.40785980224608,RIVERSIDE,RANCHO MIRAGE,-116.40025329589844,33.7724494934082
81962400,2022,2023-01-09,3313,2022-12-23,1729,1499,5,5,5,7,3313,0,0,0,NA,0,M34,PIERCE ST,LA SIERRA AVE,230,W,N,A,-,N,NA,NA,NA,NA,NA,NA,NA,NA,NA,Y,4,0,1,2,A,-,09,21804,A,N,D,C,A,A,H,-,C,A,0,NA,NA,NA,NA,Y,NA,A,07,0,0,1,0,0,0,0,0,0,-,-,33.91910171508789,-117.48866271972656,RIVERSIDE,RIVERSIDE,-117.48942565917967,33.918880462646484
81964056,2022,2023-01-10,3300,2022-12-18,1235,4630,LA41,7,5,3,3392,0,0,0,NA,0,LA41,HWY 111,WASHINGTON ST,0,NA,Y,A,-,N,NA,NA,NA,NA,NA,NA,NA,NA,NA,Y,4,0,3,2,A,-,09,21453,B,N,D,C,A,A,H,-,A,A,0,NA,NA,NA,NA,Y,NA,D,22,0,0,3,0,0,0,0,0,0,-,-,33.71514892578125,-116.29502868652344,RIVERSIDE,LA QUINTA,-116.29499053955078,33.71527862548828
81967334,2022,2023-01-13,3306,2022-12-05,1151,794,NA,1,5,3,3306,0,0,0,NA,0,NA,DILLON RD,PALM DR,1694,W,N,A,-,N,NA,NA,NA,NA,NA,NA,NA,NA,NA,N,4,0,1,2,A,-,09,21801,A,N,A,C,A,A,H,-,A,D,0,NA,NA,NA,NA,Y,NA,A,01,0,0,1,0,0,0,0,0,0,-,-,33.92496871948242,-116.50173950195313,RIVERSIDE,DESERT HOT SPRINGS,-116.50729370117188,33.92496871948242
81968858,2022,2023-01-16,3313,2022-11-21,1017,1504,3,1,5,7,3313,0,0,0,NA,0,M15,VAN BUREN BLVD,RUDICILL ST,113,N,N,A,-,N,NA,NA,NA,NA,NA,NA,NA,NA,NA,N,3,0,2,2,A,-,09,21801,A,N,D,C,A,A,H,-,A,D,0,NA,NA,NA,NA,Y,NA,A,01,0,1,1,0,0,0,0,0,0,-,-,33.91252136230469,-117.44042205810548,RIVERSIDE,RIVERSIDE,-117.44049835205078,33.9127082824707
81970320,2023,2023-01-18,3300,2023-01-02,1600,5430,36P6,1,5,4,3318,0,0,0,NA,0,T36,PORTOLA AVE,DE ANZA WAY,0,NA,Y,A,-,N,NA,NA,NA,NA,NA,NA,NA,NA,NA,Y,4,0,1,2,A,-,12,21453,A,N,D,C,A,A,H,-,A,A,0,NA,NA,NA,NA,Y,NA,A,01,0,0,1,0,0,0,0,0,0,-,-,33.724090576171875,-116.3737564086914,RIVERSIDE,PALM DESERT,-116.37374114990234,33.72407150268555
81971366,2021,2023-01-19,3311,2021-04-27,0203,16189,NA,2,5,4,3311,0,0,0,NA,0,005,PALM CANYON DRIVE S,MORONGO ROAD,150,N,N,A,-,N,NA,NA,NA,NA,NA,NA,NA,NA,NA,Y,4,0,1,1,A,-,01,23152,A,N,E,I,A,A,H,-,C,A,0,NA,NA,NA,NA,Y,Y,A,07,0,0,1,0,0,0,0,0,0,-,-,33.805999755859375,-116.5456314086914,RIVERSIDE,PALM SPRINGS,-116.54562377929688,33.80624008178711
81972448,2023,2023-01-20,3300,2023-01-16,1315,N4544,604 B,1,5,6,3394,0,0,0,NA,0,MV42,MORENO BEACH DR,AUTO MALL DR,0,NA,Y,A,-,N,NA,NA,NA,NA,NA,NA,NA,NA,NA,N,4,0,3,2,A,-,21,22106,NA,N,C,C,A,A,H,-,A,A,0,NA,NA,NA,NA,Y,NA,A,01,0,0,3,0,0,0,0,0,0,-,-,33.9332389831543,-117.17606353759766,RIVERSIDE,MORENO VALLEY,-117.17594909667967,33.93318557739258
81973499,2022,2023-01-23,3311,2022-12-18,1737,16343,NA,7,5,4,3311,0,0,0,NA,0,006,RAMON ROAD,FARRELL DRIVE,0,NA,Y,A,-,N,NA,NA,NA,NA,NA,NA,NA,NA,NA,Y,4,0,3,2,A,-,09,21801,A,N,A,C,A,A,H,-,C,A,0,NA,NA,NA,NA,Y,NA,A,07,0,0,3,0,0,0,0,0,0,-,-,33.81597137451172,-116.5180206298828,RIVERSIDE,PALM SPRINGS,-116.51802825927734,33.81594467163086
81973966,2023,2023-01-23,3300,2023-01-17,2222,4867,604 A,2,5,6,3394,0,0,0,NA,0,MV42,NASON ST,EAST HOSPITAL RD,0,NA,Y,A,-,N,NA,NA,NA,NA,NA,NA,NA,NA,NA,N,4,0,1,2,A,-,12,21453,A,N,B,C,A,A,H,-,C,A,0,NA,NA,NA,NA,Y,NA,A,01,0,0,1,0,0,0,0,0,0,-,-,33.911930084228516,-117.19158172607422,RIVERSIDE,MORENO VALLEY,-117.1916275024414,33.91189956665039
81975115,2022,2023-01-24,3300,2022-09-21,0026,5864,905L,3,5,4,3307,0,0,0,NA,0,093,GRAND AVE,HIGHWAY 74,430,N,N,A,-,N,NA,NA,NA,NA,NA,NA,NA,NA,NA,Y,3,0,1,1,A,-,01,23152,A,N,E,I,A,A,H,-,C,D,0,NA,NA,NA,NA,Y,Y,A,01,0,1,0,0,0,0,0,0,0,-,-,NA,NA,RIVERSIDE,LAKE ELSINORE,-117.38419342041016,33.664100646972656