CASE_ID,ACCIDENT_YEAR,PROC_DATE,JURIS,COLLISION_DATE,COLLISION_TIME,OFFICER_ID,REPORTING_DISTRICT,DAY_OF_WEEK,CHP_SHIFT,POPULATION,CNTY_CITY_LOC,SPECIAL_COND,BEAT_TYPE,CHP_BEAT_TYPE,CITY_DIVISION_LAPD,CHP_BEAT_CLASS,BEAT_NUMBER,PRIMARY_RD,SECONDARY_RD,DISTANCE,DIRECTION,INTERSECTION,WEATHER_1,WEATHER_2,STATE_HWY_IND,CALTRANS_COUNTY,CALTRANS_DISTRICT,STATE_ROUTE,ROUTE_SUFFIX,POSTMILE_PREFIX,POSTMILE,LOCATION_TYPE,RAMP_INTERSECTION,SIDE_OF_HWY,TOW_AWAY,COLLISION_SEVERITY,NUMBER_KILLED,NUMBER_INJURED,PARTY_COUNT,PRIMARY_COLL_FACTOR,PCF_CODE_OF_VIOL,PCF_VIOL_CATEGORY,PCF_VIOLATION,PCF_VIOL_SUBSECTION,HIT_AND_RUN,TYPE_OF_COLLISION,MVIW,PED_ACTION,ROAD_SURFACE,ROAD_COND_1,ROAD_COND_2,LIGHTING,CONTROL_DEVICE,CHP_ROAD_TYPE,PEDESTRIAN_ACCIDENT,BICYCLE_ACCIDENT,MOTORCYCLE_ACCIDENT,TRUCK_ACCIDENT,NOT_PRIVATE_PROPERTY,ALCOHOL_INVOLVED,STWD_VEHTYPE_AT_FAULT,CHP_VEHTYPE_AT_FAULT,COUNT_SEVERE_INJ,COUNT_VISIBLE_INJ,COUNT_COMPLAINT_PAIN,COUNT_PED_KILLED,COUNT_PED_INJURED,COUNT_BICYCLIST_KILLED,COUNT_BICYCLIST_INJURED,COUNT_MC_KILLED,COUNT_MC_INJURED,PRIMARY_RAMP,SECONDARY_RAMP,LATITUDE,LONGITUDE,COUNTY,CITY,POINT_X,POINT_Y
84413948,2024,2024-10-01,3300,2024-09-12,655,6289,NA,4,5,3,3305,0,0,0,NA,0,Y81,VAN BUREN ST,AVE 55,0,NA,Y,A,-,N,NA,NA,NA,NA,NA,NA,NA,NA,NA,N,3,0,1,2,A,-,09,21802,A,N,D,C,A,A,H,-,A,D,0,NA,NA,NA,NA,Y,NA,A,07,0,1,0,0,0,0,0,0,0,-,-,33.649288177490234,-116.19893646240234,RIVERSIDE,COACHELLA,-116.19898223876952,33.6492805480957
84415805,2024,2024-10-02,3313,2024-08-16,1504,1799,NA,5,5,7,3313,0,0,0,NA,0,3R40,JACKSON ST,IRVING ST,330,W,N,A,-,N,NA,NA,NA,NA,NA,NA,NA,NA,NA,Y,3,0,1,1,A,-,08,22107,NA,N,E,I,A,A,H,-,A,D,0,NA,NA,NA,NA,Y,NA,D,22,0,1,0,0,0,0,0,0,0,-,-,33.89194869995117,-117.40727996826172,RIVERSIDE,RIVERSIDE,-117.41201782226563,33.896453857421875
84418962,2024,2024-10-04,3342,2024-09-30,1957,P1147,NA,1,5,4,3342,0,0,0,NA,0,004,MURRIETA HOT SPRINGS RD,215 NB ON RAMP,96,W,N,A,-,N,NA,NA,NA,NA,NA,NA,NA,NA,NA,N,4,0,1,2,A,-,08,22107,NA,F,D,C,A,A,H,-,C,A,0,NA,NA,NA,NA,Y,Y,A,01,0,0,1,0,0,0,0,0,0,-,-,NA,NA,RIVERSIDE,MURRIETA,-117.18104553222656,33.556209564208984
84419013,2024,2024-10-04,3313,2024-09-21,1700,2141,NA,6,5,7,3313,0,0,0,NA,0,3R36,ALESSANDRO BLVD,CANYON CREST DR,0,NA,Y,A,-,N,NA,NA,NA,NA,NA,NA,NA,NA,NA,N,3,0,2,2,A,-,03,22350,NA,N,C,C,A,A,H,-,A,A,0,NA,NA,NA,NA,Y,NA,A,01,0,1,1,0,0,0,0,0,0,-,-,NA,NA,RIVERSIDE,RIVERSIDE,-117.33956909179688,33.925662994384766
84419028,2024,2024-10-04,3313,2024-09-23,1504,1384,NA,1,5,7,3313,0,0,0,NA,0,M17,JEFFERSON ST,DUFFERIN AVE (E),105,N,N,A,-,N,NA,NA,NA,NA,NA,NA,NA,NA,NA,Y,3,0,1,1,A,-,08,22107,NA,N,E,I,A,A,H,-,A,A,0,NA,NA,NA,NA,Y,NA,A,01,0,1,0,0,0,0,0,0,0,-,-,33.91249084472656,-117.39817810058594,RIVERSIDE,RIVERSIDE,-117.39981842041016,33.91483688354492
8441958,2017,2017-09-05,3300,2017-07-26,1553,N3864,602DE,3,5,6,3394,0,0,0,NA,0,026,ALESSANDRO BL,ALESSANDRO PLZ,0,NA,Y,A,-,N,NA,NA,NA,NA,NA,NA,NA,NA,NA,Y,4,0,2,2,A,-,03,22350,NA,N,C,C,A,A,H,-,A,A,0,NA,NA,NA,NA,Y,NA,A,01,0,0,2,0,0,0,0,0,0,-,-,33.91728,-117.24807,RIVERSIDE,MORENO VALLEY,-117.24804006,33.91733008
8442001,2017,2017-09-09,3300,2017-06-17,1330,4088,504A,6,5,5,3341,0,0,0,NA,0,054,SUN CITY BL,BERKEY CT,105,S,N,A,-,N,NA,NA,NA,NA,NA,NA,NA,NA,NA,Y,3,0,1,2,A,-,05,21650,NA,N,B,C,A,A,H,-,A,D,0,NA,NA,NA,NA,Y,NA,A,01,0,1,0,0,0,0,0,0,0,-,-,33.70706,-117.19301,RIVERSIDE,MENIFEE,-117.1928782,33.70678334
84420661,2024,2024-10-07,3313,2024-09-15,206,2041,NA,7,5,7,3313,0,0,0,NA,0,FT2,UNIVERSITY AVE,ORANGE ST,2,E,N,A,-,N,NA,NA,NA,NA,NA,NA,NA,NA,NA,N,3,0,2,3,A,-,01,23153,A,N,G,B,B,A,H,-,C,A,0,Y,NA,NA,NA,Y,Y,A,01,0,2,0,0,2,0,0,0,0,-,-,33.98133850097656,-117.37342834472656,RIVERSIDE,RIVERSIDE,-117.37327575683594,33.98133850097656
8442085,2017,2017-08-30,3300,2017-08-08,1658,N3864,602C1,2,5,6,3394,0,0,0,NA,0,024,COTTONWOOD AV,CHESHIRE DR,0,NA,Y,A,-,N,NA,NA,NA,NA,NA,NA,NA,NA,NA,Y,4,0,1,2,A,-,09,21804,A,N,D,C,A,A,H,-,A,D,0,NA,NA,NA,NA,Y,NA,A,01,0,0,1,0,0,0,0,0,0,-,-,33.9245,-117.24243,RIVERSIDE,MORENO VALLEY,-117.24249003,33.92454008
8442091,2017,2017-08-29,3300,2017-08-02,1156,N4815,500B,3,5,5,3341,0,0,0,NA,0,050,GOETZ RD,CASA BONITA AV,266,N,N,A,-,N,NA,NA,NA,NA,NA,NA,NA,NA,NA,Y,4,0,2,2,A,-,08,22107,NA,N,B,C,A,A,H,-,A,D,0,NA,NA,NA,NA,Y,NA,A,01,0,0,2,0,0,0,0,0,0,-,-,33.69061,-117.24214,RIVERSIDE,MENIFEE,-117.24243567,33.69082459
84422231,2024,2024-10-08,3308,2024-09-24,1611,10379,NA,2,5,5,3308,0,0,0,NA,0,NORTH,WARREN RD,ESPLANADE AVE,870,N,N,A,-,N,NA,NA,NA,NA,NA,NA,NA,NA,NA,Y,4,0,3,2,A,-,03,22350,NA,N,C,C,A,A,H,-,A,A,0,NA,NA,NA,NA,Y,NA,A,08,0,0,3,0,0,0,0,0,0,-,-,33.7712516784668,-117.02971649169922,RIVERSIDE,HEMET,-117.03343200683594,33.775272369384766
84422400,2024,2024-10-08,3313,2024-09-03,1425,2141,NA,2,5,7,3313,0,0,0,NA,0,3R14,JURUPA AVE,PALM AVE,0,NA,Y,A,-,N,NA,NA,NA,NA,NA,NA,NA,NA,NA,N,3,0,1,2,A,-,08,22107,NA,N,D,G,A,A,H,-,A,A,0,NA,Y,NA,NA,Y,NA,L,04,0,1,0,0,0,0,1,0,0,-,-,33.96110916137695,-117.40119934082033,RIVERSIDE,RIVERSIDE,-117.4010772705078,33.96103286743164
8442324,2017,2017-08-30,3300,2017-07-28,1759,3775,602C1,5,5,6,3394,0,0,0,NA,0,MV24,FREDRICK ST,SUNNYMEAD BL,18,S,N,A,-,N,NA,NA,NA,NA,NA,NA,NA,NA,NA,N,4,0,1,2,A,-,09,21804,A,F,-,G,A,A,H,-,A,A,0,NA,Y,NA,NA,Y,NA,A,01,0,0,1,0,0,0,1,0,0,-,-,33.93973,-117.26141,RIVERSIDE,MORENO VALLEY,-117.26146973,33.93965136
84423955,2024,2024-10-09,3300,2024-09-19,1430,3618,NA,4,5,4,3314,0,0,0,NA,0,070,COTTONWOOD AVE,AMBASSADOR ST,0,NA,Y,A,-,N,NA,NA,NA,NA,NA,NA,NA,NA,NA,N,3,0,1,2,A,-,12,22450,A,N,D,G,A,A,H,-,A,A,0,NA,Y,NA,NA,Y,NA,D,22,0,1,0,0,0,0,1,0,0,-,-,33.787269592285156,-117.0183334350586,RIVERSIDE,SAN JACINTO,-117.01828002929688,33.787288665771484
8442431,2017,2017-08-30,3313,2017-08-15,1859,1875,5,2,5,7,3313,0,0,0,NA,0,T70,LA SIERRA AV,VISTA TC,63,S,N,A,-,N,NA,NA,NA,NA,NA,NA,NA,NA,NA,Y,4,0,1,2,A,-,08,22100,A,N,B,C,A,A,H,-,B,A,0,NA,NA,NA,NA,Y,NA,A,01,0,0,1,0,0,0,0,0,0,-,-,33.89545,-117.46982,RIVERSIDE,RIVERSIDE,NA,NA
84425678,2024,2024-10-10,3342,2024-10-07,804,P1098,NA,1,5,4,3342,0,0,0,NA,0,001,KALMIA ST,VILLAGE WALK PL,65,W,N,A,-,N,NA,NA,NA,NA,NA,NA,NA,NA,NA,N,3,0,1,2,A,-,06,21750,NA,N,B,G,A,A,H,-,A,D,0,NA,Y,NA,NA,Y,NA,A,01,0,1,0,0,0,0,1,0,0,-,-,33.56267166137695,-117.20906066894533,RIVERSIDE,MURRIETA,-117.20909881591795,33.562557220458984
84427042,2024,2024-10-11,3300,2024-09-26,1500,5009,NA,4,5,6,3345,0,0,0,NA,0,022,ETIWANDA AV,IBERIA ST,0,NA,Y,A,-,N,NA,NA,NA,NA,NA,NA,NA,NA,NA,Y,3,0,1,3,A,-,01,23152,B,N,C,C,A,A,H,-,A,A,0,NA,NA,NA,NA,Y,Y,A,01,0,1,0,0,0,0,0,0,0,-,-,34.02315902709961,-117.52401733398438,RIVERSIDE,JURUPA VALLEY,-117.5244598388672,34.02288818359375
84427086,2024,2024-10-11,3300,2024-09-06,2351,6256,NA,5,5,3,3317,0,0,0,NA,0,S20,HWY 111,FRANK SINATRA DR,0,NA,Y,A,-,Y,NA,NA,NA,NA,NA,NA,NA,NA,NA,Y,3,0,1,2,A,-,01,23152,A,F,D,C,A,A,H,-,C,A,0,NA,NA,NA,NA,Y,Y,A,01,0,1,0,0,0,0,0,0,0,-,-,33.77248001098633,-116.44750213623048,RIVERSIDE,RANCHO MIRAGE,-116.44718933105467,33.77238464355469
8442881,2017,2017-09-01,3300,2017-06-25,1558,4789,002C,7,5,6,3345,0,0,0,NA,0,020,BEN NEVIS BL,KENNETH ST,113,E,N,A,-,N,NA,NA,NA,NA,NA,NA,NA,NA,NA,Y,3,0,1,1,A,-,08,22107,NA,N,E,I,A,A,H,-,A,D,0,NA,NA,NA,NA,Y,NA,A,01,0,1,0,0,0,0,0,0,0,-,-,34.01896,-117.48491,RIVERSIDE,JURUPA VALLEY,-117.48482976,34.0190618
8443055,2017,2017-09-05,3313,2017-07-15,2345,1769,1,6,5,7,3313,0,0,0,NA,0,1R19,MAGNOLIA AV,ELIZABETH ST,396,S,N,A,-,N,NA,NA,NA,NA,NA,NA,NA,NA,NA,N,2,0,1,2,A,-,05,21202,A,N,H,G,A,A,A,H,A,A,0,NA,Y,NA,NA,Y,NA,L,04,1,0,0,0,0,0,1,0,0,-,-,33.95947,-117.39283,RIVERSIDE,RIVERSIDE,-117.39328563,33.95853968
84430623,2024,2024-10-15,3300,2024-10-11,1417,4339,NA,5,5,6,3345,0,0,0,NA,0,014,42ND ST,RENEE AV,0,NA,Y,A,-,N,NA,NA,NA,NA,NA,NA,NA,NA,NA,N,3,0,1,2,A,-,12,22450,A,N,D,G,A,A,H,-,A,A,0,NA,Y,NA,NA,Y,NA,L,04,0,1,0,0,0,0,1,0,0,-,-,33.997859954833984,-117.41889190673828,RIVERSIDE,JURUPA VALLEY,-117.41868591308594,33.997806549072266
84430638,2024,2024-10-15,3300,2024-05-02,545,5397,NA,4,5,4,3307,0,0,0,NA,0,094,LAKE ST,MOUNTAIN ST,514,N,N,A,-,N,NA,NA,NA,NA,NA,NA,NA,NA,NA,Y,1,1,0,1,A,-,01,23152,A,N,E,I,A,A,H,-,B,D,0,NA,NA,NA,NA,Y,Y,A,07,0,0,0,0,0,0,0,0,0,-,-,33.69850158691406,-117.39010620117188,RIVERSIDE,LAKE ELSINORE,-117.39006805419922,33.69989776611328
84430704,2024,2024-10-15,3300,2024-09-04,847,N7320,NA,3,5,4,3307,0,0,0,NA,0,NA,NICHOLS RD,TERRA COTTA RD,100,S,Y,A,-,N,NA,NA,NA,NA,NA,NA,NA,NA,NA,Y,4,0,1,1,A,-,00,23103,NA,N,F,A,A,A,H,-,A,D,0,NA,NA,NA,NA,Y,NA,A,01,0,0,1,0,0,0,0,0,0,-,-,33.708641052246094,-117.36257934570313,RIVERSIDE,LAKE ELSINORE,-117.37403106689452,33.70543670654297
84430705,2024,2024-10-15,3300,2024-09-04,1022,6186,NA,3,5,4,3307,0,0,0,NA,0,092,FRANKLIN ST,MIRAMAR ST,0,NA,Y,A,-,N,NA,NA,NA,NA,NA,NA,NA,NA,NA,Y,3,0,1,1,A,-,03,22350,NA,N,E,I,A,A,H,-,A,D,0,NA,NA,NA,NA,Y,NA,A,01,0,1,0,0,0,0,0,0,0,-,-,33.67007064819336,-117.31871795654295,RIVERSIDE,LAKE ELSINORE,NA,NA
84430711,2024,2024-10-15,3300,2024-09-17,659,5397,NA,2,5,4,3307,0,0,0,NA,0,095,SH 74,CAMBERN AVE,502,E,N,A,-,Y,NA,NA,NA,NA,NA,NA,NA,NA,NA,Y,4,0,7,2,A,-,03,22350,NA,N,C,C,A,A,H,-,A,D,0,NA,NA,NA,NA,Y,NA,A,01,0,0,7,0,0,0,0,0,0,-,-,33.69697189331055,-117.33318328857422,RIVERSIDE,LAKE ELSINORE,NA,NA
84430727,2024,2024-10-15,3300,2024-07-03,1144,5397,NA,3,5,3,3343,0,0,0,NA,0,084,BUNDY CANYON RD,TULIP LN,697,W,N,A,-,N,NA,NA,NA,NA,NA,NA,NA,NA,NA,N,3,0,2,1,A,-,01,23152,F,N,E,I,A,A,H,-,A,D,0,NA,NA,NA,Y,Y,NA,F,26,0,1,1,0,0,0,0,0,0,-,-,33.62736129760742,-117.25450897216795,RIVERSIDE,WILDOMAR,-117.25675201416016,33.62706756591797
84430912,2024,2024-10-15,3313,2024-10-01,1517,2222,NA,2,5,7,3313,0,0,0,NA,0,T76,PALMYRITA AVE,MICHIGAN AVE,380,E,N,A,-,N,NA,NA,NA,NA,NA,NA,NA,NA,NA,Y,3,0,1,2,A,-,03,22350,NA,N,C,C,A,A,H,-,A,A,0,NA,NA,NA,NA,Y,NA,A,01,0,1,0,0,0,0,0,0,0,-,-,34.00299835205078,-117.32166290283205,RIVERSIDE,RIVERSIDE,-117.3211669921875,34.00471878051758
8443412,2017,2017-09-28,3300,2017-08-19,1619,3372,602E2,6,5,6,3394,0,0,0,NA,0,028,RAENETTE WY,VELVETLEAF ST,56,S,N,A,-,N,NA,NA,NA,NA,NA,NA,NA,NA,NA,Y,4,0,1,2,A,-,08,22107,NA,N,C,E,A,A,H,-,A,D,0,NA,NA,NA,NA,Y,NA,A,01,0,0,1,0,0,0,0,0,0,-,-,33.93236,-117.21492,RIVERSIDE,MORENO VALLEY,-117.21497274,33.93220662
8443416,2017,2017-09-29,3300,2017-08-26,1825,N2988,603B1,6,5,6,3394,0,0,0,NA,0,MV34,INDIAN ST,GENTIAN AV,0,NA,Y,A,-,N,NA,NA,NA,NA,NA,NA,NA,NA,NA,Y,4,0,1,2,A,-,09,21802,A,N,D,C,A,A,H,-,A,D,0,NA,NA,NA,NA,Y,NA,A,01,0,0,1,0,0,0,0,0,0,-,-,33.89556,-117.23488,RIVERSIDE,MORENO VALLEY,-117.23498009,33.89552005
84437425,2024,2024-10-21,3342,2024-10-12,1106,P1288,NA,6,5,4,3342,0,0,0,NA,0,005,LOS ALAMOS RD,MURRIETA GATEWAY,0,NA,Y,A,-,N,NA,NA,NA,NA,NA,NA,NA,NA,NA,Y,4,0,3,2,A,-,00,21056,NA,N,D,C,A,A,H,-,A,A,0,NA,NA,NA,NA,Y,NA,J,48,0,0,3,0,0,0,0,0,0,-,-,33.57453155517578,-117.17799377441406,RIVERSIDE,MURRIETA,-117.20630645751952,33.67989730834961
84437496,2024,2024-10-21,3313,2024-09-09,1836,2227,NA,1,5,7,3313,0,0,0,NA,0,3R56,INDIANA AVE,RACINE DR,9,E,N,A,-,N,NA,NA,NA,NA,NA,NA,NA,NA,NA,Y,3,0,1,2,A,-,03,22350,NA,N,C,C,A,A,H,-,B,A,0,NA,NA,NA,NA,Y,NA,A,01,0,1,0,0,0,0,0,0,0,-,-,33.90319061279297,-117.45993041992188,RIVERSIDE,RIVERSIDE,-117.4599609375,33.902931213378906
84437525,2024,2024-10-21,3313,2024-10-07,1854,2208,NA,1,5,7,3313,0,0,0,NA,0,T77,MARKET ST,UNIVERSITY AVE,35,S,N,A,-,N,NA,NA,NA,NA,NA,NA,NA,NA,NA,N,3,0,2,2,A,-,03,22350,NA,M,C,C,A,A,H,-,C,A,0,NA,NA,NA,NA,Y,NA,D,22,0,2,0,0,0,0,0,0,0,-,-,33.98249053955078,-117.37583923339844,RIVERSIDE,RIVERSIDE,-117.37578582763672,33.98240661621094
84437934,2024,2024-10-21,3308,2024-10-01,739,10746,NA,2,5,5,3308,0,0,0,NA,0,SOUTH,SANTA FE ST,ACACIA AVE,0,NA,Y,A,-,N,NA,NA,NA,NA,NA,NA,NA,NA,NA,Y,4,0,1,2,A,-,09,21800,C,N,D,C,A,A,H,-,A,A,0,NA,NA,NA,NA,Y,NA,A,01,0,0,1,0,0,0,0,0,0,-,-,NA,NA,RIVERSIDE,HEMET,-116.96295928955078,33.743934631347656
84438058,2024,2024-10-21,3315,2024-10-18,2139,005272,NA,5,5,6,3315,0,0,0,NA,0,001,RINCON ST,SMITH AV,100,W,N,A,-,N,NA,NA,NA,NA,NA,NA,NA,NA,NA,N,3,0,1,2,D,-,00,NA,NA,F,B,G,A,A,H,-,C,D,0,NA,Y,NA,NA,Y,NA,-,-,0,1,0,0,0,0,1,0,0,-,-,33.896541595458984,-117.58973693847656,RIVERSIDE,CORONA,-117.58995819091795,33.896690368652344
84439558,2024,2024-10-22,3300,2024-10-05,1829,5779,NA,6,5,6,3394,0,0,0,NA,0,MV26,INDIAN ST,ALESSANDRO BLVD,480,N,N,A,-,N,NA,NA,NA,NA,NA,NA,NA,NA,NA,Y,3,0,2,2,A,-,09,21801,A,N,D,C,A,A,H,-,B,D,0,NA,NA,NA,NA,Y,NA,A,07,0,2,0,0,0,0,0,0,0,-,-,33.917198181152344,-117.23503875732422,RIVERSIDE,MORENO VALLEY,-117.23499298095705,33.91850662231445
8443989,2017,2017-09-11,3300,2017-08-04,1810,N3864,601G1,5,5,6,3394,0,0,0,NA,0,018,LOCUST AV,WEBER AV,0,NA,Y,A,-,N,NA,NA,NA,NA,NA,NA,NA,NA,NA,Y,3,0,1,2,A,-,09,21802,A,N,D,C,A,A,H,-,A,D,0,NA,NA,NA,NA,Y,NA,A,01,0,1,0,0,0,0,0,0,0,-,-,33.95721,-117.17029,RIVERSIDE,MORENO VALLEY,-117.17043012,33.9573101
84441257,2024,2024-10-23,3300,2024-09-27,1859,6161,NA,5,5,5,3335,0,0,0,NA,0,064,BUTTERFIELD STAGE RD,PAUBA RD,272,S,N,A,-,N,NA,NA,NA,NA,NA,NA,NA,NA,NA,N,4,0,2,2,A,-,03,22350,NA,N,C,C,A,A,H,-,C,A,0,NA,NA,NA,NA,Y,NA,A,01,0,0,2,0,0,0,0,0,0,-,-,33.50812911987305,-117.0900421142578,RIVERSIDE,TEMECULA,-117.0898208618164,33.507476806640625
84441265,2024,2024-10-23,3300,2024-09-27,736,5987,NA,5,5,4,3310,0,0,0,NA,0,NA,HAMNER AV,NORCO DR,0,NA,Y,A,-,N,NA,NA,NA,NA,NA,NA,NA,NA,NA,N,4,0,1,3,A,-,12,21453,A,N,D,C,A,A,H,-,A,A,0,NA,NA,NA,NA,Y,NA,A,07,0,0,1,0,0,0,0,0,0,-,-,33.937339782714844,-117.55747222900392,RIVERSIDE,NORCO,-117.55774688720705,33.93735122680664
84441311,2024,2024-10-23,3300,2024-08-19,733,6107,NA,1,5,6,3394,0,0,0,NA,0,MV38,KRAMERIA AVE,VISTA CONEJO DR,0,NA,Y,A,-,N,NA,NA,NA,NA,NA,NA,NA,NA,NA,N,3,0,1,2,A,-,10,21950,A,N,G,B,B,A,H,-,A,D,0,Y,NA,NA,NA,Y,NA,A,01,0,1,0,0,1,0,0,0,0,-,-,33.882530212402344,-117.21111297607422,RIVERSIDE,MORENO VALLEY,-117.21070098876952,33.88277816772461
84441549,2024,2024-10-23,3342,2024-10-21,1950,P1461,NA,1,5,4,3342,0,0,0,NA,0,001,NUTMEG ST,ADAMS AVE,165,W,N,A,-,N,NA,NA,NA,NA,NA,NA,NA,NA,NA,Y,3,0,2,1,A,-,03,22350,NA,N,E,I,A,A,H,-,C,D,0,NA,NA,NA,NA,Y,NA,A,01,0,1,1,0,0,0,0,0,0,-,-,33.57379913330078,-117.22950744628906,RIVERSIDE,MURRIETA,-117.23136901855467,33.57508850097656
84441563,2024,2024-10-23,3349,2024-10-12,958,575,NA,6,5,5,3341,0,0,0,NA,0,001,HWY 74,NB I 215 ON,12,E,N,A,-,Y,RIV,NA,74,NA,NA,27.767,H,NA,R,Y,3,0,1,2,A,-,03,22350,NA,N,C,C,A,A,H,-,A,A,0,NA,NA,NA,NA,Y,NA,A,01,0,1,0,0,0,0,0,0,0,-,-,33.752349853515625,-117.1856689453125,RIVERSIDE,MENIFEE,-117.1858367919922,33.75215530395508
8444275,2017,2017-09-13,3300,2017-08-17,1150,5132,40C7,4,5,3,3392,0,0,0,NA,0,040,WESTWARD HO DR,JEFFERSON ST,154,E,N,A,-,N,NA,NA,NA,NA,NA,NA,NA,NA,NA,Y,2,0,2,2,A,-,09,21804,A,F,D,C,A,A,A,-,A,D,0,NA,NA,NA,NA,Y,NA,M,96,1,0,1,0,0,0,0,0,0,-,-,NA,NA,RIVERSIDE,LA QUINTA,-116.26833648,33.71467777
84443165,2024,2024-10-24,3300,2024-10-11,1350,5212,NA,5,5,4,3344,0,0,0,NA,0,064,SCHLEISMAN RD,ENCLAVE DR,553,E,N,A,-,N,NA,NA,NA,NA,NA,NA,NA,NA,NA,Y,4,0,2,2,A,-,09,21801,A,N,D,C,A,A,H,-,A,D,0,NA,NA,NA,NA,Y,NA,A,01,0,0,2,0,0,0,0,0,0,-,-,33.96086883544922,-117.59741973876952,RIVERSIDE,EASTVALE,-117.59556579589844,33.960723876953125
8444320,2017,2018-05-21,3313,2017-09-02,2106,1797,E,6,5,7,3313,0,0,0,NA,0,4R20,14TH ST,RT 91,0,NA,Y,A,-,Y,RIV,8,91,-,-,19.849,R,4,E,Y,4,0,1,2,A,-,01,23152,A,F,D,C,A,A,H,-,C,A,0,NA,NA,NA,Y,Y,Y,F,26,0,0,1,0,0,0,0,0,0,-,EF,33.97362,-117.37259,RIVERSIDE,RIVERSIDE,-117.37444756,33.97180889
8444368,2017,2017-09-15,3309,2017-09-02,1607,101,DESER,6,5,4,3309,0,0,0,NA,0,003,AVE 48,ARABIA ST,32,E,N,A,-,N,NA,NA,NA,NA,NA,NA,NA,NA,NA,Y,4,0,1,2,A,-,03,22350,NA,N,C,C,A,A,H,-,A,D,0,NA,NA,NA,NA,Y,NA,A,01,0,0,1,0,0,0,0,0,0,-,-,NA,NA,RIVERSIDE,INDIO,-116.22503527,33.7002009
84444865,2024,2024-10-25,3300,2024-09-09,437,6297,NA,1,5,6,3394,0,0,0,NA,0,MV14,HEMLOCK AVE,PIGEON PASS RD,65,E,N,A,-,N,NA,NA,NA,NA,NA,NA,NA,NA,NA,N,4,0,1,2,A,-,21,22106,NA,N,C,C,A,A,H,-,C,A,0,NA,NA,NA,NA,Y,NA,A,01,0,0,1,0,0,0,0,0,0,-,-,33.942420959472656,-117.26143646240234,RIVERSIDE,MORENO VALLEY,-117.2612533569336,33.942420959472656
84444881,2024,2024-10-25,3300,2024-10-23,1830,6508,NA,3,5,6,3394,0,0,0,NA,0,MV16,IRONWOOD AVE,PERRIS BLVD,290,W,N,A,-,N,NA,NA,NA,NA,NA,NA,NA,NA,NA,N,3,0,1,2,A,-,03,22350,NA,N,C,C,A,A,H,-,C,D,0,NA,NA,NA,NA,Y,NA,A,01,0,1,0,0,0,0,0,0,0,-,-,33.946659088134766,-117.22650909423828,RIVERSIDE,MORENO VALLEY,-117.22738647460938,33.94667053222656
84446325,2024,2024-10-28,3313,2024-10-11,1236,1686,NA,5,5,7,3313,0,0,0,NA,0,T58,NORWOOD AVE,CAMPBELL AVE,751,S,N,A,-,N,NA,NA,NA,NA,NA,NA,NA,NA,NA,Y,3,0,3,2,A,-,05,21650,NA,N,B,C,A,A,H,-,A,D,0,NA,NA,NA,NA,Y,NA,A,01,0,1,2,0,0,0,0,0,0,-,-,33.935630798339844,-117.48709106445313,RIVERSIDE,RIVERSIDE,-117.48691558837892,33.933597564697266
84446326,2024,2024-10-28,3313,2024-10-14,1457,2222,NA,1,5,7,3313,0,0,0,NA,0,T77,LA SIERRA AVE,CA-91 EASTBOUND ONRAMP,200,N,N,A,-,Y,NA,NA,NA,NA,NA,NA,NA,NA,NA,Y,4,0,1,2,A,-,08,22107,NA,N,D,C,A,A,H,-,A,A,0,NA,NA,NA,NA,Y,NA,A,01,0,0,1,0,0,0,0,0,0,-,-,NA,NA,RIVERSIDE,RIVERSIDE,NA,NA
84450162,2024,2024-10-30,3342,2024-10-23,234,P1504,NA,3,5,4,3342,0,0,0,NA,0,003,SCENIC VIEW DR,KELLER RD,1750,S,N,A,-,N,NA,NA,NA,NA,NA,NA,NA,NA,NA,Y,3,0,1,1,A,-,01,23152,A,M,E,I,A,A,A,-,D,D,0,NA,NA,NA,NA,Y,Y,A,01,0,1,0,0,0,0,0,0,0,-,-,NA,NA,RIVERSIDE,MURRIETA,-117.17162322998048,33.622196197509766
84453204,2024,2024-11-01,3300,2024-08-14,146,5585,NA,3,5,6,3345,0,0,0,NA,0,024,LIMONITE AV,EL PALOMINO DR,424,E,N,A,-,N,NA,NA,NA,NA,NA,NA,NA,NA,NA,N,3,0,1,1,A,-,07,21658,A,N,E,I,A,A,H,-,C,A,0,NA,NA,NA,NA,Y,NA,A,01,0,1,0,0,0,0,0,0,0,-,-,33.97677993774414,-117.45797729492188,RIVERSIDE,JURUPA VALLEY,-117.45719146728516,33.97854995727539
84453394,2024,2024-11-01,3300,2024-10-22,1859,5978,NA,2,5,3,3392,0,0,0,NA,0,LA42,AVE 48,ADAMS ST,25,W,N,A,-,N,NA,NA,NA,NA,NA,NA,NA,NA,NA,N,4,0,1,2,A,-,03,22350,NA,N,C,C,A,A,H,-,C,A,0,NA,NA,NA,NA,Y,NA,A,01,0,0,1,0,0,0,0,0,0,-,-,33.699951171875,-116.28601837158205,RIVERSIDE,LA QUINTA,-116.28630065917967,33.69990921020508
8445673,2017,2017-09-11,3300,2017-08-20,0012,4211,36H5,7,5,4,3318,0,0,0,NA,0,T36,SAN PABLO AV,MAGNESIA FALLS DR,0,NA,Y,A,-,N,NA,NA,NA,NA,NA,NA,NA,NA,NA,Y,3,0,1,1,A,-,01,23152,A,N,E,I,A,A,H,-,C,A,0,NA,NA,NA,NA,Y,Y,A,01,0,1,0,0,0,0,0,0,0,-,-,33.73611,-116.38249,RIVERSIDE,PALM DESERT,-116.38255008,33.73606004