CASE_ID,ACCIDENT_YEAR,PROC_DATE,JURIS,COLLISION_DATE,COLLISION_TIME,OFFICER_ID,REPORTING_DISTRICT,DAY_OF_WEEK,CHP_SHIFT,POPULATION,CNTY_CITY_LOC,SPECIAL_COND,BEAT_TYPE,CHP_BEAT_TYPE,CITY_DIVISION_LAPD,CHP_BEAT_CLASS,BEAT_NUMBER,PRIMARY_RD,SECONDARY_RD,DISTANCE,DIRECTION,INTERSECTION,WEATHER_1,WEATHER_2,STATE_HWY_IND,CALTRANS_COUNTY,CALTRANS_DISTRICT,STATE_ROUTE,ROUTE_SUFFIX,POSTMILE_PREFIX,POSTMILE,LOCATION_TYPE,RAMP_INTERSECTION,SIDE_OF_HWY,TOW_AWAY,COLLISION_SEVERITY,NUMBER_KILLED,NUMBER_INJURED,PARTY_COUNT,PRIMARY_COLL_FACTOR,PCF_CODE_OF_VIOL,PCF_VIOL_CATEGORY,PCF_VIOLATION,PCF_VIOL_SUBSECTION,HIT_AND_RUN,TYPE_OF_COLLISION,MVIW,PED_ACTION,ROAD_SURFACE,ROAD_COND_1,ROAD_COND_2,LIGHTING,CONTROL_DEVICE,CHP_ROAD_TYPE,PEDESTRIAN_ACCIDENT,BICYCLE_ACCIDENT,MOTORCYCLE_ACCIDENT,TRUCK_ACCIDENT,NOT_PRIVATE_PROPERTY,ALCOHOL_INVOLVED,STWD_VEHTYPE_AT_FAULT,CHP_VEHTYPE_AT_FAULT,COUNT_SEVERE_INJ,COUNT_VISIBLE_INJ,COUNT_COMPLAINT_PAIN,COUNT_PED_KILLED,COUNT_PED_INJURED,COUNT_BICYCLIST_KILLED,COUNT_BICYCLIST_INJURED,COUNT_MC_KILLED,COUNT_MC_INJURED,PRIMARY_RAMP,SECONDARY_RAMP,LATITUDE,LONGITUDE,COUNTY,CITY,POINT_X,POINT_Y
8538188,2018,2018-01-22,3300,2018-01-06,1523,4339,603C1,6,5,6,3394,0,0,0,NA,0,036,ALESSANDRO BL,PERRIS BL,0,NA,Y,B,-,N,NA,NA,NA,NA,NA,NA,NA,NA,NA,Y,4,0,3,2,A,-,12,21453,A,N,A,C,A,A,H,-,A,A,0,NA,NA,NA,NA,Y,NA,A,01,0,0,3,0,0,0,0,0,0,-,-,33.94718933105469,-117.22640228271484,RIVERSIDE,MORENO VALLEY,-117.2263412475586,33.9173583984375
8538273,2017,2018-01-29,3300,2017-12-12,1235,3175,901C,2,5,4,3310,0,0,0,NA,0,051,1ST ST,HAMNER AV,182,W,N,A,-,N,NA,NA,NA,NA,NA,NA,NA,NA,NA,Y,3,0,1,3,A,-,09,21804,A,N,D,C,A,A,H,-,A,D,0,NA,NA,NA,NA,Y,NA,D,22,0,1,0,0,0,0,0,0,0,-,-,NA,NA,RIVERSIDE,NORCO,-117.56288813,33.90201352
8542265,2018,2018-06-28,3300,2018-01-11,1845,N5482,30K1,4,5,4,3318,0,0,0,NA,0,030,RT 111,PORTOLA AV,61,W,N,A,-,N,NA,NA,NA,NA,NA,NA,NA,NA,NA,Y,3,0,1,2,A,-,03,22350,NA,N,C,C,A,A,H,-,C,A,0,NA,NA,NA,NA,Y,NA,A,01,0,1,0,0,0,0,0,0,0,-,-,NA,NA,RIVERSIDE,PALM DESERT,-116.37394714355467,33.72134017944336
8542873,2018,2018-02-09,3300,2018-01-04,1739,4024,905C,4,5,4,3307,0,0,0,NA,0,090,RAILROAD CANYON RD,CANYON HILLS RD,0,NA,Y,A,-,N,NA,NA,NA,NA,NA,NA,NA,NA,NA,Y,3,0,1,2,A,-,12,21453,A,N,A,C,A,A,H,-,C,A,0,NA,NA,NA,NA,Y,NA,D,22,0,1,0,0,0,0,0,0,0,-,-,33.668460845947266,-117.26376342773438,RIVERSIDE,LAKE ELSINORE,-117.26394653320313,33.66838836669922
8542970,2017,2018-06-08,3309,2017-10-05,1442,180,3309,4,5,4,3309,0,0,0,NA,0,003,RT 111,JACKSON ST,0,NA,Y,A,-,N,NA,NA,NA,NA,NA,NA,NA,NA,NA,N,4,0,1,2,A,-,05,21650,1,N,H,G,A,A,H,-,A,A,0,NA,Y,NA,NA,Y,NA,L,04,0,0,1,0,0,0,1,0,0,-,-,NA,NA,RIVERSIDE,INDIO,-116.216257,33.714888
8543046,2017,2018-01-31,3325,2017-11-18,2500,1304,DESER,6,5,4,3325,0,0,0,NA,0,003,VISTA CHINO RD,AVENIDA MARAVILLA,0,NA,Y,A,-,N,NA,NA,NA,NA,NA,NA,NA,NA,NA,Y,2,0,2,2,A,-,12,21453,A,N,D,J,A,A,H,-,A,D,0,NA,NA,Y,NA,Y,NA,A,01,1,1,0,0,0,0,0,0,1,-,-,NA,NA,RIVERSIDE,CATHEDRAL CITY,-116.46689009,33.84496012
8546262,2018,2018-06-28,3300,2018-01-17,0236,5326,30E1,3,5,4,3318,0,0,0,NA,0,030,RT 74,RT 111,16,S,N,A,-,N,NA,NA,NA,NA,NA,NA,NA,NA,NA,Y,3,0,1,1,A,-,01,23153,A,N,A,I,A,A,H,-,C,A,0,NA,NA,NA,NA,Y,Y,A,01,0,1,0,0,0,0,0,0,0,-,-,NA,NA,RIVERSIDE,PALM DESERT,NA,NA
8546903,2018,2018-02-09,3313,2018-01-20,1315,581,5,6,5,7,3313,0,0,0,NA,0,2R53,MAGNOLIA AV,BUCHANAN ST,11,E,N,A,-,N,NA,NA,NA,NA,NA,NA,NA,NA,NA,N,4,0,1,2,A,-,03,22350,NA,N,C,C,A,A,H,-,A,A,0,NA,NA,NA,NA,Y,NA,A,01,0,0,1,0,0,0,0,0,0,-,-,33.890899658203125,-117.4985580444336,RIVERSIDE,RIVERSIDE,-117.49855041503906,33.89091873168945
8548012,2017,2018-02-08,3300,2017-11-26,1932,4927,001L4,7,5,6,3345,0,0,0,NA,0,016,MENNES AV,FORT FREMONT ALY,435,S,N,A,-,N,NA,NA,NA,NA,NA,NA,NA,NA,NA,N,4,0,1,2,A,-,14,21201,D,F,H,G,A,A,H,-,D,D,0,NA,Y,NA,NA,Y,NA,A,01,0,0,1,0,0,0,1,0,0,-,-,33.99471,-117.404,RIVERSIDE,JURUPA VALLEY,-117.40450239,33.99375632
8548619,2018,2018-02-13,3313,2018-01-12,1255,1384,1,5,5,7,3313,0,0,0,NA,0,M17,UNIVERSITY AV,REDWOOD DR,106,E,N,A,-,N,NA,NA,NA,NA,NA,NA,NA,NA,NA,Y,4,0,1,3,A,-,08,22107,NA,N,D,E,A,A,H,-,A,A,0,NA,NA,NA,NA,Y,NA,A,07,0,0,1,0,0,0,0,0,0,-,-,33.98653030395508,-117.3843231201172,RIVERSIDE,RIVERSIDE,-117.38396453857422,33.98630142211914
8553867,2018,2018-02-22,3300,2018-01-11,1704,N4544,601D4,4,5,6,3394,0,0,0,NA,0,014,IRONWOOD AV,KRISTEN CT,148,E,N,A,-,N,NA,NA,NA,NA,NA,NA,NA,NA,NA,Y,4,0,2,2,A,-,09,21804,A,N,D,C,A,A,H,-,B,D,0,NA,NA,NA,NA,Y,NA,A,01,0,0,2,0,0,0,0,0,0,-,-,33.94662857055664,-117.24593353271484,RIVERSIDE,MORENO VALLEY,-117.24551391601563,33.94662857055664
8554617,2016,2018-03-06,3342,2016-04-21,0032,421,NA,4,5,4,3342,0,0,0,NA,0,00E,MURRIETA HOT SPRINGS RD,MARGARITA RD,0,NA,Y,B,-,N,NA,NA,NA,NA,NA,NA,NA,NA,NA,Y,3,0,1,2,A,-,03,22350,NA,N,C,C,A,A,D,-,C,A,0,NA,NA,NA,NA,Y,NA,A,01,0,1,0,0,0,0,0,0,0,-,-,33.55651,-117.15706,RIVERSIDE,MURRIETA,-117.15709004,33.5565201
8555349,2018,2018-02-16,3300,2018-02-01,1400,4713,910,4,5,5,3335,0,0,0,NA,0,068,SANTIAGO RD,YNEZ RD,25,W,N,A,-,N,NA,NA,NA,NA,NA,NA,NA,NA,NA,N,4,0,1,2,A,-,03,22350,NA,N,C,C,A,A,D,-,A,A,0,NA,NA,NA,NA,Y,NA,A,01,0,0,1,0,0,0,0,0,0,-,-,NA,NA,RIVERSIDE,TEMECULA,-117.13784790039063,33.488807678222656
8555353,2018,2018-02-16,3300,2018-02-02,0715,4323,910U,5,5,5,3335,0,0,0,NA,0,070,REDHAWK PKWY,EL CHIMISAL RD,0,NA,Y,A,-,N,NA,NA,NA,NA,NA,NA,NA,NA,NA,Y,3,0,3,2,A,-,09,21802,A,N,D,C,A,A,H,-,A,A,0,NA,NA,NA,NA,Y,NA,A,01,0,1,2,0,0,0,0,0,0,-,-,NA,NA,RIVERSIDE,TEMECULA,-117.07627868652344,33.47016143798828
8555478,2018,2018-02-15,3300,2018-01-25,0751,4323,910K,4,5,5,3335,0,0,0,NA,0,064,YNEZ RD,PORTRAITS LN,100,S,N,A,-,N,NA,NA,NA,NA,NA,NA,NA,NA,NA,Y,4,0,1,3,A,-,07,21658,A,N,C,C,A,A,H,-,A,A,0,NA,NA,Y,NA,Y,NA,A,01,0,0,1,0,0,0,0,0,1,-,-,NA,NA,RIVERSIDE,TEMECULA,-117.14085388183594,33.49710464477539
8558186,2018,2018-06-26,3309,2018-06-06,0958,443,3309,3,5,4,3309,0,0,0,NA,0,002,AVE 44,MARKET ST,255,W,N,A,-,N,NA,NA,NA,NA,NA,NA,NA,NA,NA,N,4,0,1,2,A,-,08,22105,NA,N,D,C,A,A,H,-,A,A,0,NA,NA,NA,NA,Y,NA,D,22,0,0,1,0,0,0,0,0,0,-,-,NA,NA,RIVERSIDE,INDIO,-116.23036956787108,33.72956085205078
8560038,2018,2018-03-14,3309,2018-02-06,0805,332,3309,2,5,4,3309,0,0,0,NA,0,001,REQUA AV,OASIS ST,33,E,N,A,-,N,NA,NA,NA,NA,NA,NA,NA,NA,NA,N,4,0,1,2,A,-,09,21801,A,N,D,C,A,A,H,-,A,A,0,NA,NA,NA,NA,Y,NA,D,22,0,0,1,0,0,0,0,0,0,-,-,NA,NA,RIVERSIDE,INDIO,-116.22073364257813,33.71744918823242
8561091,2018,2018-03-08,3300,2018-02-02,1412,N4902,806B,5,5,3,3343,0,0,0,NA,0,086,MISSION TRAIL,EDISON POLE 227046E,203,S,N,A,-,N,NA,NA,NA,NA,NA,NA,NA,NA,NA,Y,4,0,2,2,A,-,09,21804,A,N,D,C,A,A,H,-,A,D,0,NA,NA,NA,NA,Y,NA,A,01,0,0,2,0,0,0,0,0,0,-,-,NA,NA,RIVERSIDE,WILDOMAR,NA,NA
8562292,2018,2018-08-09,3342,2018-01-10,1819,672,D,3,5,4,3342,0,0,0,NA,0,446,MURIETA HOT SPRINGS RD,RT 215,95,W,N,A,-,Y,RIV,8,215,-,R,9.25,R,4,N,Y,4,0,1,3,A,-,03,22350,NA,N,C,C,A,A,H,-,C,A,0,NA,NA,NA,NA,Y,NA,D,22,0,0,1,0,0,0,0,0,0,-,NF,33.55632019042969,-117.17913818359376,RIVERSIDE,MURRIETA,-117.18071746826172,33.55353546142578
8563052,2018,2018-03-08,3300,2018-02-08,1515,4071,604C6,4,5,6,3394,0,0,0,NA,0,MV44,IRIS AV,TURNBERRY ST,0,NA,Y,A,-,N,NA,NA,NA,NA,NA,NA,NA,NA,NA,N,4,0,1,2,A,-,03,22350,NA,N,C,G,A,A,H,-,A,D,0,NA,Y,NA,NA,Y,NA,L,04,0,0,1,0,0,0,1,0,0,-,-,33.895320892333984,-117.18853759765624,RIVERSIDE,MORENO VALLEY,-117.18833923339844,33.895328521728516
8563084,2018,2018-03-06,3313,2018-01-31,1841,1779,1,3,5,7,3313,0,0,0,NA,0,T49,RIVERSIDE AV,MERRILL AV,56,S,N,A,-,N,NA,NA,NA,NA,NA,NA,NA,NA,NA,N,4,0,1,2,A,-,03,22350,NA,M,C,C,A,A,H,-,C,A,0,NA,NA,NA,NA,Y,NA,A,01,0,0,1,0,0,0,0,0,0,-,-,33.95663070678711,-117.38774871826172,RIVERSIDE,RIVERSIDE,-117.38793182373048,33.956398010253906
8563296,2018,2018-02-28,3315,2018-02-06,0651,001226,16D,2,5,6,3315,0,0,0,NA,0,NA,FAIRWAY DR,VANDAGRIFF WY,330,E,N,A,-,N,NA,NA,NA,NA,NA,NA,NA,NA,NA,Y,4,0,1,1,A,-,08,22107,NA,N,E,I,A,A,H,-,A,D,0,NA,NA,NA,NA,Y,NA,A,01,0,0,1,0,0,0,0,0,0,-,-,33.81111145019531,-117.5453872680664,RIVERSIDE,CORONA,-117.5446319580078,33.81180953979492
8563798,2018,2018-03-09,3311,2018-02-13,1435,15302,NA,2,5,4,3311,0,0,0,NA,0,006,RAMON RD,LANDAU BL,1250,W,N,A,-,N,NA,NA,NA,NA,NA,NA,NA,NA,NA,Y,4,0,1,2,A,-,03,22350,NA,N,C,C,A,A,H,-,A,A,0,NA,NA,NA,NA,Y,NA,D,22,0,0,1,0,0,0,0,0,0,-,-,33.81583023071289,-116.47693634033205,RIVERSIDE,PALM SPRINGS,-116.47967529296876,33.81589126586914
8564147,2018,2018-03-06,3313,2018-02-01,2011,1613,2,4,5,7,3313,0,0,0,NA,0,3R24,IOWA AV,BLAINE ST,331,S,N,A,-,N,NA,NA,NA,NA,NA,NA,NA,NA,NA,N,3,0,1,2,A,-,11,21954,A,F,G,B,D,A,H,-,C,D,0,Y,NA,NA,NA,Y,Y,N,60,0,1,0,0,1,0,0,0,0,-,-,33.98303985595703,-117.3400421142578,RIVERSIDE,RIVERSIDE,-117.33989715576172,33.982093811035156
8566664,2018,2018-03-19,3300,2018-02-05,1356,3774,603D3,1,5,6,3394,0,0,0,NA,0,038,IRIS AV,EDGEWATER LN,0,NA,Y,A,-,N,NA,NA,NA,NA,NA,NA,NA,NA,NA,Y,4,0,2,2,A,-,09,21801,A,N,D,C,A,A,H,-,A,D,0,NA,NA,NA,NA,Y,NA,A,01,0,0,2,0,0,0,0,0,0,-,-,33.889808654785156,-117.21031951904295,RIVERSIDE,MORENO VALLEY,-117.20989990234376,33.88991928100586
8566691,2018,2018-03-14,3300,2018-01-24,1555,N3864,604E5,3,5,6,3394,0,0,0,NA,0,046,GILMAN SPRINGS RD,ALESSANDRO BL,0,NA,Y,A,-,N,NA,NA,NA,NA,NA,NA,NA,NA,NA,N,4,0,1,2,A,-,07,21658,A,N,B,C,A,A,H,-,A,D,0,NA,NA,NA,NA,Y,NA,A,01,0,0,1,0,0,0,0,0,0,-,-,33.920310974121094,-117.09632110595705,RIVERSIDE,MORENO VALLEY,-117.10388946533205,33.91957092285156
8566822,2018,2018-03-13,3313,2018-02-19,1711,1762,3,1,5,7,3313,0,0,0,NA,0,T44,TRAUTWEIN RD,MISSION VILLAGE DR,360,N,N,A,-,N,NA,NA,NA,NA,NA,NA,NA,NA,NA,N,4,0,1,2,A,-,03,22350,NA,N,C,C,A,A,H,-,A,A,0,NA,NA,NA,NA,Y,NA,D,22,0,0,1,0,0,0,0,0,0,-,-,33.913490295410156,-117.33042907714844,RIVERSIDE,RIVERSIDE,-117.33065032958984,33.91435623168945
8566917,2018,2018-03-13,3313,2018-02-19,1900,1865,1,1,5,7,3313,0,0,0,NA,0,1R15,TEQUESQUITE AV,BROCKTON AV,0,NA,Y,A,-,N,NA,NA,NA,NA,NA,NA,NA,NA,NA,N,4,0,1,2,A,-,10,21950,A,F,G,B,B,A,H,-,C,A,0,Y,NA,NA,NA,Y,NA,-,99,0,0,1,0,1,0,0,0,0,-,-,33.97626876831055,-117.38561248779295,RIVERSIDE,RIVERSIDE,-117.38571166992188,33.976318359375
8568237,2018,2018-03-12,3313,2018-02-15,0629,1389,5,4,5,7,3313,0,0,0,NA,0,T53,MAGNOLIA AV,PARK SIERRA DR,120,W,N,A,-,N,NA,NA,NA,NA,NA,NA,NA,NA,NA,N,3,0,1,2,A,-,05,21650,1,N,H,G,A,A,H,-,A,D,0,NA,Y,NA,NA,Y,NA,L,04,0,1,0,0,0,0,1,0,0,-,-,33.905418395996094,-117.4723663330078,RIVERSIDE,RIVERSIDE,-117.47291564941406,33.90549087524414
8568708,2016,2018-03-21,3342,2016-11-03,1837,672,197,4,5,4,3342,0,0,0,NA,0,00A,JEFFERSON AV,KALMIA ST,329,S,N,A,-,N,NA,NA,NA,NA,NA,NA,NA,NA,NA,Y,4,0,2,2,A,-,03,22350,NA,N,C,C,A,A,H,-,C,A,0,NA,NA,NA,NA,Y,NA,A,01,0,0,2,0,0,0,0,0,0,-,-,33.56131,-117.21073,RIVERSIDE,MURRIETA,-117.20995613,33.56062558
8570259,2018,2018-03-29,3300,2018-03-15,0930,5229,NA,4,5,5,3335,0,0,0,NA,0,NA,JEFFERSON AV,WINCHESTER RD,0,NA,Y,B,-,N,NA,NA,NA,NA,NA,NA,NA,NA,NA,N,4,0,1,3,A,-,21,22106,NA,N,C,C,A,A,H,-,A,A,0,NA,NA,NA,NA,Y,NA,A,01,0,0,1,0,0,0,0,0,0,-,-,33.52096176147461,-117.16500091552734,RIVERSIDE,TEMECULA,-117.16507720947266,33.52090072631836
8570784,2016,2018-03-06,3342,2016-04-26,0703,659,275,2,5,4,3342,0,0,0,NA,0,00D,LOS ALAMOS RD,RT 215,338,W,N,A,-,N,NA,NA,NA,NA,NA,NA,NA,NA,NA,N,3,0,1,2,A,-,09,21804,A,N,D,G,A,A,H,-,A,A,0,NA,Y,NA,NA,Y,NA,A,07,0,1,0,0,0,0,1,0,0,-,SO,33.57203,-117.18252,RIVERSIDE,MURRIETA,-117.18197142,33.57242929
8570799,2016,2018-03-06,3342,2016-04-29,1720,867,NA,5,5,4,3342,0,0,0,NA,0,00C,MURRIETA HOT SPRINGS RD,RT 215,280,E,N,A,-,N,NA,NA,NA,NA,NA,NA,NA,NA,NA,Y,3,0,2,2,A,-,03,22350,NA,N,C,C,A,A,H,-,A,A,0,NA,NA,NA,NA,Y,NA,A,01,0,1,1,0,0,0,0,0,0,-,-,NA,NA,RIVERSIDE,MURRIETA,-117.18061,33.55622
8570887,2016,2018-03-08,3342,2016-05-27,1506,481,220,5,5,4,3342,0,0,0,NA,0,00B,CLINTON KEITH RD,MURRIETA OAKS AV,105,E,N,A,-,N,NA,NA,NA,NA,NA,NA,NA,NA,NA,Y,4,0,2,3,A,-,03,22350,NA,N,C,C,A,A,H,-,A,A,0,NA,NA,NA,NA,Y,NA,A,07,0,0,2,0,0,0,0,0,0,-,-,33.59663,-117.18671,RIVERSIDE,MURRIETA,-117.18638974,33.59659063
8570899,2016,2018-03-08,3342,2016-05-13,0925,777,415,5,5,4,3342,0,0,0,NA,0,00D,MADISON AV,LOS ALAMOS RD,100,S,N,A,-,N,NA,NA,NA,NA,NA,NA,NA,NA,NA,N,4,0,1,2,A,-,03,22350,NA,N,C,C,A,A,H,-,A,A,0,NA,NA,NA,NA,Y,NA,A,08,0,0,1,0,0,0,0,0,0,-,-,33.55839,-117.20147,RIVERSIDE,MURRIETA,-117.20135996,33.55818996
8570966,2016,2018-03-09,3342,2016-09-01,1432,963,252,4,5,4,3342,0,0,0,NA,0,00B,JACKSON AV,CALIFORNIA OAKS RD,200,N,N,A,-,N,NA,NA,NA,NA,NA,NA,NA,NA,NA,Y,4,0,1,2,A,-,09,21801,A,N,A,C,A,A,H,-,A,D,0,NA,NA,NA,NA,Y,NA,A,07,0,0,1,0,0,0,0,0,0,-,-,33.57171,-117.20384,RIVERSIDE,MURRIETA,-117.2045972,33.57211058
8570997,2016,2018-03-09,3342,2016-08-14,0948,131,232,7,5,4,3342,0,0,0,NA,0,00A,WASHINGTON AV,CALLE DEL OSO ORO,0,NA,Y,A,-,N,NA,NA,NA,NA,NA,NA,NA,NA,NA,N,3,0,1,2,A,-,01,23152,A,N,D,C,A,A,H,-,A,A,0,NA,NA,NA,NA,Y,Y,A,01,0,1,0,0,0,0,0,0,0,-,-,33.57245,-117.23457,RIVERSIDE,MURRIETA,-117.23466013,33.57255006
8571015,2016,2018-03-09,3342,2016-09-07,1655,421,NA,3,5,4,3342,0,0,0,NA,0,00B,HANCOCK AV,MILKWOOD LN,0,NA,Y,A,-,N,NA,NA,NA,NA,NA,NA,NA,NA,NA,N,3,0,1,2,D,-,00,NA,NA,N,H,G,A,A,H,-,A,A,0,NA,Y,NA,NA,Y,NA,-,-,0,1,0,0,0,0,1,0,0,-,-,33.57432,-117.18816,RIVERSIDE,MURRIETA,-117.18827013,33.57424012
8572504,2017,2018-03-19,3301,2017-12-31,1840,U469,3,7,5,4,3301,0,0,0,NA,0,003,S SUNSET,RT 10,0,NA,Y,A,-,Y,NA,NA,NA,NA,NA,NA,NA,NA,NA,Y,3,0,1,2,A,-,01,23152,A,N,C,C,A,A,H,-,C,A,0,NA,NA,NA,NA,Y,Y,D,22,0,1,0,0,0,0,0,0,0,-,WO,33.92562,-116.91178,RIVERSIDE,BANNING,-116.91177011,33.92470001
8575051,2016,2018-03-13,3342,2016-12-31,1805,778,345,6,5,4,3342,0,0,0,NA,0,00E,MURRIETA HOT SPRINGS RD,MARGARITA RD,200,E,N,B,C,N,NA,NA,NA,NA,NA,NA,NA,NA,NA,Y,4,0,1,2,A,-,03,22350,NA,N,D,C,A,B,H,-,C,D,0,NA,NA,NA,NA,Y,NA,A,01,0,0,1,0,0,0,0,0,0,-,-,33.55651,-117.15706,RIVERSIDE,MURRIETA,-117.15646307,33.55636317
8575068,2016,2018-03-13,3342,2016-06-20,2018,665,314,1,5,4,3342,0,0,0,NA,0,00E,DATE ST,KINGWOOD RD,0,NA,Y,A,-,N,NA,NA,NA,NA,NA,NA,NA,NA,NA,Y,4,0,2,2,A,-,12,21453,A,N,D,C,A,A,H,-,C,A,0,NA,NA,NA,NA,Y,NA,A,01,0,0,2,0,0,0,0,0,0,-,-,33.54263,-117.15825,RIVERSIDE,MURRIETA,-117.15824011,33.54268011
8575095,2016,2018-03-13,3342,2016-12-04,1531,476,31245,7,5,4,3342,0,0,0,NA,0,00C,ALTA MURRIETA DR,MURIETA HOT SPRINGS RD,694,N,N,A,-,N,NA,NA,NA,NA,NA,NA,NA,NA,NA,Y,4,0,1,2,A,-,08,22107,NA,N,B,C,A,A,H,-,A,D,0,NA,NA,NA,NA,Y,NA,A,01,0,0,1,0,0,0,0,0,0,-,-,33.5564,-117.17738,RIVERSIDE,MURRIETA,-117.17811858,33.55824059
8575229,2016,2018-03-13,3342,2016-11-01,2212,894,580,2,5,4,3342,0,0,0,NA,0,00E,SILVER OAK DR,TORREY PINES RD,250,S,N,A,-,N,NA,NA,NA,NA,NA,NA,NA,NA,NA,N,3,0,1,3,A,-,01,23152,E,N,C,E,A,A,H,-,C,D,0,NA,NA,NA,NA,Y,NA,A,01,0,1,0,0,0,0,0,0,0,-,-,33.55065,-117.1529,RIVERSIDE,MURRIETA,-117.15237357,33.55013047
8576726,2018,2018-03-16,3313,2018-02-12,1140,1575,N,1,5,7,3313,0,0,0,NA,0,M12,MARKET ST,6TH ST,0,NA,Y,A,-,N,NA,NA,NA,NA,NA,NA,NA,NA,NA,N,4,0,1,2,A,-,09,21802,A,N,D,G,A,A,H,-,A,A,0,NA,Y,NA,NA,Y,NA,A,01,0,0,1,0,0,0,1,0,0,-,-,33.984500885009766,-117.37447357177734,RIVERSIDE,RIVERSIDE,-117.3743896484375,33.98448944091797
8576746,2018,2018-03-16,3300,2018-02-20,1510,4304,901C,2,5,4,3310,0,0,0,NA,0,051,1ST ST,MOUNTAIN AV,498,W,N,A,-,N,NA,NA,NA,NA,NA,NA,NA,NA,NA,Y,4,0,2,2,A,-,04,21703,NA,N,C,C,A,A,H,-,A,D,0,NA,NA,NA,NA,Y,NA,A,01,0,0,2,0,0,0,0,0,0,-,-,NA,NA,RIVERSIDE,NORCO,-117.56847381591795,33.90203857421875
8576768,2018,2018-03-16,3313,2018-02-16,0220,1460,1,5,5,7,3313,0,0,0,NA,0,FT1,MISSION INN AV,LIME ST,0,NA,Y,A,-,N,NA,NA,NA,NA,NA,NA,NA,NA,NA,Y,4,0,1,2,A,-,01,23152,A,N,B,C,A,A,H,-,C,A,0,NA,NA,NA,NA,Y,Y,A,01,0,0,1,0,0,0,0,0,0,-,-,33.98128128051758,-117.37045288085938,RIVERSIDE,RIVERSIDE,-117.37035369873048,33.98128890991211
8577308,2018,2018-05-07,3315,2018-03-06,0450,003135,1A,2,5,6,3315,0,0,0,NA,0,001,RAILROAD ST,AUTO CENTER DR,274,E,N,A,-,N,NA,NA,NA,NA,NA,NA,NA,NA,NA,N,4,0,1,2,A,-,03,22350,NA,N,C,-,A,A,H,-,C,D,0,NA,NA,NA,NA,Y,NA,-,NA,0,0,1,0,0,0,0,0,0,-,-,NA,NA,RIVERSIDE,CORONA,-117.6162567138672,33.88688278198242
8580279,2018,2018-03-29,3313,2018-03-02,0928,1523,5,5,5,7,3313,0,0,0,NA,0,M22,VAN BUREN BL,MILLER ST,51,N,N,B,-,N,NA,NA,NA,NA,NA,NA,NA,NA,NA,N,4,0,1,2,A,-,08,22107,NA,N,C,C,A,A,H,-,A,A,0,NA,NA,NA,NA,Y,NA,-,-,0,0,1,0,0,0,0,0,0,-,-,33.92095184326172,-117.4471435546875,RIVERSIDE,RIVERSIDE,-117.4471435546875,33.92104721069336
8580797,2018,2018-03-22,3313,2018-02-22,2137,1882,5,4,5,7,3313,0,0,0,NA,0,3R58,MAGNOLIA AV,ROOSEVELT ST,0,NA,Y,A,-,N,NA,NA,NA,NA,NA,NA,NA,NA,NA,Y,4,0,2,2,A,-,10,21950,A,N,G,B,B,B,H,-,C,A,0,Y,NA,NA,NA,Y,NA,A,01,0,0,2,0,1,0,0,0,0,-,-,NA,NA,RIVERSIDE,RIVERSIDE,-117.44843292236328,33.91936111450195
8581684,2018,2018-04-04,3302,2018-02-26,1512,842,5,1,5,3,3302,0,0,0,NA,0,002,COUGAR WY,BEAUMONT AV,147,E,N,A,-,N,NA,NA,NA,NA,NA,NA,NA,NA,NA,Y,2,0,1,2,A,-,11,21955,NA,N,G,B,D,A,H,-,A,A,0,Y,NA,NA,NA,Y,NA,N,60,1,0,0,0,1,0,0,0,0,-,-,33.95423889160156,-116.97718811035156,RIVERSIDE,BEAUMONT,-116.97677612304688,33.95420455932617
8582171,2017,2018-04-02,3306,2017-12-24,1750,141,NA,7,5,3,3306,0,0,0,NA,0,NA,PALM DR,ACOMA AV,0,NA,Y,A,-,N,NA,NA,NA,NA,NA,NA,NA,NA,NA,N,4,0,1,2,A,-,00,21954,NA,N,G,B,D,A,H,-,C,D,0,Y,NA,NA,NA,Y,NA,N,60,0,0,1,0,1,0,0,0,0,-,-,NA,NA,RIVERSIDE,DESERT HOT SPRINGS,-116.50132,33.960480079999996
8582573,2018,2018-03-23,3300,2018-03-08,1841,N5791,011F,4,5,4,3344,0,0,0,NA,0,062,SCHLEISMAN RD,SCHOLAR WY,0,NA,Y,A,-,N,NA,NA,NA,NA,NA,NA,NA,NA,NA,Y,3,0,5,2,A,-,12,21453,A,N,D,C,A,A,H,-,C,A,0,NA,NA,NA,NA,Y,NA,A,01,0,1,4,0,0,0,0,0,0,-,-,33.96083068847656,-117.56703948974608,RIVERSIDE,EASTVALE,-117.56706237792967,33.96072006225586
8583189,2018,2018-03-29,3300,2018-02-25,1630,3774,604A1,7,5,6,3394,0,0,0,NA,0,042,PRIMROSE WY,ELMHURST DR,80,E,N,A,-,N,NA,NA,NA,NA,NA,NA,NA,NA,NA,N,3,0,1,2,A,-,08,22107,NA,N,C,E,A,A,H,-,A,D,0,NA,NA,NA,NA,Y,NA,M,94,0,1,0,0,0,0,0,0,0,-,-,33.93851089477539,-117.20204925537108,RIVERSIDE,MORENO VALLEY,-117.20169830322266,33.93842315673828
8585843,2018,2018-04-11,3313,2018-03-14,1730,1772,5,3,5,7,3313,0,0,0,NA,0,T45,MAGNOLIA AV,PIERCE ST,322,W,N,A,-,N,NA,NA,NA,NA,NA,NA,NA,NA,NA,N,4,0,1,2,A,-,05,21202,A,N,H,G,A,A,H,-,A,A,0,NA,Y,NA,NA,Y,NA,L,04,0,0,1,0,0,0,1,0,0,-,-,33.895050048828125,-117.49107360839844,RIVERSIDE,RIVERSIDE,-117.49200439453124,33.89463424682617