CASE_ID,ACCIDENT_YEAR,PROC_DATE,JURIS,COLLISION_DATE,COLLISION_TIME,OFFICER_ID,REPORTING_DISTRICT,DAY_OF_WEEK,CHP_SHIFT,POPULATION,CNTY_CITY_LOC,SPECIAL_COND,BEAT_TYPE,CHP_BEAT_TYPE,CITY_DIVISION_LAPD,CHP_BEAT_CLASS,BEAT_NUMBER,PRIMARY_RD,SECONDARY_RD,DISTANCE,DIRECTION,INTERSECTION,WEATHER_1,WEATHER_2,STATE_HWY_IND,CALTRANS_COUNTY,CALTRANS_DISTRICT,STATE_ROUTE,ROUTE_SUFFIX,POSTMILE_PREFIX,POSTMILE,LOCATION_TYPE,RAMP_INTERSECTION,SIDE_OF_HWY,TOW_AWAY,COLLISION_SEVERITY,NUMBER_KILLED,NUMBER_INJURED,PARTY_COUNT,PRIMARY_COLL_FACTOR,PCF_CODE_OF_VIOL,PCF_VIOL_CATEGORY,PCF_VIOLATION,PCF_VIOL_SUBSECTION,HIT_AND_RUN,TYPE_OF_COLLISION,MVIW,PED_ACTION,ROAD_SURFACE,ROAD_COND_1,ROAD_COND_2,LIGHTING,CONTROL_DEVICE,CHP_ROAD_TYPE,PEDESTRIAN_ACCIDENT,BICYCLE_ACCIDENT,MOTORCYCLE_ACCIDENT,TRUCK_ACCIDENT,NOT_PRIVATE_PROPERTY,ALCOHOL_INVOLVED,STWD_VEHTYPE_AT_FAULT,CHP_VEHTYPE_AT_FAULT,COUNT_SEVERE_INJ,COUNT_VISIBLE_INJ,COUNT_COMPLAINT_PAIN,COUNT_PED_KILLED,COUNT_PED_INJURED,COUNT_BICYCLIST_KILLED,COUNT_BICYCLIST_INJURED,COUNT_MC_KILLED,COUNT_MC_INJURED,PRIMARY_RAMP,SECONDARY_RAMP,LATITUDE,LONGITUDE,COUNTY,CITY,POINT_X,POINT_Y
8794712,2019,2019-03-04,3311,2019-02-02,0734,15920,3311,6,5,4,3311,0,0,0,NA,0,002,RT 111,CHAPARRAL RD,0,NA,Y,B,-,Y,NA,NA,111,NA,NA,NA,NA,NA,NA,N,3,0,1,2,A,-,21,22106,NA,N,G,B,E,A,H,-,A,D,0,Y,NA,NA,Y,Y,NA,G,25,0,1,0,0,1,0,0,0,0,-,-,33.844810485839844,-116.54405212402344,RIVERSIDE,PALM SPRINGS,-116.54405212402344,33.84489822387695
8795277,2018,2019-02-06,3300,2018-10-28,0902,N4883,001G,7,5,6,3345,0,0,0,NA,0,014,MISSION BL,PACIFIC AV,30,W,N,A,-,N,NA,NA,NA,NA,NA,NA,NA,NA,NA,Y,4,0,1,2,C,-,18,NA,NA,N,D,C,A,A,H,-,A,A,0,NA,NA,NA,NA,Y,NA,-,-,0,0,1,0,0,0,0,0,0,-,-,34.00419998168945,-117.42111206054688,RIVERSIDE,JURUPA VALLEY,-117.42112731933594,34.003990173339844
8795303,2018,2019-02-08,3342,2018-12-11,0021,665,NA,2,5,4,3342,0,0,0,NA,0,004,JEFFERSON AV,CHERRY ST,0,NA,Y,A,-,N,NA,NA,NA,NA,NA,NA,NA,NA,NA,N,3,0,1,2,A,-,01,23152,A,N,C,C,A,A,D,-,C,B,0,NA,NA,NA,NA,Y,Y,A,01,0,1,0,0,0,0,0,0,0,-,-,33.526981353759766,-117.17237091064452,RIVERSIDE,MURRIETA,-117.17227935791016,33.527000427246094
8795752,2018,2020-06-29,3306,2018-11-30,1849,146,3306,5,5,3,3306,0,0,0,NA,0,NA,RT 62,PIERSON BL,0,NA,Y,A,-,Y,RIV,8,62,-,R,3.344,I,5,E,Y,4,0,1,2,A,-,09,21802,A,N,D,C,A,A,H,-,C,A,0,NA,NA,NA,NA,Y,NA,A,01,0,0,1,0,0,0,0,0,0,-,-,NA,NA,RIVERSIDE,DESERT HOT SPRINGS,-116.59049224853516,33.96126937866211
8797464,2018,2019-02-08,3300,2018-12-02,0226,4510,920E,7,5,4,3314,0,0,0,NA,0,072,RAMONA EXPWY,STATE ST,0,NA,Y,A,-,N,NA,NA,NA,NA,NA,NA,NA,NA,NA,Y,4,0,2,2,A,-,12,21453,A,N,D,C,A,A,H,-,C,A,0,NA,NA,NA,NA,Y,NA,A,01,0,0,2,0,0,0,0,0,0,-,-,33.80173873901367,-116.97206878662108,RIVERSIDE,SAN JACINTO,-116.97206115722656,33.80181884765625
8799260,2019,2019-02-25,3300,2019-02-05,2212,3552,916D,2,5,4,3312,0,0,0,NA,0,035,SAN JACINTO AV,D ST,0,NA,Y,B,-,N,NA,NA,NA,NA,NA,NA,NA,NA,NA,N,4,0,1,2,D,-,00,NA,NA,N,G,B,E,B,H,-,C,A,0,Y,NA,NA,NA,Y,NA,-,-,0,0,1,0,1,0,0,0,0,-,-,33.78654098510742,-117.22808074951172,RIVERSIDE,PERRIS,-117.22821044921876,33.78656005859375
8800668,2019,2019-03-12,3308,2019-01-11,1559,10636,513,5,5,5,3308,0,0,0,NA,0,NORTH,FLORIDA AV,WARREN RD,712,W,N,A,-,Y,RIV,8,74,-,-,36.8,H,-,E,Y,4,0,2,4,A,-,03,22350,NA,N,C,C,A,A,H,-,A,A,0,NA,NA,NA,NA,Y,NA,A,01,0,0,2,0,0,0,0,0,0,-,-,33.74216842651367,-117.02937316894533,RIVERSIDE,HEMET,-117.0350341796875,33.74383544921875
8800775,2019,2019-02-22,3300,2019-02-01,0550,4449,001A,5,5,6,3345,0,0,0,NA,0,010,RUBIDOUX BL,PRODUCTION CIR,267,N,N,C,-,N,NA,NA,NA,NA,NA,NA,NA,NA,NA,Y,4,0,2,4,A,-,03,22350,NA,F,C,C,A,B,H,-,D,D,0,NA,NA,NA,NA,Y,NA,-,99,0,0,2,0,0,0,0,0,0,-,-,NA,NA,RIVERSIDE,JURUPA VALLEY,-117.39004516601563,34.02451705932617
8800825,2019,2019-02-21,3300,2019-01-16,1728,4050,011K,3,5,4,3344,0,0,0,NA,0,61X1,68TH ST,WELLS SPRING ST,0,NA,Y,C,-,N,NA,NA,NA,NA,NA,NA,NA,NA,NA,N,4,0,2,2,A,-,12,22450,A,N,D,C,A,B,H,-,C,A,0,NA,NA,NA,NA,Y,NA,A,01,0,0,2,0,0,0,0,0,0,-,-,33.96443176269531,-117.55304718017578,RIVERSIDE,EASTVALE,-117.55288696289063,33.96453094482422
8802118,2019,2019-04-05,3300,2019-02-08,0640,N3672,916A,5,5,4,3312,0,0,0,NA,0,031,BRADLEY RD,AVALON PKWY,0,NA,Y,A,-,N,NA,NA,NA,NA,NA,NA,NA,NA,NA,N,3,0,1,2,A,-,12,22450,A,N,D,C,A,A,H,-,A,A,0,NA,NA,NA,NA,Y,NA,-,-,0,1,0,0,0,0,0,0,0,-,-,33.838340759277344,-117.18961334228516,RIVERSIDE,PERRIS,-117.18982696533205,33.838348388671875
8802138,2019,2019-03-12,3300,2019-02-01,0955,N3672,916A,5,5,4,3312,0,0,0,NA,0,031,RAMONA EXPWY,RIDER ST,20,E,N,A,-,N,NA,NA,NA,NA,NA,NA,NA,NA,NA,Y,4,0,1,2,A,-,03,22350,NA,N,C,C,A,A,H,-,A,A,0,NA,NA,NA,NA,Y,NA,D,22,0,0,1,0,0,0,0,0,0,-,-,33.83060836791992,-117.17932891845705,RIVERSIDE,PERRIS,-117.1794662475586,33.830718994140625
8802278,2019,2019-04-02,3313,2019-01-12,0825,1821,3,6,5,7,3313,0,0,0,NA,0,2R31,VAN BUREN BL,TRAUTWEIN RD,0,NA,Y,C,-,N,NA,NA,NA,NA,NA,NA,NA,NA,NA,N,3,0,2,3,A,-,12,21453,A,N,A,C,A,B,H,-,A,A,0,NA,NA,NA,NA,Y,NA,A,01,0,1,1,0,0,0,0,0,0,-,-,NA,NA,RIVERSIDE,RIVERSIDE,-117.32424926757813,33.888519287109375
8802300,2019,2019-03-06,3313,2019-02-07,1525,1798,3,4,5,7,3313,0,0,0,NA,0,T47,COLE AV,VAN BUREN BL,20,S,N,A,-,N,NA,NA,NA,NA,NA,NA,NA,NA,NA,N,4,0,1,2,A,-,03,22350,NA,M,C,C,A,A,H,-,A,D,0,NA,NA,NA,NA,Y,NA,A,07,0,0,1,0,0,0,0,0,0,-,-,33.8884391784668,-117.32430267333984,RIVERSIDE,RIVERSIDE,-117.32410430908205,33.88832473754883
8802990,2019,2019-02-25,3313,2019-01-31,0800,1389,4,4,5,7,3313,0,0,0,NA,0,T53,ARLINGTON AV,PHOENIX AV,60,W,N,B,-,N,NA,NA,NA,NA,NA,NA,NA,NA,NA,N,4,0,1,3,A,-,03,22350,NA,N,C,C,A,A,H,-,A,A,0,NA,NA,NA,NA,Y,NA,D,22,0,0,1,0,0,0,0,0,0,-,-,33.94581985473633,-117.42498016357422,RIVERSIDE,RIVERSIDE,-117.42534637451172,33.94601821899414
8803204,2019,2019-02-22,3313,2019-01-10,0321,1456,1,4,5,7,3313,0,0,0,NA,0,1R17,MAGNOLIA AV,OAKWOOD PL,115,N,N,A,-,N,NA,NA,NA,NA,NA,NA,NA,NA,NA,Y,3,0,1,1,A,-,08,22107,NA,N,E,I,A,A,H,-,D,D,0,NA,NA,NA,NA,Y,NA,A,01,0,1,0,0,0,0,0,0,0,-,-,33.964271545410156,-117.38961029052734,RIVERSIDE,RIVERSIDE,-117.38935089111328,33.964576721191406
8803212,2019,2019-03-18,3313,2019-01-11,1239,1641,NA,5,5,7,3313,0,0,0,NA,0,NA,10TH ST,MARKET ST,129,W,N,A,-,N,NA,NA,NA,NA,NA,NA,NA,NA,NA,N,4,0,1,2,A,-,17,22517,NA,N,B,E,A,A,H,-,A,D,0,NA,NA,NA,NA,Y,NA,A,07,0,0,1,0,0,0,0,0,0,-,-,33.98054885864258,-117.37716674804688,RIVERSIDE,RIVERSIDE,-117.3774185180664,33.98069381713867
8803246,2019,2019-02-22,3313,2019-01-27,1550,1519,3,7,5,7,3313,0,0,0,NA,0,3R34,VALLEY SPRINGS PKWY,CORPORATE CENTRE PL,309,S,N,A,-,N,NA,NA,NA,NA,NA,NA,NA,NA,NA,N,4,0,1,2,A,-,08,22107,NA,N,B,C,A,A,H,-,A,D,0,NA,NA,NA,NA,Y,NA,-,-,0,0,1,0,0,0,0,0,0,-,-,33.93661880493164,-117.2871322631836,RIVERSIDE,RIVERSIDE,NA,NA
8804424,2019,2019-04-15,3300,2019-02-15,1330,4252,603D2,5,5,6,3394,0,0,0,NA,0,MV34,PERRIS BL,SAN MICHELE RD,20,S,N,B,-,N,NA,NA,NA,NA,NA,NA,NA,NA,NA,N,4,0,1,2,A,-,03,22350,NA,N,C,C,A,A,H,-,A,A,0,NA,NA,NA,NA,Y,NA,A,01,0,0,1,0,0,0,0,0,0,-,-,33.87004089355469,-117.22601318359376,RIVERSIDE,MORENO VALLEY,-117.22621917724608,33.8700065612793
8804579,2019,2019-05-14,3300,2019-02-10,1748,3536,602C2,7,5,6,3394,0,0,0,NA,0,MV24,FREDERICK ST,RT 60,56,N,N,A,-,Y,RIV,8,60,-,-,14.531,R,4,E,N,4,0,1,2,A,-,03,22350,NA,N,C,C,A,A,H,-,C,D,0,NA,NA,NA,NA,Y,NA,A,01,0,0,1,0,0,0,0,0,0,-,EO,33.940208435058594,-117.26142120361328,RIVERSIDE,MORENO VALLEY,-117.258056640625,33.94078063964844
8805620,2018,2019-02-21,3300,2018-12-20,1240,N3864,602D1,4,5,6,3394,0,0,0,NA,0,026,PERRIS BL,FIR AV,0,NA,Y,A,-,N,NA,NA,NA,NA,NA,NA,NA,NA,NA,Y,4,0,1,2,A,-,09,21804,A,N,D,C,A,A,H,-,A,D,0,NA,NA,NA,NA,Y,NA,A,01,0,0,1,0,0,0,0,0,0,-,-,33.93537139892578,-117.22630310058594,RIVERSIDE,MORENO VALLEY,-117.22630310058594,33.935420989990234
8805759,2019,2019-02-19,3313,2019-01-07,0816,0282,2,1,5,7,3313,0,0,0,NA,0,T48,LINDEN ST,RUSTIN AV,0,NA,Y,A,-,N,NA,NA,NA,NA,NA,NA,NA,NA,NA,N,4,0,2,3,A,-,10,21950,A,N,G,B,D,A,H,-,A,A,0,Y,NA,NA,NA,Y,NA,A,01,0,0,2,0,2,0,0,0,0,-,-,33.97945022583008,-117.33558654785156,RIVERSIDE,RIVERSIDE,-117.33550262451172,33.97932052612305
8807410,2018,2019-04-08,3313,2018-12-04,1323,1575,1,2,5,7,3313,0,0,0,NA,0,M12,CANYON CREST DR,VIA ZAPATA,0,NA,Y,A,-,N,NA,NA,NA,NA,NA,NA,NA,NA,NA,N,2,0,2,2,A,-,09,21802,A,N,D,C,A,A,H,-,A,A,0,NA,NA,NA,NA,Y,NA,A,01,1,1,0,0,0,0,0,0,0,-,-,33.95219039916992,-117.32962799072266,RIVERSIDE,RIVERSIDE,-117.32975769042967,33.952178955078125
8808341,2018,2019-06-25,3300,2018-10-25,1337,4024,804C,4,5,3,3343,0,0,0,NA,0,084,BUNDY CANYON RD,HARVEST WY,0,NA,Y,A,-,N,NA,NA,NA,NA,NA,NA,NA,NA,NA,Y,1,1,2,2,A,-,09,21802,A,N,A,C,A,A,H,-,A,A,0,NA,NA,NA,NA,Y,NA,A,01,0,1,1,0,0,0,0,0,0,-,-,33.63821029663086,-117.23600769042967,RIVERSIDE,WILDOMAR,-117.2361068725586,33.63819885253906
8808432,2018,2019-08-23,3301,2018-08-07,1353,U456,11,2,5,4,3301,0,0,0,NA,0,001,E GEORGE,N ALESSANDRO ST,520,E,N,A,-,N,NA,NA,NA,NA,NA,NA,NA,NA,NA,Y,1,1,0,2,A,-,11,21954,A,N,G,B,E,A,H,-,A,D,0,Y,NA,NA,NA,Y,NA,A,01,0,0,0,1,0,0,0,0,0,-,-,33.930328369140625,-116.87265777587892,RIVERSIDE,BANNING,-116.87297058105467,33.93080520629883
8808926,2019,2019-04-05,3300,2019-02-23,2115,3613,508B,6,5,5,3341,0,0,0,NA,0,058,SCOTT RD,COX RD,0,NA,Y,A,-,N,NA,NA,NA,NA,NA,NA,NA,NA,NA,Y,3,0,1,1,C,-,18,NA,NA,N,H,J,A,A,H,-,D,D,0,NA,NA,Y,NA,Y,NA,-,-,0,1,0,0,0,0,0,0,1,-,-,33.641441345214844,-117.19544982910156,RIVERSIDE,MENIFEE,-117.19515991210938,33.641578674316406
8810088,2018,2019-03-11,3300,2018-11-04,0725,4449,002C,7,5,6,3345,0,0,0,NA,0,020,VAN BUREN BL,JURUPA RD,932,N,N,A,-,N,NA,NA,NA,NA,NA,NA,NA,NA,NA,Y,2,0,1,1,A,-,08,22107,NA,N,E,I,A,A,H,-,A,D,0,NA,NA,NA,NA,Y,NA,A,01,1,0,0,0,0,0,0,0,0,-,-,33.997169494628906,-117.48551940917967,RIVERSIDE,JURUPA VALLEY,-117.48777770996094,33.99873733520508
8812612,2019,2019-03-18,3306,2019-01-03,1248,134,3306,4,5,3,3306,0,0,0,NA,0,NA,PALM DR,DILLON RD,35,S,N,A,-,N,NA,NA,NA,NA,NA,NA,NA,NA,NA,N,4,0,1,2,A,-,21,22106,NA,N,C,C,A,A,H,-,A,A,0,NA,NA,NA,NA,Y,NA,D,22,0,0,1,0,0,0,0,0,0,-,-,NA,NA,RIVERSIDE,DESERT HOT SPRINGS,-116.5017318725586,33.92487335205078
8813135,2019,2019-03-11,3313,2019-02-27,1945,1384,2,3,5,7,3313,0,0,0,NA,0,M17,CANYON CREST DR,EL CERRITO DR,287,S,N,A,-,N,NA,NA,NA,NA,NA,NA,NA,NA,NA,Y,3,0,2,1,A,-,08,22107,NA,N,E,I,A,A,H,-,C,A,0,NA,NA,NA,NA,Y,NA,A,01,0,2,0,0,0,0,0,0,0,-,-,33.95848846435547,-117.33100128173828,RIVERSIDE,RIVERSIDE,-117.33043670654295,33.957733154296875
8813182,2019,2019-03-11,3313,2019-02-01,0737,1222,2,5,5,7,3313,0,0,0,NA,0,M36,HUSTON DR,LIBBY DR,0,NA,Y,C,-,N,NA,NA,NA,NA,NA,NA,NA,NA,NA,N,3,0,1,2,A,-,03,22350,NA,N,E,I,A,B,H,-,C,D,0,NA,NA,NA,NA,Y,Y,A,01,0,1,0,0,0,0,0,0,0,-,-,33.990421295166016,-117.32772064208984,RIVERSIDE,RIVERSIDE,-117.32776641845705,33.99032974243164
8813475,2019,2019-03-11,3315,2019-02-24,1833,003546,7A,7,5,6,3315,0,0,0,NA,0,001,LINCOLN AV,D ST,0,NA,Y,A,-,N,NA,NA,NA,NA,NA,NA,NA,NA,NA,N,4,0,1,2,A,-,04,21703,NA,N,C,C,A,A,H,-,C,A,0,NA,NA,NA,NA,Y,NA,D,22,0,0,1,0,0,0,0,0,0,-,-,33.88008117675781,-117.5828094482422,RIVERSIDE,CORONA,-117.58283233642578,33.88011932373047
8814953,2019,2019-03-07,3313,2019-02-04,1030,0282,2,1,5,7,3313,0,0,0,NA,0,T48,CENTRAL AV,VICTORIA AV,39,E,N,B,-,N,NA,NA,NA,NA,NA,NA,NA,NA,NA,Y,4,0,1,2,A,-,03,22350,NA,N,C,C,A,B,H,-,A,A,0,NA,NA,NA,NA,Y,NA,A,01,0,0,1,0,0,0,0,0,0,-,-,NA,NA,RIVERSIDE,RIVERSIDE,-117.37033081054688,33.953758239746094
8815815,2019,2019-03-15,3300,2019-03-03,0733,4323,910G,7,5,5,3335,0,0,0,NA,0,062,MARGARITA RD,SOLANA WY,0,NA,Y,A,-,N,NA,NA,NA,NA,NA,NA,NA,NA,NA,Y,4,0,3,2,D,-,00,NA,NA,N,D,C,A,B,H,-,A,A,0,NA,NA,NA,NA,Y,NA,-,-,0,0,3,0,0,0,0,0,0,-,-,NA,NA,RIVERSIDE,TEMECULA,-117.14990997314452,33.516258239746094
8816028,2019,2019-03-20,3300,2019-02-07,0752,4996,601C2,4,5,6,3394,0,0,0,NA,0,MV14,IRONWOOD AV,YELLOW IRIS WY,220,W,N,A,-,N,NA,NA,NA,NA,NA,NA,NA,NA,NA,Y,4,0,2,2,A,-,03,22350,NA,N,C,C,A,A,H,-,A,D,0,NA,NA,NA,NA,Y,NA,A,01,0,0,2,0,0,0,0,0,0,-,-,33.94664001464844,-117.2658233642578,RIVERSIDE,MORENO VALLEY,-117.26658630371094,33.946590423583984
8820015,2019,2019-04-05,3300,2019-01-19,0120,4850,920A,6,5,4,3314,0,0,0,NA,0,070,RAMONA EXPWY,LYON AV,65,W,N,A,-,N,NA,NA,NA,NA,NA,NA,NA,NA,NA,Y,3,0,1,1,A,-,01,23152,A,N,F,A,A,A,H,-,C,D,0,NA,NA,NA,NA,Y,Y,D,22,0,1,0,0,0,0,0,0,0,-,-,NA,NA,RIVERSIDE,SAN JACINTO,-116.98516845703124,33.8109245300293
8821804,2019,2019-04-02,3300,2019-02-26,1245,N4187,916C,2,5,4,3312,0,0,0,NA,0,034,A ST,ELLIS AV,0,NA,Y,A,-,N,NA,NA,NA,NA,NA,NA,NA,NA,NA,Y,4,0,1,2,A,-,01,23152,A,N,C,C,A,A,H,-,A,D,0,NA,NA,NA,NA,Y,Y,D,22,0,0,1,0,0,0,0,0,0,-,-,33.772071838378906,-117.2348175048828,RIVERSIDE,PERRIS,-117.23470306396484,33.77199935913086
8821908,2019,2019-03-26,3300,2019-02-05,0800,3774,601C2,2,5,6,3394,0,0,0,NA,0,MV14,COUNTRY FLOWER LN,CLIMBING ROSE DR,0,NA,Y,B,C,N,NA,NA,NA,NA,NA,NA,NA,NA,NA,N,3,0,1,2,A,-,09,21802,B,N,H,G,A,B,H,-,A,A,0,NA,Y,NA,NA,Y,NA,L,04,0,1,0,0,0,0,1,0,0,-,-,33.9498291015625,-117.26207733154295,RIVERSIDE,MORENO VALLEY,-117.26217651367188,33.94974136352539
8821928,2019,2019-05-04,3300,2019-02-13,0955,N5073,30K1,3,5,4,3318,0,0,0,NA,0,T30,RT 111,PORTOLA AV,370,E,N,B,-,N,NA,NA,NA,NA,NA,NA,NA,NA,NA,Y,4,0,2,3,A,-,03,22350,NA,N,C,C,A,A,H,-,A,-,0,NA,NA,NA,NA,Y,NA,A,01,0,0,2,0,0,0,0,0,0,-,-,NA,NA,RIVERSIDE,PALM DESERT,-116.3725357055664,33.721343994140625
8821933,2019,2019-03-26,3300,2019-03-07,1130,N6000,504A,4,5,5,3341,0,0,0,NA,0,054,PEBBLE BEACH DR,CHERRY HILLS BL,0,NA,Y,A,-,N,NA,NA,NA,NA,NA,NA,NA,NA,NA,Y,4,0,2,3,A,-,09,21802,A,N,D,C,A,A,H,-,A,A,0,NA,NA,NA,NA,Y,NA,A,07,0,0,2,0,0,0,0,0,0,-,-,33.70899963378906,-117.1969985961914,RIVERSIDE,MENIFEE,-117.19747924804688,33.709468841552734
8822362,2018,2019-05-06,3306,2018-12-08,2229,146,3306,6,5,3,3306,0,0,0,NA,0,NA,RT 62,PIERSON BL,0,NA,Y,A,-,Y,RIV,8,62,-,R,3.344,I,5,E,Y,3,0,2,2,A,-,09,21800,A,N,D,C,A,A,H,-,C,A,0,NA,NA,NA,NA,Y,NA,D,22,0,2,0,0,0,0,0,0,0,-,-,NA,NA,RIVERSIDE,DESERT HOT SPRINGS,-116.59049224853516,33.96126937866211
8823228,2019,2019-03-22,3309,2019-02-27,2500,334,3309,3,5,4,3309,0,0,0,NA,0,004,MONROE ST,MILES AV,0,NA,Y,A,-,N,NA,NA,NA,NA,NA,NA,NA,NA,NA,N,3,0,3,2,A,-,12,21453,A,N,A,C,A,A,H,-,A,A,0,NA,NA,NA,NA,Y,NA,A,01,0,1,2,0,0,0,0,0,0,-,-,NA,NA,RIVERSIDE,INDIO,-116.23377990722656,33.72195816040039
8823481,2019,2019-03-26,3313,2019-02-23,0908,1905,1,6,5,7,3313,0,0,0,NA,0,2R17,MARKET ST,9TH ST,0,NA,Y,A,-,N,NA,NA,NA,NA,NA,NA,NA,NA,NA,Y,4,0,1,2,A,-,12,21453,A,N,D,C,A,A,H,-,A,A,0,NA,NA,NA,NA,Y,NA,A,01,0,0,1,0,0,0,0,0,0,-,-,33.98149871826172,-117.37651824951172,RIVERSIDE,RIVERSIDE,-117.37641143798828,33.98147964477539
8823944,2019,2019-03-21,3300,2019-02-23,0921,4535,NA,6,5,3,3392,0,0,0,NA,0,DESERT,AVE 52,JEFFERSON ST,3629,W,N,A,-,N,NA,NA,NA,NA,NA,NA,NA,NA,NA,N,3,0,2,2,A,-,03,22350,NA,N,H,G,A,A,A,-,A,D,0,NA,Y,NA,NA,Y,NA,L,04,0,1,1,0,0,0,2,0,0,-,-,NA,NA,RIVERSIDE,LA QUINTA,NA,NA
8823948,2019,2019-05-04,3300,2019-02-20,1740,N3605,41B1,3,5,3,3392,0,0,0,NA,0,LA41,RT 111,PLAZA LA QUINTA,0,NA,Y,A,-,N,NA,NA,NA,NA,NA,NA,NA,NA,NA,Y,4,0,2,2,A,-,09,21453,C,N,D,C,A,A,H,-,C,A,0,NA,NA,NA,NA,Y,NA,A,01,0,0,2,0,0,0,0,0,0,-,-,NA,NA,RIVERSIDE,LA QUINTA,-116.298056,33.716076
8825778,2019,2019-04-03,3300,2019-03-07,0734,N4225,905F,4,5,4,3307,0,0,0,NA,0,L92,MAIN ST,POTTERY ST,0,NA,Y,B,-,N,NA,NA,NA,NA,NA,NA,NA,NA,NA,Y,4,0,1,2,A,-,09,21802,A,N,D,C,A,B,H,-,A,D,0,NA,NA,NA,NA,Y,NA,A,07,0,0,1,0,0,0,0,0,0,-,-,NA,NA,RIVERSIDE,LAKE ELSINORE,-117.32557678222656,33.6733283996582
8829384,2019,2019-05-04,3300,2019-03-11,1345,N1673,30C1,1,5,4,3318,0,0,0,NA,0,T30,RT 111,TOWN CENTER WY,0,NA,Y,B,-,N,NA,NA,NA,NA,NA,NA,NA,NA,NA,Y,3,0,2,2,A,-,12,21453,A,N,D,C,A,A,H,-,A,A,0,NA,NA,NA,NA,Y,NA,A,07,0,1,1,0,0,0,0,0,0,-,-,NA,NA,RIVERSIDE,PALM DESERT,-116.39852142333984,33.723140716552734
8830180,2018,2019-03-28,3300,2018-12-20,0913,5212,901A,4,5,4,3310,0,0,0,NA,0,050,HAMNER AV,ALHAMBRA ST,17,N,N,A,-,N,NA,NA,NA,NA,NA,NA,NA,NA,NA,N,4,0,3,4,A,-,03,22350,NA,N,C,C,A,A,H,-,A,A,0,NA,NA,NA,NA,Y,NA,A,01,0,0,3,0,0,0,0,0,0,-,-,NA,NA,RIVERSIDE,NORCO,-117.55817413330078,33.93944549560547
8833104,2019,2019-04-12,3313,2019-03-14,1529,1575,3,4,5,7,3313,0,0,0,NA,0,M12,VAN BUREN BL,RUDICILL ST,288,S,N,A,-,N,NA,NA,NA,NA,NA,NA,NA,NA,NA,N,4,0,2,3,A,-,09,21801,A,N,D,C,A,A,H,-,A,A,0,NA,NA,NA,NA,Y,NA,D,22,0,0,2,0,0,0,0,0,0,-,-,NA,NA,RIVERSIDE,RIVERSIDE,-117.43968963623048,33.911842346191406
8833220,2019,2019-04-10,3308,2019-01-30,1445,10219,514,3,5,5,3308,0,0,0,NA,0,NORTH,DEVONSHIRE AV,CAWSTON AV,0,NA,Y,A,-,N,NA,NA,NA,NA,NA,NA,NA,NA,NA,Y,4,0,1,2,A,-,09,21801,A,N,D,C,A,A,H,-,A,A,0,NA,NA,NA,NA,Y,NA,A,01,0,0,1,0,0,0,0,0,0,-,-,33.749000549316406,-117.01100158691406,RIVERSIDE,HEMET,-117.01535034179688,33.75088882446289
8833242,2019,2019-04-09,3342,2019-01-28,1456,672,500,1,5,4,3342,0,0,0,NA,0,005,WHITEWOOD RD,HUNTER RD,0,NA,Y,A,-,N,NA,NA,NA,NA,NA,NA,NA,NA,NA,Y,4,0,3,2,A,-,03,22350,NA,N,C,C,A,A,H,-,A,A,0,NA,NA,NA,NA,Y,NA,A,07,0,0,3,0,0,0,0,0,0,-,-,33.5880012512207,-117.1719970703125,RIVERSIDE,MURRIETA,-117.17205810546876,33.588260650634766
8833764,2019,2019-04-17,3300,2019-03-29,1429,4415,916B,5,5,4,3312,0,0,0,NA,0,032,FRONTAGE RD,RIDER ST,0,NA,Y,A,-,N,NA,NA,NA,NA,NA,NA,NA,NA,NA,Y,4,0,2,2,A,-,08,22107,NA,N,D,C,A,A,H,-,A,D,0,NA,NA,NA,NA,Y,NA,A,01,0,0,2,0,0,0,0,0,0,-,-,33.83060073852539,-117.24546051025392,RIVERSIDE,PERRIS,-117.2452392578125,33.83034896850586
8834875,2019,2019-04-17,3300,2019-03-15,0802,4252,601C6,5,5,6,3394,0,0,0,NA,0,MV14,IRONWOOD AV,BARCLAY DR,0,NA,Y,A,-,N,NA,NA,NA,NA,NA,NA,NA,NA,NA,N,4,0,1,3,A,-,12,21453,A,N,D,C,A,A,H,-,A,A,0,NA,NA,NA,NA,Y,NA,A,07,0,0,1,0,0,0,0,0,0,-,-,33.94654083251953,-117.27345275878906,RIVERSIDE,MORENO VALLEY,-117.2734375,33.94657897949219
8839208,2019,2019-04-16,3313,2019-03-31,2238,1756,2,7,5,7,3313,0,0,0,NA,0,1R21,OTTAWA AV,LINDEN ST,250,S,N,A,-,N,NA,NA,NA,NA,NA,NA,NA,NA,NA,N,3,0,1,2,A,-,05,21650,1,N,H,G,A,A,H,-,C,A,0,NA,Y,NA,NA,Y,Y,L,04,0,1,0,0,0,0,1,0,0,-,-,33.979251861572266,-117.35269927978516,RIVERSIDE,RIVERSIDE,-117.35285949707033,33.978614807128906
8840463,2019,2019-04-18,3311,2019-04-01,1351,16168,NA,1,5,4,3311,0,0,0,NA,0,004,FARRELL DR,ALEJO RD,0,NA,Y,A,-,N,NA,NA,NA,NA,NA,NA,NA,NA,NA,Y,3,0,2,3,A,-,09,21801,A,N,D,C,A,A,H,-,A,A,0,NA,NA,NA,NA,Y,NA,A,01,0,1,1,0,0,0,0,0,0,-,-,33.83041000366211,-116.51824951171876,RIVERSIDE,PALM SPRINGS,-116.51824188232422,33.830379486083984