CASE_ID,ACCIDENT_YEAR,PROC_DATE,JURIS,COLLISION_DATE,COLLISION_TIME,OFFICER_ID,REPORTING_DISTRICT,DAY_OF_WEEK,CHP_SHIFT,POPULATION,CNTY_CITY_LOC,SPECIAL_COND,BEAT_TYPE,CHP_BEAT_TYPE,CITY_DIVISION_LAPD,CHP_BEAT_CLASS,BEAT_NUMBER,PRIMARY_RD,SECONDARY_RD,DISTANCE,DIRECTION,INTERSECTION,WEATHER_1,WEATHER_2,STATE_HWY_IND,CALTRANS_COUNTY,CALTRANS_DISTRICT,STATE_ROUTE,ROUTE_SUFFIX,POSTMILE_PREFIX,POSTMILE,LOCATION_TYPE,RAMP_INTERSECTION,SIDE_OF_HWY,TOW_AWAY,COLLISION_SEVERITY,NUMBER_KILLED,NUMBER_INJURED,PARTY_COUNT,PRIMARY_COLL_FACTOR,PCF_CODE_OF_VIOL,PCF_VIOL_CATEGORY,PCF_VIOLATION,PCF_VIOL_SUBSECTION,HIT_AND_RUN,TYPE_OF_COLLISION,MVIW,PED_ACTION,ROAD_SURFACE,ROAD_COND_1,ROAD_COND_2,LIGHTING,CONTROL_DEVICE,CHP_ROAD_TYPE,PEDESTRIAN_ACCIDENT,BICYCLE_ACCIDENT,MOTORCYCLE_ACCIDENT,TRUCK_ACCIDENT,NOT_PRIVATE_PROPERTY,ALCOHOL_INVOLVED,STWD_VEHTYPE_AT_FAULT,CHP_VEHTYPE_AT_FAULT,COUNT_SEVERE_INJ,COUNT_VISIBLE_INJ,COUNT_COMPLAINT_PAIN,COUNT_PED_KILLED,COUNT_PED_INJURED,COUNT_BICYCLIST_KILLED,COUNT_BICYCLIST_INJURED,COUNT_MC_KILLED,COUNT_MC_INJURED,PRIMARY_RAMP,SECONDARY_RAMP,LATITUDE,LONGITUDE,COUNTY,CITY,POINT_X,POINT_Y
8920923,2019,2019-08-26,3300,2019-05-28,1133,N4883,002C,2,5,6,3345,0,0,0,NA,0,020,VAN BUREN BL,EDISON POLE #1745700E,7,S,N,A,-,N,NA,NA,NA,NA,NA,NA,NA,NA,NA,Y,3,0,4,3,A,-,03,22350,NA,N,C,C,A,A,D,-,A,D,0,NA,NA,NA,NA,Y,NA,A,01,0,1,3,0,0,0,0,0,0,-,-,NA,NA,RIVERSIDE,JURUPA VALLEY,NA,NA
8920924,2019,2019-08-26,3309,2019-05-24,2011,174,3309,5,5,4,3309,0,0,0,NA,0,004,CLINTON ST,GRANADA ST,11,S,N,A,-,N,NA,NA,NA,NA,NA,NA,NA,NA,NA,N,3,0,1,2,A,-,10,21950,A,F,G,B,B,A,H,-,C,A,0,Y,NA,NA,NA,Y,NA,A,01,0,1,0,0,1,0,0,0,0,-,-,NA,NA,RIVERSIDE,INDIO,-116.24263763427734,33.70954895019531
8920935,2019,2019-08-26,3300,2019-05-30,1800,N6265,002V,4,5,6,3345,0,0,0,NA,0,026,ETIWANDA AV,LIMONITE AV,258,S,N,A,-,N,NA,NA,NA,NA,NA,NA,NA,NA,NA,Y,4,0,2,2,A,-,09,21804,A,N,D,C,A,A,H,-,A,D,0,NA,NA,NA,NA,Y,NA,A,01,0,0,2,0,0,0,0,0,0,-,-,33.97557830810547,-117.52342987060548,RIVERSIDE,JURUPA VALLEY,-117.52330017089844,33.9747428894043
8927319,2019,2019-08-28,3342,2019-06-13,2007,782,321,4,5,4,3342,0,0,0,NA,0,003,TRIPLE C RANCH RD,STAR JASMINE PL,145,E,N,A,-,N,NA,NA,NA,NA,NA,NA,NA,NA,NA,Y,4,0,1,2,A,-,03,22350,NA,N,B,E,A,A,H,-,B,A,0,NA,NA,NA,NA,Y,NA,A,01,0,0,1,0,0,0,0,0,0,-,-,NA,NA,RIVERSIDE,MURRIETA,-117.159488,33.615441
8927343,2019,2019-08-28,3342,2019-06-07,1354,898,495,5,5,4,3342,0,0,0,NA,0,00D,FRENCH VALLEY PKWY,JEFFERSON AV,1128,E,N,A,-,N,NA,NA,NA,NA,NA,NA,NA,NA,NA,Y,3,0,1,1,A,-,03,22350,NA,N,E,I,A,A,H,-,A,A,0,NA,NA,Y,NA,Y,NA,C,02,0,1,0,0,0,0,0,0,1,SF,-,NA,NA,RIVERSIDE,MURRIETA,NA,NA
8928551,2019,2019-09-06,3308,2019-07-24,1041,4189,574,3,5,5,3308,0,0,0,NA,0,SOUTH,SANDERSON AV,DOMENIGONI PKWY,98,N,N,B,-,N,NA,NA,NA,NA,NA,NA,NA,NA,NA,Y,4,0,1,2,A,-,03,22350,NA,N,C,C,A,A,H,-,A,A,0,NA,NA,NA,NA,Y,NA,A,01,0,0,1,0,0,0,0,0,0,-,-,33.71363067626953,-117.006103515625,RIVERSIDE,HEMET,-117.0060577392578,33.71394348144531
8930443,2019,2019-09-09,3313,2019-08-20,2034,1963,5,2,5,7,3313,0,0,0,NA,0,3R50,MAGNOLIA AV,PIERCE ST,201,E,N,A,-,N,NA,NA,NA,NA,NA,NA,NA,NA,NA,N,3,0,2,1,A,-,08,22107,NA,N,E,I,A,A,H,-,C,A,0,NA,NA,NA,NA,Y,NA,A,01,0,1,1,0,0,0,0,0,0,-,-,33.895050048828125,-117.49107360839844,RIVERSIDE,RIVERSIDE,-117.49059295654295,33.89544677734375
8931048,2019,2019-09-17,3300,2019-08-03,0810,5166,517E,6,5,5,3341,0,0,0,NA,0,057,DOMENIGONI PKWY,LINDENBERGER RD,0,NA,Y,A,-,N,NA,NA,NA,NA,NA,NA,NA,NA,NA,Y,4,0,1,2,A,-,05,21650,NA,N,B,C,A,A,H,-,A,A,0,NA,NA,NA,NA,Y,NA,A,01,0,0,1,0,0,0,0,0,0,-,-,33.68682861328125,-117.14517211914063,RIVERSIDE,MENIFEE,-117.14251708984376,33.69028854370117
8931052,2019,2019-09-17,3300,2019-08-22,1941,N6426,910G,4,5,5,3335,0,0,0,NA,0,062,MARGARITA RD,VIA LA VIDA,91,S,N,A,-,N,NA,NA,NA,NA,NA,NA,NA,NA,NA,N,4,0,1,2,A,-,03,22350,NA,F,C,C,A,A,H,-,B,A,0,NA,NA,NA,NA,Y,NA,A,01,0,0,1,0,0,0,0,0,0,-,-,NA,NA,RIVERSIDE,TEMECULA,-117.14900207519533,33.515018463134766
8931102,2019,2019-09-17,3300,2019-08-13,2250,5308,NA,2,5,6,3345,0,0,0,NA,0,NA,RUBIDOUX BL,MISSION BL,0,NA,Y,A,-,N,NA,NA,NA,NA,NA,NA,NA,NA,NA,N,4,0,1,2,A,-,00,20001,A,F,G,B,B,A,H,-,C,A,0,Y,NA,NA,NA,Y,Y,-,NA,0,0,1,0,1,0,0,0,0,-,-,NA,NA,RIVERSIDE,JURUPA VALLEY,-117.4072494506836,33.99700164794922
8931926,2019,2019-09-13,3302,2019-08-04,0642,1071,NA,7,5,3,3302,0,0,0,NA,0,NA,BEAUMONT AV,1ST ST,0,NA,Y,A,-,N,NA,NA,NA,NA,NA,NA,NA,NA,NA,Y,3,0,2,4,A,-,03,22350,NA,N,C,C,A,A,H,-,A,A,0,NA,NA,NA,NA,Y,NA,A,01,0,1,1,0,0,0,0,0,0,-,-,33.92169952392578,-116.9771728515625,RIVERSIDE,BEAUMONT,-116.97715759277344,33.92169189453125
8932652,2019,2019-09-16,3308,2019-07-31,0320,10620,586,3,5,5,3308,0,0,0,NA,0,SOUTH,STATE ST,EDISON POLE #2092325E,70,S,N,A,-,N,NA,NA,NA,NA,NA,NA,NA,NA,NA,Y,3,0,1,2,A,-,03,22350,NA,N,C,E,A,A,H,-,D,D,0,NA,NA,NA,NA,Y,NA,A,07,0,1,0,0,0,0,0,0,0,-,-,NA,NA,RIVERSIDE,HEMET,NA,NA
8934001,2019,2019-09-18,3300,2019-08-30,1530,5625,916D,5,5,4,3312,0,0,0,NA,0,035,GOETZ RD,POLE #GT5333,17,S,N,A,-,N,NA,NA,NA,NA,NA,NA,NA,NA,NA,Y,4,0,1,1,A,-,03,22350,NA,N,E,J,A,A,H,-,A,D,0,NA,NA,NA,NA,Y,NA,A,01,0,0,1,0,0,0,0,0,0,-,-,NA,NA,RIVERSIDE,PERRIS,NA,NA
8934335,2019,2020-03-11,3313,2019-07-31,1140,1974,3,3,5,7,3313,0,0,0,NA,0,T76,CANYON SPRINGS PKWY,CORPORATE CENTRE PL,126,W,N,A,-,N,NA,NA,NA,NA,NA,NA,NA,NA,NA,Y,3,0,2,2,A,-,09,21804,A,N,D,C,A,A,H,-,A,A,0,NA,NA,NA,NA,Y,NA,A,01,0,1,1,0,0,0,0,0,0,-,-,33.94076919555664,-117.28211975097656,RIVERSIDE,RIVERSIDE,NA,NA
8934347,2019,2019-10-29,3313,2019-08-15,1637,1958,3,4,5,7,3313,0,0,0,NA,0,T74,MISSION GROVE PKWY N,BATHURST RD,120,S,N,A,-,N,NA,NA,NA,NA,NA,NA,NA,NA,NA,NA,3,0,1,1,A,-,08,22107,NA,N,E,J,A,A,H,-,A,A,0,NA,NA,Y,NA,Y,NA,C,03,0,1,0,0,0,0,0,0,1,-,-,33.9222412109375,-117.3247299194336,RIVERSIDE,RIVERSIDE,-117.32472229003906,33.92185974121094
8934661,2019,2019-12-11,3313,2019-07-09,1402,1933,1,2,5,7,3313,0,0,0,NA,0,T70,NOGALES ST,JURUPA AV,360,S,N,A,-,N,NA,NA,NA,NA,NA,NA,NA,NA,NA,N,4,0,2,2,A,-,09,21804,A,N,D,D,A,A,H,-,A,D,0,NA,NA,NA,NA,Y,NA,A,01,0,0,2,0,0,0,0,0,0,-,-,33.96091842651367,-117.39613342285156,RIVERSIDE,RIVERSIDE,-117.3949966430664,33.959922790527344
8934709,2019,2019-12-11,3313,2019-07-10,0442,1974,4,3,5,7,3313,0,0,0,NA,0,1R43,ARLINGTON AV,MONROE ST,76,W,N,A,-,N,NA,NA,NA,NA,NA,NA,NA,NA,NA,N,4,0,1,3,A,-,03,22350,NA,N,C,C,A,A,H,-,C,A,0,NA,NA,NA,NA,Y,NA,A,01,0,0,1,0,0,0,0,0,0,-,-,33.94520950317383,-117.44580078125,RIVERSIDE,RIVERSIDE,-117.44593048095705,33.94586944580078
8934718,2019,2019-12-14,3313,2019-07-06,2220,1756,2,6,5,7,3313,0,0,0,NA,0,1R21,CHICAGO AV,KESWICK AV,340,N,N,A,-,N,NA,NA,NA,NA,NA,NA,NA,NA,NA,N,4,0,2,2,A,-,08,22107,NA,N,B,C,A,A,H,-,C,A,0,NA,NA,NA,NA,Y,NA,A,01,0,0,2,0,0,0,0,0,0,-,-,33.945159912109375,-117.36116027832033,RIVERSIDE,RIVERSIDE,-117.35028839111328,33.94596481323242
8934742,2019,2019-10-29,3313,2019-08-03,1655,1827,2,6,5,7,3313,0,0,0,NA,0,T43,VICTORIA AV,DENTON ST,0,NA,Y,A,-,N,NA,NA,NA,NA,NA,NA,NA,NA,NA,Y,4,0,1,2,A,-,03,22350,NA,M,C,C,A,A,H,-,A,D,0,NA,NA,NA,NA,Y,NA,A,01,0,0,1,0,0,0,0,0,0,-,-,33.96503829956055,-117.36779022216795,RIVERSIDE,RIVERSIDE,-117.3679428100586,33.96636962890625
8935570,2019,2019-09-26,3300,2019-08-12,2321,4867,604A4,1,5,6,3394,0,0,0,NA,0,MV42,CACTUS AV,NASON ST,2862,W,N,A,-,N,NA,NA,NA,NA,NA,NA,NA,NA,NA,Y,4,0,5,3,A,-,03,22350,NA,N,C,C,A,A,H,-,C,D,0,NA,NA,NA,NA,Y,NA,A,01,0,0,5,0,0,0,0,0,0,-,-,33.910091400146484,-117.19159698486328,RIVERSIDE,MORENO VALLEY,-117.20096588134766,33.910091400146484
8936405,2019,2019-10-08,3300,2019-08-29,1310,N6000,506G,4,5,5,3341,0,0,0,NA,0,056,LA PIEDRA,HAUN RD,0,NA,Y,A,-,N,NA,NA,NA,NA,NA,NA,NA,NA,NA,N,4,0,1,2,A,-,03,22350,NA,N,C,C,A,A,H,-,A,A,0,NA,NA,NA,NA,Y,NA,A,01,0,0,1,0,0,0,0,0,0,-,-,NA,NA,RIVERSIDE,MENIFEE,-117.17556762695313,33.67766189575195
8937216,2019,2019-09-23,3300,2019-09-04,1155,N6850,916D,3,5,4,3312,0,0,0,NA,0,035,SAN JACINTO AV,F ST,0,NA,Y,A,-,N,NA,NA,NA,NA,NA,NA,NA,NA,NA,Y,4,0,3,2,A,-,09,21801,A,N,D,C,A,A,H,-,A,A,0,NA,NA,NA,NA,Y,NA,A,08,0,0,3,0,0,0,0,0,0,-,-,33.78651809692383,-117.223876953125,RIVERSIDE,PERRIS,-117.22395324707033,33.78654098510742
8939387,2019,2019-11-20,3300,2019-08-12,0434,3481,920A,1,5,4,3314,0,0,0,NA,0,070,RAMONA EXPWY,WARREN RD,2470,W,N,A,-,N,NA,NA,NA,NA,NA,NA,NA,NA,NA,Y,1,1,1,2,A,-,05,21460,A,N,A,C,A,A,H,-,D,D,0,NA,NA,NA,NA,Y,NA,A,01,1,0,0,0,0,0,0,0,0,-,-,33.82355880737305,-117.03346252441406,RIVERSIDE,SAN JACINTO,-117.04068756103516,33.826663970947266
8942306,2019,2019-10-10,3313,2019-09-12,1359,1475,5,4,5,7,3313,0,0,0,NA,0,M19,EDDYSTONE ST,CAMELOT RD,140,S,N,A,-,N,NA,NA,NA,NA,NA,NA,NA,NA,NA,Y,4,0,1,1,A,-,03,22350,NA,N,E,I,A,A,H,-,A,A,0,NA,NA,NA,NA,Y,NA,A,01,0,0,1,0,0,0,0,0,0,-,-,33.928218841552734,-117.46656036376952,RIVERSIDE,RIVERSIDE,-117.46646118164063,33.927635192871094
8942608,2019,2019-09-24,3300,2019-07-31,1820,4867,601C6,3,5,6,3394,0,0,0,NA,0,MV14,IRONWOOD AV,BARCLAY DR,250,W,N,A,-,N,NA,NA,NA,NA,NA,NA,NA,NA,NA,Y,3,0,2,2,A,-,03,22350,NA,N,C,C,A,A,H,-,A,A,0,NA,NA,NA,NA,Y,NA,A,01,0,1,1,0,0,0,0,0,0,-,-,33.94654083251953,-117.27345275878906,RIVERSIDE,MORENO VALLEY,-117.27426147460938,33.94659423828125
8943891,2019,2019-09-30,3300,2019-06-11,2140,3455,602 D,2,5,6,3394,0,0,0,NA,0,026,SUNNYMEAD BL,INDIAN ST,137,W,N,A,-,N,NA,NA,NA,NA,NA,NA,NA,NA,NA,Y,4,0,3,3,A,-,03,22350,NA,F,C,C,A,A,H,-,C,A,0,NA,NA,NA,NA,Y,Y,A,01,0,0,3,0,0,0,0,0,0,-,-,33.939048767089844,-117.23497009277344,RIVERSIDE,MORENO VALLEY,-117.23551940917967,33.93906021118164
8944115,2019,2019-10-08,3300,2019-08-29,1845,4867,604C9,4,5,6,3394,0,0,0,NA,0,MV44,IRIS AV,OLIVER ST,0,NA,Y,A,-,N,NA,NA,NA,NA,NA,NA,NA,NA,NA,Y,4,0,2,2,A,-,12,21453,A,N,D,C,A,A,H,-,B,A,0,NA,NA,NA,NA,Y,NA,-,-,0,0,2,0,0,0,0,0,0,-,-,33.895240783691406,-117.1829071044922,RIVERSIDE,MORENO VALLEY,-117.18292999267578,33.895259857177734
8944962,2019,2019-09-26,3300,2019-08-28,0821,N6000,509B,3,5,5,3341,0,0,0,NA,0,059,MENIFEE RD,GARBANI RD,0,NA,Y,A,-,N,NA,NA,NA,NA,NA,NA,NA,NA,NA,Y,4,0,1,1,A,-,08,22107,NA,N,E,I,A,A,H,-,A,A,0,NA,NA,NA,NA,Y,NA,A,01,0,0,1,0,0,0,0,0,0,-,-,33.656028747558594,-117.15389251708984,RIVERSIDE,MENIFEE,-117.1540069580078,33.655948638916016
8947056,2019,2019-10-04,3308,2019-09-16,1617,10610,526,1,5,5,3308,0,0,0,NA,0,SOUTH,STATE ST,ACACIA AV,160,S,N,A,-,N,NA,NA,NA,NA,NA,NA,NA,NA,NA,N,4,0,3,2,A,-,03,22350,NA,N,C,C,A,A,H,-,A,A,0,NA,NA,NA,NA,Y,NA,A,07,0,0,3,0,0,0,0,0,0,-,-,33.743900299072266,-116.97157287597656,RIVERSIDE,HEMET,-116.97164154052734,33.74346160888672
8948022,2019,2019-10-15,3325,2019-08-26,1752,1701,3325,1,5,4,3325,0,0,0,NA,0,002,SAN ELJAY AV,RAMON RD,180,N,N,A,-,N,NA,NA,NA,NA,NA,NA,NA,NA,NA,Y,4,0,1,2,A,-,09,21801,NA,N,D,C,A,A,H,-,A,D,0,NA,NA,NA,Y,Y,NA,A,01,0,0,1,0,0,0,0,0,0,-,-,NA,NA,RIVERSIDE,CATHEDRAL CITY,-116.45418548583984,33.81651306152344
8950572,2019,2019-10-16,3313,2019-09-01,0856,1831,3,7,5,7,3313,0,0,0,NA,0,2R29,ALESSANDRO BL,CENTURY AV,30,E,N,A,-,N,NA,NA,NA,NA,NA,NA,NA,NA,NA,Y,4,0,1,1,A,-,08,22107,NA,N,E,I,A,A,H,-,A,D,0,NA,NA,NA,NA,Y,NA,A,01,0,0,1,0,0,0,0,0,0,-,-,33.936431884765625,-117.3508071899414,RIVERSIDE,RIVERSIDE,-117.35106658935548,33.93635177612305
8950640,2019,2019-10-17,3309,2019-09-16,0809,443,3309,1,5,4,3309,0,0,0,NA,0,002,AVE 38,ADAMS ST,657,E,N,A,-,N,NA,NA,NA,NA,NA,NA,NA,NA,NA,N,3,0,1,2,A,-,03,22350,NA,N,C,C,A,A,H,-,A,A,0,NA,NA,NA,NA,Y,NA,A,01,0,1,0,0,0,0,0,0,0,-,-,NA,NA,RIVERSIDE,INDIO,-116.28416442871094,33.77289962768555
8952876,2019,2019-10-29,3325,2019-08-08,2500,544,NA,4,5,4,3325,0,0,0,NA,0,NA,DATE PALM DR,MCCALLUM WY,0,NA,-,A,-,N,NA,NA,NA,NA,NA,NA,NA,NA,NA,N,4,0,4,2,-,-,-,NA,NA,N,C,C,A,A,H,-,A,A,0,NA,NA,NA,NA,Y,Y,-,-,0,0,4,0,0,0,0,0,0,-,-,NA,NA,RIVERSIDE,CATHEDRAL CITY,-116.45828247070313,33.823150634765625
8953714,2019,2019-10-09,3300,2019-08-20,1541,5591,920C,2,5,4,3314,0,0,0,NA,0,070,ESPLANADE AV,STATE ST,583,E,N,A,-,N,NA,NA,NA,NA,NA,NA,NA,NA,NA,N,4,0,2,2,A,-,03,22350,NA,N,C,C,A,A,H,-,A,D,0,NA,NA,NA,NA,Y,Y,A,01,0,0,2,0,0,0,0,0,0,-,-,33.77294921875,-116.97189331054688,RIVERSIDE,SAN JACINTO,-116.969970703125,33.77289581298828
8953957,2019,2019-10-16,3300,2019-08-25,1940,N6217,38B2,7,5,4,3318,0,0,0,NA,0,T38,MONTEREY AV,MARKET PL,0,NA,Y,A,-,N,NA,NA,NA,NA,NA,NA,NA,NA,NA,Y,3,0,1,2,A,-,09,21453,C,N,D,C,A,A,H,-,C,A,0,NA,NA,NA,NA,Y,NA,A,07,0,1,0,0,0,0,0,0,0,-,-,NA,NA,RIVERSIDE,PALM DESERT,-116.38807,33.79918
8954141,2019,2019-10-23,3300,2019-09-06,0829,4050,011F,5,5,4,3344,0,0,0,NA,0,062,SCHOLAR WY,65TH ST,0,NA,Y,A,-,N,NA,NA,NA,NA,NA,NA,NA,NA,NA,N,4,0,1,2,A,-,12,22450,A,N,D,G,A,A,H,-,A,A,0,NA,Y,NA,NA,Y,NA,L,04,0,0,1,0,0,0,1,0,0,-,-,33.96720886230469,-117.56694793701172,RIVERSIDE,EASTVALE,-117.56706237792967,33.96718978881836
8954213,2019,2019-10-09,3300,2019-08-29,0820,3297,011,4,5,4,3344,0,0,0,NA,0,065,SCHOLAR WY,ORANGE ST,0,NA,Y,A,-,N,NA,NA,NA,NA,NA,NA,NA,NA,NA,N,3,0,1,2,A,-,08,22107,NA,N,D,G,A,A,H,-,A,A,0,NA,Y,NA,NA,Y,NA,L,04,0,1,0,0,0,0,1,0,0,-,-,33.95903015136719,-117.56704711914063,RIVERSIDE,EASTVALE,-117.56707763671876,33.95901107788086
8955654,2019,2019-10-21,3300,2019-09-17,0700,N6853,016C2,2,5,6,3345,0,0,0,NA,0,014,MISSION BL,CALEB ST,535,W,N,A,-,N,NA,NA,NA,NA,NA,NA,NA,NA,NA,Y,4,0,1,3,A,-,03,22350,NA,N,C,C,A,A,H,-,A,D,0,NA,NA,NA,NA,Y,NA,A,01,0,0,1,0,0,0,0,0,0,-,-,34.011680603027344,-117.45368194580078,RIVERSIDE,JURUPA VALLEY,-117.45553588867188,34.01175308227539
8956068,2019,2020-02-10,3300,2019-10-06,1634,4713,910F,7,5,5,3335,0,0,0,NA,0,062,WINCHESTER RD,RT 15,0,NA,Y,A,-,Y,RIV,8,15,-,-,6.45,R,4,S,N,4,0,1,2,A,-,07,21658,A,N,B,C,A,A,H,-,A,A,0,NA,NA,Y,NA,Y,NA,D,22,0,0,1,0,0,0,0,0,1,-,SO,NA,NA,RIVERSIDE,TEMECULA,-117.16172027587892,33.52029037475586
8956080,2019,2019-10-25,3313,2019-09-30,0721,1957,3,1,5,7,3313,0,0,0,NA,0,T75,CENTRAL AV,FALKIRK AV,0,NA,Y,A,-,N,NA,NA,NA,NA,NA,NA,NA,NA,NA,N,4,0,1,2,A,-,12,21453,A,N,D,C,A,A,H,-,A,A,0,NA,NA,NA,NA,Y,NA,D,22,0,0,1,0,0,0,0,0,0,-,-,33.95376968383789,-117.36293029785156,RIVERSIDE,RIVERSIDE,-117.36277770996094,33.95391845703125
8959081,2019,2019-10-30,3306,2019-07-17,0034,134,3306,3,5,3,3306,0,0,0,NA,0,NA,LONG CANYON RD,HACIENDA AV,0,NA,Y,A,-,N,NA,NA,NA,NA,NA,NA,NA,NA,NA,Y,2,0,2,1,A,-,03,22350,NA,N,E,I,A,A,H,-,D,D,0,NA,NA,Y,NA,Y,NA,C,02,1,1,0,0,0,0,0,0,2,-,-,NA,NA,RIVERSIDE,DESERT HOT SPRINGS,-116.4574966430664,33.946929931640625
8959123,2019,2019-10-30,3313,2019-09-29,1450,1827,3,7,5,7,3313,0,0,0,NA,0,T43,ALESSANDRO BL,CANYON CREST DR,536,E,N,A,-,N,NA,NA,NA,NA,NA,NA,NA,NA,NA,NA,4,0,1,2,A,-,03,22350,NA,N,C,C,A,A,H,-,A,D,0,NA,NA,NA,NA,Y,NA,A,01,0,0,1,0,0,0,0,0,0,-,-,33.92572021484375,-117.33956909179688,RIVERSIDE,RIVERSIDE,-117.33821868896484,33.92471694946289
8959192,2019,2019-10-30,3300,2019-09-15,1038,4427,920A,7,5,4,3314,0,0,0,NA,0,070,COTTONWOOD AV,BISSELL PL,120,E,N,A,-,N,NA,NA,NA,NA,NA,NA,NA,NA,NA,N,4,0,1,2,A,-,03,22350,NA,N,C,C,A,A,H,-,A,D,0,NA,NA,NA,NA,Y,NA,A,01,0,0,1,0,0,0,0,0,0,-,-,33.787479400634766,-116.97493743896484,RIVERSIDE,SAN JACINTO,-116.9746551513672,33.78746032714844
8959456,2019,2019-11-05,3313,2019-10-09,1334,1736,2,3,5,7,3313,0,0,0,NA,0,T49,UNIVERSITY AV,UNIVERSITY VILLAGE,0,NA,Y,A,-,N,NA,NA,NA,NA,NA,NA,NA,NA,NA,NA,4,0,1,2,A,-,10,21950,A,N,G,B,B,A,H,-,A,A,0,Y,NA,NA,NA,Y,NA,A,01,0,0,1,0,1,0,0,0,0,-,-,NA,NA,RIVERSIDE,RIVERSIDE,-117.33778381347656,33.975738525390625
8959480,2019,2019-11-04,3315,2019-10-03,2208,002661,NA,4,5,6,3315,0,0,0,NA,0,004,ONTARIO AV,VIA PACIFICA,0,NA,Y,A,-,N,NA,NA,NA,NA,NA,NA,NA,NA,NA,NA,4,0,1,2,A,-,12,21453,A,N,D,C,A,A,H,-,C,A,0,NA,NA,NA,NA,Y,NA,A,01,0,0,1,0,0,0,0,0,0,-,-,33.85831832885742,-117.59442138671876,RIVERSIDE,CORONA,-117.59410858154295,33.85898971557617
8959504,2019,2019-11-04,3315,2019-10-14,1131,001226,12E,1,5,6,3315,0,0,0,NA,0,004,CITRUS WY,FAITH ST,38,E,N,A,-,N,NA,NA,NA,NA,NA,NA,NA,NA,NA,Y,4,0,1,1,A,-,03,22350,NA,N,E,I,A,A,H,-,A,D,0,NA,NA,NA,NA,Y,NA,A,07,0,0,1,0,0,0,0,0,0,-,-,33.84912872314453,-117.57289123535156,RIVERSIDE,CORONA,-117.5727996826172,33.84906768798828
8959505,2019,2019-11-01,3313,2019-10-06,2310,1863,5,7,5,7,3313,0,0,0,NA,0,1R51,LA SIERRA AV,INDIANA AV,0,NA,Y,A,-,N,NA,NA,NA,NA,NA,NA,NA,NA,NA,NA,4,0,3,2,A,-,12,21453,A,N,D,C,A,A,H,-,C,A,0,NA,NA,NA,NA,Y,NA,A,01,0,0,3,0,0,0,0,0,0,-,-,33.8968391418457,-117.4719467163086,RIVERSIDE,RIVERSIDE,-117.4711685180664,33.89720153808594
8961700,2019,2019-11-07,3300,2019-09-06,1700,5228,910P,5,5,5,3335,0,0,0,NA,0,069,RAINBOW CANYON,RAINBOW CANYON 44501,0,NA,Y,A,-,N,NA,NA,NA,NA,NA,NA,NA,NA,NA,Y,3,0,2,2,A,-,01,23152,A,M,C,C,A,A,H,-,A,D,0,NA,NA,NA,NA,Y,Y,A,01,0,1,1,0,0,0,0,0,0,-,-,NA,NA,RIVERSIDE,TEMECULA,NA,NA
8962629,2019,2019-11-05,3300,2019-10-03,1615,4211,38B2,4,5,4,3318,0,0,0,NA,0,MO877,DINAH SHORE DR,GATEWAY DR,50,W,N,A,-,N,NA,NA,NA,NA,NA,NA,NA,NA,NA,N,4,0,1,2,A,-,21,22106,NA,N,C,C,A,A,H,-,A,A,0,NA,NA,NA,NA,Y,NA,D,22,0,0,1,0,0,0,0,0,0,-,-,33.800270080566406,-116.38265228271484,RIVERSIDE,PALM DESERT,-116.38282775878906,33.800445556640625
8962776,2019,2019-10-29,3300,2019-09-16,1920,5465,NA,1,5,4,3318,0,0,0,NA,0,T30,FRED WARING,COOK,0,NA,Y,A,-,N,NA,NA,NA,NA,NA,NA,NA,NA,NA,Y,4,0,1,2,A,-,12,21453,A,M,D,C,A,A,H,-,C,A,0,NA,NA,NA,NA,Y,NA,A,01,0,0,1,0,0,0,0,0,0,-,-,NA,NA,RIVERSIDE,PALM DESERT,-116.35629272460938,33.728858947753906
8962901,2019,2019-10-28,3300,2019-09-14,2222,5323,36L5,6,5,4,3318,0,0,0,NA,0,036,FRED WARING DR,DEEP CANYON RD,0,NA,Y,A,-,N,NA,NA,NA,NA,NA,NA,NA,NA,NA,Y,3,0,2,2,A,-,09,21453,C,N,D,C,A,A,H,-,C,A,0,NA,NA,NA,NA,Y,NA,A,01,0,1,1,0,0,0,0,0,0,-,-,33.728851318359375,-116.36504364013672,RIVERSIDE,PALM DESERT,-116.36502838134766,33.728919982910156
8963013,2019,2019-10-29,3300,2019-09-24,0902,3146,916A,2,5,4,3312,0,0,0,NA,0,031,RAMONA EXPWY,REDLANDS AV,87,W,N,A,-,N,NA,NA,NA,NA,NA,NA,NA,NA,NA,Y,4,0,1,3,A,-,01,23152,C,N,B,C,A,A,H,-,A,A,0,NA,NA,NA,NA,Y,NA,A,01,0,0,1,0,0,0,0,0,0,-,-,33.844539642333984,-117.21681213378906,RIVERSIDE,PERRIS,-117.21718597412108,33.84450149536133
8964538,2019,2020-01-13,3300,2019-07-13,1220,4468,905I,6,5,4,3307,0,0,0,NA,0,095,CENTRAL AV,CAMBERN AV,246,W,N,A,-,N,NA,NA,NA,NA,NA,NA,NA,NA,NA,Y,3,0,2,3,A,-,03,22350,NA,F,C,C,A,A,H,-,A,D,0,NA,NA,NA,NA,Y,NA,-,99,0,1,1,0,0,0,0,0,0,-,-,NA,NA,RIVERSIDE,LAKE ELSINORE,-117.33438873291016,33.694854736328125