CASE_ID,ACCIDENT_YEAR,PROC_DATE,JURIS,COLLISION_DATE,COLLISION_TIME,OFFICER_ID,REPORTING_DISTRICT,DAY_OF_WEEK,CHP_SHIFT,POPULATION,CNTY_CITY_LOC,SPECIAL_COND,BEAT_TYPE,CHP_BEAT_TYPE,CITY_DIVISION_LAPD,CHP_BEAT_CLASS,BEAT_NUMBER,PRIMARY_RD,SECONDARY_RD,DISTANCE,DIRECTION,INTERSECTION,WEATHER_1,WEATHER_2,STATE_HWY_IND,CALTRANS_COUNTY,CALTRANS_DISTRICT,STATE_ROUTE,ROUTE_SUFFIX,POSTMILE_PREFIX,POSTMILE,LOCATION_TYPE,RAMP_INTERSECTION,SIDE_OF_HWY,TOW_AWAY,COLLISION_SEVERITY,NUMBER_KILLED,NUMBER_INJURED,PARTY_COUNT,PRIMARY_COLL_FACTOR,PCF_CODE_OF_VIOL,PCF_VIOL_CATEGORY,PCF_VIOLATION,PCF_VIOL_SUBSECTION,HIT_AND_RUN,TYPE_OF_COLLISION,MVIW,PED_ACTION,ROAD_SURFACE,ROAD_COND_1,ROAD_COND_2,LIGHTING,CONTROL_DEVICE,CHP_ROAD_TYPE,PEDESTRIAN_ACCIDENT,BICYCLE_ACCIDENT,MOTORCYCLE_ACCIDENT,TRUCK_ACCIDENT,NOT_PRIVATE_PROPERTY,ALCOHOL_INVOLVED,STWD_VEHTYPE_AT_FAULT,CHP_VEHTYPE_AT_FAULT,COUNT_SEVERE_INJ,COUNT_VISIBLE_INJ,COUNT_COMPLAINT_PAIN,COUNT_PED_KILLED,COUNT_PED_INJURED,COUNT_BICYCLIST_KILLED,COUNT_BICYCLIST_INJURED,COUNT_MC_KILLED,COUNT_MC_INJURED,PRIMARY_RAMP,SECONDARY_RAMP,LATITUDE,LONGITUDE,COUNTY,CITY,POINT_X,POINT_Y
90088911,2015,2016-01-05,9840,2015-12-07,0630,018383,NA,1,1,7,3313,0,1,1,NA,2,024,I-215 N/B TO I-215 N/B,EUCALYPTUS AVE.,2000,N,N,A,-,Y,NA,NA,215,NA,NA,NA,R,NA,N,Y,4,0,1,3,A,-,03,22350,NA,N,C,C,A,A,H,-,A,D,0,NA,NA,NA,NA,Y,NA,A,01,0,0,1,0,0,0,0,0,0,-,-,33.94418,-117.29287,RIVERSIDE,RIVERSIDE,-117.29287,33.94418
90089027,2015,2016-01-06,9840,2015-12-14,1740,014916,9840,1,2,9,3300,0,2,4,NA,2,042,VAN BUREN BLVD. W/B,I-215,114,E,N,A,-,N,NA,NA,NA,NA,NA,NA,NA,NA,NA,Y,2,0,1,2,A,-,01,23152,A,N,E,J,A,A,H,-,C,A,0,NA,NA,Y,NA,Y,Y,C,02,1,0,0,0,0,0,0,0,1,-,-,NA,NA,RIVERSIDE,UNINCORPORATED,-117.26970794,33.88760485
90089489,2015,2016-01-06,9685,2015-12-30,2030,012775,NA,3,2,9,3300,0,1,3,NA,1,012,SR-74 W/B,RICHARD STREET,0,NA,Y,A,-,Y,NA,NA,74,NA,NA,NA,NA,NA,W,Y,4,0,2,2,A,-,09,21801,A,N,D,C,A,A,H,-,D,A,0,NA,NA,NA,NA,Y,NA,A,01,0,0,2,0,0,0,0,0,0,-,-,33.73519,-117.28581,RIVERSIDE,UNINCORPORATED,-117.28591204,33.73528064
90090796,2015,2016-01-07,9685,2015-12-28,1240,013148,NA,1,1,9,3300,0,1,3,NA,2,011,RT 74,GRAND AVENUE,10560,W,N,B,-,Y,NA,NA,74,NA,NA,NA,NA,NA,NA,Y,3,0,4,3,D,-,00,NA,NA,N,A,C,A,A,H,-,A,D,0,NA,NA,NA,NA,Y,NA,-,-,0,4,0,0,0,0,0,0,0,-,-,33.64664,-117.37265,RIVERSIDE,UNINCORPORATED,-117.37265054,33.64663733
90091324,2015,2016-01-08,9840,2015-12-14,0850,014868,NA,1,1,6,3315,0,1,1,NA,2,034,I-15 (N/B),CAJALCO RD,528,S,N,A,-,Y,NA,NA,15,NA,NA,NA,NA,NA,NA,Y,4,0,2,2,A,-,03,22350,NA,N,C,C,A,A,H,-,A,D,0,NA,NA,NA,NA,Y,NA,A,01,0,0,2,0,0,0,0,0,0,-,-,33.8153,-117.51176,RIVERSIDE,CORONA,-117.51177989,33.81528635
90092010,2015,2016-01-11,9840,2015-12-09,1440,019361,NA,3,2,7,3313,0,1,1,NA,2,023,I-215 (S/B) FROM CENTRAL AVENUE,CENTRAL AVENUE,70,S,N,A,-,Y,NA,NA,NA,NA,NA,NA,NA,NA,NA,N,4,0,2,2,A,-,08,22107,NA,N,D,C,A,A,H,-,A,A,0,NA,NA,NA,NA,Y,NA,A,01,0,0,2,0,0,0,0,0,0,-,-,33.95822,-117.30942,RIVERSIDE,RIVERSIDE,NA,NA
90094228,2015,2016-01-13,9840,2015-11-26,1445,017169,NA,4,2,6,3315,0,1,3,NA,2,030,SR-91 W/B,SMITH STREET,100,W,N,B,-,Y,NA,NA,91,NA,NA,NA,NA,NA,W,Y,4,0,1,2,D,-,00,NA,NA,N,C,C,A,B,D,E,A,D,0,NA,NA,Y,NA,Y,NA,-,-,0,0,1,0,0,0,0,0,1,-,-,33.88184,-117.59455,RIVERSIDE,CORONA,-117.59452833,33.88170768
90095131,2015,2016-01-14,9840,2015-10-28,0636,017817,NA,3,1,6,3345,0,1,1,NA,2,011,I-15 N/B,LIMONITE AVE.,700,N,N,A,-,Y,NA,NA,15,NA,NA,NA,NA,NA,N,Y,3,0,1,3,A,-,03,22350,NA,N,C,C,A,A,H,-,A,D,0,NA,NA,NA,NA,Y,NA,A,01,0,1,0,0,0,0,0,0,0,-,-,33.97942,-117.54859,RIVERSIDE,JURUPA VALLEY,-117.54871308,33.97941667
90096184,2015,2016-01-15,9840,2015-11-13,1745,016497,NA,5,2,6,3315,0,1,3,NA,2,031,SR-91 W/B,W. GRAND AVE.,40,W,N,A,-,Y,NA,NA,91,NA,NA,NA,NA,NA,W,Y,4,0,1,2,A,-,03,22350,NA,F,C,C,A,A,H,-,C,D,0,NA,NA,NA,NA,Y,NA,A,01,0,0,1,0,0,0,0,0,0,-,-,33.88067,-117.57016,RIVERSIDE,CORONA,-117.57016656,33.88059784
90096565,2016,2016-01-15,9685,2016-01-08,1650,012752,NA,5,2,5,3335,0,1,1,NA,2,030,I-15 NORTHBOUND,TEMECULA PARKWAY,2640,N,N,B,-,Y,NA,NA,NA,NA,NA,NA,NA,NA,NA,N,4,0,1,2,A,-,03,22350,NA,N,C,C,A,A,H,-,A,D,0,NA,NA,NA,NA,Y,NA,A,01,0,0,1,0,0,0,0,0,0,-,-,33.29848,-117.83433,RIVERSIDE,TEMECULA,NA,NA
90096568,2016,2016-01-15,9630,2016-01-10,0219,020645,NA,7,3,9,3300,0,1,1,NA,2,022,I-10 E/B,DILLON RD,4224,W,N,A,-,Y,NA,NA,NA,NA,NA,NA,NA,NA,NA,N,4,0,1,2,A,-,11,21954,A,N,G,B,E,A,H,-,D,D,0,Y,NA,NA,Y,Y,Y,N,60,0,0,1,0,1,0,0,0,0,-,-,33.71515,-116.18714,RIVERSIDE,UNINCORPORATED,-116.18668549,33.71511317
90097419,2016,2016-01-19,9655,2016-01-05,1450,015795,NA,2,2,9,3300,0,1,1,NA,2,206,I-10 E/B,WHITEWATER CUTOFF,5280,E,N,B,C,Y,NA,NA,10,NA,NA,NA,NA,NA,E,Y,4,0,1,5,A,-,08,22107,NA,N,D,C,E,B,H,-,A,D,0,Y,NA,NA,Y,Y,NA,A,01,0,0,1,0,1,0,0,0,0,-,-,33.91834,-116.62458,RIVERSIDE,UNINCORPORATED,-116.6245626,33.91842487
90098781,2015,2016-01-20,9840,2015-12-13,1625,018611,NA,7,2,6,3315,0,1,3,NA,2,030,SR-91 W/B,SERFAS CLUB DRIVE,350,W,N,B,-,Y,NA,NA,91,NA,NA,NA,NA,NA,W,Y,4,0,2,3,A,-,03,22350,NA,N,C,C,A,A,D,-,A,D,0,NA,NA,NA,NA,Y,NA,A,01,0,0,2,0,0,0,0,0,0,-,-,33.88093,-117.61375,RIVERSIDE,CORONA,-117.6137508,33.88092376
90098984,2016,2016-01-20,9655,2016-01-10,2312,017720,NA,7,3,3,3302,0,1,1,NA,2,202,I-10 W/B,VEILE AVE,1069,W,N,A,-,Y,NA,NA,10,NA,NA,NA,NA,NA,W,Y,4,0,1,1,A,-,01,23152,A,N,E,I,A,A,H,-,A,D,0,NA,NA,NA,NA,Y,Y,A,01,0,0,1,0,0,0,0,0,0,-,-,33.93365,-116.98981,RIVERSIDE,BEAUMONT,-116.9898491,33.93355802
90099814,2015,2016-01-21,9840,2015-12-17,1025,019219,NA,4,1,6,3315,0,1,1,NA,2,037,I-15 NORTHBOUND,CAJALCO ROAD,2640,S,N,A,-,Y,NA,NA,15,NA,NA,NA,NA,NA,N,Y,4,0,2,2,A,-,03,22350,NA,N,C,C,A,A,H,-,A,D,0,NA,NA,NA,NA,Y,NA,A,01,0,0,2,0,0,0,0,0,0,-,-,33.81793,-117.5146,RIVERSIDE,CORONA,-117.51441384,33.81813526
90100525,2016,2016-01-22,9655,2016-01-01,0112,020963,NA,5,3,9,3300,0,1,3,NA,2,212,SR-60 W/B,JACK RABBIT TRL,5808,W,N,A,-,Y,NA,NA,60,NA,NA,NA,NA,NA,W,Y,4,0,1,2,A,-,01,23152,A,N,C,C,A,A,H,-,D,D,0,NA,NA,NA,NA,Y,Y,A,08,0,0,1,0,0,0,0,0,0,-,-,33.94233,-117.05037,RIVERSIDE,UNINCORPORATED,-117.05037647,33.94231245
90100934,2016,2016-01-22,9685,2016-01-08,0720,014488,NA,5,1,9,3300,0,1,3,NA,1,039,SR-79 NORTHBOUND,DUGAN DR,528,N,N,A,-,Y,NA,NA,79,NA,NA,NA,NA,NA,N,Y,4,0,1,1,A,-,03,22350,NA,N,F,A,A,B,H,-,A,D,0,NA,NA,NA,NA,Y,NA,A,01,0,0,1,0,0,0,0,0,0,-,-,33.46674,-116.927,RIVERSIDE,UNINCORPORATED,-116.92698226,33.4667583
90101671,2015,2016-01-25,9840,2015-12-16,1600,018383,NA,3,2,7,3313,0,1,1,NA,2,024,I-215 N/B,ALESSANDRO BLVD,150,N,N,A,-,Y,NA,NA,215,NA,NA,NA,NA,NA,N,Y,4,0,1,3,A,-,03,22350,NA,N,C,C,A,A,H,-,A,D,0,NA,NA,NA,NA,Y,NA,A,07,0,0,1,0,0,0,0,0,0,-,-,33.91887,-117.28804,RIVERSIDE,RIVERSIDE,-117.28808746,33.91885931
9010184,2019,2020-01-08,3300,2019-11-01,1508,N6158,22J1,5,5,3,3317,0,0,0,NA,0,022,FRANK SINATRA DR,VISTA DEL SOL,0,NA,Y,A,-,N,NA,NA,NA,NA,NA,NA,NA,NA,NA,Y,4,0,1,2,A,-,09,21804,A,N,D,C,A,A,H,-,A,A,0,NA,NA,NA,NA,Y,NA,A,01,0,0,1,0,0,0,0,0,0,-,-,NA,NA,RIVERSIDE,RANCHO MIRAGE,-116.39739990234376,33.772579193115234
90104506,2016,2016-01-28,9840,2016-01-14,0738,012608,NA,4,1,7,3313,0,1,3,NA,2,010,SR-60 E/B,MARKET ST,416,E,N,A,-,Y,NA,NA,60,NA,NA,NA,NA,NA,E,N,4,0,1,2,A,-,03,22350,NA,N,C,C,A,A,H,-,A,D,0,NA,NA,NA,NA,Y,NA,A,01,0,0,1,0,0,0,0,0,0,-,-,34.001220000000004,-117.37639,RIVERSIDE,RIVERSIDE,-117.3763977,34.00120155
90104907,2016,2016-01-28,9840,2016-01-11,2340,020124,NA,1,3,6,3315,0,1,3,NA,2,031,SR-91 E/B,MAIN ST.,1400,W,N,A,-,Y,NA,NA,91,NA,NA,NA,NA,NA,E,N,4,0,2,2,A,-,03,22350,NA,N,C,C,A,A,D,E,C,D,0,NA,NA,NA,NA,Y,NA,A,01,0,0,2,0,0,0,0,0,0,-,-,33.88043,-117.5702,RIVERSIDE,CORONA,-117.57019641,33.8804632
90104929,2015,2016-01-28,9840,2015-12-31,1053,017817,NA,4,1,7,3313,0,1,3,NA,2,021,SR-91 E/B,ADAMS ST.,150,E,N,A,-,Y,NA,NA,91,NA,NA,NA,NA,NA,E,N,4,0,1,2,A,-,03,22350,NA,N,C,C,A,A,D,-,A,D,0,NA,NA,NA,NA,Y,NA,D,22,0,0,1,0,0,0,0,0,0,-,-,33.92856,-117.41735,RIVERSIDE,RIVERSIDE,-117.41741411,33.92867135
9010507,2019,2020-01-03,3300,2019-11-07,1448,N6000,501A,4,5,5,3341,0,0,0,NA,0,051,TRUMBLE RD,LAVENDER ST,50,S,N,A,-,N,NA,NA,NA,NA,NA,NA,NA,NA,NA,N,4,0,1,2,A,-,08,22103,NA,N,D,C,A,A,H,-,A,D,0,NA,NA,NA,NA,Y,NA,A,01,0,0,1,0,0,0,0,0,0,-,-,33.73196029663086,-117.18470764160156,RIVERSIDE,MENIFEE,-117.18473052978516,33.731693267822266
9010510,2019,2019-12-27,3342,2019-09-07,2125,646,261,6,5,4,3342,0,0,0,NA,0,022,CALIFORNIA OAKS RD,HANCOCK AV,0,NA,Y,A,-,N,NA,NA,NA,NA,NA,NA,NA,NA,NA,Y,4,0,1,2,A,-,12,21453,A,N,B,I,A,A,H,-,C,A,0,NA,NA,NA,NA,Y,NA,A,01,0,0,1,0,0,0,0,0,0,-,-,33.581790924072266,-117.19844818115234,RIVERSIDE,MURRIETA,-117.1984634399414,33.581851959228516
9010515,2019,2020-01-03,3300,2019-11-07,1739,5538,916D,4,5,4,3312,0,0,0,NA,0,031,RAMONA EXPWY,INDIAN AV,0,W,N,A,-,N,NA,NA,NA,NA,NA,NA,NA,NA,NA,Y,4,0,2,2,A,-,07,21658,A,N,B,C,A,A,H,-,C,D,0,NA,NA,NA,NA,Y,NA,A,07,0,0,2,0,0,0,0,0,0,-,-,33.844451904296875,-117.20796966552734,RIVERSIDE,PERRIS,-117.23475646972656,33.84461975097656
90105571,2016,2016-01-29,9840,2016-01-22,1630,019361,NA,5,2,7,3313,0,1,3,NA,2,010,SR-60 E/B,VALLEY WAY,1056,W,N,A,-,Y,NA,NA,NA,NA,NA,NA,NA,NA,NA,N,4,0,1,2,A,-,03,22350,NA,N,C,C,A,A,H,-,A,D,0,NA,NA,NA,NA,Y,NA,A,01,0,0,1,0,0,0,0,0,0,-,-,33.01433,-117.45084,RIVERSIDE,RIVERSIDE,-117.43727141,34.0124519
90105691,2016,2016-01-29,9685,2016-01-28,1805,016096,NA,4,2,9,3300,0,1,3,NA,1,031,SR-79 NORTHBOUND,THOMPSON ROAD,136,S,N,A,-,Y,NA,NA,79,NA,NA,NA,NA,NA,N,Y,3,0,1,2,A,-,03,22350,NA,N,C,C,A,A,H,-,C,A,0,NA,NA,NA,NA,Y,NA,A,07,0,1,0,0,0,0,0,0,0,-,-,33.59777,-117.11829,RIVERSIDE,UNINCORPORATED,-117.11852451,33.59798467
90106908,2016,2016-02-01,9840,2016-01-05,1230,013950,NA,2,1,7,3313,0,1,1,NA,2,023,I-215 S/B,MARTIN LUTHER KING BLVD,20,N,N,C,-,Y,NA,NA,NA,NA,NA,NA,NA,NA,NA,Y,4,0,1,3,A,-,03,22350,NA,N,C,C,A,B,H,-,A,D,0,NA,NA,NA,NA,Y,NA,D,22,0,0,1,0,0,0,0,0,0,-,-,NA,NA,RIVERSIDE,RIVERSIDE,NA,NA
90107178,2016,2016-02-02,9840,2016-01-05,1745,014335,NA,2,2,9,3300,0,2,4,NA,2,042,VAN BUREN BLVD,GAMBLE AVE,0,NA,Y,B,-,N,NA,NA,NA,NA,NA,NA,NA,NA,NA,Y,4,0,1,2,A,-,09,21453,C,N,D,C,A,B,H,-,C,A,0,NA,NA,NA,NA,Y,NA,A,01,0,0,1,0,0,0,0,0,0,-,-,33.88337,-117.35315,RIVERSIDE,UNINCORPORATED,-117.35305005,33.88349011
90107695,2016,2016-02-02,9840,2016-01-06,0655,014868,NA,3,1,4,3344,0,1,1,NA,2,011,I-15 (N/B),LIMONITE AVE,5280,S,N,B,-,Y,NA,NA,15,NA,NA,NA,NA,NA,NA,Y,4,0,1,2,A,-,03,22350,NA,N,C,C,A,A,H,-,A,D,0,NA,NA,NA,NA,Y,NA,A,01,0,0,1,0,0,0,0,0,0,-,-,33.96294,-117.54874,RIVERSIDE,EASTVALE,-117.54870676,33.96293939
90108452,2016,2016-02-03,9840,2016-01-22,1340,018611,NA,5,1,6,3315,0,1,3,NA,2,030,SR-91 E/B,W. SIXTH STREET,550,E,N,A,-,Y,NA,NA,91,NA,NA,NA,NA,NA,E,N,4,0,1,3,A,-,03,22350,NA,N,C,C,A,A,D,-,A,D,0,NA,NA,NA,NA,Y,NA,D,22,0,0,1,0,0,0,0,0,0,-,-,33.88044,-117.60093,RIVERSIDE,CORONA,-117.60094313,33.88052138
90108778,2016,2016-02-03,9840,2016-01-24,1530,019361,NA,7,2,6,3394,0,1,3,NA,2,025,SR-60 W/B,MORENO BEACH DRIVE,1056,E,N,A,-,Y,NA,NA,60,NA,NA,NA,NA,NA,W,N,4,0,2,2,A,-,03,22350,NA,N,C,C,A,A,H,-,A,D,0,NA,NA,NA,NA,Y,NA,A,07,0,0,2,0,0,0,0,0,0,-,-,33.93943,-117.17231,RIVERSIDE,MORENO VALLEY,-117.17230996,33.93936711
90109142,2016,2016-02-04,9660,2016-01-10,0845,020615,NA,7,1,3,3303,0,1,1,NA,2,032,I-10 W/B,ARROW HEAD O/C,2640,W,N,B,-,Y,NA,NA,10,NA,NA,NA,NA,NA,W,Y,1,1,0,1,A,-,08,22107,NA,N,F,A,A,A,H,-,A,D,0,NA,NA,NA,NA,Y,NA,A,01,0,0,0,0,0,0,0,0,0,-,-,33.60666,-114.64892999999999,RIVERSIDE,BLYTHE,-114.6489303,33.60673846
90109225,2016,2016-02-04,9840,2016-01-08,1857,020220,NA,5,2,7,3313,0,1,1,NA,2,022,I-215 N/B,COLUMBIA AVE,750,S,N,A,-,Y,NA,NA,NA,NA,NA,NA,NA,NA,NA,Y,4,0,1,3,A,-,03,22350,NA,F,C,C,A,A,H,-,C,D,0,NA,NA,NA,NA,Y,NA,A,01,0,0,1,0,0,0,0,0,0,-,-,33.00175,-117.35015,RIVERSIDE,RIVERSIDE,-117.35306307,33.99951618
90109608,2016,2016-02-04,9840,2016-01-10,0105,019844,NA,7,3,6,3394,0,1,1,NA,2,024,I-215 N/B TO SR-60 E/B,SR-60,506,S,N,A,-,Y,NA,NA,215,NA,NA,NA,R,NA,N,Y,4,0,1,1,A,-,03,22350,NA,N,E,I,A,A,H,-,C,D,0,NA,NA,NA,NA,Y,NA,A,01,0,0,1,0,0,0,0,0,0,-,-,33.94363,-117.29064,RIVERSIDE,MORENO VALLEY,-117.29064,33.94363
90109687,2016,2016-02-04,9630,2016-01-31,1140,020061,NA,7,1,9,3300,0,1,3,NA,2,086,SR-86 S/B,LINCOLN ST,500,S,N,E,G,Y,NA,NA,NA,NA,NA,NA,NA,NA,NA,N,4,0,1,2,A,-,03,22350,NA,N,C,C,A,A,H,-,A,D,0,NA,NA,NA,NA,Y,NA,D,22,0,0,1,0,0,0,0,0,0,-,-,33.4344,-116.06654,RIVERSIDE,UNINCORPORATED,NA,NA
90110321,2016,2016-02-05,9840,2016-01-13,0943,012208,NA,3,1,6,3315,0,1,1,NA,2,034,I-15 N/B {CORONA FREEWAY},CAJALCO ROAD,1635,N,N,B,-,Y,NA,NA,15,NA,NA,NA,NA,NA,N,Y,4,0,1,2,A,-,03,22350,NA,N,C,C,A,A,H,-,A,D,0,NA,NA,NA,NA,Y,NA,A,01,0,0,1,0,0,0,0,0,0,-,-,33.82412,-117.52188,RIVERSIDE,CORONA,-117.52184527,33.82416321
90110412,2016,2016-02-05,9840,2016-01-13,0700,017169,NA,3,1,6,3315,0,1,3,NA,2,030,SR-91 W/B,SMITH STREET,500,E,N,A,-,Y,NA,NA,91,NA,NA,NA,NA,NA,W,N,4,0,1,2,A,-,03,22350,NA,N,C,C,A,A,D,E,A,D,0,NA,NA,NA,NA,Y,NA,A,07,0,0,1,0,0,0,0,0,0,-,-,33.8821,-117.59292,RIVERSIDE,CORONA,-117.59289933,33.88197801
90110912,2016,2016-02-08,9685,2016-02-05,1754,17285,NA,5,2,9,3300,0,3,5,NA,2,003,TECHNOLOGY DRIVE,WINCHESTER ROAD,150,E,N,A,-,N,NA,NA,NA,NA,NA,NA,NA,NA,NA,N,4,0,1,2,A,-,03,22350,NA,N,C,C,A,A,H,-,C,D,0,NA,NA,NA,NA,Y,NA,A,01,0,0,1,0,0,0,0,0,0,-,-,33.64264,-117.17106,RIVERSIDE,UNINCORPORATED,-117.13808651,33.56069192
90111612,2016,2016-02-09,9655,2016-02-04,2140,018336,NA,4,2,9,3300,0,3,5,NA,2,002,OAK GLEN RD,TOKAY ST,0,NA,Y,A,-,N,NA,NA,NA,NA,NA,NA,NA,NA,NA,Y,3,0,1,2,A,-,06,21755,NA,N,B,C,A,A,H,-,D,D,0,NA,NA,Y,NA,Y,NA,C,02,0,1,0,0,0,0,0,0,1,-,-,33.97969,-116.97636,RIVERSIDE,UNINCORPORATED,-116.97655002,33.97974012
90112501,2016,2016-02-10,9840,2016-01-14,1335,018248,NA,4,1,7,3313,0,1,3,NA,2,020,SR-91 W/B,LA SIERRA AVE,528,W,N,A,-,Y,NA,NA,91,NA,NA,NA,NA,NA,W,Y,4,0,1,2,A,-,03,22350,NA,N,C,C,A,A,H,-,A,D,0,NA,NA,NA,NA,Y,NA,A,07,0,0,1,0,0,0,0,0,0,-,-,33.89703,-117.48079,RIVERSIDE,RIVERSIDE,-117.48079977,33.89708619
90112668,2016,2016-02-10,9840,2016-01-28,1845,016765,NA,4,2,7,3313,0,1,3,NA,2,021,SR-91 E/B,SR-60,200,W,N,A,-,Y,NA,NA,91,NA,NA,NA,NA,NA,E,N,4,0,1,2,A,-,03,22350,NA,N,C,C,A,A,H,-,C,D,0,NA,NA,NA,NA,Y,NA,A,01,0,0,1,0,0,0,0,0,0,-,-,33.99336,-117.35666,RIVERSIDE,RIVERSIDE,-117.3570077,33.99359754
9011274,2019,2020-02-14,3311,2019-12-18,0746,15842,NA,3,5,4,3311,0,0,0,NA,0,004,FARRELL DR,TACHEVAH DR,145,S,N,A,-,N,NA,NA,NA,NA,NA,NA,NA,NA,NA,N,4,0,1,1,C,-,18,NA,NA,N,H,A,A,A,H,-,A,D,0,NA,NA,NA,NA,Y,NA,-,-,0,0,1,0,0,0,0,0,0,-,-,33.83760070800781,-116.51956939697266,RIVERSIDE,PALM SPRINGS,-116.52027893066406,33.83794021606445
90112978,2016,2016-02-10,9840,2016-02-02,1903,020102,NA,2,2,7,3313,0,1,1,NA,2,023,I-215 S/B,FAIR  ISLE DR,1000,N,N,A,-,Y,NA,NA,NA,NA,NA,NA,NA,NA,NA,Y,4,0,1,2,A,-,03,22350,NA,N,C,C,A,A,H,-,D,D,0,NA,NA,NA,NA,Y,NA,A,01,0,0,1,0,0,0,0,0,0,-,-,33.98366,-117.30457,RIVERSIDE,RIVERSIDE,NA,NA
90113095,2016,2016-02-10,9630,2016-01-30,1358,019228,NA,6,1,9,3300,0,1,1,NA,2,301,I-10 E/B,FRONTAGE RD,18480,W,N,A,-,Y,NA,NA,10,NA,NA,NA,NA,NA,E,Y,3,0,1,1,A,-,07,21658,A,N,E,I,A,A,H,-,A,D,0,NA,NA,NA,NA,Y,NA,A,01,0,1,0,0,0,0,0,0,0,-,-,33.6796,-115.9775,RIVERSIDE,UNINCORPORATED,-115.9775097,33.67980229
90113462,2016,2016-02-11,9840,2016-01-21,0015,020210,NA,4,3,6,3394,0,1,3,NA,2,025,SR-60 E/B,DAY ST,1000,E,N,A,-,Y,NA,NA,60,NA,NA,NA,NA,NA,E,Y,2,0,1,1,A,-,08,22107,NA,N,E,I,A,A,H,-,C,D,0,NA,NA,NA,NA,Y,NA,A,01,1,0,0,0,0,0,0,0,0,-,-,33.94107,-117.2731,RIVERSIDE,MORENO VALLEY,-117.27302643,33.94150714
9011493,2019,2019-12-26,3300,2019-11-22,1936,5228,910H,5,5,5,3335,0,0,0,NA,0,063,MARGARITA RD,RANCHO CALIFORNIA RD,0,NA,Y,A,-,N,NA,NA,NA,NA,NA,NA,NA,NA,NA,Y,4,0,1,2,A,-,09,21453,B,N,D,C,A,A,H,-,C,A,0,NA,NA,NA,NA,Y,NA,A,01,0,0,1,0,0,0,0,0,0,-,-,33.50783157348633,-117.12451171875,RIVERSIDE,TEMECULA,-117.12461853027344,33.50801086425781
90115442,2016,2016-02-16,9630,2016-01-31,1350,020380,NA,7,1,9,3300,0,1,3,NA,2,015,SR-62 W/B TO I-10 E/B,WALL ROAD,6864,W,N,C,-,Y,NA,NA,62,NA,NA,NA,R,NA,W,Y,4,0,1,1,A,-,03,22350,NA,N,F,A,A,B,H,-,A,D,0,NA,NA,NA,NA,Y,NA,D,22,0,0,1,0,0,0,0,0,0,-,-,33.91434,-116.60674,RIVERSIDE,UNINCORPORATED,-116.60674,33.91434
90116207,2016,2016-02-16,9840,2016-02-05,1820,017399,NA,5,2,9,3300,0,1,1,NA,2,040,I-215 S/B,VAN BUREN BLVD,100,N,N,A,-,Y,NA,NA,215,NA,NA,NA,NA,NA,S,Y,4,0,1,3,A,-,07,21658,A,N,B,C,A,A,H,-,C,D,0,NA,NA,Y,NA,Y,NA,C,02,0,0,1,0,0,0,0,0,1,-,-,33.88738,-117.27013,RIVERSIDE,UNINCORPORATED,-117.27005336,33.88740892
9011630,2019,2020-02-11,3300,2019-10-06,1502,N4883,001F,7,5,6,3345,0,0,0,NA,0,012,PYRITE ST,RT 60,15,S,N,A,-,Y,RIV,8,60,-,R,5.824,R,4,E,Y,3,0,2,2,A,-,09,21802,A,N,D,C,A,A,H,-,A,A,0,NA,NA,NA,NA,Y,NA,A,01,0,1,1,0,0,0,0,0,0,-,EF,34.0154914855957,-117.46231842041016,RIVERSIDE,JURUPA VALLEY,-117.45852661132813,34.01547622680664
90116638,2016,2016-02-17,9840,2016-02-07,0740,016285,NA,7,1,9,3300,0,3,5,NA,2,004,MARKHAM STREET,DAY STREET,1015,E,N,A,-,N,NA,NA,NA,NA,NA,NA,NA,NA,NA,Y,4,0,1,2,A,-,03,22350,NA,N,A,C,A,A,H,-,A,D,0,NA,NA,NA,NA,Y,NA,A,01,0,0,1,0,0,0,0,0,0,-,-,NA,NA,RIVERSIDE,UNINCORPORATED,-117.27559619,33.8514766
90116647,2016,2016-02-17,9685,2016-02-03,0037,017535,NA,3,3,5,3335,0,1,1,NA,2,030,I-15 SOUTHBOUND,RANCHO CALIFORNIA ROAD,500,N,N,A,-,Y,NA,NA,15,NA,NA,NA,NA,NA,S,Y,3,0,1,2,A,-,01,23152,A,N,C,C,A,A,H,-,D,D,0,NA,NA,NA,Y,Y,Y,A,07,0,1,0,0,0,0,0,0,0,-,-,33.50359,-117.15303,RIVERSIDE,TEMECULA,-117.15292376,33.50363305
90118388,2016,2016-02-18,9685,2016-02-15,0030,016502,NA,1,3,5,3335,0,1,1,NA,2,030,I-15 SOUTHBOUND,WINCHESTER RD.,3660,N,N,A,-,Y,NA,NA,15,NA,NA,NA,NA,NA,S,Y,4,0,1,2,A,-,08,22107,NA,F,E,I,A,A,H,-,D,D,0,NA,NA,NA,NA,Y,NA,A,07,0,0,1,0,0,0,0,0,0,-,-,33.530030000000004,-117.16814,RIVERSIDE,TEMECULA,-117.16819981,33.52999013
90118606,2016,2016-02-18,9630,2016-02-04,1737,020380,NA,4,2,9,3300,0,2,4,NA,2,018,PALM DRIVE,20TH AVE,2640,N,N,A,-,N,NA,NA,NA,NA,NA,NA,NA,NA,NA,Y,2,0,1,2,A,-,01,23152,F,N,D,C,A,A,H,-,B,D,0,NA,NA,NA,NA,Y,Y,A,01,1,0,0,0,0,0,0,0,0,-,-,33.91027,-116.5018,RIVERSIDE,UNINCORPORATED,-116.50165272,33.91044478
90119261,2016,2016-02-22,9655,2016-01-22,2500,020350,NA,5,4,9,3300,0,1,3,NA,1,110,STATE ROUTE 243,ROUND ROBIN DRIVE,16368,N,N,B,-,Y,NA,NA,243,NA,NA,NA,NA,NA,NA,Y,1,1,0,1,A,-,08,22107,NA,N,E,I,A,A,H,-,A,D,0,NA,NA,NA,NA,Y,NA,D,22,0,0,0,0,0,0,0,0,0,-,-,33.79967,-116.76483,RIVERSIDE,UNINCORPORATED,-116.76487622,33.79975474