CASE_ID,ACCIDENT_YEAR,PROC_DATE,JURIS,COLLISION_DATE,COLLISION_TIME,OFFICER_ID,REPORTING_DISTRICT,DAY_OF_WEEK,CHP_SHIFT,POPULATION,CNTY_CITY_LOC,SPECIAL_COND,BEAT_TYPE,CHP_BEAT_TYPE,CITY_DIVISION_LAPD,CHP_BEAT_CLASS,BEAT_NUMBER,PRIMARY_RD,SECONDARY_RD,DISTANCE,DIRECTION,INTERSECTION,WEATHER_1,WEATHER_2,STATE_HWY_IND,CALTRANS_COUNTY,CALTRANS_DISTRICT,STATE_ROUTE,ROUTE_SUFFIX,POSTMILE_PREFIX,POSTMILE,LOCATION_TYPE,RAMP_INTERSECTION,SIDE_OF_HWY,TOW_AWAY,COLLISION_SEVERITY,NUMBER_KILLED,NUMBER_INJURED,PARTY_COUNT,PRIMARY_COLL_FACTOR,PCF_CODE_OF_VIOL,PCF_VIOL_CATEGORY,PCF_VIOLATION,PCF_VIOL_SUBSECTION,HIT_AND_RUN,TYPE_OF_COLLISION,MVIW,PED_ACTION,ROAD_SURFACE,ROAD_COND_1,ROAD_COND_2,LIGHTING,CONTROL_DEVICE,CHP_ROAD_TYPE,PEDESTRIAN_ACCIDENT,BICYCLE_ACCIDENT,MOTORCYCLE_ACCIDENT,TRUCK_ACCIDENT,NOT_PRIVATE_PROPERTY,ALCOHOL_INVOLVED,STWD_VEHTYPE_AT_FAULT,CHP_VEHTYPE_AT_FAULT,COUNT_SEVERE_INJ,COUNT_VISIBLE_INJ,COUNT_COMPLAINT_PAIN,COUNT_PED_KILLED,COUNT_PED_INJURED,COUNT_BICYCLIST_KILLED,COUNT_BICYCLIST_INJURED,COUNT_MC_KILLED,COUNT_MC_INJURED,PRIMARY_RAMP,SECONDARY_RAMP,LATITUDE,LONGITUDE,COUNTY,CITY,POINT_X,POINT_Y
90338639,2016,2016-12-07,9840,2016-12-05,0311,021335,NA,1,3,9,3300,0,1,1,NA,2,040,I-215 S/B,CACTUS AVE,1000,N,N,A,-,Y,NA,NA,215,NA,NA,NA,NA,NA,S,Y,3,0,1,2,A,-,03,22350,NA,N,C,C,A,A,H,-,C,D,0,NA,NA,NA,NA,Y,NA,A,01,0,1,0,0,0,0,0,0,0,-,-,33.91246,-117.28461,RIVERSIDE,UNINCORPORATED,-117.28461768,33.91245201
90341935,2016,2016-12-12,9655,2016-12-05,1755,018444,NA,1,2,9,3300,0,3,5,NA,2,003,GRAND AVENUE,LEON ROAD,0,NA,N,A,-,N,NA,NA,NA,NA,NA,NA,NA,NA,NA,Y,3,0,2,1,A,-,01,23152,E,N,F,A,A,A,C,-,C,D,0,NA,NA,NA,NA,Y,NA,A,01,0,1,1,0,0,0,0,0,0,-,-,33.71423,-117.11978,RIVERSIDE,UNINCORPORATED,-117.11981,33.71409006
90342189,2016,2016-12-12,9840,2016-11-27,1325,019042,NA,7,1,6,3345,0,1,3,NA,2,010,SR-60 E/B,VALLEY BLVD,2500,W,N,B,C,Y,NA,NA,60,NA,NA,NA,NA,NA,E,Y,4,0,1,2,A,-,08,22107,NA,N,E,I,A,B,H,-,A,D,0,NA,NA,NA,NA,Y,NA,A,01,0,0,1,0,0,0,0,0,0,-,-,34.01404,-117.44868,RIVERSIDE,JURUPA VALLEY,-117.44871316,34.01381922
90343743,2016,2016-12-13,9655,2016-12-04,1610,021008,NA,7,2,9,3300,0,3,5,NA,2,002,SEMINOLE DRIVE,MILLARD PASS,740,E,N,A,-,N,NA,NA,NA,NA,NA,NA,NA,NA,NA,Y,3,0,3,2,A,-,09,21804,A,N,D,C,A,A,H,-,B,D,0,NA,NA,NA,NA,Y,NA,A,01,0,1,2,0,0,0,0,0,0,-,-,33.92405,-116.8101,RIVERSIDE,UNINCORPORATED,-116.8102181,33.92410865
90343937,2016,2016-12-13,9685,2016-12-08,1800,015757,NA,4,2,5,3335,0,1,1,NA,2,030,I-15 N/B (TEMECULA VALLEY FWY),TEMECULA PARKWAY,1320,N,N,A,-,Y,NA,NA,15,NA,NA,NA,NA,NA,N,N,4,0,1,2,A,-,03,22350,NA,N,C,C,A,A,H,-,D,D,0,NA,NA,NA,NA,Y,NA,A,01,0,0,1,0,0,0,0,0,0,-,-,33.4835,-117.1416,RIVERSIDE,TEMECULA,-117.14156915,33.48351101
90344327,2016,2016-12-14,9685,2016-12-09,1340,016347,NA,5,1,5,3335,0,1,1,NA,2,030,I-15 S/B,SR-79 (WINCHESTER RD),2640,N,N,A,-,Y,NA,NA,15,NA,NA,NA,NA,NA,S,Y,4,0,1,2,A,-,03,22350,NA,N,C,C,A,A,H,-,A,D,0,NA,NA,NA,NA,Y,NA,A,01,0,0,1,0,0,0,0,0,0,-,-,33.5267,-117.16628,RIVERSIDE,TEMECULA,-117.16608732,33.52682862
90344481,2016,2016-12-14,9840,2016-12-13,1305,017169,NA,2,1,6,3315,0,1,3,NA,2,031,SR-91 E/B,MCKINLEY STREET,1584,E,N,A,-,Y,NA,NA,NA,NA,NA,NA,NA,NA,NA,Y,4,0,1,2,A,-,03,22350,NA,N,C,C,A,A,H,-,A,D,0,NA,NA,NA,NA,Y,NA,A,01,0,0,1,0,0,0,0,0,0,-,-,33.88637,-117.61647,RIVERSIDE,CORONA,-117.51774,33.88625
9034579,2019,2020-02-14,3300,2019-12-30,1515,N5330,002X,1,5,6,3345,0,0,0,NA,0,026,LIMONITE AV,PATS RANCH RD,0,NA,Y,B,-,N,NA,NA,NA,NA,NA,NA,NA,NA,NA,N,3,0,1,2,A,-,12,21453,A,N,D,C,A,A,H,-,A,A,0,NA,NA,NA,NA,Y,NA,A,01,0,1,0,0,0,0,0,0,0,-,-,33.97505187988281,-117.54367065429688,RIVERSIDE,JURUPA VALLEY,-117.54366302490234,33.9752311706543
90345848,2016,2016-12-15,9840,2016-12-09,1640,015705,NA,5,2,6,3345,0,1,3,NA,2,010,SR-60 E/B,VALLEY WAY,3696,W,N,A,-,Y,NA,NA,60,NA,NA,NA,NA,NA,E,N,4,0,1,2,A,-,03,22350,NA,N,C,C,A,A,H,-,B,D,0,NA,NA,NA,NA,Y,NA,A,01,0,0,1,0,0,0,0,0,0,-,-,34.01375,-117.44777,RIVERSIDE,JURUPA VALLEY,-117.44777412,34.01371303
90347252,2016,2016-12-19,9840,2016-12-15,2029,015744,NA,4,2,6,3345,0,1,3,NA,2,010,SR-60 W/B,ETIWANDA AVE,285,W,N,C,-,Y,NA,NA,60,NA,NA,NA,NA,NA,W,Y,4,0,1,1,A,-,03,22350,NA,N,E,I,A,B,H,-,D,D,0,NA,NA,NA,Y,Y,NA,G,25,0,0,1,0,0,0,0,0,0,-,-,34.01831,-117.5255,RIVERSIDE,JURUPA VALLEY,-117.525501,34.0183534
90347456,2016,2016-12-19,9840,2016-12-10,1430,017481,NA,6,2,9,3300,0,1,1,NA,2,034,I-15 N/B,DOS LAGOS DRIVE,50,S,N,A,-,Y,NA,NA,15,NA,NA,NA,NA,NA,N,Y,4,0,2,2,A,-,03,22350,NA,N,C,C,A,A,H,-,A,D,0,NA,NA,NA,NA,Y,NA,A,08,0,0,2,0,0,0,0,0,0,-,-,33.80589,-117.50663,RIVERSIDE,UNINCORPORATED,-117.50664461,33.8058823
90347669,2016,2016-12-19,9840,2016-12-03,0700,017903,NA,6,1,7,3313,0,1,3,NA,2,021,SR-91 E/B,ARLINGTON AVE,1056,E,N,A,G,Y,NA,NA,NA,NA,NA,NA,NA,NA,NA,Y,4,0,2,2,A,-,08,22107,NA,N,E,I,A,A,H,-,A,D,0,NA,NA,NA,NA,Y,NA,A,01,0,0,2,0,0,0,0,0,0,-,-,33.56523,-117.23126,RIVERSIDE,RIVERSIDE,-117.38638747,33.94843255
90347822,2016,2016-12-19,9655,2016-12-16,2320,018677,NA,5,3,9,3300,0,3,5,NA,2,003,STANFORD STREET,MAYBERRY AVENUE,200,N,N,A,-,N,NA,NA,NA,NA,NA,NA,NA,NA,NA,Y,3,0,1,1,A,-,01,23152,A,N,E,I,A,B,H,-,C,D,0,NA,NA,NA,NA,Y,Y,D,22,0,1,0,0,0,0,0,0,0,-,-,NA,NA,RIVERSIDE,UNINCORPORATED,-116.93253,33.74101768
90348002,2016,2016-12-19,9840,2016-11-15,1630,017162,NA,2,2,7,3313,0,1,1,NA,2,231,I-215 S/B,FAIR ISLE DR,500,N,N,A,-,Y,NA,NA,NA,NA,NA,NA,NA,NA,NA,N,3,0,1,1,A,-,08,22107,NA,N,F,A,A,A,H,-,A,D,0,NA,NA,Y,NA,Y,NA,C,02,0,1,0,0,0,0,0,0,1,-,-,33.10238,-117.13093,RIVERSIDE,RIVERSIDE,NA,NA
90352966,2016,2016-12-27,9840,2016-12-20,2315,017399,NA,2,3,7,3313,0,1,3,NA,2,020,SR-91 W/B,MAGNOLIA AVE,700,W,N,A,-,Y,NA,NA,91,NA,NA,NA,NA,NA,W,Y,3,0,1,1,A,-,08,22107,NA,N,F,A,A,A,H,-,D,D,0,NA,NA,NA,NA,Y,NA,A,01,0,1,0,0,0,0,0,0,0,-,-,33.89746,-117.48924,RIVERSIDE,RIVERSIDE,-117.48924805,33.89739699
90353444,2016,2016-12-27,9840,2016-12-12,1505,019813,NA,1,2,7,3313,0,1,1,NA,2,023,I-215 S/B,3RD ST,300,S,N,A,-,Y,NA,NA,215,NA,NA,NA,NA,NA,S,Y,4,0,1,3,A,-,03,22350,NA,N,C,C,A,A,H,-,A,D,0,NA,NA,NA,NA,Y,NA,D,22,0,0,1,0,0,0,0,0,0,-,-,33.98321,-117.34339,RIVERSIDE,RIVERSIDE,-117.34329848,33.98330374
90354712,2016,2016-12-27,9840,2016-12-03,0400,020161,NA,6,3,9,3300,0,1,1,NA,2,040,I-215 S/B,HARLEY KNOX BLVD,750,N,N,A,-,Y,NA,NA,215,NA,NA,NA,NA,NA,S,Y,2,0,2,2,A,-,03,22350,NA,N,C,C,A,A,H,-,C,D,0,NA,NA,NA,NA,Y,NA,A,01,1,1,0,0,0,0,0,0,0,-,-,33.8668,-117.2617,RIVERSIDE,UNINCORPORATED,-117.2616931,33.86680295
90357119,2016,2016-12-29,9840,2016-12-11,0220,020161,NA,7,3,7,3313,0,1,1,NA,2,023,I-215 S/B,UNIVERSITY AVE,500,S,N,C,-,Y,NA,NA,215,NA,NA,NA,NA,NA,S,Y,4,0,1,3,A,-,08,22107,NA,N,B,C,A,B,H,-,C,D,0,NA,NA,NA,NA,Y,NA,A,01,0,0,1,0,0,0,0,0,0,-,-,33.9738,-117.3335,RIVERSIDE,RIVERSIDE,-117.33351608,33.97378331
90358746,2016,2016-12-30,9685,2016-12-28,1915,015757,NA,3,2,5,3335,0,1,1,NA,2,030,I-15 N/B (TEMECULA VALLEY FWY),RANCHO CALIFORNIA RD,3696,N,N,A,-,Y,NA,NA,NA,NA,NA,NA,NA,NA,NA,Y,4,0,1,3,A,-,03,22350,NA,N,C,C,A,A,H,-,D,D,0,NA,NA,NA,NA,Y,NA,A,01,0,0,1,0,0,0,0,0,0,-,-,33.50138,-117.15027,RIVERSIDE,TEMECULA,-117.1555717,33.51036719
90360401,2016,2017-01-03,9685,2016-12-23,0700,013006,NA,5,1,9,3300,0,1,1,NA,2,030,I-15 NORTHBOUND,TEMECULA RIVER BRIDGE,3696,S,N,B,C,Y,NA,NA,NA,NA,NA,NA,NA,NA,NA,Y,4,0,1,2,A,-,03,22350,NA,N,C,C,A,B,H,-,A,D,0,NA,NA,NA,NA,Y,NA,A,07,0,0,1,0,0,0,0,0,0,-,-,33.27456,-117.08103,RIVERSIDE,UNINCORPORATED,NA,NA
90361810,2017,2017-01-05,9840,2017-01-01,1510,019361,NA,7,2,6,3315,0,1,3,NA,2,030,SR-91 (E/B) TO I-15 (S/B),MAIN STREET,500,E,N,B,-,Y,NA,NA,91,NA,NA,NA,R,NA,NA,N,4,0,1,4,A,-,03,22350,NA,N,C,C,A,A,D,-,A,D,0,NA,NA,NA,NA,Y,NA,A,01,0,0,1,0,0,0,0,0,0,-,-,33.8794,-117.56402,RIVERSIDE,CORONA,-117.56402,33.8794
90363369,2016,2017-01-06,9840,2016-12-13,1535,015705,NA,2,2,7,3313,0,1,1,NA,2,023,I-215 N/B TO SR-91 W/B,THIRD ST.,3168,N,N,A,-,Y,NA,NA,215,NA,NA,NA,R,NA,N,Y,4,0,1,2,A,-,08,22107,NA,N,C,E,A,A,H,-,A,D,0,NA,NA,NA,Y,Y,NA,A,01,0,0,1,0,0,0,0,0,0,-,-,33.9882,-117.34779,RIVERSIDE,RIVERSIDE,-117.34779,33.9882
90365482,2016,2017-01-10,9840,2016-12-12,0800,017441,NA,1,1,4,3312,0,1,1,NA,2,041,I-215 N/B,NUEVO RD.,1000,S,N,B,-,Y,NA,NA,215,NA,NA,NA,NA,NA,N,Y,4,0,1,2,A,-,21,22106,NA,N,C,C,A,A,H,-,A,D,0,NA,NA,NA,NA,Y,NA,A,01,0,0,1,0,0,0,0,0,0,-,-,33.79575,-117.23062,RIVERSIDE,PERRIS,-117.23063674,33.79574263
90366720,2017,2017-01-11,9685,2017-01-05,0940,013006,NA,4,1,4,3307,0,1,1,NA,2,010,I-15 SOUTHBOUND,FRANKLIN STREET,1000,S,N,B,C,Y,NA,NA,NA,NA,NA,NA,NA,NA,NA,N,4,0,3,2,A,-,07,21658,A,N,B,C,A,B,H,-,A,D,0,NA,NA,NA,Y,Y,NA,F,25,0,0,3,0,0,0,0,0,0,-,-,33.40163,-117.18178,RIVERSIDE,LAKE ELSINORE,-117.3048859,33.66711593
90366793,2017,2017-01-11,9840,2017-01-10,0915,014366,NA,2,1,6,3315,0,1,1,NA,2,034,I-15 N/B,TEMESCAL CANYON RD,4509,N,N,A,B,Y,NA,NA,NA,NA,NA,NA,NA,NA,NA,Y,4,0,2,2,A,-,03,22350,NA,N,C,C,A,A,H,-,A,D,0,NA,NA,NA,NA,Y,NA,A,01,0,0,2,0,0,0,0,0,0,-,-,33.78776,-117.49455,RIVERSIDE,CORONA,-117.49436381,33.78769015
9036682,2019,2020-02-14,3300,2019-12-12,0642,4282,NA,4,5,3,3317,0,0,0,NA,0,024,MONTEREY AV,GERALD FORD DR,200,S,N,A,-,N,NA,NA,NA,NA,NA,NA,NA,NA,NA,Y,4,0,2,1,A,-,07,21658,A,N,E,I,A,A,H,-,A,D,0,NA,NA,NA,NA,Y,NA,A,01,0,0,2,0,0,0,0,0,0,-,-,NA,NA,RIVERSIDE,RANCHO MIRAGE,-116.38823699951172,33.78672409057617
90366977,2017,2017-03-01,9655,2017-01-08,1142,015892,NA,7,1,9,3300,0,1,3,NA,1,115,STATE ROUTE 243,RIVERSIDE CNTY PLAYGROUND RD,105,S,N,A,-,Y,NA,NA,243,NA,NA,NA,NA,NA,NA,Y,4,0,1,1,A,-,03,22350,NA,M,E,I,A,A,H,-,A,D,0,NA,NA,NA,NA,Y,NA,A,08,0,0,1,0,0,0,0,0,0,-,-,33.74214,-116.71923,RIVERSIDE,UNINCORPORATED,-116.7192155,33.74213701
90367363,2016,2017-01-11,9630,2016-12-30,2010,016635,NA,5,2,9,3300,0,1,3,NA,2,086,SR-86 S/B,81ST AVE,2640,S,N,B,-,Y,NA,NA,NA,NA,NA,NA,NA,NA,NA,Y,3,0,1,1,C,-,18,NA,NA,N,E,J,A,A,H,-,D,D,0,NA,NA,NA,NA,Y,NA,-,-,0,1,0,0,0,0,0,0,0,-,-,33.27336,-115.52344,RIVERSIDE,UNINCORPORATED,NA,NA
9037145,2020,2020-02-24,3300,2020-01-14,1825,5436,916B,2,5,4,3312,0,0,0,NA,0,032,SAN JACINTO AV,EDISON POLE #4602634E,47,W,N,F,-,N,NA,NA,NA,NA,NA,NA,NA,NA,NA,Y,3,0,1,2,A,-,01,23152,A,N,D,C,A,A,H,-,D,D,0,NA,NA,NA,NA,Y,Y,A,01,0,1,0,0,0,0,0,0,0,-,-,NA,NA,RIVERSIDE,PERRIS,NA,NA
90372551,2017,2017-03-15,9685,2017-01-12,1414,015050,NA,4,2,4,3307,0,1,1,NA,2,010,I-15 N/B TO CENTRAL AVE. OFF,CENTRAL AVE.,550,S,N,B,C,Y,NA,NA,NA,NA,NA,NA,NA,NA,NA,Y,4,0,2,2,A,-,03,22350,NA,N,C,C,A,B,H,-,A,A,0,NA,NA,NA,Y,Y,NA,A,01,0,0,2,0,0,0,0,0,0,-,-,33.6103,-117.33589,RIVERSIDE,LAKE ELSINORE,-117.3363253,33.69097968
90375074,2017,2017-01-23,9685,2017-01-18,2240,014676,NA,3,3,9,3300,0,1,3,NA,2,011,SR-74 E/B (ORTEGA HWY),MORRIL CANYON BRIDGE,3696,W,N,B,-,Y,NA,NA,NA,NA,NA,NA,NA,NA,NA,Y,3,0,1,1,A,-,01,23152,A,N,E,I,A,B,H,-,D,A,0,NA,NA,NA,NA,Y,Y,D,22,0,1,0,0,0,0,0,0,0,-,-,36.606,-117.43142,RIVERSIDE,UNINCORPORATED,NA,NA
90375881,2017,2017-03-01,9630,2017-01-18,1805,020061,NA,3,2,9,3300,0,2,S,NA,2,504,PIERCE ST,66TH AVENUE,2112,N,N,A,-,N,NA,NA,NA,NA,NA,NA,NA,NA,NA,Y,4,0,1,1,A,-,01,23152,A,N,E,I,A,A,H,-,D,D,0,NA,NA,NA,NA,Y,Y,A,01,0,0,1,0,0,0,0,0,0,-,-,33.57577,-116.11238,RIVERSIDE,UNINCORPORATED,-116.1125,33.57262
90378317,2017,2017-01-26,9840,2017-01-20,1115,016754,NA,5,1,9,3300,0,1,1,NA,2,034,I-15 S/B,TEMESCAL CANYON RD,1000,N,N,C,-,Y,NA,NA,15,NA,NA,NA,NA,NA,S,Y,3,0,3,1,A,-,03,22350,NA,N,F,A,A,B,H,-,A,D,0,NA,NA,NA,NA,Y,NA,A,07,0,1,2,0,0,0,0,0,0,-,-,33.78222,-117.49091,RIVERSIDE,UNINCORPORATED,-117.49080449,33.78228433
90378830,2017,2017-01-26,9685,2017-01-24,1755,015360,NA,2,2,5,3335,0,1,1,NA,2,030,I-15 NORTHBOUND,RANCHO CALIFORNIA RD.,2112,S,N,C,-,Y,NA,NA,15,NA,NA,NA,NA,NA,N,Y,4,0,1,2,A,-,03,22350,NA,N,C,C,A,B,H,-,D,D,0,NA,NA,NA,NA,Y,NA,D,22,0,0,1,0,0,0,0,0,0,-,-,33.49733,-117.14865,RIVERSIDE,TEMECULA,-117.14865278,33.49732746
90379972,2017,2017-01-27,9840,2017-01-18,1830,017459,NA,3,2,6,3315,0,1,1,NA,2,034,"I-15, S/B",EL CERRITO ROAD,1000,S,N,A,-,Y,NA,NA,NA,NA,NA,NA,NA,NA,NA,Y,3,0,1,2,A,-,07,21658,A,N,B,C,A,A,H,-,D,D,0,NA,NA,Y,NA,Y,NA,A,01,0,1,0,0,0,0,0,0,1,-,-,33.76442,-117.85664,RIVERSIDE,CORONA,NA,NA
90380027,2017,2017-01-27,9840,2017-01-19,2350,019527,NA,4,3,6,3315,0,1,1,NA,2,034,I-15 N/B,TEMESCAL CANYON RD,1200,N,N,C,-,Y,NA,NA,NA,NA,NA,NA,NA,NA,NA,Y,4,0,2,2,A,-,03,22350,NA,N,C,C,A,B,H,-,D,D,0,NA,NA,NA,NA,Y,NA,A,01,0,0,2,0,0,0,0,0,0,-,-,33.78961,-117.49568,RIVERSIDE,CORONA,-117.48895366,33.77983983
90381070,2017,2017-03-01,9630,2017-01-21,0312,021218,NA,6,3,9,3300,0,1,3,NA,1,074,SR-74,CAHUILLA WAY,26400,S,N,C,-,Y,NA,NA,74,NA,NA,NA,NA,NA,NA,Y,3,0,2,1,A,-,03,22350,NA,N,F,A,A,B,H,-,D,D,0,NA,NA,NA,NA,Y,NA,A,01,0,2,0,0,0,0,0,0,0,-,-,33.65003,-116.40419,RIVERSIDE,UNINCORPORATED,-116.40418797,33.65001739
90383510,2017,2017-02-01,9840,2017-01-22,0025,020723,NA,7,3,6,3345,0,1,3,NA,2,010,SR-60 E/B,PEDLEY RD,50,E,N,B,-,Y,NA,NA,60,NA,NA,NA,NA,NA,E,Y,4,0,1,2,A,-,03,22350,NA,N,C,C,A,A,H,-,D,D,0,NA,NA,NA,NA,Y,NA,A,01,0,0,1,0,0,0,0,0,0,-,-,34.01901,-117.47991,RIVERSIDE,JURUPA VALLEY,-117.47991627,34.0189724
90385601,2017,2017-02-03,9840,2017-01-25,2241,020455,NA,3,3,9,3300,0,1,1,NA,2,034,I-15 N/B,EL CERRITO RD,150,N,N,A,-,Y,NA,NA,15,NA,NA,NA,NA,NA,N,Y,4,0,1,2,A,-,03,22350,NA,N,C,C,A,A,D,-,C,D,0,NA,NA,NA,NA,Y,NA,A,07,0,0,1,0,0,0,0,0,0,-,-,33.83338,-117.53035,RIVERSIDE,UNINCORPORATED,-117.53029321,33.83341317
90385622,2017,2017-02-03,9655,2017-01-29,1758,019449,NA,7,2,9,3300,0,1,3,NA,2,212,SR-60 W/B,GILMAN SPRINGS RD,7920,E,N,A,-,Y,NA,NA,60,NA,NA,NA,NA,NA,W,N,4,0,1,2,A,-,03,22350,NA,N,C,C,A,A,H,-,D,D,0,NA,NA,NA,Y,Y,NA,G,25,0,0,1,0,0,0,0,0,0,-,-,33.93697,-117.10139,RIVERSIDE,UNINCORPORATED,-117.10139028,33.93696497
90385642,2017,2017-02-03,9840,2017-02-01,0830,014366,NA,3,1,9,3300,0,1,1,NA,2,034,I-15 N/B,DOS LAGOS DRIVE,3960,S,N,A,-,Y,NA,NA,15,NA,NA,NA,NA,NA,N,Y,4,0,1,2,A,-,03,22350,NA,N,C,C,A,A,H,-,A,D,0,NA,NA,NA,Y,Y,NA,A,01,0,0,1,0,0,0,0,0,0,-,-,33.8,-117.503,RIVERSIDE,UNINCORPORATED,-117.50318955,33.7998777
90386361,2017,2017-02-06,9685,2017-01-20,1425,016185,NA,5,2,9,3300,0,3,5,NA,2,003,MURRIETA HOT SPRINGS ROAD,POURROY ROAD,32,E,N,B,C,N,NA,NA,NA,NA,NA,NA,NA,NA,NA,N,4,0,1,2,A,-,03,22350,NA,M,C,C,A,B,H,-,A,A,0,NA,NA,NA,NA,Y,NA,A,01,0,0,1,0,0,0,0,0,0,-,-,33.3445,-117.5325,RIVERSIDE,UNINCORPORATED,-117.11085549,33.5543649
90388496,2017,2017-02-08,9655,2017-02-03,2210,019630,NA,5,3,9,3300,0,1,3,NA,1,312,SR-74 E/B,TRUELSON AVE.,80,E,N,A,-,Y,NA,NA,74,NA,NA,NA,NA,NA,E,N,4,0,1,2,A,-,07,21658,A,M,D,C,A,A,H,-,D,D,0,NA,NA,NA,NA,Y,NA,-,99,0,0,1,0,0,0,0,0,0,-,-,33.73927,-117.07255,RIVERSIDE,UNINCORPORATED,-117.07254208,33.7392288
90388673,2017,2017-02-08,9840,2017-01-31,0702,016853,NA,2,1,7,3313,0,1,1,NA,2,023,I-215 N/B,UNIVERSITY AVE,30,N,N,A,-,Y,NA,NA,NA,NA,NA,NA,NA,NA,NA,Y,3,0,2,5,A,-,03,22350,NA,N,C,C,A,A,H,-,A,D,0,NA,NA,NA,NA,Y,NA,A,01,0,1,1,0,0,0,0,0,0,-,-,33.58743,-117.20349,RIVERSIDE,RIVERSIDE,NA,NA
90388708,2016,2017-02-08,9840,2016-07-16,1402,019242,NA,6,2,7,3313,0,1,3,NA,2,021,SR-91 E/B TO I-215 N/B,SPRUCE ST,710,W,N,A,-,Y,NA,NA,91,NA,NA,NA,R,NA,E,Y,1,1,2,4,A,-,01,23152,A,N,C,C,A,A,H,-,A,D,0,NA,NA,NA,NA,Y,Y,D,22,0,0,2,0,0,0,0,0,0,-,-,33.99081,-117.35901,RIVERSIDE,RIVERSIDE,-117.35901,33.99081
90389022,2017,2017-02-08,9840,2017-01-19,2332,018849,NA,4,3,7,3313,0,1,3,NA,2,021,SR-91 W/B,MISSION INN AVE.,300,E,N,C,-,Y,NA,NA,NA,NA,NA,NA,NA,NA,NA,Y,3,0,2,2,A,-,01,23152,A,N,C,C,A,B,H,-,C,D,0,NA,NA,NA,NA,Y,Y,A,01,0,1,1,0,0,0,0,0,0,-,-,33.58558,-117.22345,RIVERSIDE,RIVERSIDE,-117.36860318,33.98140346
90389763,2017,2017-02-09,9840,2017-02-01,1542,012608,NA,3,2,6,3345,0,1,3,NA,2,010,SR-60 E/B,ETIWANDA AVE,1056,E,N,A,-,Y,NA,NA,60,NA,NA,NA,NA,NA,E,N,3,0,1,1,A,-,08,22107,NA,N,E,I,A,A,H,-,A,D,0,NA,NA,NA,NA,Y,NA,A,01,0,1,0,0,0,0,0,0,0,-,-,34.01819,-117.52071,RIVERSIDE,JURUPA VALLEY,-117.52071017,34.01819672
90391438,2017,2018-11-01,9685,2017-01-29,0150,015800,NA,7,3,4,3312,0,1,1,NA,2,020,I-215 S/B,SR-74,1200,N,N,A,-,Y,NA,NA,215,NA,NA,NA,NA,NA,S,N,4,0,1,2,A,-,03,22350,NA,M,C,C,A,A,H,-,D,D,0,NA,NA,NA,NA,Y,NA,A,01,0,0,1,0,0,0,0,0,0,-,-,33.76289,-117.18935,RIVERSIDE,PERRIS,-117.18944028,33.76288793
90391580,2017,2017-02-13,9630,2017-02-05,1035,013022,NA,7,1,9,3300,0,1,1,NA,2,302,I-10 E/B,EAGLE MOUNTAIN RD,1584,W,N,A,-,Y,NA,NA,10,NA,NA,NA,NA,NA,E,Y,4,0,1,1,A,-,08,22107,NA,N,E,I,A,A,H,-,A,D,0,NA,NA,NA,NA,Y,NA,A,01,0,0,1,0,0,0,0,0,0,-,-,33.70077,-115.45691,RIVERSIDE,UNINCORPORATED,-115.45692546,33.7008444
90395266,2017,2017-02-17,9840,2017-02-16,1840,017882,NA,4,2,6,3345,0,1,1,NA,2,011,I-15 N/B,LIMONITE AVE.,800,S,N,B,-,Y,NA,NA,15,NA,NA,NA,NA,NA,N,Y,4,0,1,3,A,-,03,22350,NA,N,C,C,A,A,H,-,C,D,0,NA,NA,NA,NA,Y,NA,D,22,0,0,1,0,0,0,0,0,0,-,-,33.97014,-117.54878,RIVERSIDE,JURUPA VALLEY,-117.54868263,33.97014003
90395792,2017,2017-02-17,9685,2017-02-16,1800,015360,NA,4,2,5,3335,0,1,1,NA,2,030,I-15 NORTHBOUND,TEMECULA PARKWAY,30,N,N,A,-,Y,NA,NA,15,NA,NA,NA,NA,NA,N,Y,4,0,1,2,A,-,03,22350,NA,N,C,C,A,A,H,-,D,D,0,NA,NA,Y,NA,Y,NA,C,02,0,0,1,0,0,0,0,0,1,-,-,33.48101,-117.14106,RIVERSIDE,TEMECULA,-117.14070325,33.48114099
90395801,2017,2017-02-17,9685,2017-02-16,1130,012775,NA,4,1,9,3300,0,1,3,NA,1,012,SR-74 W/B,ARDENWOOD WAY,16,E,N,B,-,Y,NA,NA,74,NA,NA,NA,NA,NA,W,Y,4,0,1,2,A,-,03,22350,NA,N,C,C,A,A,H,-,A,A,0,NA,NA,NA,NA,Y,NA,A,01,0,0,1,0,0,0,0,0,0,-,-,33.70244,-117.3263,RIVERSIDE,UNINCORPORATED,-117.32626142,33.70239285
90397549,2017,2017-02-21,9630,2017-02-20,0820,019807,NA,1,1,9,3300,0,2,S,NA,2,502,64TH AVE,PIERCE ST,0,NA,Y,A,-,N,NA,NA,NA,NA,NA,NA,NA,NA,NA,Y,2,0,3,2,A,-,01,23152,F,N,D,C,A,A,H,-,A,A,0,NA,NA,NA,NA,Y,Y,A,01,1,1,1,0,0,0,0,0,0,-,-,33.584,-116.11255,RIVERSIDE,UNINCORPORATED,-116.11250011,33.58390011
9039815,2019,2020-03-03,3300,2019-12-18,1932,4546,910O,3,5,5,3335,0,0,0,NA,0,064,DE PORTOLA RD,MEADOW PKWY,0,NA,Y,A,-,N,NA,NA,NA,NA,NA,NA,NA,NA,NA,N,4,0,2,2,A,-,12,21453,A,N,A,C,A,A,H,-,C,A,0,NA,NA,NA,NA,Y,NA,-,-,0,0,2,0,0,0,0,0,0,-,-,33.487850189208984,-117.0954818725586,RIVERSIDE,TEMECULA,-117.09549713134766,33.4876594543457
9039828,2019,2020-02-18,3302,2019-11-15,2042,1163,NA,5,5,3,3302,0,0,0,NA,0,003,BEAUMONT AV,8TH ST,0,NA,Y,A,-,N,NA,NA,NA,NA,NA,NA,NA,NA,NA,N,3,0,1,2,A,-,09,21804,A,N,D,C,A,A,H,-,C,A,0,NA,NA,Y,NA,Y,Y,A,01,0,1,0,0,0,0,0,0,1,-,-,33.931949615478516,-116.9774169921875,RIVERSIDE,BEAUMONT,-116.97715759277344,33.93244934082031
90399427,2017,2017-02-24,9840,2017-02-10,0115,020371,NA,5,3,6,3315,0,1,3,NA,2,030,SR-91 E/B,GREEN RIVER RD,3000,W,N,A,-,Y,NA,NA,91,NA,NA,NA,NA,NA,E,Y,3,0,1,2,A,-,01,23152,A,N,C,C,A,A,H,-,C,D,0,NA,NA,NA,Y,Y,Y,D,22,0,1,0,0,0,0,0,0,0,-,-,33.87527,-117.6613,RIVERSIDE,CORONA,-117.66141664,33.87540436