CASE_ID,ACCIDENT_YEAR,PROC_DATE,JURIS,COLLISION_DATE,COLLISION_TIME,OFFICER_ID,REPORTING_DISTRICT,DAY_OF_WEEK,CHP_SHIFT,POPULATION,CNTY_CITY_LOC,SPECIAL_COND,BEAT_TYPE,CHP_BEAT_TYPE,CITY_DIVISION_LAPD,CHP_BEAT_CLASS,BEAT_NUMBER,PRIMARY_RD,SECONDARY_RD,DISTANCE,DIRECTION,INTERSECTION,WEATHER_1,WEATHER_2,STATE_HWY_IND,CALTRANS_COUNTY,CALTRANS_DISTRICT,STATE_ROUTE,ROUTE_SUFFIX,POSTMILE_PREFIX,POSTMILE,LOCATION_TYPE,RAMP_INTERSECTION,SIDE_OF_HWY,TOW_AWAY,COLLISION_SEVERITY,NUMBER_KILLED,NUMBER_INJURED,PARTY_COUNT,PRIMARY_COLL_FACTOR,PCF_CODE_OF_VIOL,PCF_VIOL_CATEGORY,PCF_VIOLATION,PCF_VIOL_SUBSECTION,HIT_AND_RUN,TYPE_OF_COLLISION,MVIW,PED_ACTION,ROAD_SURFACE,ROAD_COND_1,ROAD_COND_2,LIGHTING,CONTROL_DEVICE,CHP_ROAD_TYPE,PEDESTRIAN_ACCIDENT,BICYCLE_ACCIDENT,MOTORCYCLE_ACCIDENT,TRUCK_ACCIDENT,NOT_PRIVATE_PROPERTY,ALCOHOL_INVOLVED,STWD_VEHTYPE_AT_FAULT,CHP_VEHTYPE_AT_FAULT,COUNT_SEVERE_INJ,COUNT_VISIBLE_INJ,COUNT_COMPLAINT_PAIN,COUNT_PED_KILLED,COUNT_PED_INJURED,COUNT_BICYCLIST_KILLED,COUNT_BICYCLIST_INJURED,COUNT_MC_KILLED,COUNT_MC_INJURED,PRIMARY_RAMP,SECONDARY_RAMP,LATITUDE,LONGITUDE,COUNTY,CITY,POINT_X,POINT_Y
90498161,2017,2017-07-11,9840,2017-06-29,1840,021613,NA,4,2,7,3313,0,1,3,NA,2,020,SR-91 W/B,MAGNOLIA AVE,1056,W,N,A,-,Y,NA,NA,91,NA,NA,NA,NA,NA,W,N,3,0,1,3,A,-,03,22350,NA,N,B,C,A,A,H,-,A,D,0,NA,NA,Y,Y,Y,NA,C,02,0,1,0,0,0,0,0,0,1,-,-,33.89751,-117.49122,RIVERSIDE,RIVERSIDE,-117.49121987,33.89750606
90498971,2017,2017-07-12,9685,2017-07-04,1120,016185,NA,2,1,9,3300,0,1,3,NA,1,039,SR-79,SAGE ROAD,579,N,N,A,-,Y,NA,NA,NA,NA,NA,NA,NA,NA,NA,N,4,0,1,2,A,-,08,22107,NA,N,D,C,A,A,H,-,A,D,0,NA,NA,NA,NA,Y,NA,D,22,0,0,1,0,0,0,0,0,0,-,-,33.4643,-117.9164,RIVERSIDE,UNINCORPORATED,-116.91626213,33.46431372
90499797,2017,2017-07-13,9840,2017-07-11,0940,012208,NA,2,1,9,3300,0,1,3,NA,2,030,STATE ROUTE-91 W/B {RIVERSIDE FREEWAY},SERFAS CUB DRIVE,349,W,N,A,-,Y,NA,NA,91,NA,NA,NA,NA,NA,W,Y,3,0,1,3,A,-,07,21658,A,N,B,C,A,A,H,-,A,D,0,NA,NA,Y,NA,Y,NA,A,01,0,1,0,0,0,0,0,0,0,-,-,33.88119,-117.61423,RIVERSIDE,UNINCORPORATED,-117.61425581,33.88098843
90501276,2017,2017-07-17,9840,2017-07-06,1520,017893,NA,4,2,7,3313,0,1,3,NA,2,021,SR-91 E/B,IVY ST,200,E,N,A,-,Y,NA,NA,91,NA,NA,NA,NA,NA,E,Y,3,0,2,1,A,-,08,22107,NA,N,E,I,A,A,H,-,A,D,0,NA,NA,NA,NA,Y,NA,A,01,0,1,1,0,0,0,0,0,0,-,-,33.9602,-117.3776,RIVERSIDE,RIVERSIDE,-117.37765897,33.96021223
90501455,2017,2017-07-17,9840,2017-07-09,0220,021613,NA,7,3,6,3315,0,1,3,NA,2,031,SR-91 E/B,BUCHANAN ST,1584,W,N,A,-,Y,NA,NA,91,NA,NA,NA,NA,NA,E,Y,4,0,1,1,A,-,08,22107,NA,N,F,A,A,A,H,-,D,D,0,NA,NA,NA,NA,Y,NA,A,07,0,0,1,0,0,0,0,0,0,-,-,33.89226,-117.50504,RIVERSIDE,CORONA,-117.5050473,33.89227526
90502987,2017,2017-07-18,9655,2017-07-05,1120,013757,NA,3,1,9,3300,0,3,5,NA,2,003,GILMAN SPRINGS RD.,SR-79,1584,E,N,A,-,N,NA,NA,NA,NA,NA,NA,NA,NA,NA,Y,4,0,1,3,A,-,16,29003,C,N,B,C,A,A,H,-,A,D,0,NA,NA,NA,NA,Y,NA,M,47,0,0,1,0,0,0,0,0,0,-,-,33.84355,-116.99764,RIVERSIDE,UNINCORPORATED,-116.99242417,33.8388355
90506250,2017,2017-07-24,9840,2017-07-15,1638,019242,NA,6,2,7,3313,0,1,1,NA,2,023,I-215 N/B,LINDEN ST,50,S,N,A,-,Y,NA,NA,215,NA,NA,NA,NA,NA,N,N,4,0,1,1,A,-,08,22107,NA,N,E,I,A,A,H,-,A,D,0,NA,NA,NA,NA,Y,NA,D,22,0,0,1,0,0,0,0,0,0,-,-,33.9792,-117.3388,RIVERSIDE,RIVERSIDE,-117.33879013,33.97921022
90506325,2017,2017-07-24,9840,2017-07-15,1643,019242,NA,6,2,7,3313,0,1,3,NA,2,021,SR-91 W/B,14TH ST,1085,E,N,A,-,Y,NA,NA,91,NA,NA,NA,NA,NA,W,Y,3,0,2,3,A,-,01,23152,A,N,C,C,A,A,H,-,A,D,0,NA,NA,NA,NA,Y,Y,A,01,0,1,1,0,0,0,0,0,0,-,-,33.9772,-117.3717,RIVERSIDE,RIVERSIDE,-117.37172547,33.97720705
90506333,2017,2017-08-04,9840,2017-07-13,1515,017893,NA,4,2,7,3313,0,1,1,NA,2,024,I-215 S/B,EUCALYPTUS AVE,2640,S,N,A,-,Y,NA,NA,215,NA,NA,NA,NA,NA,S,Y,3,0,1,2,A,-,08,22107,NA,N,B,C,A,A,H,-,A,D,0,NA,NA,Y,NA,Y,NA,C,02,0,1,0,0,0,0,0,0,1,-,-,33.9242,-117.2887,RIVERSIDE,RIVERSIDE,-117.28877797,33.92419798
90506430,2017,2017-07-24,9840,2017-07-18,0045,019844,NA,2,3,7,3313,0,1,1,NA,2,023,I-215 S/B,CENTRAL AVENUE,3000,N,N,A,-,Y,NA,NA,215,NA,NA,NA,NA,NA,S,Y,4,0,2,3,A,-,03,22350,NA,F,C,C,A,A,H,-,D,D,0,NA,NA,NA,NA,Y,NA,D,22,0,0,2,0,0,0,0,0,0,-,-,33.96049,-117.31298,RIVERSIDE,RIVERSIDE,-117.31296892,33.96053607
9050756,2020,2020-10-02,3308,2020-08-06,0118,10800,517,4,5,5,3308,0,0,0,NA,0,NORTH,DEVONSHIRE AV,JUANITA ST,0,NA,Y,A,-,N,NA,NA,NA,NA,NA,NA,NA,NA,NA,Y,4,0,2,2,B,-,22,NA,NA,N,A,C,A,A,H,-,C,D,0,NA,NA,NA,NA,Y,NA,J,48,0,0,2,0,0,0,0,0,0,-,-,33.751129150390625,-116.96846771240234,RIVERSIDE,HEMET,-116.96843719482422,33.751190185546875
90508026,2017,2017-07-25,9685,2017-07-16,1450,015050,NA,7,2,9,3300,0,2,4,NA,2,016,GRAND AVE.,ARBOLADO LN.,0,NA,Y,A,-,N,NA,NA,NA,NA,NA,NA,NA,NA,NA,Y,4,0,2,2,A,-,09,21801,A,N,D,C,A,A,H,-,A,D,0,NA,NA,NA,NA,Y,NA,A,07,0,0,2,0,0,0,0,0,0,-,-,33.61825,-117.3122,RIVERSIDE,UNINCORPORATED,-117.31124012,33.61834007
9050808,2020,2020-05-21,3300,2020-02-26,2105,3455,604B1,3,5,6,3394,0,0,0,NA,0,MV42,MORENO BEACH DR,EUCALYPTUS AV,50,N,N,A,-,N,NA,NA,NA,NA,NA,NA,NA,NA,NA,N,4,0,1,2,A,-,03,22350,NA,N,C,C,A,A,H,-,C,A,0,NA,NA,NA,NA,Y,NA,A,07,0,0,1,0,0,0,0,0,0,-,-,33.93729019165039,-117.17887878417967,RIVERSIDE,MORENO VALLEY,-117.1785125732422,33.93744659423828
90508186,2017,2017-07-25,9685,2017-07-16,1735,016502,NA,7,2,9,3300,0,1,1,NA,2,030,I-15 NORTHBOUND,TEMECULA PKWY,6336,S,N,A,-,Y,NA,NA,15,NA,NA,NA,NA,NA,N,Y,4,0,2,1,A,-,08,22107,NA,N,E,I,A,A,H,-,A,D,0,NA,NA,NA,NA,Y,NA,A,01,0,0,2,0,0,0,0,0,0,-,-,33.4594,-117.1358,RIVERSIDE,UNINCORPORATED,-117.13590251,33.45938808
90508298,2015,2017-08-07,9840,2015-02-21,2500,019219,NA,6,4,9,3300,0,1,1,NA,2,037,I-15 SOUTHBOUND,INDIAN TRUCK TRAIL,2280,N,N,B,-,Y,NA,NA,15,NA,NA,NA,NA,NA,S,Y,2,0,1,1,A,-,08,22107,NA,N,F,A,A,A,H,-,D,D,0,NA,NA,NA,NA,Y,NA,A,01,1,0,0,0,0,0,0,0,0,-,-,33.7535,-117.457,RIVERSIDE,UNINCORPORATED,-117.45690276,33.75359161
90511511,2017,2017-07-28,9685,2017-07-15,2025,017535,NA,6,2,9,3300,0,3,5,NA,2,003,WASHINGTON STREET,WINCHESTER ROAD,1000,E,N,A,-,N,NA,NA,NA,NA,NA,NA,NA,NA,NA,Y,3,0,3,1,A,-,08,22107,NA,N,F,A,A,A,H,-,D,D,0,NA,NA,NA,NA,Y,Y,A,07,0,1,2,0,0,0,0,0,0,-,-,33.63725,-117.8102,RIVERSIDE,UNINCORPORATED,-117.08185466,33.63887589
90511915,2017,2017-07-28,9840,2017-07-25,2140,017882,NA,2,2,7,3313,0,1,1,NA,2,023,I-215 S/B,MARTIN LUTHER KING BLVD,2000,S,N,A,-,Y,NA,NA,215,NA,NA,NA,NA,NA,S,N,4,0,1,2,A,-,07,21658,A,N,B,C,A,A,H,-,C,D,0,NA,NA,Y,NA,Y,NA,A,01,0,0,1,0,0,0,0,0,1,-,-,33.96587,-117.32693,RIVERSIDE,RIVERSIDE,-117.32697563,33.96584286
90512905,2017,2017-07-31,9685,2017-07-20,1201,017285,NA,4,1,9,3300,0,1,3,NA,1,026,SR-74,SULTANAS ROAD,0,NA,Y,A,-,Y,NA,NA,74,NA,NA,NA,NA,NA,NA,Y,4,0,2,2,A,-,01,23152,A,N,D,C,A,A,H,-,A,D,0,NA,NA,NA,NA,Y,Y,A,01,0,0,2,0,0,0,0,0,0,-,-,33.74292,-117.12789,RIVERSIDE,UNINCORPORATED,-117.12789126,33.74315505
90513548,2017,2017-08-01,9840,2017-07-22,1711,021641,NA,6,2,9,3300,0,1,3,NA,2,030,SR-91 W/B,SERFAS CLUB DR,1000,W,N,A,-,Y,NA,NA,91,NA,NA,NA,NA,NA,W,Y,2,0,3,4,A,-,03,22350,NA,N,C,C,A,A,H,-,A,D,0,NA,NA,NA,NA,Y,NA,A,01,1,0,2,0,0,0,0,0,0,-,-,33.881100000000004,-117.6156,RIVERSIDE,UNINCORPORATED,-117.61559238,33.88115954
90514068,2017,2017-08-01,9840,2017-07-25,1655,017459,NA,2,2,7,3313,0,1,1,NA,2,023,I-215 N/B,CENTRAL AVENUE,2200,S,N,A,-,Y,NA,NA,NA,NA,NA,NA,NA,NA,NA,Y,3,0,1,3,A,-,07,21658,A,F,B,C,A,A,H,-,A,D,0,NA,NA,Y,NA,Y,NA,A,01,0,1,0,0,0,0,0,0,1,-,-,33.51324,-117.89012,RIVERSIDE,RIVERSIDE,NA,NA
90514783,2017,2017-08-02,9840,2017-07-21,1525,016285,NA,5,2,9,3300,0,1,1,NA,2,041,INTERSTATE 215 S/B,NUEVO ROAD,1551,N,N,A,-,Y,NA,NA,NA,NA,NA,NA,NA,NA,NA,Y,3,0,1,2,A,-,07,21658,A,N,B,C,A,A,H,-,A,D,0,NA,NA,NA,NA,Y,NA,A,01,0,1,0,0,0,0,0,0,0,-,-,33.80306,-117.23412,RIVERSIDE,UNINCORPORATED,NA,NA
90515240,2017,2017-08-02,9685,2017-07-25,2205,015800,NA,2,3,5,3335,0,1,1,NA,2,030,I-15 SOUTHBOUND,SANTIAGO ROAD,105,S,N,A,-,Y,NA,NA,15,NA,NA,NA,NA,NA,S,Y,2,0,1,5,A,-,03,22350,NA,N,C,C,A,A,D,-,C,D,0,NA,NA,NA,NA,Y,NA,A,01,1,0,0,0,0,0,0,0,0,-,-,33.4902,-117.14455,RIVERSIDE,TEMECULA,-117.14440151,33.49025493
90516034,2017,2017-08-03,9840,2017-07-31,1240,015444,NA,1,1,9,3300,0,3,5,NA,2,004,ELMWOOD ST,CARROLL ST,0,NA,Y,A,-,N,NA,NA,NA,NA,NA,NA,NA,NA,NA,N,3,0,1,2,A,-,12,22450,A,N,D,G,A,A,H,-,A,A,0,NA,Y,NA,NA,Y,NA,L,04,0,1,0,0,0,0,1,0,0,-,-,33.83544,-117.28328,RIVERSIDE,UNINCORPORATED,-117.28329007,33.83544009
90517396,2017,2017-08-07,9840,2017-07-31,1755,021177,NA,1,2,7,3313,0,1,3,NA,2,021,STATE ROUTE 91 E/B,JACKSON STREET,1000,N,N,A,-,Y,NA,NA,91,NA,NA,NA,NA,NA,E,Y,4,0,3,2,A,-,03,22350,NA,N,C,C,A,A,H,-,A,D,0,NA,NA,NA,NA,Y,NA,A,01,0,0,3,0,0,0,0,0,0,-,-,33.92019,-117.43217,RIVERSIDE,RIVERSIDE,-117.4322034,33.92024997
90518532,2017,2017-08-08,9655,2017-08-01,1935,018336,NA,2,2,9,3300,0,3,5,NA,2,003,DOMENIGONI PKY,SR-79,6864,E,N,A,-,N,NA,NA,NA,NA,NA,NA,NA,NA,NA,Y,4,0,1,1,C,-,18,NA,NA,N,F,A,A,A,H,-,B,D,0,NA,NA,NA,NA,Y,NA,-,-,0,0,1,0,0,0,0,0,0,-,-,33.69765,-117.0641,RIVERSIDE,UNINCORPORATED,-117.06273905,33.69821748
90520203,2017,2017-08-09,9630,2017-08-01,1741,019843,NA,2,2,9,3300,0,1,3,NA,1,074,SR-74,PALOWET DR,21648,W,N,A,-,Y,NA,NA,74,NA,NA,NA,NA,NA,NA,Y,4,0,1,1,A,-,08,22107,NA,N,F,A,A,A,H,-,A,D,0,NA,NA,Y,NA,Y,NA,C,02,0,0,1,0,0,0,0,0,1,-,-,33.65142,-116.39942,RIVERSIDE,UNINCORPORATED,-116.39942509,33.65146295
90521142,2017,2017-08-10,9840,2017-08-03,1655,015444,NA,4,2,6,3394,0,1,1,NA,2,040,I-215 S/B,CACTUS AVENUE,1056,S,N,A,-,Y,NA,NA,NA,NA,NA,NA,NA,NA,NA,Y,4,0,1,3,A,-,03,22350,NA,M,C,C,A,A,H,-,A,D,0,NA,NA,NA,NA,Y,NA,A,08,0,0,1,0,0,0,0,0,0,-,-,33.9032,-117.27752,RIVERSIDE,MORENO VALLEY,-117.27912495,33.90661628
90521368,2017,2017-08-11,9840,2017-08-04,2153,021042,NA,5,2,7,3313,0,1,1,NA,2,023,I-215 N/B,BLAINE ST,1136,S,N,A,-,Y,NA,NA,215,NA,NA,NA,NA,NA,N,Y,3,0,2,2,A,-,07,21658,A,N,B,C,A,A,H,-,C,D,0,NA,NA,NA,Y,Y,NA,-,-,0,2,0,0,0,0,0,0,0,-,-,33.98056,-117.34014,RIVERSIDE,RIVERSIDE,-117.34015772,33.9805429
9052149,2019,2020-02-28,3313,2019-12-18,1832,1827,1,3,5,7,3313,0,0,0,NA,0,T43,RIVERSIDE AV,ARLINGTON AV,330,N,N,A,-,N,NA,NA,NA,NA,NA,NA,NA,NA,NA,Y,4,0,1,2,A,-,09,21801,A,N,D,C,A,A,H,-,C,D,0,NA,NA,NA,NA,Y,NA,A,01,0,0,1,0,0,0,0,0,0,-,-,33.945098876953125,-117.38950347900392,RIVERSIDE,RIVERSIDE,-117.38877105712892,33.94694137573242
90521917,2017,2017-08-11,9685,2017-08-02,1454,013925,NA,3,2,4,3342,0,1,1,NA,2,034,INTERSTATE 215 SOUTHBOUND,MURRIETA HOT SPRINGS ROAD,1000,N,N,A,-,Y,NA,NA,215,NA,NA,NA,NA,NA,S,Y,4,0,1,3,A,-,03,22350,NA,N,C,C,A,A,H,-,A,D,0,NA,NA,NA,NA,Y,NA,A,07,0,0,1,0,0,0,0,0,0,-,-,33.56139,-117.18103,RIVERSIDE,MURRIETA,-117.1809972,33.56138965
90521928,2017,2017-08-11,9685,2017-06-01,1210,012979,NA,4,1,9,3300,0,1,3,NA,1,031,STATE ROUTE 79 (WINCHESTER ROAD),SPARKMAN WAY,294,N,N,A,-,Y,NA,NA,79,NA,NA,NA,NA,NA,NA,Y,1,1,0,2,A,-,08,22107,NA,N,C,E,A,A,H,-,A,D,0,NA,NA,NA,Y,Y,NA,A,01,0,0,0,0,0,0,0,0,0,-,-,33.57683,-117.13429,RIVERSIDE,UNINCORPORATED,-117.13444791,33.5768648
90523354,2017,2017-08-15,9840,2017-08-06,2028,018072,NA,7,2,4,3310,0,1,1,NA,2,011,I-15 S/B TO SIXTH STREET,SIXTH STREET,100,N,N,A,-,Y,NA,NA,15,NA,NA,NA,R,NA,S,Y,3,0,2,3,A,-,03,22350,NA,N,C,C,A,A,H,-,D,D,0,NA,NA,NA,NA,Y,NA,A,01,0,1,1,0,0,0,0,0,0,-,-,33.93801,-117.55665,RIVERSIDE,NORCO,-117.55665,33.93801
90523550,2017,2017-08-15,9840,2017-08-11,1810,021177,NA,5,2,6,3315,0,1,3,NA,2,030,STATE ROUTE 91 W/B,SERFAS CLUB DR,1700,W,N,A,-,Y,NA,NA,91,NA,NA,NA,NA,NA,W,N,4,0,1,2,A,-,03,22350,NA,N,C,C,A,A,H,-,A,D,0,NA,NA,NA,NA,Y,NA,A,01,0,0,1,0,0,0,0,0,0,-,-,33.88143,-117.61796,RIVERSIDE,CORONA,-117.61795588,33.88146215
90523872,2017,2017-08-15,9840,2017-08-14,2146,019893,NA,1,2,6,3315,0,1,1,NA,2,034,I-15 S/B,MAGNOLIA STREET,1200,S,N,A,-,Y,NA,NA,15,NA,NA,NA,NA,NA,S,Y,4,0,2,2,A,-,03,22350,NA,N,C,C,A,A,H,-,C,D,0,NA,NA,NA,NA,Y,NA,A,01,0,0,2,0,0,0,0,0,0,-,-,33.85994,-117.53708,RIVERSIDE,CORONA,-117.53695748,33.86000448
9052421,2019,2020-03-03,3313,2019-12-02,0347,1934,3,1,5,7,3313,0,0,0,NA,0,1R39,VAN BUREN BL,WOOD RD,35,W,N,A,-,N,NA,NA,NA,NA,NA,NA,NA,NA,NA,NA,2,0,2,1,A,-,03,22350,NA,N,F,I,A,A,H,-,C,A,0,NA,NA,NA,NA,Y,NA,A,01,1,1,0,0,0,0,0,0,0,-,-,33.885528564453125,-117.33235168457033,RIVERSIDE,RIVERSIDE,-117.33148193359376,33.887149810791016
90524610,2017,2017-08-16,9840,2017-08-09,1500,015444,NA,3,2,7,3313,0,1,1,NA,2,011,I-15 N/B,PHILADELPHIA AVE,3168,S,N,A,-,Y,NA,NA,NA,NA,NA,NA,NA,NA,NA,Y,3,0,1,4,A,-,03,22350,NA,N,C,C,A,A,H,-,A,D,0,NA,NA,NA,NA,Y,NA,D,22,0,1,0,0,0,0,0,0,0,-,-,34.03323,-117.55048,RIVERSIDE,RIVERSIDE,-117.55004,34.02887
90526090,2017,2017-08-18,9840,2017-08-12,2219,019527,NA,6,3,7,3313,0,1,1,NA,2,022,I-215 S/B,COLUMBIA AVE,1200,N,N,A,-,Y,NA,NA,215,NA,NA,NA,NA,NA,S,N,4,0,1,2,A,-,03,22350,NA,F,C,C,A,A,H,-,C,D,0,NA,NA,NA,NA,Y,NA,-,99,0,0,1,0,0,0,0,0,0,-,-,34.00657,-117.34858,RIVERSIDE,RIVERSIDE,-117.3486067,34.00658785
9052820,2019,2020-02-27,3300,2019-10-14,1639,5430,24C2,1,5,4,3318,0,0,0,NA,0,S24,BOB HOPE DR,DINAH SHORE DR,243,S,N,A,-,N,NA,NA,NA,NA,NA,NA,NA,NA,NA,Y,4,0,2,2,A,-,03,22350,NA,N,C,C,A,A,H,-,A,A,0,NA,NA,NA,NA,Y,NA,A,01,0,0,2,0,0,0,0,0,0,-,-,NA,NA,RIVERSIDE,PALM DESERT,-116.40602111816406,33.801124572753906
90529046,2017,2017-08-23,9685,2017-07-20,2042,016381,NA,4,2,9,3300,0,3,5,NA,2,003,ANZA RD,PAUBA RD,160,S,N,A,-,N,NA,NA,NA,NA,NA,NA,NA,NA,NA,Y,3,0,1,1,A,-,01,23152,A,M,E,I,A,A,H,-,D,D,0,NA,NA,NA,NA,Y,Y,D,22,0,1,0,0,0,0,0,0,0,-,-,33.5168,-117.0499,RIVERSIDE,UNINCORPORATED,-117.04978354,33.51635184
90529100,2017,2017-08-23,9655,2017-08-21,2205,018336,NA,1,3,9,3300,0,3,5,NA,2,003,SIMPSON ROAD,DAWN LN,528,E,N,A,-,N,NA,NA,NA,NA,NA,NA,NA,NA,NA,Y,3,0,1,1,A,-,08,22107,NA,N,E,I,A,A,H,-,D,D,0,NA,NA,NA,NA,Y,NA,A,01,0,1,0,0,0,0,0,0,0,-,-,33.70702,-117.10992,RIVERSIDE,UNINCORPORATED,-117.11022967,33.70704253
90529142,2017,2017-08-23,9685,2017-08-12,1106,017285,NA,6,1,4,3342,0,1,1,NA,2,034,I-215 S/B TO I-15 S/B,WINCHESTER ROAD,6864,N,N,A,-,Y,NA,NA,215,NA,NA,NA,R,NA,S,Y,4,0,2,3,A,-,03,22350,NA,N,C,C,A,A,H,-,A,D,0,NA,NA,NA,NA,Y,NA,A,08,0,0,2,0,0,0,0,0,0,-,-,33.54912,-117.18212,RIVERSIDE,MURRIETA,-117.18212,33.54912
90529208,2017,2017-08-23,9685,2017-08-13,1745,016113,NA,7,2,9,3300,0,2,4,NA,2,023,SCOTT ROAD (WESTBOUND),SR-79 (WINCHESTER RD.),1000,W,N,A,-,N,NA,NA,NA,NA,NA,NA,NA,NA,NA,Y,4,0,1,2,A,-,08,22107,NA,N,C,C,A,A,H,-,A,D,0,NA,NA,Y,NA,Y,NA,D,22,0,0,1,0,0,0,0,0,1,-,-,33.64119,-117.0881,RIVERSIDE,UNINCORPORATED,-117.08794,33.641051
90529236,2017,2017-08-23,9655,2017-08-22,1615,020350,NA,2,2,9,3300,0,1,3,NA,1,119,SR-371,CARY ROAD,0,NA,Y,A,-,Y,NA,NA,371,NA,NA,NA,NA,NA,NA,Y,3,0,2,2,A,-,03,22350,NA,N,C,C,A,A,H,-,A,D,0,NA,NA,NA,NA,Y,NA,D,22,0,1,1,0,0,0,0,0,0,-,-,33.54359,-116.73514,RIVERSIDE,UNINCORPORATED,-116.73514239,33.54359794
90530398,2017,2017-08-24,9840,2017-08-23,0825,016853,NA,3,1,6,3394,0,1,3,NA,2,025,SR-60 W/B,PIGEON PASS RD,850,E,N,A,-,Y,NA,NA,NA,NA,NA,NA,NA,NA,NA,Y,4,0,2,3,A,-,03,22350,NA,N,C,C,A,A,H,-,A,D,0,NA,NA,NA,NA,Y,NA,A,01,0,0,2,0,0,0,0,0,0,-,-,33.56461,-117.1526,RIVERSIDE,MORENO VALLEY,-117.25866668,33.94094011
9053139,2020,2020-03-06,3313,2020-01-28,1758,1736,1,2,5,7,3313,0,0,0,NA,0,T49,MAIN ST,RUSSELL ST,180,N,N,A,-,N,NA,NA,NA,NA,NA,NA,NA,NA,NA,NA,4,0,2,3,A,-,03,22350,NA,N,C,C,A,A,H,-,B,A,0,NA,NA,NA,NA,Y,Y,A,01,0,0,2,0,0,0,0,0,0,-,-,33.996028900146484,-117.36660003662108,RIVERSIDE,RIVERSIDE,-117.36537933349608,33.995521545410156
9053186,2020,2020-05-15,3315,2020-01-27,0722,004123,6E,1,5,6,3315,0,0,0,NA,0,001,RAILROAD ST,GRAND BL,0,NA,Y,A,-,N,NA,NA,NA,NA,NA,NA,NA,NA,NA,NA,4,0,1,2,A,-,12,21453,A,N,D,C,A,A,H,-,A,A,0,NA,NA,NA,NA,Y,NA,A,07,0,0,1,0,0,0,0,0,0,-,-,33.88174819946289,-117.56746673583984,RIVERSIDE,CORONA,-117.56732940673828,33.88174819946289
9053269,2019,2020-03-03,3313,2019-12-06,1725,1992,1,5,5,7,3313,0,0,0,NA,0,T45,DEWEY AV,JERRY LOUDER,0,NA,Y,B,-,N,NA,NA,NA,NA,NA,NA,NA,NA,NA,N,3,0,1,2,A,-,09,21802,A,N,D,D,A,B,H,-,C,A,0,NA,NA,NA,NA,Y,NA,A,01,0,1,0,0,0,0,0,0,0,-,-,NA,NA,RIVERSIDE,RIVERSIDE,-117.41822,33.957
90534379,2017,2017-08-25,9840,2017-08-16,1740,016285,NA,3,2,9,3300,0,2,4,NA,2,042,FIRETHORN AVENUE,VAN BUREN BOULEVARD,22,N,N,A,-,N,NA,NA,NA,NA,NA,NA,NA,NA,NA,Y,3,0,5,3,A,-,03,22350,NA,N,D,C,A,A,H,-,A,D,0,NA,NA,NA,NA,Y,NA,A,01,0,1,4,0,0,0,0,0,0,-,-,33.88594,-117.40761,RIVERSIDE,UNINCORPORATED,-117.40757371,33.88598629
90534832,2017,2017-08-28,9840,2017-07-07,2350,018849,NA,5,3,4,3307,0,1,1,NA,2,037,I-15 N/B,NICHOLS RD,1700,S,N,A,-,Y,NA,NA,NA,NA,NA,NA,NA,NA,NA,Y,4,0,4,2,A,-,08,22107,NA,F,B,C,A,A,H,-,D,D,0,NA,NA,NA,NA,Y,NA,A,01,0,0,4,0,0,0,0,0,0,-,-,33.42159,-117.2118,RIVERSIDE,LAKE ELSINORE,-117.35385055,33.7037637
90535148,2017,2017-08-28,9655,2017-08-25,1920,019462,NA,5,2,9,3300,0,1,3,NA,1,314,SR-74 WESTBOUND,MPM 50.50,45,E,N,A,-,Y,NA,NA,74,NA,NA,NA,NA,NA,W,Y,3,0,1,1,A,-,08,22107,NA,N,F,I,A,A,H,-,B,D,0,NA,NA,NA,NA,Y,NA,A,01,0,1,0,0,0,0,0,0,0,-,-,33.72876,-116.8084,RIVERSIDE,UNINCORPORATED,-116.80839551,33.72876227
90535797,2017,2017-08-29,9685,2017-08-19,0059,017399,NA,6,3,9,3300,0,3,5,NA,2,002,SIMPSON ROAD,LEON ROAD,40,W,N,A,-,N,NA,NA,NA,NA,NA,NA,NA,NA,NA,Y,2,0,1,2,A,-,03,22350,NA,N,C,C,A,A,H,-,D,D,0,NA,NA,Y,Y,Y,NA,C,02,1,0,0,0,0,0,0,0,1,-,-,33.70696,-117.11978,RIVERSIDE,UNINCORPORATED,-117.11987103,33.70695672
90536258,2017,2017-08-29,9840,2017-08-19,1501,018611,NA,6,2,4,3307,0,1,1,NA,2,037,I-15 S/B,SR-74,3800,N,N,A,-,Y,NA,NA,15,NA,NA,NA,NA,NA,S,Y,4,0,4,3,A,-,03,22350,NA,N,C,C,A,A,H,-,A,D,0,NA,NA,NA,NA,Y,NA,A,07,0,0,4,0,0,0,0,0,0,-,-,33.70103,-117.35032,RIVERSIDE,LAKE ELSINORE,-117.35031022,33.70104483
90538048,2017,2017-08-31,9840,2017-08-13,0140,020371,NA,7,3,4,3344,0,1,3,NA,2,010,SR-60 E/B,I-15,1000,W,N,A,-,Y,NA,NA,60,NA,NA,NA,NA,NA,E,Y,3,0,2,2,A,-,01,23152,A,F,C,C,A,A,H,-,C,D,0,NA,NA,NA,NA,Y,Y,A,01,0,1,1,0,0,0,0,0,0,-,-,34.02217,-117.55221,RIVERSIDE,EASTVALE,-117.55220812,34.02217659
90538172,2017,2017-08-31,9840,2017-08-23,1545,017504,NA,3,2,7,3313,0,1,3,NA,2,021,SR-91 W/B,MADISON ST.,2000,E,N,A,-,Y,NA,NA,91,NA,NA,NA,NA,NA,W,N,4,0,2,2,A,-,03,22350,NA,N,C,C,A,A,H,-,A,D,0,NA,NA,NA,NA,Y,NA,A,01,0,0,2,0,0,0,0,0,0,-,-,33.9386,-117.40013,RIVERSIDE,RIVERSIDE,-117.40015371,33.93864158
90538394,2017,2017-08-31,9655,2017-08-08,1915,017720,NA,2,2,3,3302,0,1,3,NA,2,212,STATE ROUTE 60,JACK RABBIT TRAIL,0,NA,Y,A,-,Y,NA,NA,60,NA,NA,NA,NA,NA,NA,Y,1,1,1,2,A,-,09,21801,A,N,D,C,A,A,H,-,B,D,0,NA,NA,Y,NA,Y,NA,D,22,0,1,0,0,0,0,0,1,0,-,-,33.93388,-117.03348,RIVERSIDE,BEAUMONT,-117.0334575,33.93393499