CASE_ID,ACCIDENT_YEAR,PROC_DATE,JURIS,COLLISION_DATE,COLLISION_TIME,OFFICER_ID,REPORTING_DISTRICT,DAY_OF_WEEK,CHP_SHIFT,POPULATION,CNTY_CITY_LOC,SPECIAL_COND,BEAT_TYPE,CHP_BEAT_TYPE,CITY_DIVISION_LAPD,CHP_BEAT_CLASS,BEAT_NUMBER,PRIMARY_RD,SECONDARY_RD,DISTANCE,DIRECTION,INTERSECTION,WEATHER_1,WEATHER_2,STATE_HWY_IND,CALTRANS_COUNTY,CALTRANS_DISTRICT,STATE_ROUTE,ROUTE_SUFFIX,POSTMILE_PREFIX,POSTMILE,LOCATION_TYPE,RAMP_INTERSECTION,SIDE_OF_HWY,TOW_AWAY,COLLISION_SEVERITY,NUMBER_KILLED,NUMBER_INJURED,PARTY_COUNT,PRIMARY_COLL_FACTOR,PCF_CODE_OF_VIOL,PCF_VIOL_CATEGORY,PCF_VIOLATION,PCF_VIOL_SUBSECTION,HIT_AND_RUN,TYPE_OF_COLLISION,MVIW,PED_ACTION,ROAD_SURFACE,ROAD_COND_1,ROAD_COND_2,LIGHTING,CONTROL_DEVICE,CHP_ROAD_TYPE,PEDESTRIAN_ACCIDENT,BICYCLE_ACCIDENT,MOTORCYCLE_ACCIDENT,TRUCK_ACCIDENT,NOT_PRIVATE_PROPERTY,ALCOHOL_INVOLVED,STWD_VEHTYPE_AT_FAULT,CHP_VEHTYPE_AT_FAULT,COUNT_SEVERE_INJ,COUNT_VISIBLE_INJ,COUNT_COMPLAINT_PAIN,COUNT_PED_KILLED,COUNT_PED_INJURED,COUNT_BICYCLIST_KILLED,COUNT_BICYCLIST_INJURED,COUNT_MC_KILLED,COUNT_MC_INJURED,PRIMARY_RAMP,SECONDARY_RAMP,LATITUDE,LONGITUDE,COUNTY,CITY,POINT_X,POINT_Y
90540114,2017,2017-09-05,9840,2017-08-27,1855,020018,NA,7,2,7,3313,0,1,3,NA,2,021,SR-91 E/B,14TH STREET,2100,E,N,A,-,Y,NA,NA,91,NA,NA,NA,NA,NA,E,Y,4,0,1,1,A,-,08,22107,NA,N,F,C,A,A,H,-,E,D,0,NA,NA,Y,NA,Y,NA,C,02,0,0,1,0,0,0,0,0,1,-,-,33.9774,-117.37126,RIVERSIDE,RIVERSIDE,-117.37150939,33.97747824
90543323,2017,2017-09-07,9630,2017-08-26,0700,021236,NA,6,1,9,3300,0,1,1,NA,2,021,I-10 W/B,COOK ST,3500,E,N,A,-,Y,NA,NA,10,NA,NA,NA,NA,NA,W,Y,3,0,2,2,A,-,03,22350,NA,N,C,C,A,A,H,-,A,D,0,NA,NA,NA,NA,Y,NA,A,01,0,1,1,0,0,0,0,0,0,-,-,33.77909,-116.34275,RIVERSIDE,UNINCORPORATED,-116.34274461,33.77909909
90544562,2017,2017-09-11,9840,2017-09-01,0447,020360,NA,5,3,9,3300,0,3,5,NA,2,004,WOOD ROAD,BERT ROAD,337,S,N,A,-,N,NA,NA,NA,NA,NA,NA,NA,NA,NA,N,3,0,1,1,A,-,01,23152,A,N,E,J,A,A,H,-,C,D,0,NA,NA,NA,NA,Y,Y,A,01,0,1,0,0,0,0,0,0,0,-,-,33.89545,-117.33129,RIVERSIDE,UNINCORPORATED,-117.33128664,33.89544673
90544933,2017,2017-09-11,9655,2017-09-09,2208,018677,NA,6,3,9,3300,0,1,3,NA,2,213,SR-79 S/B,CALIFORNIA AVE,2640,S,N,A,-,N,NA,NA,79,NA,NA,NA,NA,NA,S,Y,3,0,1,1,A,-,08,22107,NA,N,F,A,A,A,H,-,D,D,0,NA,NA,NA,NA,Y,NA,A,01,0,1,0,0,0,0,0,0,0,-,-,33.89943,-116.98712,RIVERSIDE,UNINCORPORATED,-116.98704825,33.89936184
90546554,2017,2017-09-13,9685,2017-08-30,2342,016838,NA,3,3,5,3335,0,1,1,NA,2,030,I-15 S/B FROM RANCHO CALIF. ON RAMP,RANCHO CALIFORNIA ROAD,0,NA,N,A,-,Y,NA,NA,15,NA,NA,NA,R,NA,S,N,4,0,1,2,D,-,00,NA,NA,N,B,C,A,A,H,-,C,A,0,NA,NA,NA,NA,Y,NA,-,-,0,0,1,0,0,0,0,0,0,-,-,33.5001,-117.15182,RIVERSIDE,TEMECULA,-117.15182,33.5001
90546961,2017,2017-09-13,9685,2017-09-01,2325,017535,NA,5,3,9,3300,0,1,3,NA,1,026,SR-74 (HEMET),HOMELAND AVENUE,0,NA,Y,A,-,Y,NA,NA,74,NA,NA,NA,NA,NA,NA,Y,3,0,2,2,A,-,09,21801,A,F,A,C,A,A,H,-,D,D,0,NA,NA,NA,NA,Y,NA,A,01,0,1,1,0,0,0,0,0,0,-,-,33.74363,-117.11245,RIVERSIDE,UNINCORPORATED,-117.11244604,33.7433696
90549586,2017,2017-09-18,9630,2017-09-08,1300,015876,NA,5,1,9,3300,0,2,S,NA,2,404,MONTEREY AVENUE,I-10 E/B ON & OFF FROM MONTEREY AVE,124,S,N,B,-,N,NA,NA,NA,NA,NA,NA,NA,NA,NA,N,4,0,1,2,A,-,03,22350,NA,N,C,C,A,A,H,-,A,A,0,NA,NA,NA,NA,Y,NA,A,01,0,0,1,0,0,0,0,0,0,-,-,33.8048,-116.38796,RIVERSIDE,UNINCORPORATED,-116.388074,33.805479
90549590,2017,2017-09-18,9840,2017-09-12,0745,016853,NA,2,1,9,3300,0,1,1,NA,2,040,I-215 N/B,VAN BUREN BLVD,400,N,N,A,-,Y,NA,NA,NA,NA,NA,NA,NA,NA,NA,N,3,0,1,2,A,-,03,22350,NA,N,C,C,A,A,H,-,A,D,0,NA,NA,NA,NA,Y,NA,A,07,0,1,0,0,0,0,0,0,0,-,-,33.53622,-117.16373,RIVERSIDE,UNINCORPORATED,-117.27027993,33.88862282
90549730,2017,2017-09-18,9840,2017-08-29,2309,021194,NA,2,3,4,3307,0,1,1,NA,2,037,I-15 N/B,SR-74,2432,N,N,A,-,Y,NA,NA,NA,NA,NA,NA,NA,NA,NA,N,2,0,1,2,A,-,11,21954,A,F,G,B,E,A,H,-,D,D,0,Y,NA,NA,NA,Y,NA,N,60,1,0,0,0,1,0,0,0,0,-,-,33.69835,-117.34346,RIVERSIDE,LAKE ELSINORE,-117.18753,33.75324
90552957,2017,2017-09-21,9685,2017-09-07,1310,012775,NA,4,1,9,3300,0,1,1,NA,2,010,TENAJA ROAD,CLINTON KEITH ROAD,5808,W,N,A,-,N,NA,NA,NA,NA,NA,NA,NA,NA,NA,Y,3,0,1,1,A,-,03,22350,NA,N,E,I,A,A,H,-,A,A,0,NA,NA,NA,NA,Y,NA,A,01,0,1,0,0,0,0,0,0,0,-,-,33.5291,-117.29005,RIVERSIDE,UNINCORPORATED,-117.2914344,33.5288873
90553386,2017,2017-09-21,9630,2017-09-11,2241,021298,NA,1,3,9,3300,0,1,1,NA,2,020,I-10 E/B,MONTEREY AVE,200,W,N,A,-,Y,NA,NA,10,NA,NA,NA,NA,NA,E,Y,3,0,1,1,A,-,08,22107,NA,N,F,A,A,A,H,-,C,D,0,NA,NA,Y,NA,Y,NA,C,02,0,1,0,0,0,0,0,0,1,-,-,33.8084,-116.3927,RIVERSIDE,UNINCORPORATED,-116.39266824,33.80845286
90554273,2017,2017-09-22,9655,2017-09-15,1529,019796,NA,5,2,9,3300,0,3,5,NA,2,003,SIMPSON RD.,WHITTIER AVE.,10,W,N,A,-,N,NA,NA,NA,NA,NA,NA,NA,NA,NA,N,4,0,1,2,A,-,03,22350,NA,M,C,C,A,A,H,-,A,D,0,NA,NA,NA,NA,Y,NA,A,01,0,0,1,0,0,0,0,0,0,-,-,33.7072,-117.08077,RIVERSIDE,UNINCORPORATED,-117.08060277,33.70716
90554510,2017,2017-09-25,9840,2017-09-23,0243,021194,NA,6,3,7,3313,0,1,3,NA,2,020,SR-91 E/B,LA SIERRA AVE,2370,E,N,A,-,Y,NA,NA,91,NA,NA,NA,NA,NA,E,Y,3,0,1,2,A,-,01,23152,A,N,E,I,A,A,H,-,D,D,0,NA,NA,NA,NA,Y,Y,D,22,0,1,0,0,0,0,0,0,0,-,-,33.90182,-117.46603,RIVERSIDE,RIVERSIDE,-117.46606283,33.90191542
90554529,2017,2017-09-25,9840,2017-09-17,0740,018221,NA,7,1,9,3300,0,3,5,NA,2,002,RECHE CANYON RD.,MERCADANTE LN,750,N,N,B,-,N,NA,NA,NA,NA,NA,NA,NA,NA,NA,Y,4,0,1,1,A,-,01,23152,F,N,E,I,A,A,H,-,A,D,0,NA,NA,NA,NA,Y,NA,A,01,0,0,1,0,0,0,0,0,0,-,-,33.99631,-117.23214,RIVERSIDE,UNINCORPORATED,-117.23205013,33.99624272
90554651,2017,2017-09-25,9840,2017-09-20,0645,015705,NA,3,1,9,3300,0,1,1,NA,2,023,I-215 S/B,CENTRAL AVE,667,S,N,A,-,Y,NA,NA,215,NA,NA,NA,NA,NA,S,Y,4,0,1,3,A,-,08,22107,NA,N,B,C,A,A,H,-,B,D,0,NA,NA,NA,Y,Y,NA,A,01,0,0,1,0,0,0,0,0,0,-,-,33.95768,-117.30826,RIVERSIDE,UNINCORPORATED,-117.30817232,33.95779327
90555165,2017,2017-10-02,9630,2017-06-30,2005,020996,NA,5,2,9,3300,0,1,1,NA,2,302,INTERSTATE 10 WESTBOUND,RED CLOUD ROAD,12672,W,N,A,-,Y,NA,NA,NA,NA,NA,NA,NA,NA,NA,Y,1,1,2,2,A,-,08,22107,NA,N,B,C,A,A,H,-,D,D,0,NA,NA,NA,NA,Y,NA,A,07,0,1,1,0,0,0,0,0,0,-,-,33.67534,-115.60607,RIVERSIDE,UNINCORPORATED,NA,NA
90557280,2017,2017-09-27,9840,2017-09-15,0353,020360,NA,5,3,6,3345,0,1,3,NA,2,010,SR-60 W/B,ETIWANDA AVE,230,E,N,A,-,Y,NA,NA,60,NA,NA,NA,NA,NA,W,Y,3,0,2,2,A,-,03,22350,NA,N,C,C,A,A,H,-,D,D,0,NA,NA,NA,NA,Y,NA,A,01,0,1,1,0,0,0,0,0,0,-,-,34.01826,-117.52353,RIVERSIDE,JURUPA VALLEY,-117.52353627,34.01841923
90557843,2017,2017-09-28,9840,2017-09-26,0740,013500,NA,2,1,6,3345,0,1,3,NA,2,010,SR-60 E/B,HALL AVE.,200,E,N,A,-,Y,NA,NA,60,NA,NA,NA,NA,NA,E,Y,4,0,1,3,A,-,03,22350,NA,N,C,C,A,A,H,-,A,D,0,NA,NA,NA,NA,Y,NA,A,01,0,0,1,0,0,0,0,0,0,-,-,34.00508,-117.39215,RIVERSIDE,JURUPA VALLEY,-117.39215284,34.0051587
90560316,2017,2017-09-29,9685,2017-09-20,0700,015360,NA,3,1,5,3335,0,1,1,NA,2,030,I-15 SOUTHBOUND,TEMECULA PARKWAY,1056,S,N,A,-,Y,NA,NA,NA,NA,NA,NA,NA,NA,NA,Y,4,0,1,2,A,-,03,22350,NA,N,B,C,A,A,H,-,A,D,0,NA,NA,Y,NA,Y,NA,C,02,0,0,1,0,0,0,0,0,1,-,-,33.02534,-117.86675,RIVERSIDE,TEMECULA,NA,NA
90562259,2017,2017-10-03,9685,2017-09-25,0850,013006,NA,1,1,5,3335,0,1,1,NA,2,030,I-15 S/B TO RANCHO CALIF. OFF-RAMP,RANCHO CALIF. ROAD,290,N,N,A,-,Y,NA,NA,NA,NA,NA,NA,NA,NA,NA,Y,4,0,1,2,A,-,03,22350,NA,N,C,C,A,A,H,-,A,A,0,NA,NA,NA,NA,Y,NA,A,01,0,0,1,0,0,0,0,0,0,-,-,33.3063,-117.9845,RIVERSIDE,TEMECULA,-117.15189246,33.5014405
9056253,2020,2020-03-20,3308,2020-02-11,0915,10766,546,2,5,5,3308,0,0,0,NA,0,SOUTH,GILBERT ST,STETSON AV,278,N,N,A,-,N,NA,NA,NA,NA,NA,NA,NA,NA,NA,N,4,0,1,2,A,-,10,21952,NA,N,G,B,F,A,H,-,A,A,0,Y,NA,NA,NA,Y,NA,A,01,0,0,1,0,1,0,0,0,0,-,-,33.729488372802734,-116.97595977783205,RIVERSIDE,HEMET,-116.97588348388672,33.73015213012695
90563564,2017,2017-10-05,9840,2017-09-25,1620,017162,NA,1,2,6,3315,0,1,3,NA,2,030,SR-91 W/B,GREEN RIVER ROAD,100,W,N,A,-,Y,NA,NA,91,NA,NA,NA,NA,NA,W,Y,4,0,1,2,A,-,03,22350,NA,N,C,C,A,A,H,-,A,D,0,NA,NA,NA,NA,Y,NA,A,07,0,0,1,0,0,0,0,0,0,-,-,33.87847,-117.65816,RIVERSIDE,CORONA,-117.65814648,33.87844848
90563757,2017,2017-10-05,9630,2017-09-23,2342,021409,NA,6,3,9,3300,0,1,1,NA,2,021,I-10 W/B,GOLF CENTER PKY,2112,W,N,A,-,Y,NA,NA,NA,NA,NA,NA,NA,NA,NA,Y,2,0,1,1,C,-,18,NA,NA,N,F,A,A,D,G,-,C,D,0,NA,NA,NA,NA,Y,NA,-,-,1,0,0,0,0,0,0,0,0,-,-,33.73065,-116.20744,RIVERSIDE,UNINCORPORATED,-116.20593,33.72945
90565465,2017,2017-10-09,9840,2017-09-23,1318,021177,NA,6,1,6,3315,0,1,3,NA,2,031,STATE ROUTE 91 E/B,WEST GRAND BLVD.,100,W,N,A,-,Y,NA,NA,91,NA,NA,NA,NA,NA,E,N,4,0,1,2,A,-,03,22350,NA,F,C,C,A,A,H,-,A,D,0,NA,NA,NA,NA,Y,NA,A,01,0,0,1,0,0,0,0,0,0,-,-,33.88039,-117.57163,RIVERSIDE,CORONA,-117.57160591,33.88061486
90567756,2017,2017-10-11,9685,2017-10-03,2350,013148,NA,2,3,9,3300,0,3,5,NA,2,003,LEON ROAD,SILKY LUPINE DRIVE,55,S,N,B,-,N,NA,NA,NA,NA,NA,NA,NA,NA,NA,Y,3,0,1,2,A,-,01,23152,A,N,C,C,A,A,H,-,C,A,0,NA,NA,NA,NA,Y,Y,A,01,0,1,0,0,0,0,0,0,0,-,-,33.61591,-117.11865,RIVERSIDE,UNINCORPORATED,NA,NA
90568424,2017,2017-10-11,9840,2017-10-06,1455,014868,NA,5,2,4,3310,0,1,1,NA,2,011,I-15 N/B,SECOND ST,1056,N,N,A,-,Y,NA,NA,15,NA,NA,NA,NA,NA,N,Y,3,0,1,2,A,-,03,22350,NA,N,C,C,A,A,H,-,A,D,0,NA,NA,NA,NA,Y,NA,D,22,0,1,0,0,0,0,0,0,0,-,-,33.93564,-117.55596,RIVERSIDE,NORCO,-117.55584001,33.93563737
90568929,2017,2017-10-12,9840,2017-10-05,0750,015705,NA,4,1,6,3345,0,1,3,NA,2,010,SR-60 E/B,VALLEY WAY,500,W,N,A,-,Y,NA,NA,60,NA,NA,NA,NA,NA,E,Y,4,0,1,3,A,-,03,22350,NA,N,C,C,A,A,H,-,A,D,0,NA,NA,NA,NA,Y,NA,A,01,0,0,1,0,0,0,0,0,0,-,-,34.01192,-117.43305,RIVERSIDE,JURUPA VALLEY,-117.43317401,34.01150686
90571015,2017,2017-10-16,9655,2017-09-30,1915,019440,NA,6,2,3,3302,0,1,1,NA,2,202,I-10 W/B,VEILE AVE,2640,W,N,A,-,Y,NA,NA,10,NA,NA,NA,NA,NA,W,Y,4,0,2,2,A,-,07,21658,A,N,B,C,A,A,H,-,C,A,0,NA,NA,NA,Y,Y,NA,A,01,0,0,2,0,0,0,0,0,0,-,-,33.93328,-116.98952,RIVERSIDE,BEAUMONT,-116.98947027,33.93339697
90571291,2017,2017-10-16,9840,2017-10-03,0550,016285,NA,2,3,9,3300,0,3,5,NA,2,004,HANSEN AVENUE,RESERVOIR AVENUE,40,S,N,B,-,N,NA,NA,NA,NA,NA,NA,NA,NA,NA,Y,4,0,1,3,A,-,03,22350,NA,N,C,C,A,A,H,-,C,A,0,NA,NA,NA,NA,Y,NA,D,22,0,0,1,0,0,0,0,0,0,-,-,33.83865,-117.11832,RIVERSIDE,UNINCORPORATED,-117.11814981,33.8382257
90571425,2017,2017-10-16,9840,2017-10-09,0750,019219,NA,1,1,7,3313,0,1,1,NA,2,023,I-215 S/B,IOWA AVENUE,40,S,N,A,-,Y,NA,NA,215,NA,NA,NA,NA,NA,S,Y,4,0,3,3,A,-,03,22350,NA,N,C,C,A,A,H,-,A,D,0,NA,NA,NA,NA,Y,NA,A,01,0,0,3,0,0,0,0,0,0,-,-,33.98309,-117.34304,RIVERSIDE,RIVERSIDE,-117.3430593,33.983070240000004
90571622,2017,2017-10-18,9840,2017-10-10,2210,021177,NA,2,3,6,3315,0,1,3,NA,2,031,STATE ROUTE 91 E/B,EAST GRAND BLVD.,1500,E,N,A,-,Y,NA,NA,91,NA,NA,NA,NA,NA,E,Y,4,0,1,1,A,-,08,22107,NA,N,E,I,A,A,H,-,D,D,0,NA,NA,NA,NA,Y,NA,A,01,0,0,1,0,0,0,0,0,0,-,-,33.87945,-117.55644,RIVERSIDE,CORONA,-117.55641205,33.8792422
90573420,2017,2017-10-18,9840,2017-10-10,1735,017504,NA,2,2,7,3313,0,1,3,NA,2,020,SR-91 E/B,BUCHANAN ST,100,E,N,A,-,Y,NA,NA,91,NA,NA,NA,NA,NA,E,N,4,0,1,2,A,-,03,22350,NA,N,C,C,A,A,H,-,A,D,0,NA,NA,NA,NA,Y,NA,D,22,0,0,1,0,0,0,0,0,0,-,-,33.89437,-117.5004,RIVERSIDE,RIVERSIDE,-117.50044528,33.89446729
90575666,2017,2017-10-23,9655,2017-10-10,1920,018677,NA,2,2,9,3300,0,1,3,NA,2,315,SR-79 S/B,SCOTT ROAD,176,N,N,A,-,Y,NA,NA,79,NA,NA,NA,NA,NA,S,Y,2,0,1,1,A,-,01,23152,A,N,F,A,A,A,H,-,D,D,0,NA,NA,NA,NA,Y,Y,A,01,1,0,0,0,0,0,0,0,0,-,-,33.64025,-117.08456,RIVERSIDE,UNINCORPORATED,-117.08472497,33.64030867
90577567,2017,2017-10-24,9630,2017-10-15,0225,020645,NA,7,3,4,3309,0,1,1,NA,2,021,I-10 E/B,GOLF CENTER PKWY,1584,W,N,A,-,Y,NA,NA,10,NA,NA,NA,NA,NA,E,Y,3,0,1,1,A,-,05,21651,B,N,E,I,A,A,H,-,E,D,0,NA,NA,NA,NA,Y,NA,A,01,0,1,0,0,0,0,0,0,0,-,-,33.72919,-116.20599,RIVERSIDE,INDIO,-116.20602071,33.72915097
90578389,2017,2017-10-25,9840,2017-10-20,1530,017802,NA,5,2,7,3313,0,1,3,NA,2,025,SR-60 W/B,DAY ST.,1500,W,N,A,-,Y,NA,NA,60,NA,NA,NA,NA,NA,W,N,4,0,1,2,A,-,03,22350,NA,N,C,C,A,A,H,-,A,D,0,NA,NA,NA,NA,Y,NA,A,07,0,0,1,0,0,0,0,0,0,-,-,33.94352,-117.28371,RIVERSIDE,RIVERSIDE,-117.2837087,33.94352781
90581864,2017,2017-10-30,9840,2017-10-22,1513,019242,NA,7,2,7,3313,0,1,1,NA,2,023,I-215 N/B TO I-215 N/B RIVERSIDE I/C,CHICAGO AVE,1320,N,N,A,-,Y,NA,NA,215,NA,NA,NA,R,NA,N,Y,4,0,1,2,A,-,08,22107,NA,N,E,I,A,A,H,-,A,D,0,NA,NA,NA,NA,Y,NA,A,01,0,0,1,0,0,0,0,0,0,-,-,33.9934,-117.3556,RIVERSIDE,RIVERSIDE,-117.3556,33.9934
90583052,2017,2017-10-30,9840,2017-10-23,0017,021177,NA,1,3,6,3345,0,1,3,NA,2,010,SR-60 E/B TO I-15 N/B,INTERSTATE 15,50,E,N,A,-,Y,NA,NA,60,NA,NA,NA,R,NA,E,Y,3,0,1,1,A,-,08,22107,NA,N,E,I,A,A,H,-,D,D,0,NA,NA,NA,NA,Y,NA,A,01,0,1,0,0,0,0,0,0,0,-,-,34.02277,-117.54982,RIVERSIDE,JURUPA VALLEY,-117.54982,34.02277
90583248,2017,2017-10-31,9840,2017-10-21,1153,018281,NA,6,1,7,3313,0,1,3,NA,2,020,SR-91 E/B,PIERCE ST,1700,W,N,A,-,Y,NA,NA,91,NA,NA,NA,NA,NA,E,N,4,0,1,2,A,-,07,21658,A,F,H,A,A,A,H,-,A,D,0,NA,NA,NA,Y,Y,NA,G,25,0,0,1,0,0,0,0,0,0,-,-,33.8952,-117.49901,RIVERSIDE,RIVERSIDE,-117.49898524,33.8951468
90583509,2017,2017-10-31,9840,2017-10-22,1705,018281,NA,7,2,9,3300,0,3,5,NA,2,003,OREGON ST (33000 BLOCK),GRAND AVE,600,W,N,A,-,N,NA,NA,NA,NA,NA,NA,NA,NA,NA,N,3,0,1,2,A,-,11,21954,A,N,G,B,D,A,H,-,A,D,0,Y,NA,NA,NA,Y,NA,N,60,0,1,0,0,1,0,0,0,0,-,-,33.66525,-117.39037,RIVERSIDE,UNINCORPORATED,-117.39039804,33.66528381
90583840,2017,2017-10-31,9840,2017-10-26,0913,017765,NA,4,1,4,3307,0,1,1,NA,2,037,I-15 N/B,LAKE ST,7100,S,N,A,-,Y,NA,NA,15,NA,NA,NA,NA,NA,N,Y,4,0,1,1,A,-,08,22107,NA,N,E,J,A,A,H,-,A,D,0,NA,NA,NA,NA,Y,NA,A,01,0,0,1,0,0,0,0,0,0,-,-,33.72271,-117.36709,RIVERSIDE,LAKE ELSINORE,-117.36696902,33.72284968
90583900,2017,2017-10-31,9685,2017-10-17,1900,015757,NA,2,2,4,3342,0,1,1,NA,2,030,I-15 N/B (TEMECULA VALLEY FWY),CALIFORNIA OAKS RD,1500,N,N,A,-,Y,NA,NA,15,NA,NA,NA,NA,NA,N,Y,4,0,1,3,A,-,03,22350,NA,N,C,C,A,A,H,-,D,D,0,NA,NA,NA,NA,Y,NA,A,01,0,0,1,0,0,0,0,0,0,-,-,33.56845,-117.21064,RIVERSIDE,MURRIETA,-117.21062686,33.56846751
90584102,2017,2017-10-31,9840,2017-10-29,0006,020220,NA,7,3,9,3300,0,3,5,NA,2,004,HARVILL AVE,DAYTONA COVE,750,N,N,A,-,N,NA,NA,NA,NA,NA,NA,NA,NA,NA,Y,3,0,2,1,A,-,08,22107,NA,N,F,A,A,A,H,-,C,D,0,NA,NA,NA,NA,Y,NA,A,01,0,1,1,0,0,0,0,0,0,-,-,33.80903,-117.24239,RIVERSIDE,UNINCORPORATED,-117.2420393,33.80876586
90585484,2017,2017-11-02,9840,2017-10-06,0725,015705,NA,5,1,6,3345,1,4,S,NA,2,901,PEDLEY RD,60TH ST,78,S,N,A,-,N,NA,NA,NA,NA,NA,NA,NA,NA,NA,N,4,0,1,1,C,-,18,NA,NA,N,H,A,A,A,H,-,A,D,0,NA,NA,NA,NA,Y,NA,-,-,0,0,1,0,0,0,0,0,0,-,-,33.97911,-117.47538,RIVERSIDE,JURUPA VALLEY,-117.47542828,33.97896682
90586322,2017,2017-11-02,9685,2017-10-24,1705,013925,NA,2,2,4,3342,0,1,1,NA,2,034,INTERSTATE 215 NORTHBOUND,LOS ALAMOS ROAD,550,S,N,A,-,Y,NA,NA,215,NA,NA,NA,NA,NA,N,Y,2,0,1,3,A,-,03,22350,NA,N,B,C,A,A,H,-,A,D,0,NA,NA,Y,NA,Y,NA,C,02,1,0,0,0,0,0,0,0,1,-,-,33.57146,-117.18082,RIVERSIDE,MURRIETA,-117.18075227,33.5714601
90586326,2017,2017-11-02,9685,2017-10-24,2012,015050,NA,2,2,9,3300,0,1,3,NA,1,012,STATE ROUTE 74 WESTBOUND,TAYLOR RD.,100,W,N,A,-,Y,NA,NA,74,NA,NA,NA,NA,NA,W,Y,3,0,1,1,C,-,18,NA,NA,N,H,A,A,A,H,-,D,A,0,NA,NA,NA,NA,Y,NA,-,-,0,1,0,0,0,0,0,0,0,-,-,33.74847,-117.27637,RIVERSIDE,UNINCORPORATED,-117.27639342,33.7484831
90586825,2017,2017-11-03,9685,2017-10-25,1955,013376,NA,3,2,9,3300,0,1,3,NA,1,026,SR-74,RITTER AVENUE,56,W,N,A,-,Y,NA,NA,74,NA,NA,NA,NA,NA,NA,Y,2,0,3,3,A,-,09,21802,A,F,A,C,A,A,H,-,D,D,0,NA,NA,NA,NA,Y,NA,A,01,1,2,0,0,0,0,0,0,0,-,-,33.74333,-117.10966,RIVERSIDE,UNINCORPORATED,-117.10965957,33.74330475
90586838,2017,2017-11-03,9655,2017-10-29,1810,019462,NA,7,2,9,3300,0,3,5,NA,2,002,SAN TIMOTEO CANYON RD,ENTRANZ BLVD,5280,W,N,A,-,N,NA,NA,NA,NA,NA,NA,NA,NA,NA,Y,4,0,1,2,A,-,06,21750,NA,M,E,I,A,A,H,-,B,D,0,NA,NA,NA,NA,Y,NA,A,01,0,0,1,0,0,0,0,0,0,-,-,33.98068,-117.11419,RIVERSIDE,UNINCORPORATED,-117.11425829,33.9806676
90587095,2017,2017-11-03,9630,2017-10-29,0758,021556,NA,7,1,9,3300,0,1,1,NA,2,302,I-10 E/B,HAYFIELD RD,2640,E,N,A,-,Y,NA,NA,10,NA,NA,NA,NA,NA,E,N,4,0,1,1,A,-,08,22107,NA,N,F,A,A,A,H,-,A,D,0,NA,NA,NA,NA,Y,NA,A,01,0,0,1,0,0,0,0,0,0,-,-,33.66885,-115.64212,RIVERSIDE,UNINCORPORATED,-115.64212399,33.66890299
90589001,2017,2017-11-07,9840,2017-11-01,0755,013500,NA,3,1,4,3310,0,1,1,NA,2,011,I-15 N/B,SECOND ST.,1000,S,N,A,-,Y,NA,NA,15,NA,NA,NA,NA,NA,N,N,4,0,1,2,D,-,00,NA,NA,N,C,C,A,A,H,-,A,D,0,NA,NA,NA,Y,Y,NA,-,-,0,0,1,0,0,0,0,0,0,-,-,33.90607,-117.55926,RIVERSIDE,NORCO,-117.5593238,33.90608415
90589555,2017,2017-11-07,9840,2017-11-06,0825,013500,NA,1,1,4,3310,0,1,1,NA,2,011,I-15 N/B,THIRD ST.,300,S,N,A,-,Y,NA,NA,15,NA,NA,NA,NA,NA,N,N,4,0,2,3,A,-,03,22350,NA,N,C,C,A,A,H,-,A,D,0,NA,NA,NA,NA,Y,NA,A,01,0,0,2,0,0,0,0,0,0,-,-,33.91529,-117.5572,RIVERSIDE,NORCO,-117.55727683,33.91530449
90592663,2017,2017-11-13,9840,2017-10-29,1708,020210,NA,7,2,9,3300,0,3,5,NA,2,002,IOWA AVE,EAST LA CADENA DR,0,NA,Y,A,-,N,NA,NA,NA,NA,NA,NA,NA,NA,NA,Y,4,0,2,2,A,-,09,21802,A,N,D,C,A,A,H,-,A,A,0,NA,NA,NA,NA,Y,NA,D,22,0,0,2,0,0,0,0,0,0,-,-,34.01817,-117.33995,RIVERSIDE,UNINCORPORATED,-117.33972004,34.01876005
90594878,2017,2017-11-15,9840,2017-11-10,1850,021218,NA,5,2,7,3313,0,1,3,NA,2,020,SR-91 W/B,TYLER ST,1000,E,N,A,-,Y,NA,NA,91,NA,NA,NA,NA,NA,W,Y,4,0,2,3,A,-,03,22350,NA,N,C,C,A,A,H,-,D,D,0,NA,NA,NA,NA,Y,NA,A,01,0,0,2,0,0,0,0,0,0,-,-,33.90861,-117.45314,RIVERSIDE,RIVERSIDE,-117.45310799,33.90855347
90595407,2017,2017-11-16,9840,2017-11-08,0325,020262,NA,3,3,7,3313,0,1,1,NA,2,023,I-215 S/B,CANYON CREST DR,1060,N,N,A,-,Y,NA,NA,215,NA,NA,NA,NA,NA,S,Y,4,0,2,4,A,-,03,22350,NA,N,C,C,E,B,H,-,D,D,0,Y,NA,NA,NA,Y,NA,A,01,0,0,2,0,1,0,0,0,0,-,-,33.97338,-117.33305,RIVERSIDE,RIVERSIDE,-117.3330737,33.97335605
90595509,2017,2018-01-11,9840,2017-10-12,0810,018221,NA,4,1,9,3300,0,1,1,NA,2,034,I-15 N/B,DOS LAGOS DR.,4200,S,N,A,-,Y,NA,NA,15,NA,NA,NA,NA,NA,N,Y,3,0,1,3,A,-,03,22350,NA,F,B,C,A,A,H,-,A,D,0,NA,NA,Y,NA,Y,NA,C,02,0,1,0,0,0,0,0,0,1,-,-,33.79656,-117.50093,RIVERSIDE,UNINCORPORATED,-117.50097558,33.79652928
90595576,2017,2017-11-16,9630,2017-11-04,1358,021897,NA,6,1,9,3300,0,2,S,NA,2,405,42ND AVE,WASHINGTON STREET N/B,0,NA,Y,A,-,N,NA,NA,NA,NA,NA,NA,NA,NA,NA,N,4,0,1,2,A,-,21,22106,NA,N,C,C,A,A,H,-,A,A,0,NA,NA,NA,NA,Y,NA,A,01,0,0,1,0,0,0,0,0,0,-,-,33.74373,-116.30369,RIVERSIDE,UNINCORPORATED,-116.30378008,33.74365212