CASE_ID,ACCIDENT_YEAR,PROC_DATE,JURIS,COLLISION_DATE,COLLISION_TIME,OFFICER_ID,REPORTING_DISTRICT,DAY_OF_WEEK,CHP_SHIFT,POPULATION,CNTY_CITY_LOC,SPECIAL_COND,BEAT_TYPE,CHP_BEAT_TYPE,CITY_DIVISION_LAPD,CHP_BEAT_CLASS,BEAT_NUMBER,PRIMARY_RD,SECONDARY_RD,DISTANCE,DIRECTION,INTERSECTION,WEATHER_1,WEATHER_2,STATE_HWY_IND,CALTRANS_COUNTY,CALTRANS_DISTRICT,STATE_ROUTE,ROUTE_SUFFIX,POSTMILE_PREFIX,POSTMILE,LOCATION_TYPE,RAMP_INTERSECTION,SIDE_OF_HWY,TOW_AWAY,COLLISION_SEVERITY,NUMBER_KILLED,NUMBER_INJURED,PARTY_COUNT,PRIMARY_COLL_FACTOR,PCF_CODE_OF_VIOL,PCF_VIOL_CATEGORY,PCF_VIOLATION,PCF_VIOL_SUBSECTION,HIT_AND_RUN,TYPE_OF_COLLISION,MVIW,PED_ACTION,ROAD_SURFACE,ROAD_COND_1,ROAD_COND_2,LIGHTING,CONTROL_DEVICE,CHP_ROAD_TYPE,PEDESTRIAN_ACCIDENT,BICYCLE_ACCIDENT,MOTORCYCLE_ACCIDENT,TRUCK_ACCIDENT,NOT_PRIVATE_PROPERTY,ALCOHOL_INVOLVED,STWD_VEHTYPE_AT_FAULT,CHP_VEHTYPE_AT_FAULT,COUNT_SEVERE_INJ,COUNT_VISIBLE_INJ,COUNT_COMPLAINT_PAIN,COUNT_PED_KILLED,COUNT_PED_INJURED,COUNT_BICYCLIST_KILLED,COUNT_BICYCLIST_INJURED,COUNT_MC_KILLED,COUNT_MC_INJURED,PRIMARY_RAMP,SECONDARY_RAMP,LATITUDE,LONGITUDE,COUNTY,CITY,POINT_X,POINT_Y
90677163,2018,2018-03-30,9685,2018-02-24,1230,015906,NA,6,1,5,3335,0,1,1,NA,2,030,I-15 SOUTHBOUND,WINCHESTER ROAD O/C,1584,N,N,A,-,Y,NA,NA,15,NA,NA,NA,NA,NA,S,Y,2,0,1,2,A,-,07,21658,A,N,C,C,A,A,H,-,A,D,0,NA,NA,Y,NA,Y,NA,A,01,1,0,0,0,0,0,0,0,1,-,-,33.526611328125,-117.16591644287108,RIVERSIDE,TEMECULA,-117.16593170166016,33.5265998840332
90677921,2018,2018-03-08,9685,2018-02-28,1630,016096,NA,3,2,4,3307,0,2,4,NA,2,016,GRAND AVE.,BLACKWELL BLVD.,0,NA,Y,A,-,N,NA,NA,NA,NA,NA,NA,NA,NA,NA,Y,4,0,1,2,A,-,12,21453,A,N,D,C,A,A,H,-,E,A,0,NA,NA,NA,NA,Y,NA,D,22,0,0,1,0,0,0,0,0,0,-,-,33.63962173461914,-117.34575653076172,RIVERSIDE,LAKE ELSINORE,-117.34606170654295,33.639869689941406
90678243,2018,2018-03-08,9840,2018-01-05,1815,017882,NA,5,2,9,3300,0,3,5,NA,2,004,CACTUS AVE,I-215 N/B,30,E,N,A,-,N,NA,NA,NA,NA,NA,NA,NA,NA,NA,N,1,1,0,2,A,-,11,21954,A,N,G,B,E,A,H,-,D,D,0,Y,NA,NA,NA,Y,NA,N,60,0,0,0,1,0,0,0,0,0,-,-,33.90903854370117,-117.28063201904295,RIVERSIDE,UNINCORPORATED,-117.28061676025392,33.90908432006836
90680031,2018,2018-03-12,9840,2018-02-28,0416,018849,NA,3,3,9,3300,0,2,4,NA,2,042,VAN BUREN BLVD,DAUCHY AVE.,400,W,N,B,-,N,NA,NA,NA,NA,NA,NA,NA,NA,NA,Y,3,0,3,2,A,-,09,21804,A,N,C,C,A,A,H,-,C,D,0,NA,NA,NA,NA,Y,NA,E,22,0,3,0,0,0,0,0,0,0,-,-,33.887271881103516,-117.34143829345705,RIVERSIDE,UNINCORPORATED,-117.34140777587892,33.88722229003906
90681172,2018,2018-03-13,9685,2018-03-04,1010,015295,NA,7,1,9,3300,0,3,5,NA,2,003,RANCHO CALIFORNIA ROAD,ANZA ROAD,1584,E,N,A,-,N,NA,NA,NA,NA,NA,NA,NA,NA,NA,Y,3,0,2,2,A,-,03,22350,NA,N,D,C,A,A,H,-,A,D,0,NA,NA,NA,NA,Y,NA,A,01,0,2,0,0,0,0,0,0,0,-,-,33.537498474121094,-117.0510482788086,RIVERSIDE,UNINCORPORATED,-117.05182647705078,33.537010192871094
90682635,2018,2018-03-15,9840,2018-03-04,1837,017546,NA,7,2,6,3345,0,1,3,NA,2,010,SR-60 E/B,VAN BUREN BLVD,1500,E,N,A,-,Y,NA,NA,NA,NA,NA,NA,NA,NA,NA,Y,2,0,1,1,A,-,01,23152,A,N,F,A,A,A,H,-,D,D,0,NA,NA,NA,NA,Y,Y,A,01,1,0,0,0,0,0,0,0,0,-,-,33.018028259277344,-117.5246124267578,RIVERSIDE,JURUPA VALLEY,-116.19368743896484,33.61286926269531
90683356,2018,2018-03-16,9840,2018-03-08,1500,014497,NA,4,2,9,3300,0,2,4,NA,2,045,RAMONA EXPRESSWAY,LAKEVIEW AVENUE,300,W,N,B,-,N,NA,NA,NA,NA,NA,NA,NA,NA,NA,Y,3,0,2,2,A,-,05,21460,A,N,A,C,A,A,H,-,A,D,0,NA,NA,NA,NA,Y,NA,A,01,0,2,0,0,0,0,0,0,0,-,-,33.83774948120117,-117.12474822998048,RIVERSIDE,UNINCORPORATED,-117.1247329711914,33.83772659301758
9068370,2020,2020-07-24,3300,2020-04-06,1416,3826,84A6,1,5,3,3305,0,0,0,NA,0,Y84,DILLON RD,VISTA DEL SUR,641,W,N,A,-,N,NA,NA,NA,NA,NA,NA,NA,NA,NA,Y,3,0,1,2,A,-,09,21804,A,N,D,C,A,A,H,-,A,D,0,NA,NA,NA,Y,Y,NA,F,75,0,1,0,0,0,0,0,0,0,-,-,33.71419143676758,-116.17395782470705,RIVERSIDE,COACHELLA,-116.175537109375,33.71271896362305
90684041,2018,2018-03-19,9655,2018-03-07,0120,020695,NA,3,3,9,3300,0,1,3,NA,1,312,SR-74 E/B,CALIFORNIA AVE,526,E,N,A,-,N,NA,NA,74,NA,NA,NA,NA,NA,E,Y,3,0,1,1,A,-,01,23152,A,N,E,I,A,A,H,-,C,D,0,NA,NA,NA,NA,Y,Y,A,01,0,1,0,0,0,0,0,0,0,-,-,33.74375915527344,-117.0483627319336,RIVERSIDE,UNINCORPORATED,-117.0483627319336,33.743804931640625
9068540,2020,2020-07-07,3325,2020-03-20,0624,C539,3325,5,5,4,3325,0,0,0,NA,0,002,RAMON RD,CATHEDRAL VILLAGE EAST,0,NA,Y,A,-,N,NA,NA,NA,NA,NA,NA,NA,NA,NA,N,4,0,1,2,A,-,12,21453,A,N,D,C,A,A,H,-,A,A,0,NA,NA,NA,Y,Y,NA,-,-,0,0,1,0,0,0,0,0,0,-,-,NA,NA,RIVERSIDE,CATHEDRAL CITY,-116.45630645751952,33.81602096557617
90685931,2018,2018-03-20,9840,2018-03-10,0925,019219,NA,6,1,9,3300,0,3,5,NA,2,003,CAJALCO ROAD,LA SIERRA AVENUE,5808,W,N,B,C,N,NA,NA,NA,NA,NA,NA,NA,NA,NA,Y,4,0,1,1,A,-,08,22107,NA,N,F,A,A,B,H,-,A,D,0,NA,NA,NA,NA,Y,NA,A,01,0,0,1,0,0,0,0,0,0,-,-,33.82761001586914,-117.4723892211914,RIVERSIDE,UNINCORPORATED,-117.4758529663086,33.82918167114258
90687454,2018,2018-03-22,9840,2018-03-10,1700,020945,NA,6,2,6,3394,0,1,1,NA,2,024,I-215 N/B,EUCALPYTUS AVE.,600,S,N,B,C,Y,NA,NA,215,NA,NA,NA,NA,NA,N,Y,4,0,1,2,A,-,03,22350,NA,N,C,C,A,B,H,-,A,D,0,NA,NA,NA,NA,Y,NA,D,22,0,0,1,0,0,0,0,0,0,-,-,33.929168701171875,-117.28868103027344,RIVERSIDE,MORENO VALLEY,-117.2886199951172,33.92917251586914
90688119,2018,2018-03-22,9840,2018-03-20,2315,017546,NA,2,3,9,3300,0,3,5,NA,2,004,MARKHAM STREET (20800 BLOCK),ALEXANDER STREET,1800,E,N,B,-,N,NA,NA,NA,NA,NA,NA,NA,NA,NA,Y,2,0,3,1,A,-,01,23152,A,F,E,J,A,A,H,-,D,D,0,NA,NA,NA,NA,Y,Y,A,01,1,2,0,0,0,0,0,0,0,-,-,33.851680755615234,-117.29882049560548,RIVERSIDE,UNINCORPORATED,-117.29917144775392,33.85166931152344
90688234,2018,2018-03-22,9685,2018-03-12,1440,016944,NA,1,2,9,3300,0,1,3,NA,1,031,BOREL RD.,AVENIDA DE LAURA,2112,E,N,A,-,N,NA,NA,NA,NA,NA,NA,NA,NA,NA,Y,2,0,1,2,A,-,17,23114,A,F,E,J,A,A,H,-,A,D,0,NA,NA,NA,NA,Y,NA,D,22,1,0,0,0,0,0,0,0,0,-,-,33.569480895996094,-117.06535339355467,RIVERSIDE,UNINCORPORATED,-117.0507583618164,33.569095611572266
90688829,2018,2018-03-23,9630,2018-03-10,1640,021908,NA,6,2,9,3300,0,2,S,NA,2,503,HARRISON ST,62ND AVE,0,NA,Y,A,-,N,NA,NA,NA,NA,NA,NA,NA,NA,NA,Y,3,0,1,2,A,-,09,21802,A,N,D,C,A,A,H,-,A,A,0,NA,NA,NA,NA,Y,NA,A,01,0,1,0,0,0,0,0,0,0,-,-,33.59867858886719,-116.18129730224608,RIVERSIDE,UNINCORPORATED,-116.1811981201172,33.598388671875
90688885,2018,2018-06-12,9630,2018-02-19,1755,019860,NA,1,2,9,3300,0,1,1,NA,2,302,INTERSTATE 10 WESTBOUND,STATE ROUTE 177,5280,W,N,A,-,Y,NA,NA,10,NA,NA,NA,NA,NA,W,Y,1,1,0,1,A,-,08,22107,NA,N,F,A,A,A,H,-,D,D,0,NA,NA,NA,NA,Y,NA,A,07,0,0,0,0,0,0,0,0,0,-,-,33.710060119628906,-115.41725158691406,RIVERSIDE,UNINCORPORATED,-115.41727447509766,33.71017074584961
9068903,2020,2020-10-09,3311,2020-04-03,0844,16000,NA,5,5,4,3311,0,0,0,NA,0,004,FARRELL DR,ALEJO RD,0,NA,Y,A,-,N,NA,NA,NA,NA,NA,NA,NA,NA,NA,Y,3,0,2,2,A,-,12,21453,A,N,D,C,A,A,H,-,A,A,0,NA,NA,NA,NA,Y,NA,A,01,0,1,1,0,0,0,0,0,0,-,-,33.83041000366211,-116.51824951171876,RIVERSIDE,PALM SPRINGS,-116.51824188232422,33.830379486083984
90691915,2018,2018-03-28,9655,2018-03-17,2330,019630,NA,6,3,3,3302,0,1,3,NA,2,212,SR-60 E/B,JACK RABBIT TRL,2200,E,N,B,-,Y,NA,NA,60,NA,NA,NA,NA,NA,E,Y,4,0,1,2,A,-,03,22350,NA,N,C,C,A,B,H,-,D,D,0,NA,NA,NA,NA,Y,NA,A,07,0,0,1,0,0,0,0,0,0,-,-,33.93352127075195,-117.00855255126952,RIVERSIDE,BEAUMONT,-117.00855255126952,33.933528900146484
90692104,2018,2018-03-28,9630,2018-03-17,1808,021908,NA,6,2,9,3300,0,3,5,NA,2,001,WORSLEY RD,PIERSON BLVD,5280,N,N,A,-,N,NA,NA,NA,NA,NA,NA,NA,NA,NA,Y,3,0,1,1,A,-,08,22107,NA,N,F,A,A,A,H,-,A,D,0,NA,NA,NA,NA,Y,Y,D,22,0,1,0,0,0,0,0,0,0,-,-,33.97698974609375,-116.57694244384766,RIVERSIDE,UNINCORPORATED,-116.57814025878906,33.974281311035156
90696320,2018,2018-04-02,9840,2018-03-09,2205,019017,NA,5,3,9,3300,0,3,5,NA,2,003,KNABE ROAD,DESERT ACACIA LN,325,S,N,A,-,N,NA,NA,NA,NA,NA,NA,NA,NA,NA,Y,3,0,1,1,A,-,08,22107,NA,N,E,I,A,A,H,-,C,D,0,NA,NA,NA,NA,Y,NA,A,07,0,1,0,0,0,0,0,0,0,-,-,33.79090881347656,-117.49810791015624,RIVERSIDE,UNINCORPORATED,-117.49823760986328,33.79108810424805
9069773,2020,2020-07-22,3309,2020-04-13,2104,174,3309,1,5,4,3309,0,0,0,NA,0,003,AVE 50,MONROE ST,123,E,N,A,G,N,NA,NA,NA,NA,NA,NA,NA,NA,NA,Y,4,0,1,1,A,-,07,21658,A,N,B,I,A,A,H,-,C,D,0,NA,NA,NA,NA,Y,Y,A,07,0,0,1,0,0,0,0,0,0,-,-,NA,NA,RIVERSIDE,INDIO,-116.23352813720705,33.68535232543945
90698352,2018,2018-04-04,9685,2018-03-25,0535,012979,NA,7,3,5,3341,0,1,1,NA,2,020,I-215 NORTHBOUND,NEWPORT RD,0,NA,N,A,-,Y,NA,NA,215,NA,NA,NA,NA,NA,N,Y,4,0,1,2,A,-,03,22350,NA,N,C,C,A,A,H,-,A,D,0,NA,NA,NA,NA,Y,NA,D,22,0,0,1,0,0,0,0,0,0,-,-,33.67325973510742,-117.17075347900392,RIVERSIDE,MENIFEE,-117.17079162597656,33.67325973510742
9069896,2020,2020-06-09,3315,2020-02-26,1819,001636,13D,3,5,6,3315,0,0,0,NA,0,003,ONTARIO AV,VESPER CIR,50,W,N,A,-,N,NA,NA,NA,NA,NA,NA,NA,NA,NA,NA,4,0,1,2,A,-,07,21658,A,M,H,A,A,A,H,-,C,D,0,NA,NA,Y,NA,Y,NA,D,22,0,0,1,0,0,0,0,0,1,-,-,33.85565948486328,-117.5660400390625,RIVERSIDE,CORONA,-117.56616973876952,33.85573959350586
90699044,2018,2018-04-05,9655,2018-03-23,1944,019234,NA,5,2,9,3300,0,3,5,NA,2,003,OLD STATE HIGHWAY,SR-74,30,S,N,B,-,N,NA,NA,NA,NA,NA,NA,NA,NA,NA,Y,3,0,3,2,A,-,01,23152,A,N,A,C,A,A,H,-,C,A,0,NA,NA,NA,NA,Y,Y,A,08,0,2,1,0,0,0,0,0,0,-,-,33.73875045776367,-117.08397674560548,RIVERSIDE,UNINCORPORATED,-117.08393096923828,33.73881149291992
90699484,2018,2018-04-05,9840,2018-03-26,1320,019242,NA,1,1,9,3300,0,3,5,NA,2,002,LA SIERRA AVE,BLACKBURN ROAD,0,NA,Y,A,-,N,NA,NA,NA,NA,NA,NA,NA,NA,NA,Y,4,0,2,3,A,-,03,22350,NA,N,C,C,A,A,H,-,A,A,0,NA,NA,NA,NA,Y,NA,D,22,0,0,2,0,0,0,0,0,0,-,-,33.86259841918945,-117.4539031982422,RIVERSIDE,UNINCORPORATED,-117.45388793945313,33.862510681152344
90702173,2018,2018-04-10,9655,2018-04-01,1540,015795,NA,7,2,9,3300,0,3,5,NA,2,003,GILMAN SPRINGS ROAD,SR-79,1400,W,N,A,-,N,NA,NA,NA,NA,NA,NA,NA,NA,NA,Y,3,0,2,3,C,-,18,NA,NA,N,D,C,A,A,H,-,A,D,0,NA,NA,NA,NA,Y,NA,-,-,0,2,0,0,0,0,0,0,0,-,-,33.846290588378906,-117.00904083251952,RIVERSIDE,UNINCORPORATED,-116.99918365478516,33.84455490112305
90704752,2018,2018-04-13,9840,2018-04-02,1605,018849,NA,1,2,6,3315,0,1,3,NA,2,031,SR-91 E/B,MAIN ST,100,E,N,A,-,Y,NA,NA,91,NA,NA,NA,NA,NA,E,Y,3,0,3,5,A,-,03,22350,NA,M,C,C,A,A,H,-,A,D,0,NA,NA,NA,NA,Y,NA,D,22,0,1,2,0,0,0,0,0,0,-,-,33.88029861450195,-117.56543731689452,RIVERSIDE,CORONA,-117.56548309326172,33.87995147705078
90707470,2018,2018-04-17,9655,2018-04-10,1630,015795,NA,2,2,9,3300,0,1,3,NA,1,312,SR-74 E/B,SR-79,350,W,N,A,-,Y,NA,NA,74,NA,NA,NA,NA,NA,E,Y,4,0,1,2,D,-,00,NA,NA,N,D,C,A,A,H,-,A,D,0,NA,NA,NA,NA,Y,NA,-,-,0,0,1,0,0,0,0,0,0,-,-,33.73899841308594,-117.07763671875,RIVERSIDE,UNINCORPORATED,-117.07764434814452,33.73902130126953
90707953,2018,2018-04-18,9840,2018-04-07,0400,019527,NA,6,3,7,3313,0,1,3,NA,2,021,SR-91 E/B,MADISON ST.,350,W,N,A,-,Y,NA,NA,91,NA,NA,NA,NA,NA,E,Y,3,0,1,1,A,-,01,23152,A,N,E,I,A,A,H,-,C,D,0,NA,NA,NA,NA,Y,Y,A,01,0,1,0,0,0,0,0,0,0,-,-,33.93526077270508,-117.40579223632813,RIVERSIDE,RIVERSIDE,-117.40579986572266,33.935272216796875
90708890,2018,2018-04-19,9630,2018-04-10,0300,018451,NA,2,3,4,3309,0,1,1,NA,2,021,I-10 W/B,JEFFERSON ST. O/C,528,W,N,A,-,Y,NA,NA,10,NA,NA,NA,NA,NA,W,N,4,0,1,1,D,-,00,NA,NA,N,E,I,A,A,D,E,C,D,0,NA,NA,NA,NA,Y,NA,-,-,0,0,1,0,0,0,0,0,0,-,-,33.7487907409668,-116.2670669555664,RIVERSIDE,INDIO,-116.26705169677734,33.74882507324219
90709234,2018,2018-04-19,9840,2018-04-14,1135,019890,NA,6,1,9,3300,0,1,1,NA,2,023,I-215 S/B,CENTRAL AVE.,529,S,N,A,-,Y,NA,NA,215,NA,NA,NA,NA,NA,S,Y,3,0,1,2,A,-,03,22350,NA,N,C,C,A,A,H,-,A,D,0,NA,NA,Y,NA,Y,NA,C,02,0,1,0,0,0,0,0,0,1,-,-,33.95838165283203,-117.30895233154295,RIVERSIDE,UNINCORPORATED,-117.30895233154295,33.9583740234375
90709474,2018,2018-04-19,9630,2018-04-09,0824,021063,NA,1,1,9,3300,0,2,S,NA,2,501,CALHOUN STREET,55TH AVE,0,NA,Y,A,-,N,NA,NA,NA,NA,NA,NA,NA,NA,NA,Y,4,0,3,2,A,-,09,21802,A,N,D,C,A,A,H,-,A,A,0,NA,NA,NA,NA,Y,NA,A,01,0,0,3,0,0,0,0,0,0,-,-,33.64942169189453,-116.20767974853516,RIVERSIDE,UNINCORPORATED,-116.20767211914063,33.649391174316406
90709590,2018,2018-04-20,9840,2018-04-11,2256,018849,NA,3,3,6,3315,0,1,3,NA,2,031,SR-91 W/B,MAIN ST,290,W,N,A,-,Y,NA,NA,91,NA,NA,NA,NA,NA,W,Y,3,0,1,2,A,-,07,21658,A,F,B,C,A,A,H,-,C,D,0,NA,NA,NA,NA,Y,NA,A,01,0,1,0,0,0,0,0,0,0,-,-,33.880008697509766,-117.56670379638672,RIVERSIDE,CORONA,-117.5666732788086,33.88025665283203
9070990,2020,2020-10-21,3300,2020-02-24,1007,3968,910B,1,5,5,3335,0,0,0,NA,0,063,WINCHESTER RD,WINCHESTER CREEK AV,320,N,N,A,-,Y,RIV,8,79,-,R,4.47,H,-,S,NA,4,0,1,2,A,-,08,22107,NA,N,H,G,A,A,H,-,A,A,0,NA,Y,NA,NA,Y,NA,A,01,0,0,1,0,0,0,1,0,0,-,-,33.54747009277344,-117.1423568725586,RIVERSIDE,TEMECULA,-117.14195251464844,33.54837417602539
9071052,2019,2020-05-13,3313,2019-12-27,1440,1499,5,5,5,7,3313,0,0,0,NA,0,M34,ARLINGTON AV,VAN BUREN BL,130,W,N,A,-,N,NA,NA,NA,NA,NA,NA,NA,NA,NA,N,4,0,2,2,A,-,03,22350,NA,N,C,C,A,A,H,-,A,A,0,NA,NA,NA,NA,Y,NA,A,01,0,0,2,0,0,0,0,0,0,-,-,33.945228576660156,-117.4541015625,RIVERSIDE,RIVERSIDE,-117.45446014404295,33.94588851928711
90710739,2018,2018-04-23,9840,2018-04-12,1756,020305,NA,4,2,7,3313,0,1,3,NA,2,020,SR-91 E/B,VAN BUREN BLVD,1800,E,N,A,-,Y,NA,NA,91,NA,NA,NA,NA,NA,E,Y,3,0,1,2,A,-,07,21658,A,N,B,C,A,A,H,-,A,D,0,NA,NA,Y,NA,Y,NA,A,07,0,1,0,0,0,0,0,0,1,-,-,33.92063903808594,-117.43128204345705,RIVERSIDE,RIVERSIDE,-117.43133544921876,33.92073440551758
90711137,2018,2018-04-23,9840,2018-04-15,0900,017459,NA,7,1,6,3345,0,1,1,NA,2,011,I-15 N/B,MISSION BLVD,700,N,N,A,-,Y,NA,NA,15,NA,NA,NA,NA,NA,N,N,4,0,1,2,A,-,03,22350,NA,N,C,C,A,A,H,-,A,D,0,NA,NA,NA,NA,Y,NA,A,01,0,0,1,0,0,0,0,0,0,-,-,34.03081130981445,-117.55001068115234,RIVERSIDE,JURUPA VALLEY,-117.5500259399414,34.03081130981445
90711171,2018,2018-04-23,9655,2018-04-13,0546,020054,NA,5,3,9,3300,0,1,3,NA,2,212,SR-60 W/B,JACK RABBIT TRL,1795,W,N,A,-,Y,NA,NA,60,NA,NA,NA,NA,NA,W,Y,4,0,1,1,A,-,08,22107,NA,N,E,I,A,A,H,-,B,D,0,NA,NA,NA,NA,Y,NA,D,22,0,0,1,0,0,0,0,0,0,-,-,33.936580657958984,-117.0385284423828,RIVERSIDE,UNINCORPORATED,-117.03849029541016,33.93661117553711
9071236,2020,2020-08-07,3311,2020-05-30,1539,16210,NA,6,5,4,3311,0,0,0,NA,0,004,GENE AUTRY TRL,VIA ESCUELA,0,NA,Y,G,-,Y,NA,NA,NA,NA,NA,NA,NA,NA,NA,Y,3,0,1,2,A,-,12,21453,A,N,D,C,A,A,H,-,A,A,0,NA,NA,NA,NA,Y,NA,A,01,0,1,0,0,0,0,0,0,0,-,-,33.848358154296875,-116.50579071044922,RIVERSIDE,PALM SPRINGS,-116.5058822631836,33.8485107421875
90712867,2018,2018-04-25,9685,2018-04-16,0225,017169,NA,1,3,9,3300,0,3,5,NA,2,003,INDUSTRY,JOLYNN ROAD,500,N,N,A,-,N,NA,NA,NA,NA,NA,NA,NA,NA,NA,Y,4,0,1,1,A,-,03,22350,NA,N,E,I,A,A,H,-,D,A,0,NA,NA,NA,NA,Y,NA,A,01,0,0,1,0,0,0,0,0,0,-,-,33.576148986816406,-117.12419891357422,RIVERSIDE,UNINCORPORATED,NA,NA
90713362,2018,2018-04-26,9840,2018-04-17,2135,020210,NA,2,2,6,3394,0,1,3,NA,2,025,SR-60 W/B FROM HEACOCK ST,HEACOCK ST,20,W,N,A,-,Y,NA,NA,60,NA,NA,NA,R,NA,W,N,2,0,1,1,A,-,01,23152,A,N,E,I,A,A,H,-,C,D,0,NA,NA,NA,NA,Y,Y,A,01,1,0,0,0,0,0,0,0,0,-,-,33.94145965576172,-117.24398803710938,RIVERSIDE,MORENO VALLEY,-117.24398803710938,33.94145965576172
90713761,2018,2018-04-26,9630,2018-04-16,0155,021796,NA,1,3,9,3300,0,1,1,NA,2,010,I-10 E/B,INDIAN CANYON DR,5280,E,N,A,-,Y,NA,NA,NA,NA,NA,NA,NA,NA,NA,Y,2,0,1,1,A,-,01,23152,A,N,E,I,A,A,H,-,D,D,0,NA,NA,NA,NA,Y,Y,D,22,1,0,0,0,0,0,0,0,0,-,-,33.89931106567383,-116.5296630859375,RIVERSIDE,UNINCORPORATED,-116.52942657470705,33.899288177490234
9071402,2020,2020-03-13,3313,2020-01-11,1722,1831,1,6,5,7,3313,0,0,0,NA,0,T45,CENTRAL AV,BROCKTON AV,180,W,N,A,-,N,NA,NA,NA,NA,NA,NA,NA,NA,NA,N,4,0,1,2,A,-,01,23152,A,N,A,C,A,A,H,-,C,D,0,NA,NA,Y,NA,Y,Y,A,01,0,0,1,0,0,0,0,0,1,-,-,33.953529357910156,-117.39698791503906,RIVERSIDE,RIVERSIDE,-117.39738464355467,33.95349884033203
9071404,2020,2020-03-16,3315,2020-01-24,1722,004192,4A,5,5,6,3315,0,0,0,NA,0,004,VIA DEL RIO,BORDER AV,234,W,N,A,-,N,NA,NA,NA,NA,NA,NA,NA,NA,NA,Y,4,0,1,2,A,-,09,21804,A,N,D,C,A,A,H,-,A,D,0,NA,NA,NA,NA,Y,NA,A,01,0,0,1,0,0,0,0,0,0,-,-,33.868141174316406,-117.59398651123048,RIVERSIDE,CORONA,-117.59458923339844,33.86853790283203
90714082,2018,2018-05-22,9840,2018-04-23,0740,017441,NA,1,1,9,3300,0,1,3,NA,2,025,SR-60 W/B,GILMAN SPRINGS RD,950,E,N,A,-,Y,NA,NA,60,NA,NA,NA,NA,NA,W,Y,3,0,3,4,A,-,03,22350,NA,N,C,C,A,A,H,-,A,D,0,NA,NA,NA,NA,Y,NA,A,08,0,1,2,0,0,0,0,0,0,-,-,33.93748092651367,-117.12299346923828,RIVERSIDE,UNINCORPORATED,-117.12297058105467,33.93751907348633
9071471,2019,2020-08-03,3313,2019-12-26,0943,1969,5,4,5,7,3313,0,0,0,NA,0,T75,MAGNOLIA AV,PIERCE ST,1300,E,N,B,C,N,NA,NA,NA,NA,NA,NA,NA,NA,NA,Y,4,0,1,1,A,-,08,22107,NA,N,E,I,A,B,H,-,A,D,0,NA,NA,NA,NA,Y,NA,A,07,0,0,1,0,0,0,0,0,0,-,-,33.895050048828125,-117.49107360839844,RIVERSIDE,RIVERSIDE,-117.48766326904295,33.89685821533203
90715272,2018,2018-04-27,9840,2018-04-16,0945,016285,NA,1,1,9,3300,0,1,1,NA,2,040,I-215 N/B,ALESSANDRO BLVD,1000,S,N,A,-,Y,NA,NA,NA,NA,NA,NA,NA,NA,NA,N,4,0,1,2,A,-,03,22350,NA,N,C,C,A,A,H,-,A,D,0,NA,NA,NA,Y,Y,NA,F,25,0,0,1,0,0,0,0,0,0,-,-,33.91529846191406,-117.28780364990234,RIVERSIDE,UNINCORPORATED,-117.28736114501952,33.91667175292969
9071640,2020,2020-07-15,3313,2020-01-09,1229,1026,1,4,5,7,3313,0,0,0,NA,0,T52,DEWEY AV,NIDEVER AV,187,W,N,B,-,N,NA,NA,NA,NA,NA,NA,NA,NA,NA,Y,3,0,2,2,A,-,06,21755,A,N,D,C,A,A,H,-,A,A,0,NA,NA,Y,NA,Y,NA,C,02,0,1,1,0,0,0,0,0,1,-,-,33.95671081542969,-117.41678619384766,RIVERSIDE,RIVERSIDE,-117.41738128662108,33.95701599121094
9071756,2020,2020-05-16,3313,2020-01-27,1911,0623,4,1,5,7,3313,0,0,0,NA,0,M10,CENTRAL AV,CAPISTRANO WY,300,E,N,A,-,N,NA,NA,NA,NA,NA,NA,NA,NA,NA,Y,4,0,2,1,A,-,01,23152,A,N,E,I,A,A,H,-,C,D,0,NA,NA,NA,NA,Y,Y,A,07,0,0,2,0,0,0,0,0,0,-,-,33.95357894897461,-117.41546630859376,RIVERSIDE,RIVERSIDE,-117.4142837524414,33.953399658203125
90718379,2018,2018-05-02,9840,2018-04-22,1120,019890,NA,7,1,7,3313,0,1,3,NA,2,020,SR-91 W/B,TYLER ST.,1584,W,N,A,-,Y,NA,NA,91,NA,NA,NA,NA,NA,W,Y,4,0,1,2,A,-,03,22350,NA,N,C,C,A,A,H,-,A,D,0,NA,NA,Y,NA,Y,NA,C,02,0,0,1,0,0,0,0,0,1,-,-,33.903411865234375,-117.46231842041016,RIVERSIDE,RIVERSIDE,-117.46233367919922,33.90343475341797