CASE_ID,ACCIDENT_YEAR,PROC_DATE,JURIS,COLLISION_DATE,COLLISION_TIME,OFFICER_ID,REPORTING_DISTRICT,DAY_OF_WEEK,CHP_SHIFT,POPULATION,CNTY_CITY_LOC,SPECIAL_COND,BEAT_TYPE,CHP_BEAT_TYPE,CITY_DIVISION_LAPD,CHP_BEAT_CLASS,BEAT_NUMBER,PRIMARY_RD,SECONDARY_RD,DISTANCE,DIRECTION,INTERSECTION,WEATHER_1,WEATHER_2,STATE_HWY_IND,CALTRANS_COUNTY,CALTRANS_DISTRICT,STATE_ROUTE,ROUTE_SUFFIX,POSTMILE_PREFIX,POSTMILE,LOCATION_TYPE,RAMP_INTERSECTION,SIDE_OF_HWY,TOW_AWAY,COLLISION_SEVERITY,NUMBER_KILLED,NUMBER_INJURED,PARTY_COUNT,PRIMARY_COLL_FACTOR,PCF_CODE_OF_VIOL,PCF_VIOL_CATEGORY,PCF_VIOLATION,PCF_VIOL_SUBSECTION,HIT_AND_RUN,TYPE_OF_COLLISION,MVIW,PED_ACTION,ROAD_SURFACE,ROAD_COND_1,ROAD_COND_2,LIGHTING,CONTROL_DEVICE,CHP_ROAD_TYPE,PEDESTRIAN_ACCIDENT,BICYCLE_ACCIDENT,MOTORCYCLE_ACCIDENT,TRUCK_ACCIDENT,NOT_PRIVATE_PROPERTY,ALCOHOL_INVOLVED,STWD_VEHTYPE_AT_FAULT,CHP_VEHTYPE_AT_FAULT,COUNT_SEVERE_INJ,COUNT_VISIBLE_INJ,COUNT_COMPLAINT_PAIN,COUNT_PED_KILLED,COUNT_PED_INJURED,COUNT_BICYCLIST_KILLED,COUNT_BICYCLIST_INJURED,COUNT_MC_KILLED,COUNT_MC_INJURED,PRIMARY_RAMP,SECONDARY_RAMP,LATITUDE,LONGITUDE,COUNTY,CITY,POINT_X,POINT_Y
90764889,2018,2018-07-09,9840,2018-06-28,1234,019576,NA,4,1,9,3300,0,3,5,NA,2,004,ALESSANDRO BLVD,SYCAMORE CANYON RD,20,W,N,A,-,N,NA,NA,NA,NA,NA,NA,NA,NA,NA,Y,4,0,1,3,A,-,03,22350,NA,N,C,C,A,A,H,-,A,A,0,NA,NA,NA,NA,Y,NA,A,01,0,0,1,0,0,0,0,0,0,-,-,33.91664123535156,-117.29231262207033,RIVERSIDE,UNINCORPORATED,-117.2921142578125,33.91680908203125
90765350,2018,2018-07-09,9685,2018-06-16,0440,015750,NA,6,3,4,3312,0,1,1,NA,2,020,I-215 S/B,SR-74 EAST,3440,N,N,A,-,Y,NA,NA,215,NA,NA,NA,NA,NA,S,Y,3,0,1,1,A,-,08,22107,NA,N,B,I,A,A,H,-,D,D,0,NA,NA,NA,NA,Y,NA,A,01,0,1,0,0,0,0,0,0,0,-,-,33.76401138305664,-117.18939971923828,RIVERSIDE,PERRIS,-117.18943786621094,33.76400375366211
90765953,2018,2018-07-10,9630,2018-06-28,1205,021063,NA,4,1,9,3300,0,2,S,NA,2,501,VAN BUREN ST,AVENUE 54,354,S,N,A,-,N,NA,NA,NA,NA,NA,NA,NA,NA,NA,N,4,0,1,2,A,-,08,22107,NA,N,A,C,A,A,H,-,A,A,0,NA,NA,NA,NA,Y,NA,A,01,0,0,1,0,0,0,0,0,0,-,-,33.65549087524414,-116.19918060302734,RIVERSIDE,UNINCORPORATED,-116.19924926757813,33.65557098388672
90767097,2018,2018-07-11,9685,2018-07-01,1410,016502,NA,7,2,9,3300,0,3,5,NA,2,003,DE PORTOLA RD,MONTE DE ORO,2112,S,N,A,-,N,NA,NA,NA,NA,NA,NA,NA,NA,NA,Y,3,0,2,2,A,-,04,21703,NA,N,C,C,A,A,H,-,A,D,0,NA,NA,NA,NA,Y,NA,A,01,0,1,1,0,0,0,0,0,0,-,-,33.53150177001953,-117.01399993896484,RIVERSIDE,UNINCORPORATED,-117.0141372680664,33.531105041503906
90769258,2018,2018-07-16,9660,2018-07-06,0048,022114,NA,5,3,9,3300,0,1,2,NA,2,038,US-95,2ND AVE.,3696,N,N,A,-,Y,NA,NA,95,NA,NA,NA,NA,NA,NA,Y,3,0,1,1,A,-,01,23152,A,N,E,I,A,A,H,-,D,D,0,NA,NA,NA,NA,Y,Y,A,07,0,1,0,0,0,0,0,0,0,-,-,33.7016716003418,-114.57231903076172,RIVERSIDE,UNINCORPORATED,-114.5722198486328,33.70158767700195
90769640,2018,2018-07-16,9630,2018-07-13,1905,019943,NA,5,2,9,3300,0,1,1,NA,2,021,I-10 W/B,COOK ST,9504,E,N,A,-,Y,NA,NA,10,NA,NA,NA,NA,NA,W,Y,3,0,1,1,C,-,18,NA,NA,N,E,I,A,A,H,-,A,D,0,NA,NA,Y,NA,Y,NA,-,-,0,1,0,0,0,0,0,0,1,-,-,33.77082824707031,-116.32869720458984,RIVERSIDE,UNINCORPORATED,-116.32872772216795,33.77077865600586
90769760,2018,2018-07-16,9840,2018-07-05,0437,018949,NA,4,3,4,3344,0,1,1,NA,2,011,I-15 N/B,LIMONITE AVE,100,N,N,A,-,Y,NA,NA,15,NA,NA,NA,NA,NA,N,Y,4,0,1,1,A,-,08,22107,NA,N,E,I,A,A,H,-,B,D,0,NA,NA,NA,NA,Y,NA,A,01,0,0,1,0,0,0,0,0,0,-,-,33.97578811645508,-117.54842376708984,RIVERSIDE,EASTVALE,-117.54874420166016,33.97579574584961
9077036,2020,2020-07-13,3300,2020-03-16,2153,3552,916D,1,5,4,3312,0,0,0,NA,0,035,ELLIS AV,REDLANDS AV,0,NA,Y,C,-,N,NA,NA,NA,NA,NA,NA,NA,NA,NA,Y,4,0,1,2,A,-,12,22450,A,F,D,C,A,B,H,-,D,A,0,NA,NA,NA,NA,Y,NA,D,22,0,0,1,0,0,0,0,0,0,-,-,33.77198028564453,-117.2174072265625,RIVERSIDE,PERRIS,-117.21730041503906,33.772071838378906
90770547,2018,2018-07-17,9630,2018-07-11,1922,019807,NA,3,2,9,3300,0,2,S,NA,2,502,54TH AVE,PIERCE ST,0,NA,Y,B,-,N,NA,NA,NA,NA,NA,NA,NA,NA,NA,Y,3,0,1,2,A,-,12,22450,A,N,D,C,A,A,H,-,A,A,0,NA,NA,NA,NA,Y,NA,A,01,0,1,0,0,0,0,0,0,0,-,-,33.65673828125,-116.11190795898438,RIVERSIDE,UNINCORPORATED,-116.11190032958984,33.656700134277344
90772367,2018,2018-07-19,9840,2018-07-10,2020,015802,NA,2,2,9,3300,0,3,5,NA,2,004,GUNTHER RD,MOUNTAIN AVE.,3929,N,N,A,-,N,NA,NA,NA,NA,NA,NA,NA,NA,NA,N,3,0,1,2,A,-,03,22350,NA,N,B,C,A,A,H,-,B,D,0,NA,NA,Y,NA,Y,NA,A,01,0,1,0,0,0,0,0,0,1,-,-,33.772701263427734,-117.14736938476563,RIVERSIDE,UNINCORPORATED,-117.14532470703124,33.773258209228516
90775040,2018,2018-07-24,9840,2018-07-12,2030,021298,NA,4,2,9,3300,0,3,5,NA,2,004,LOPEZ RD,COWIE AVE,0,NA,Y,A,-,N,NA,NA,NA,NA,NA,NA,NA,NA,NA,Y,3,0,2,2,A,-,01,23152,A,M,D,C,A,A,H,-,C,A,0,NA,NA,NA,NA,Y,Y,A,07,0,1,1,0,0,0,0,0,0,-,-,33.782798767089844,-117.2698974609375,RIVERSIDE,UNINCORPORATED,-117.2698974609375,33.782859802246094
90775918,2018,2018-07-25,9840,2018-07-14,1150,017802,NA,6,1,6,3394,0,1,3,NA,2,025,SR-60 W/B,FREDERICK ST.,30,W,N,A,-,Y,NA,NA,60,NA,NA,NA,NA,NA,W,Y,4,0,1,2,A,-,03,22350,NA,N,C,C,A,A,H,-,A,D,0,NA,NA,NA,NA,Y,NA,A,01,0,0,1,0,0,0,0,0,0,-,-,33.94076919555664,-117.26171875,RIVERSIDE,MORENO VALLEY,-117.26171875,33.94089889526367
90777141,2018,2018-07-26,9685,2018-07-18,2340,016986,NA,3,3,9,3300,0,1,3,NA,1,031,SR-79(WINCHESTER RD.),BENTON RD.,100,S,N,A,-,N,NA,NA,79,NA,NA,NA,NA,NA,NA,N,3,0,1,2,A,-,11,21954,A,N,G,B,D,A,H,-,D,D,0,Y,NA,NA,NA,Y,NA,N,60,0,1,0,0,1,0,0,0,0,-,-,33.59431838989258,-117.12213134765624,RIVERSIDE,UNINCORPORATED,-117.1221923828125,33.59439468383789
9077850,2019,2020-09-10,3342,2019-12-17,0952,506,633,2,5,4,3342,0,0,0,NA,0,006,WINCHESTER RD,ROBERT TRENT JONES PKWY,46,S,N,A,-,Y,RIV,8,79,-,R,5.38,H,-,S,NA,4,0,1,2,D,-,00,NA,NA,N,C,C,A,A,H,-,A,A,0,NA,NA,NA,NA,Y,NA,-,-,0,0,1,0,0,0,0,0,0,-,-,33.56079864501953,-117.138671875,RIVERSIDE,MURRIETA,-117.1387176513672,33.56060028076172
9077851,2019,2020-09-11,3308,2019-10-25,1927,10611,523,5,5,5,3308,0,0,0,NA,0,SOUTH,FLORIDA AV,MYERS ST,922,W,N,A,-,Y,RIV,8,74,-,-,37.26,H,-,E,Y,4,0,1,1,A,-,08,22107,NA,N,E,I,A,A,H,-,C,A,0,NA,NA,NA,NA,Y,NA,A,01,0,0,1,0,0,0,0,0,0,-,-,33.74211883544922,-117.02068328857422,RIVERSIDE,HEMET,-117.02704620361328,33.74382019042969
90778643,2018,2018-07-27,9840,2018-07-20,0435,019844,NA,5,3,6,3345,0,1,3,NA,2,010,SR-60 E/B,VALLEY WAY,5300,W,N,A,-,Y,NA,NA,60,NA,NA,NA,NA,NA,E,N,4,0,1,2,A,-,08,22107,NA,N,B,C,A,A,H,-,D,D,0,NA,NA,NA,Y,Y,NA,-,-,0,0,1,0,0,0,0,0,0,-,-,34.01416015625,-117.45123291015624,RIVERSIDE,JURUPA VALLEY,-117.4512176513672,34.01424026489258
90779648,2018,2018-07-30,9840,2018-07-19,2155,020455,NA,4,2,6,3315,0,1,3,NA,2,031,SR-91 E/B,I-15,750,E,N,A,-,Y,NA,NA,91,NA,NA,NA,NA,NA,E,Y,3,0,1,2,A,-,08,22107,NA,N,C,C,A,A,H,-,C,D,0,NA,NA,NA,NA,Y,NA,A,01,0,1,0,0,0,0,0,0,0,-,-,33.882598876953125,-117.54411315917967,RIVERSIDE,CORONA,-117.54411315917967,33.88262176513672
90782147,2018,2018-08-01,9840,2018-07-28,0750,018221,NA,6,1,6,3345,0,1,3,NA,2,010,SR-60 E/B,MISSION BLVD.,3000,W,N,A,-,Y,NA,NA,60,NA,NA,NA,NA,NA,E,Y,4,0,2,4,A,-,03,22350,NA,N,C,C,A,A,H,-,A,D,0,NA,NA,NA,NA,Y,NA,A,01,0,0,2,0,0,0,0,0,0,-,-,34.01803970336914,-117.53677368164063,RIVERSIDE,JURUPA VALLEY,-117.53675842285156,34.01811218261719
90782185,2018,2018-08-01,9840,2018-07-21,0422,018849,NA,6,3,7,3313,0,1,3,NA,2,021,SR-91 W/B,ARLINGTON AVE,1400,E,N,A,-,Y,NA,NA,91,NA,NA,NA,NA,NA,W,N,4,0,1,2,A,-,01,23152,A,N,C,C,A,A,H,-,D,D,0,NA,NA,NA,NA,Y,Y,A,01,0,0,1,0,0,0,0,0,0,-,-,33.94942855834961,-117.38601684570313,RIVERSIDE,RIVERSIDE,-117.38603973388672,33.949440002441406
90782290,2018,2018-08-01,9685,2018-07-22,1501,017285,NA,7,2,4,3342,0,1,1,NA,2,030,I-15 S/B,WINCHESTER ROAD,5808,N,N,A,-,Y,NA,NA,15,NA,NA,NA,NA,NA,S,Y,4,0,1,4,A,-,03,22350,NA,N,C,C,A,A,H,-,A,D,0,NA,NA,NA,NA,Y,NA,A,01,0,0,1,0,0,0,0,0,0,-,-,33.53773880004883,-117.1733169555664,RIVERSIDE,MURRIETA,-117.17334747314452,33.5377197265625
90783090,2018,2018-08-02,9685,2018-07-25,1535,016185,NA,3,2,9,3300,0,1,3,NA,2,011,SR-74,GRAND AVENUE,14784,W,N,A,-,Y,NA,NA,NA,NA,NA,NA,NA,NA,NA,Y,3,0,1,1,A,-,08,22107,NA,N,E,I,A,A,H,-,A,A,0,NA,NA,NA,NA,Y,NA,A,01,0,1,0,0,0,0,0,0,0,-,-,33.383399963378906,-117.23049926757813,RIVERSIDE,UNINCORPORATED,-116.92415618896484,33.74774932861328
90784261,2018,2018-08-06,9840,2018-07-30,1040,020305,NA,1,1,7,3313,0,1,1,NA,2,023,I-215 N/B,UNIVERSITY AVE,400,S,N,A,-,Y,NA,NA,215,NA,NA,NA,NA,NA,N,N,4,0,1,2,A,-,03,22350,NA,N,C,C,A,A,H,-,A,D,0,NA,NA,NA,NA,Y,NA,M,47,0,0,1,0,0,0,0,0,0,-,-,33.97296905517578,-117.33232879638672,RIVERSIDE,RIVERSIDE,-117.33235931396484,33.97294235229492
90784293,2018,2018-08-06,9840,2018-07-26,0800,019501,NA,4,1,7,3313,0,1,1,NA,2,022,I-215 N/B,COLUMBIA AVE.,700,S,N,A,-,Y,NA,NA,215,NA,NA,NA,NA,NA,N,Y,4,0,1,3,A,-,03,22350,NA,N,C,C,A,A,H,-,A,D,0,NA,NA,NA,NA,Y,NA,A,01,0,0,1,0,0,0,0,0,0,-,-,33.99956130981445,-117.35308074951172,RIVERSIDE,RIVERSIDE,-117.35305786132813,33.999542236328125
90785200,2018,2018-08-06,9685,2018-07-29,0815,016936,NA,7,1,4,3307,0,1,1,NA,2,010,I-15 N/B,RAILROAD CANYON,1584,S,N,A,-,Y,NA,NA,15,NA,NA,NA,NA,NA,N,Y,3,0,1,2,A,-,03,22350,NA,N,C,C,A,A,H,-,A,D,0,NA,NA,NA,NA,Y,NA,A,01,0,1,0,0,0,0,0,0,0,-,-,33.65835952758789,-117.29476165771484,RIVERSIDE,LAKE ELSINORE,-117.29478454589844,33.65834045410156
90787137,2018,2018-08-08,9685,2018-07-31,1538,015050,NA,2,2,5,3335,0,1,1,NA,2,030,I-15 NORTHBOUND,SANTIAGO RD.,50,N,N,A,-,Y,NA,NA,15,NA,NA,NA,NA,NA,N,N,4,0,2,3,A,-,03,22350,NA,N,C,C,A,A,H,-,A,D,0,NA,NA,NA,NA,Y,NA,A,07,0,0,2,0,0,0,0,0,0,-,-,33.490230560302734,-117.14395904541016,RIVERSIDE,TEMECULA,-117.14397430419922,33.49022674560547
90788572,2018,2018-08-10,9630,2018-08-04,0840,021128,NA,6,1,9,3300,0,1,3,NA,2,015,SR-62,N. INDIAN CANYON DR,1584,E,N,A,-,Y,NA,NA,62,NA,NA,NA,NA,NA,NA,Y,3,0,1,1,A,-,08,22107,NA,N,E,I,A,A,H,-,A,A,0,NA,NA,NA,NA,Y,NA,A,01,0,1,0,0,0,0,0,0,0,-,-,34.00764846801758,-116.57584381103516,RIVERSIDE,UNINCORPORATED,-116.57560729980467,34.0075798034668
90790143,2018,2019-06-24,9655,2018-08-03,1630,021008,NA,5,2,9,3300,0,3,5,NA,2,003,DOMENIGONI PARKWAY EASTBOUND,WARREN ROAD,20,W,N,A,-,N,NA,NA,NA,NA,NA,NA,NA,NA,NA,Y,4,0,2,2,A,-,01,23152,A,N,C,C,A,A,H,-,A,A,0,NA,NA,NA,NA,Y,Y,D,22,0,0,2,0,0,0,0,0,0,-,-,33.704071044921875,-117.03389739990234,RIVERSIDE,UNINCORPORATED,-117.03396606445313,33.704280853271484
9079048,2020,2020-05-21,3308,2020-02-16,1222,10545,518,7,5,5,3308,0,0,0,NA,0,NORTH,PARK AV,OAKLAND AV,0,NA,Y,A,-,N,NA,NA,NA,NA,NA,NA,NA,NA,NA,Y,3,0,2,2,A,-,09,21802,A,N,D,C,A,A,H,-,A,A,0,NA,NA,NA,NA,Y,NA,A,07,0,1,1,0,0,0,0,0,0,-,-,33.754791259765625,-116.9461669921875,RIVERSIDE,HEMET,-116.94606018066406,33.75490951538086
90790671,2018,2018-08-14,9685,2018-08-06,1155,012190,NA,1,1,4,3342,0,1,1,NA,2,030,I-15 N/B TO CALIFORNIA OAKS RD,CALIFORNIA OAKS RD,30,S,N,A,-,Y,NA,NA,15,NA,NA,NA,R,NA,N,N,4,0,2,2,A,-,03,22350,NA,N,C,C,A,A,H,-,A,D,0,NA,NA,NA,NA,Y,NA,A,07,0,0,2,0,0,0,0,0,0,-,-,33.56639099121094,-117.20620727539063,RIVERSIDE,MURRIETA,-117.20620727539063,33.56639099121094
90792011,2018,2018-08-16,9840,2018-08-13,0818,012208,NA,1,1,7,3313,0,1,1,NA,2,022,I-215 N/B {RIVERSIDE FREEWAY},CENTER ST.,411,N,N,A,-,Y,NA,NA,NA,NA,NA,NA,NA,NA,NA,Y,3,0,1,2,D,-,00,NA,NA,N,B,C,A,A,H,-,A,D,0,NA,NA,Y,NA,Y,NA,-,-,0,1,0,0,0,0,0,0,1,-,-,34.01652145385742,-117.34178161621094,RIVERSIDE,RIVERSIDE,NA,NA
90794202,2018,2018-08-20,9840,2018-08-09,1345,019492,NA,4,1,9,3300,0,1,1,NA,2,037,I-15 S/B,INDIAN TRUCK TRAIL,2500,N,N,A,-,Y,NA,NA,15,NA,NA,NA,NA,NA,S,Y,3,0,3,4,A,-,03,22350,NA,N,C,C,A,A,H,-,A,D,0,NA,NA,NA,NA,Y,NA,D,23,0,1,2,0,0,0,0,0,0,-,-,33.756229400634766,-117.46045684814452,RIVERSIDE,UNINCORPORATED,-117.4604034423828,33.756324768066406
9079476,2020,2020-06-18,3300,2020-03-04,1055,N1673,30F2,3,5,4,3318,0,0,0,NA,0,T30,LUPINE LN,EL PASEO,74,S,N,A,-,N,NA,NA,NA,NA,NA,NA,NA,NA,NA,Y,4,0,1,1,A,-,21,22106,NA,N,E,I,A,A,H,-,A,A,0,NA,NA,NA,NA,Y,NA,A,01,0,0,1,0,0,0,0,0,0,-,-,NA,NA,RIVERSIDE,PALM DESERT,-116.38465118408205,33.71959686279297
90796408,2018,2018-08-23,9840,2018-08-19,0115,019890,NA,7,3,7,3313,0,1,1,NA,2,023,I-215 N/B,BLAINE ST.,1500,S,N,A,-,Y,NA,NA,NA,NA,NA,NA,NA,NA,NA,Y,3,0,1,1,C,-,18,NA,NA,N,E,J,A,A,H,-,C,D,0,NA,NA,NA,NA,Y,NA,-,-,0,1,0,0,0,0,0,0,0,-,-,33.83053970336914,-117.3401336669922,RIVERSIDE,RIVERSIDE,NA,NA
9079680,2020,2020-07-14,3300,2020-03-05,2159,5059,602A4,4,5,6,3394,0,0,0,NA,0,MV22,FREDERICK ST,DRACAEA AV,0,NA,Y,A,-,N,NA,NA,NA,NA,NA,NA,NA,NA,NA,N,4,0,2,2,A,-,03,22350,NA,N,C,C,A,A,H,-,C,A,0,NA,NA,NA,Y,Y,NA,F,26,0,0,2,0,0,0,0,0,0,-,-,33.927818298339844,-117.2612075805664,RIVERSIDE,MORENO VALLEY,-117.26116943359376,33.92789077758789
90798236,2018,2018-08-27,9630,2018-08-15,1529,015339,NA,3,2,4,3309,0,1,1,NA,2,021,I-10 (E/B),MONROE ST.,1056,W,N,A,-,Y,NA,NA,10,NA,NA,NA,NA,NA,NA,Y,3,0,1,2,A,-,08,22107,NA,N,E,I,A,A,H,-,A,D,0,NA,NA,NA,Y,Y,NA,G,25,0,1,0,0,0,0,0,0,0,-,-,33.738868713378906,-116.23799896240234,RIVERSIDE,INDIO,-116.23804473876952,33.73906326293945
90798869,2018,2018-08-27,9840,2018-08-03,0102,021017,NA,5,3,7,3313,0,1,1,NA,2,023,I-215 S/B TO THIRD ST,3RD ST,50,N,N,A,-,Y,NA,NA,NA,NA,NA,NA,NA,NA,NA,Y,4,0,1,2,A,-,03,22350,NA,F,C,C,A,A,H,-,D,A,0,NA,NA,NA,NA,Y,NA,A,01,0,0,1,0,0,0,0,0,0,-,-,33.98344039916992,-117.98343658447266,RIVERSIDE,RIVERSIDE,NA,NA
90799450,2018,2018-08-28,9685,2018-08-16,1530,015906,NA,4,2,9,3300,0,3,5,NA,2,003,LOS ALAMOS ROAD,BRIGGS ROAD,4224,W,N,A,-,N,NA,NA,NA,NA,NA,NA,NA,NA,NA,Y,2,0,1,2,A,-,05,21460,A,N,A,C,A,A,H,-,A,D,0,NA,NA,Y,NA,Y,NA,C,02,1,0,0,0,0,0,0,0,1,-,-,33.598751068115234,-117.14214324951172,RIVERSIDE,UNINCORPORATED,-117.1401596069336,33.59857177734375
90799618,2018,2018-08-28,9655,2018-08-17,1501,020695,NA,5,2,4,3301,0,1,1,NA,2,204,I-10 E/B,RAMSEY ST,423,W,N,B,-,Y,NA,NA,10,NA,NA,NA,NA,NA,E,Y,3,0,2,2,A,-,07,21658,A,N,B,C,A,A,H,-,A,D,0,NA,NA,NA,NA,Y,NA,A,07,0,2,0,0,0,0,0,0,0,-,-,33.92583084106445,-116.85321044921876,RIVERSIDE,BANNING,-116.853271484375,33.92597961425781
90800030,2018,2018-08-28,9630,2018-05-18,2007,021162,NA,5,2,9,3300,0,2,S,NA,2,502,AIRPORT BOULEVARD,PIERCE STREET,0,NA,Y,A,-,N,NA,NA,NA,NA,NA,NA,NA,NA,NA,Y,1,2,1,2,A,-,09,21802,A,N,D,C,A,A,H,-,B,D,0,NA,NA,NA,NA,Y,NA,A,07,1,0,0,0,0,0,0,0,0,-,-,33.6420783996582,-116.11165618896484,RIVERSIDE,UNINCORPORATED,-116.11164093017578,33.6420783996582
90800471,2018,2018-08-29,9840,2018-08-27,2338,020220,NA,1,3,7,3313,0,1,3,NA,2,021,SR-91 W/B,ARLINGTON AVE,1500,E,N,A,-,Y,NA,NA,91,NA,NA,NA,NA,NA,W,Y,2,0,1,1,A,-,08,22107,NA,N,E,I,A,A,H,-,C,D,0,NA,NA,NA,NA,Y,NA,A,07,1,0,0,0,0,0,0,0,0,-,-,33.947418212890625,-117.3874969482422,RIVERSIDE,RIVERSIDE,-117.3874969482422,33.947418212890625
90801521,2018,2018-08-30,9660,2018-08-24,1834,021657,NA,5,2,9,3300,0,1,1,NA,2,031,1-10 E/B,WILLEYS WELL RD,8976,W,N,A,-,Y,NA,NA,NA,NA,NA,NA,NA,NA,NA,Y,3,0,1,1,A,-,08,22107,NA,N,F,A,A,A,H,-,A,D,0,NA,NA,NA,NA,Y,NA,D,22,0,1,0,0,0,0,0,0,0,-,-,33.60572052001953,-114.92942810058594,RIVERSIDE,UNINCORPORATED,NA,NA
90803756,2018,2018-08-31,9630,2018-08-23,1949,021570,NA,4,2,9,3300,0,2,S,NA,2,404,BOB HOPE DR,RAMON RD,0,NA,Y,A,-,N,NA,NA,NA,NA,NA,NA,NA,NA,NA,Y,4,0,1,3,A,-,12,21453,NA,N,D,C,A,A,H,-,C,A,0,NA,NA,NA,NA,Y,NA,A,07,0,0,1,0,0,0,0,0,0,-,-,33.816200256347656,-116.4105987548828,RIVERSIDE,UNINCORPORATED,-116.41063690185548,33.81639099121094
90805182,2018,2018-09-04,9630,2018-08-26,2145,020645,NA,7,2,9,3300,0,1,3,NA,1,074,SR-74,VISTA POINT,8976,E,N,A,-,Y,NA,NA,74,NA,NA,NA,NA,NA,NA,Y,2,0,1,1,A,-,08,22107,NA,N,F,A,A,A,H,-,D,D,0,NA,NA,Y,NA,Y,NA,C,02,1,0,0,0,0,0,0,0,1,-,-,33.650901794433594,-116.39547729492188,RIVERSIDE,UNINCORPORATED,-116.39547729492188,33.65095520019531
90806436,2018,2018-09-05,9655,2018-08-24,1635,015795,NA,5,2,9,3300,0,3,5,NA,2,003,STETSON AVENUE,YALE STREET,500,W,N,A,-,N,NA,NA,NA,NA,NA,NA,NA,NA,NA,Y,4,0,2,2,A,-,09,21804,A,N,C,C,A,A,H,-,A,D,0,NA,NA,NA,NA,Y,NA,A,01,0,0,2,0,0,0,0,0,0,-,-,33.72951889038086,-116.95130157470705,RIVERSIDE,UNINCORPORATED,-116.95144653320313,33.729496002197266
90806596,2018,2018-09-06,9840,2018-08-10,0532,018221,NA,5,3,6,3315,0,1,1,NA,2,034,I-15 S/B,CAJALCO RD.,3000,N,N,A,-,Y,NA,NA,15,NA,NA,NA,NA,NA,S,N,3,0,1,2,A,-,01,23152,A,M,D,C,A,A,D,H,D,D,0,NA,NA,NA,Y,Y,Y,A,01,0,1,0,0,0,0,0,0,0,-,-,33.82691955566406,-117.52603149414063,RIVERSIDE,CORONA,-117.52589416503906,33.82708740234375
90807888,2018,2018-09-07,9840,2018-08-29,0435,017546,NA,3,3,7,3313,0,1,1,NA,2,023,I-215 N/B,MARTIN LUTHER KING BLVD,100,N,N,A,-,Y,NA,NA,215,NA,NA,NA,NA,NA,N,Y,4,0,1,4,A,-,03,22350,NA,F,C,C,A,A,H,-,D,D,0,NA,NA,NA,NA,Y,NA,A,01,0,0,1,0,0,0,0,0,0,-,-,33.96916961669922,-117.32866668701172,RIVERSIDE,RIVERSIDE,-117.32867431640624,33.96916580200195
90808203,2018,2020-06-10,9685,2018-08-29,0510,015800,NA,3,3,5,3335,0,1,1,NA,2,030,I-15 SOUTHBOUND,RANCHO CALIFORNIA ROAD,2000,N,N,A,-,Y,NA,NA,15,NA,NA,NA,NA,NA,S,Y,3,0,1,2,A,-,07,21658,A,N,H,A,A,A,H,-,C,D,0,NA,NA,Y,NA,Y,NA,A,01,0,1,0,0,0,0,0,0,1,-,-,33.506080627441406,-117.15392303466795,RIVERSIDE,TEMECULA,-117.15398406982422,33.50605010986328
90808851,2018,2018-09-10,9840,2018-08-20,1250,017802,NA,1,1,7,3313,0,1,1,NA,2,023,I-215 N/B,UNIVERSITY AVE.,1500,S,N,A,-,Y,NA,NA,215,NA,NA,NA,NA,NA,N,N,3,0,1,2,A,-,07,21658,A,N,B,C,A,A,H,-,A,D,0,NA,NA,Y,NA,Y,NA,A,01,0,1,0,0,0,0,0,0,1,-,-,33.973899841308594,-117.33318328857422,RIVERSIDE,RIVERSIDE,-117.33324432373048,33.973838806152344
90809556,2018,2018-09-11,9630,2018-08-28,1905,015339,NA,2,2,9,3300,0,3,5,NA,2,005,COAHUILLA ST,5TH ST,0,NA,Y,A,-,N,NA,NA,NA,NA,NA,NA,NA,NA,NA,N,4,0,1,2,A,-,12,22450,A,N,D,C,A,A,H,-,A,A,0,NA,NA,NA,NA,Y,NA,A,01,0,0,1,0,0,0,0,0,0,-,-,33.572689056396484,-116.07601928710938,RIVERSIDE,UNINCORPORATED,-116.0760498046875,33.57286071777344
90809699,2018,2018-09-11,9840,2018-08-29,0753,015705,NA,3,1,7,3313,0,1,1,NA,2,023,I-215 N/B TO SR-91 W/B,E. LA CADENA DR.,1056,N,N,A,-,Y,NA,NA,NA,NA,NA,NA,NA,NA,NA,Y,2,0,1,2,A,-,08,22107,NA,N,E,I,A,A,H,-,A,D,0,NA,NA,Y,NA,Y,NA,C,02,1,0,0,0,0,0,0,0,1,-,-,33.909080505371094,-117.35102081298828,RIVERSIDE,RIVERSIDE,-117.35568237304688,33.99277114868164
90810497,2018,2018-09-11,9840,2018-09-04,0730,015705,NA,2,1,4,3344,0,1,1,NA,2,011,I-15 S/B,MISSION BLVD.,150,N,N,B,-,Y,NA,NA,15,NA,NA,NA,NA,NA,S,N,4,0,1,2,A,-,03,22350,NA,N,C,C,A,A,H,-,A,D,0,NA,NA,NA,NA,Y,NA,D,22,0,0,1,0,0,0,0,0,0,-,-,34.030181884765625,-117.55048370361328,RIVERSIDE,EASTVALE,-117.55046081542967,34.030181884765625