CASE_ID,ACCIDENT_YEAR,PROC_DATE,JURIS,COLLISION_DATE,COLLISION_TIME,OFFICER_ID,REPORTING_DISTRICT,DAY_OF_WEEK,CHP_SHIFT,POPULATION,CNTY_CITY_LOC,SPECIAL_COND,BEAT_TYPE,CHP_BEAT_TYPE,CITY_DIVISION_LAPD,CHP_BEAT_CLASS,BEAT_NUMBER,PRIMARY_RD,SECONDARY_RD,DISTANCE,DIRECTION,INTERSECTION,WEATHER_1,WEATHER_2,STATE_HWY_IND,CALTRANS_COUNTY,CALTRANS_DISTRICT,STATE_ROUTE,ROUTE_SUFFIX,POSTMILE_PREFIX,POSTMILE,LOCATION_TYPE,RAMP_INTERSECTION,SIDE_OF_HWY,TOW_AWAY,COLLISION_SEVERITY,NUMBER_KILLED,NUMBER_INJURED,PARTY_COUNT,PRIMARY_COLL_FACTOR,PCF_CODE_OF_VIOL,PCF_VIOL_CATEGORY,PCF_VIOLATION,PCF_VIOL_SUBSECTION,HIT_AND_RUN,TYPE_OF_COLLISION,MVIW,PED_ACTION,ROAD_SURFACE,ROAD_COND_1,ROAD_COND_2,LIGHTING,CONTROL_DEVICE,CHP_ROAD_TYPE,PEDESTRIAN_ACCIDENT,BICYCLE_ACCIDENT,MOTORCYCLE_ACCIDENT,TRUCK_ACCIDENT,NOT_PRIVATE_PROPERTY,ALCOHOL_INVOLVED,STWD_VEHTYPE_AT_FAULT,CHP_VEHTYPE_AT_FAULT,COUNT_SEVERE_INJ,COUNT_VISIBLE_INJ,COUNT_COMPLAINT_PAIN,COUNT_PED_KILLED,COUNT_PED_INJURED,COUNT_BICYCLIST_KILLED,COUNT_BICYCLIST_INJURED,COUNT_MC_KILLED,COUNT_MC_INJURED,PRIMARY_RAMP,SECONDARY_RAMP,LATITUDE,LONGITUDE,COUNTY,CITY,POINT_X,POINT_Y
90810523,2018,2018-09-11,9685,2018-09-02,1540,016113,NA,7,2,4,3342,0,1,1,NA,2,030,I-15 SOUTHBOUND,NUTMEG STREET O/C,2000,N,N,A,-,Y,NA,NA,15,NA,NA,NA,NA,NA,S,Y,4,0,1,2,A,-,03,22350,NA,N,C,C,A,A,H,-,A,D,0,NA,NA,NA,NA,Y,NA,A,01,0,0,1,0,0,0,0,0,0,-,-,33.580230712890625,-117.22670745849608,RIVERSIDE,MURRIETA,-117.22672271728516,33.58021545410156
90810836,2018,2018-09-12,9840,2018-09-01,0355,018849,NA,6,3,6,3345,0,1,3,NA,2,010,SR-60 E/B,VALLEY WAY,420,E,N,A,-,Y,NA,NA,60,NA,NA,NA,NA,NA,E,Y,3,0,1,1,A,-,08,22107,NA,N,E,I,A,A,H,-,C,D,0,NA,NA,NA,NA,Y,NA,A,01,0,1,0,0,0,0,0,0,0,-,-,34.01171112060547,-117.43353271484376,RIVERSIDE,JURUPA VALLEY,-117.43355560302734,34.01162338256836
90812791,2018,2018-09-13,9630,2018-08-31,1417,019228,NA,5,2,9,3300,0,1,1,NA,2,020,I-10 E/B,RAMON RD,2,E,N,A,-,Y,NA,NA,10,NA,NA,NA,NA,NA,E,Y,3,0,1,1,A,-,00,22017,NA,N,E,I,A,A,H,-,A,D,0,NA,NA,NA,NA,Y,NA,D,22,0,1,0,0,0,0,0,0,0,-,-,33.816078186035156,-116.40406799316406,RIVERSIDE,UNINCORPORATED,-116.40399169921876,33.81618118286133
90812900,2018,2018-09-14,9840,2018-08-31,0356,021218,NA,5,3,4,3344,0,1,1,NA,2,011,I-15 S/B,SR-60,2400,S,N,A,-,Y,NA,NA,15,NA,NA,NA,NA,NA,S,Y,4,0,1,3,A,-,07,21658,A,N,D,C,A,A,H,-,D,D,0,NA,NA,NA,Y,Y,NA,G,25,0,0,1,0,0,0,0,0,0,-,-,34.01818084716797,-117.55043792724608,RIVERSIDE,EASTVALE,-117.55049896240234,34.01818084716797
90813032,2018,2018-09-14,9630,2018-09-05,0744,018451,NA,3,1,9,3300,0,2,S,NA,2,402,DILLON RD.,VEE BEE RD,244,W,N,A,-,N,NA,NA,NA,NA,NA,NA,NA,NA,NA,Y,2,0,1,2,A,-,09,21801,A,N,F,A,A,A,H,-,A,D,0,NA,NA,Y,NA,Y,NA,D,22,1,0,0,0,0,0,0,0,1,-,-,33.9169807434082,-116.38926696777344,RIVERSIDE,UNINCORPORATED,-116.3891372680664,33.91691589355469
90814496,2018,2018-09-17,9685,2018-09-11,1530,015360,NA,2,2,3,3343,0,1,1,NA,2,030,I-15 NORTHBOUND,CLINTON KEITH RD.,1584,S,N,A,-,Y,NA,NA,NA,NA,NA,NA,NA,NA,NA,N,4,0,1,2,A,-,03,22350,NA,N,C,C,A,A,H,-,A,D,0,NA,NA,NA,NA,Y,NA,A,01,0,0,1,0,0,0,0,0,0,-,-,33.77363967895508,-117.88262939453124,RIVERSIDE,WILDOMAR,-117.24163055419922,33.592491149902344
90816571,2018,2018-09-19,9840,2018-09-13,1705,015802,NA,4,2,9,3300,0,2,4,NA,2,045,COWIE AVE.,LOPEZ RD.,0,NA,Y,A,-,N,NA,NA,NA,NA,NA,NA,NA,NA,NA,Y,3,0,1,2,A,-,09,21801,A,N,A,C,A,A,H,-,A,D,0,NA,NA,NA,NA,Y,NA,A,01,0,1,0,0,0,0,0,0,0,-,-,33.782859802246094,-117.26982879638672,RIVERSIDE,UNINCORPORATED,-117.2698974609375,33.782859802246094
90817329,2018,2018-09-20,9630,2018-09-09,2215,021652,NA,7,3,9,3300,0,2,S,NA,2,403,DILLON RD,THOUSAND PALMS CANYON RD,10560,E,N,A,-,N,NA,NA,NA,NA,NA,NA,NA,NA,NA,Y,3,0,1,1,A,-,03,22350,NA,N,E,I,A,A,H,-,D,D,0,NA,NA,NA,NA,Y,NA,A,01,0,1,0,0,0,0,0,0,0,-,-,33.86116027832031,-116.27263641357422,RIVERSIDE,UNINCORPORATED,-116.27140045166016,33.86008071899414
90818631,2018,2018-09-21,9655,2018-09-17,0700,020669,NA,1,1,9,3300,0,1,3,NA,1,119,SR-371 W/B,BAUTISTA RD,0,NA,Y,A,-,Y,NA,NA,371,NA,NA,NA,NA,NA,W,Y,2,0,1,2,A,-,09,21801,A,N,A,C,A,A,H,-,A,D,0,NA,NA,NA,NA,Y,NA,D,22,1,0,0,0,0,0,0,0,0,-,-,33.55323028564453,-116.70076751708984,RIVERSIDE,UNINCORPORATED,-116.70076751708984,33.55322265625
90820046,2018,2018-09-24,9685,2018-09-18,0505,017169,NA,2,3,5,3335,0,1,1,NA,2,030,I-15 S/B,RANCHO CALIFORNIA ROAD,1584,N,N,A,-,Y,NA,NA,15,NA,NA,NA,NA,NA,S,Y,4,0,1,2,A,-,03,22350,NA,N,C,C,A,A,H,-,D,D,0,NA,NA,NA,NA,Y,NA,A,01,0,0,1,0,0,0,0,0,0,-,-,33.51108169555664,-117.1560516357422,RIVERSIDE,TEMECULA,-117.15624237060548,33.510990142822266
90820699,2018,2018-09-25,9840,2018-09-14,1055,018221,NA,5,1,9,3300,0,1,1,NA,2,034,I-15 N/B,TEMESCAL CANYON RD.,5500,N,N,A,-,Y,NA,NA,15,NA,NA,NA,NA,NA,N,Y,3,0,1,4,A,-,03,22350,NA,N,C,C,A,A,H,-,A,D,0,NA,NA,NA,NA,Y,NA,A,01,0,1,0,0,0,0,0,0,0,-,-,33.7901611328125,-117.49626159667967,RIVERSIDE,UNINCORPORATED,-117.49627685546876,33.79014587402344
90822141,2018,2018-09-26,9655,2018-09-02,1133,015940,NA,7,1,3,3302,0,1,1,NA,2,202,I-10 W/B,6TH STREET,1056,W,N,A,-,Y,NA,NA,10,NA,NA,NA,NA,NA,W,Y,2,0,3,2,A,-,01,23152,A,N,D,C,A,A,H,-,A,D,0,NA,NA,NA,NA,Y,Y,D,22,2,1,0,0,0,0,0,0,0,-,-,33.93315887451172,-116.98896026611328,RIVERSIDE,BEAUMONT,-116.98894500732422,33.93319320678711
90822496,2018,2018-09-27,9685,2018-09-15,1010,015295,NA,6,1,9,3300,0,3,5,NA,2,003,SAGE ROAD,WILSON VALLEY ROAD,9504,S,N,A,-,N,NA,NA,NA,NA,NA,NA,NA,NA,NA,Y,3,0,1,1,A,-,03,22350,NA,N,F,A,A,A,H,-,A,D,0,NA,NA,Y,NA,Y,NA,C,02,0,1,0,0,0,0,0,0,1,-,-,33.50395965576172,-116.89740753173828,RIVERSIDE,UNINCORPORATED,-116.89730072021484,33.50409698486328
9082549,2020,2020-08-03,3313,2020-03-03,1311,4254,F046A,2,5,7,3313,0,0,0,NA,0,NA,GRAND AV,SCALES WY,0,NA,Y,A,-,N,NA,NA,NA,NA,NA,NA,NA,NA,NA,Y,2,0,2,2,A,-,09,21802,A,N,D,C,A,A,H,-,A,A,0,NA,NA,NA,NA,Y,NA,A,01,1,0,1,0,0,0,0,0,0,-,-,33.62229919433594,-117.31539916992188,RIVERSIDE,RIVERSIDE,-117.31539154052734,33.62086868286133
90827487,2018,2018-10-03,9630,2018-09-25,2134,021796,NA,2,2,9,3300,0,1,1,NA,2,301,I-10 E/B,DILLON RD,22176,E,N,A,-,Y,NA,NA,NA,NA,NA,NA,NA,NA,NA,Y,3,0,1,2,A,-,08,22107,NA,N,C,C,A,A,H,-,D,D,0,NA,NA,NA,Y,Y,NA,A,01,0,1,0,0,0,0,0,0,0,-,-,33.698020935058594,-116.10015106201172,RIVERSIDE,UNINCORPORATED,-116.10347747802734,33.69804382324219
90829149,2018,2018-10-04,9630,2018-09-28,1105,021556,NA,5,1,9,3300,0,1,1,NA,2,301,I-10 E/B,CACTUS CITY REST AREA,1000,E,N,A,-,Y,NA,NA,10,NA,NA,NA,NA,NA,E,N,4,0,1,2,A,-,03,22350,NA,N,C,C,A,A,H,-,A,D,0,NA,NA,NA,Y,Y,NA,F,26,0,0,1,0,0,0,0,0,0,-,-,33.6773796081543,-115.95912933349608,RIVERSIDE,UNINCORPORATED,-115.95913696289063,33.67736053466797
90829402,2018,2018-10-05,9655,2018-09-10,0752,017263,NA,1,1,4,3301,1,4,S,NA,2,901,DOROTHY ANNA DR,WILSON ST,0,NA,Y,A,-,N,NA,NA,NA,NA,NA,NA,NA,NA,NA,Y,4,0,1,2,A,-,08,22107,NA,N,D,C,A,A,H,-,A,A,0,NA,NA,NA,NA,Y,NA,D,22,0,0,1,0,0,0,0,0,0,-,-,33.93254089355469,-116.9279327392578,RIVERSIDE,BANNING,-116.92739105224608,33.93251037597656
90829825,2018,2018-10-05,9840,2018-09-19,1606,017504,NA,3,2,9,3300,0,2,4,NA,2,045,LA SIERRA AVE.,EL SOBRANTE RD.,20,N,N,A,-,N,NA,NA,NA,NA,NA,NA,NA,NA,NA,Y,4,0,1,2,A,-,03,22350,NA,N,C,C,A,A,H,-,A,A,0,NA,NA,NA,NA,Y,NA,A,01,0,0,1,0,0,0,0,0,0,-,-,33.858558654785156,-117.45352172851563,RIVERSIDE,UNINCORPORATED,-117.45351409912108,33.858455657958984
90830416,2018,2018-10-08,9840,2018-09-25,0040,019844,NA,2,3,9,3300,0,2,4,NA,2,043,RAMONA EXPY,BRIDGE ST.,4500,W,N,A,-,N,NA,NA,NA,NA,NA,NA,NA,NA,NA,N,2,0,1,2,A,-,11,21954,A,N,G,B,E,A,H,-,D,D,0,Y,NA,NA,NA,Y,Y,N,60,1,0,0,0,1,0,0,0,0,-,-,33.843318939208984,-117.07884216308594,RIVERSIDE,UNINCORPORATED,-117.08336639404295,33.839996337890625
9083183,2020,2020-07-09,3313,2020-03-28,2220,1994,2,6,5,7,3313,0,0,0,NA,0,3R28,CENTRAL AV,NOTTINGHAM RD,150,E,N,A,-,N,NA,NA,NA,NA,NA,NA,NA,NA,NA,N,3,0,2,1,A,-,05,21650,NA,N,E,I,A,A,H,-,C,D,0,NA,NA,NA,NA,Y,NA,D,23,0,1,1,0,0,0,0,0,0,-,-,33.953758239746094,-117.36662292480467,RIVERSIDE,RIVERSIDE,-117.365966796875,33.95377731323242
90832243,2018,2018-10-09,9655,2018-10-01,1052,017263,NA,1,1,9,3300,0,3,5,NA,2,003,GILMAN SPRINGS RD,BRIDGE ST,1056,E,N,A,-,N,NA,NA,NA,NA,NA,NA,NA,NA,NA,Y,4,0,3,2,A,-,03,22350,NA,N,C,C,A,A,H,-,A,D,0,NA,NA,NA,NA,Y,NA,A,07,0,0,3,0,0,0,0,0,0,-,-,33.867149353027344,-117.03978729248048,RIVERSIDE,UNINCORPORATED,-117.06668090820313,33.887535095214844
90834781,2018,2018-10-12,9840,2018-10-05,1719,020210,NA,5,2,6,3315,0,1,1,NA,2,034,I-15 S/B,MAGNOLIA AVE,2500,S,N,A,-,Y,NA,NA,15,NA,NA,NA,NA,NA,S,Y,4,0,2,2,A,-,03,22350,NA,N,C,C,A,A,H,-,A,D,0,NA,NA,NA,NA,Y,NA,D,22,0,0,2,0,0,0,0,0,0,-,-,33.86056137084961,-117.53720855712892,RIVERSIDE,CORONA,-117.53727722167967,33.86051940917969
90834814,2018,2018-10-12,9630,2018-06-29,2305,021409,NA,5,3,9,3300,0,1,1,NA,2,302,I-10 EASTBOUND,STATE ROUTE 177,9504,W,N,A,-,Y,NA,NA,10,NA,NA,NA,NA,NA,E,Y,1,1,1,1,A,-,08,22107,NA,N,F,I,A,A,H,-,D,D,0,NA,NA,NA,Y,Y,NA,F,26,0,1,0,0,0,0,0,0,0,-,-,33.70650100708008,-115.43135833740234,RIVERSIDE,UNINCORPORATED,-115.43138122558594,33.706581115722656
90834900,2018,2018-10-12,9685,2018-10-07,1300,016347,NA,7,1,4,3312,0,1,1,NA,2,020,I-215 N/B,SR-74 (HEMET),800,S,N,A,-,Y,NA,NA,215,NA,NA,NA,NA,NA,N,Y,4,0,1,2,A,-,07,21658,A,N,B,C,A,A,H,-,A,D,0,NA,NA,NA,NA,Y,NA,A,01,0,0,1,0,0,0,0,0,0,-,-,33.751060485839844,-117.18913269042967,RIVERSIDE,PERRIS,-117.18920135498048,33.751060485839844
90838069,2018,2018-10-17,9840,2018-10-02,1902,015444,NA,2,2,9,3300,0,1,1,NA,2,040,I-215 S/B,VAN BUREN BLVD,4224,N,N,A,-,Y,NA,NA,215,NA,NA,NA,NA,NA,S,Y,4,0,2,2,A,-,03,22350,NA,N,C,C,A,A,H,-,C,D,0,NA,NA,NA,NA,Y,NA,D,22,0,0,2,0,0,0,0,0,0,-,-,33.89331817626953,-117.2731704711914,RIVERSIDE,UNINCORPORATED,-117.27322387695313,33.89329147338867
90838620,2018,2018-10-18,9840,2018-09-28,2240,020210,NA,5,3,9,3300,0,2,4,NA,2,043,RAMONA EXPRESSWAY,BRIDGE ST,3800,W,N,A,-,N,NA,NA,NA,NA,NA,NA,NA,NA,NA,Y,4,0,1,2,A,-,01,23152,A,N,C,C,A,A,H,-,D,D,0,NA,NA,NA,NA,Y,Y,A,01,0,0,1,0,0,0,0,0,0,-,-,33.839969635009766,-117.08126068115234,RIVERSIDE,UNINCORPORATED,-117.08106994628906,33.84001159667969
90838668,2018,2018-10-18,9840,2018-09-25,2302,018849,NA,2,3,6,3315,0,1,3,NA,2,031,SR-91 E/B,BUCHANAN ST,200,W,N,A,-,Y,NA,NA,91,NA,NA,NA,NA,NA,E,Y,3,0,1,2,A,-,01,23152,A,M,B,E,A,A,H,-,D,D,0,NA,NA,NA,Y,Y,Y,A,07,0,1,0,0,0,0,0,0,0,-,-,33.89373016357422,-117.50177001953124,RIVERSIDE,CORONA,-117.50181579589844,33.893821716308594
90841264,2018,2018-10-22,9685,2018-10-11,1640,013925,NA,4,2,4,3342,0,1,1,NA,2,034,INTERSTATE 215 NORTHBOUND,LOS ALAMOS ROAD,1300,S,N,A,-,Y,NA,NA,215,NA,NA,NA,NA,NA,N,N,3,0,1,1,A,-,03,22350,NA,N,F,I,A,A,H,-,A,D,0,NA,NA,Y,NA,Y,NA,C,02,0,1,0,0,0,0,0,0,1,-,-,33.56760025024414,-117.18081665039063,RIVERSIDE,MURRIETA,-117.18074035644533,33.56760025024414
90842650,2018,2018-10-23,9840,2018-10-17,2335,017546,NA,3,3,4,3310,0,1,1,NA,2,011,I-15 S/B,FOURTH ST,1500,S,N,A,-,Y,NA,NA,15,NA,NA,NA,NA,NA,S,N,4,0,3,2,A,-,03,22350,NA,N,C,C,A,A,D,-,D,D,0,NA,NA,NA,Y,Y,NA,F,27,0,0,3,0,0,0,0,0,0,-,-,33.92007827758789,-117.55699920654295,RIVERSIDE,NORCO,-117.55698394775392,33.92007827758789
90842683,2018,2018-10-23,9840,2018-10-17,0751,015705,NA,3,1,9,3300,0,1,1,NA,2,022,I-215 N/B,CENTER ST.,1056,N,N,A,-,Y,NA,NA,215,NA,NA,NA,NA,NA,N,Y,3,0,2,3,A,-,03,22350,NA,N,C,C,A,A,H,-,A,D,0,NA,NA,NA,NA,Y,NA,A,01,0,2,0,0,0,0,0,0,0,-,-,34.016380310058594,-117.34182739257813,RIVERSIDE,UNINCORPORATED,-117.341796875,34.016357421875
90843089,2018,2018-10-24,9840,2018-10-11,1700,018564,NA,4,2,9,3300,0,3,5,NA,2,004,LAKE MATHEWS DR,EAGLE VIEW ROAD,204,S,N,A,-,N,NA,NA,NA,NA,NA,NA,NA,NA,NA,Y,3,0,1,1,A,-,01,23152,A,N,E,I,A,A,H,-,A,D,0,NA,NA,NA,NA,Y,Y,A,07,0,1,0,0,0,0,0,0,0,-,-,33.81679153442383,-117.41477966308594,RIVERSIDE,UNINCORPORATED,-117.4148406982422,33.8166618347168
90844318,2018,2018-10-25,9685,2018-10-19,1420,015957,NA,5,2,4,3342,0,1,1,NA,2,034,I-215 S/B TO LOS ALAMOS BLVD,LOS ALAMOS BLVD,20,N,N,A,-,Y,NA,NA,215,NA,NA,NA,R,NA,S,N,4,0,1,2,A,-,03,22350,NA,N,C,C,A,A,H,-,A,A,0,NA,NA,NA,NA,Y,NA,A,01,0,0,1,0,0,0,0,0,0,-,-,33.5726318359375,-117.18174743652344,RIVERSIDE,MURRIETA,-117.18174743652344,33.5726318359375
90844359,2018,2018-10-25,9685,2018-10-08,0100,017013,NA,1,3,9,3300,0,1,3,NA,1,039,SR-79,ANZA ROAD,455,N,N,A,-,Y,NA,NA,NA,NA,NA,NA,NA,NA,NA,Y,2,0,1,1,A,-,01,23152,A,N,E,J,A,A,H,-,D,D,0,NA,NA,NA,NA,Y,Y,A,01,1,0,0,0,0,0,0,0,0,-,-,33.49129867553711,-117.07884216308594,RIVERSIDE,UNINCORPORATED,-117.05643463134766,33.490333557128906
90846914,2018,2018-10-26,9655,2018-10-26,0920,015892,NA,5,1,9,3300,0,1,3,NA,1,118,STATE ROUTE 74,SPRING CREST DRIVE,427,E,N,A,-,Y,NA,NA,74,NA,NA,NA,NA,NA,NA,Y,2,0,1,1,A,-,01,23152,A,N,E,I,A,A,H,-,A,D,0,NA,NA,NA,NA,Y,Y,D,22,1,0,0,0,0,0,0,0,0,-,-,33.57014846801758,-116.49864959716795,RIVERSIDE,UNINCORPORATED,-116.49867248535156,33.57023620605469
9084694,2020,2020-09-18,3300,2020-03-15,1201,5455,910P,7,5,5,3335,0,0,0,NA,0,069,TEMECULA PKWY,RT 15,0,NA,Y,B,-,Y,RIV,8,15,-,-,3.192,R,4,N,N,4,0,1,2,A,-,12,21453,A,N,D,C,A,A,H,-,A,A,0,NA,NA,NA,NA,Y,NA,E,22,0,0,1,0,0,0,0,0,0,-,NF,33.480308532714844,-117.13970184326172,RIVERSIDE,TEMECULA,-117.13930511474608,33.47736358642578
90848366,2018,2018-10-30,9840,2018-10-11,1510,019576,NA,4,2,9,3300,0,3,5,NA,2,004,MARKHAM ST,COLE AVE,150,W,N,A,-,N,NA,NA,NA,NA,NA,NA,NA,NA,NA,Y,3,0,1,1,A,-,08,22107,NA,N,E,I,A,A,H,-,A,D,0,NA,NA,NA,NA,Y,NA,A,07,0,1,0,0,0,0,0,0,0,-,-,33.85829162597656,-117.32325744628906,RIVERSIDE,UNINCORPORATED,-117.32314300537108,33.85826110839844
90848380,2018,2018-10-30,9840,2018-10-18,1835,013968,NA,4,2,4,3310,0,1,1,NA,2,011,I-15 N/B,SIXTH ST.,300,N,N,A,-,Y,NA,NA,15,NA,NA,NA,NA,NA,N,Y,3,0,1,5,A,-,03,22350,NA,N,C,C,A,A,D,-,C,D,0,NA,NA,NA,NA,Y,NA,A,01,0,1,0,0,0,0,0,0,0,-,-,33.93851089477539,-117.55577850341795,RIVERSIDE,NORCO,-117.55574035644533,33.938507080078125
90848963,2018,2018-10-30,9840,2018-10-19,0200,020210,NA,5,3,9,3300,0,2,4,NA,2,045,CAJALCO EXPRESSWAY,I-215,101,W,N,A,-,N,NA,NA,NA,NA,NA,NA,NA,NA,NA,Y,3,0,1,2,A,-,12,21453,A,N,D,C,A,A,H,-,C,A,0,NA,NA,NA,NA,Y,Y,-,-,0,1,0,0,0,0,0,0,0,-,-,33.84368896484375,-117.2514190673828,RIVERSIDE,UNINCORPORATED,-117.25131225585938,33.84367370605469
90849062,2018,2018-10-30,9655,2018-10-25,1947,018708,NA,4,2,9,3300,0,3,5,NA,2,003,DOMENIGONI PKY,SR-79,300,W,N,A,-,N,NA,NA,NA,NA,NA,NA,NA,NA,NA,Y,4,0,1,3,A,-,03,22350,NA,N,C,C,A,A,H,-,C,A,0,NA,NA,NA,NA,Y,NA,A,01,0,0,1,0,0,0,0,0,0,-,-,33.69612121582031,-117.08606719970705,RIVERSIDE,UNINCORPORATED,-117.08582305908205,33.69626998901367
90849106,2018,2018-10-30,9630,2018-10-22,0708,021063,NA,1,1,9,3300,0,1,1,NA,2,021,I-10 E/B,WASHINGTON ST,528,E,N,A,-,Y,NA,NA,10,NA,NA,NA,NA,NA,E,N,4,0,1,2,A,-,03,22350,NA,N,C,C,A,A,H,-,A,D,0,NA,NA,NA,NA,Y,NA,A,01,0,0,1,0,0,0,0,0,0,-,-,33.75910949707031,-116.29840087890624,RIVERSIDE,UNINCORPORATED,-116.29840087890624,33.75910568237305
90849412,2018,2018-10-31,9840,2018-10-22,1305,017802,NA,1,1,7,3313,0,1,3,NA,2,021,SR-91 E/B,BROCKTON AVE,200,E,N,A,-,Y,NA,NA,91,NA,NA,NA,NA,NA,E,Y,3,0,3,3,A,-,03,22350,NA,N,C,C,A,A,H,-,A,D,0,NA,NA,NA,NA,Y,NA,A,01,0,1,2,0,0,0,0,0,0,-,-,33.942840576171875,-117.39347076416016,RIVERSIDE,RIVERSIDE,-117.39345550537108,33.94282150268555
90849663,2018,2018-10-31,9840,2018-10-23,1720,018564,NA,2,2,7,3313,0,1,3,NA,2,101,SR-60 W/B,MAIN ST,528,W,N,A,-,Y,NA,NA,60,NA,NA,NA,NA,NA,W,Y,3,0,1,2,A,-,07,21658,A,N,C,C,A,A,H,-,A,D,0,NA,NA,Y,NA,Y,NA,D,22,0,1,0,0,0,0,0,0,1,-,-,33.99745178222656,-117.36705017089844,RIVERSIDE,RIVERSIDE,-117.36702728271484,33.997501373291016
90850289,2018,2018-10-31,9685,2018-10-28,1610,016185,NA,7,2,9,3300,0,3,5,NA,2,003,BUTTERFIELD STAGE ROAD,AVENIDA LESTONNAC,30,S,N,B,-,N,NA,NA,NA,NA,NA,NA,NA,NA,NA,Y,3,0,2,2,A,-,03,22350,NA,N,C,C,A,A,H,-,A,A,0,NA,NA,NA,NA,Y,NA,A,07,0,2,0,0,0,0,0,0,0,-,-,33.5161018371582,-117.0915985107422,RIVERSIDE,UNINCORPORATED,-117.09162139892578,33.51587677001953
90850739,2018,2018-11-01,9840,2018-10-27,1744,020535,NA,6,2,6,3345,0,1,3,NA,2,010,SR-60 E/B,RUBIDOUX BLVD,1500,W,N,A,-,Y,NA,NA,60,NA,NA,NA,NA,NA,E,Y,4,0,2,1,A,-,07,21658,A,N,E,I,A,A,H,-,B,D,0,NA,NA,NA,NA,Y,NA,A,07,0,0,2,0,0,0,0,0,0,-,-,34.004119873046875,-117.40621185302734,RIVERSIDE,JURUPA VALLEY,-117.40621185302734,34.00407409667969
90851387,2018,2018-11-02,9840,2018-10-26,1329,015663,NA,5,1,6,3315,0,1,S,NA,2,310,SR-91 E/B,MAIN ST,300,E,N,A,-,Y,NA,NA,91,NA,NA,NA,NA,NA,E,Y,4,0,1,2,A,-,03,22350,NA,N,C,C,A,A,H,-,A,D,0,NA,NA,NA,NA,Y,NA,A,01,0,0,1,0,0,0,0,0,0,-,-,33.87968826293945,-117.56443786621094,RIVERSIDE,CORONA,-117.56442260742188,33.879825592041016
90857214,2018,2018-11-09,9630,2018-11-06,1312,018647,NA,2,1,4,3325,0,1,1,NA,2,020,I-10 W/B,PALM DR,1056,E,N,A,-,Y,NA,NA,NA,NA,NA,NA,NA,NA,NA,Y,4,0,2,2,A,-,08,22107,NA,M,B,C,A,A,H,-,A,D,0,NA,NA,NA,NA,Y,NA,A,01,0,0,2,0,0,0,0,0,0,-,-,33.87588882446289,-116.44931793212892,RIVERSIDE,CATHEDRAL CITY,NA,NA
90857485,2018,2018-11-09,9655,2018-11-03,1940,019484,NA,6,2,9,3300,0,1,1,NA,2,206,I-10 E/B FRM WHITEWATER CUTOFF,TIPTON RD,27,N,N,A,-,Y,NA,NA,10,NA,NA,NA,R,NA,E,Y,3,0,1,1,A,-,01,23152,A,N,E,I,A,A,H,-,D,A,0,NA,NA,NA,NA,Y,Y,A,01,0,1,0,0,0,0,0,0,0,-,-,33.92150115966797,-116.64737701416016,RIVERSIDE,UNINCORPORATED,-116.64737701416016,33.92150115966797
90857583,2018,2018-11-09,9840,2018-10-04,0128,020102,NA,4,3,7,3313,0,1,1,NA,2,023,I-215 N/B,CENTRAL AVE,2513,N,N,C,-,Y,NA,NA,215,NA,NA,NA,NA,NA,N,Y,1,1,0,2,A,-,03,22350,NA,N,C,C,A,B,H,-,D,D,0,NA,NA,NA,Y,Y,NA,A,01,0,0,0,0,0,0,0,0,0,-,-,33.9609489440918,-117.31735229492188,RIVERSIDE,RIVERSIDE,-117.31735229492188,33.9609260559082
90858032,2018,2018-11-12,9630,2018-10-31,1455,021556,NA,3,2,4,3309,0,1,1,NA,2,021,I-10 E/B TO MONROE ST.,MONROE ST,200,W,N,A,-,Y,NA,NA,10,NA,NA,NA,R,NA,E,N,4,0,1,2,A,-,03,22350,NA,N,C,C,A,A,H,-,A,A,0,NA,NA,NA,NA,Y,NA,A,07,0,0,1,0,0,0,0,0,0,-,-,33.73863983154297,-116.23497772216795,RIVERSIDE,INDIO,-116.23497772216795,33.73863983154297
90858519,2018,2018-11-13,9840,2018-11-06,1641,019576,NA,2,2,9,3300,0,3,5,NA,2,004,LA SIERRA AVE,CAJALCO EXPY,1600,N,N,A,-,N,NA,NA,NA,NA,NA,NA,NA,NA,NA,Y,4,0,1,2,A,-,08,22107,NA,F,C,C,A,A,H,-,B,D,0,NA,NA,NA,NA,Y,NA,-,99,0,0,1,0,0,0,0,0,0,-,-,33.83652877807617,-117.46176910400392,RIVERSIDE,UNINCORPORATED,-117.46123504638672,33.83346939086914