CASE_ID,ACCIDENT_YEAR,PROC_DATE,JURIS,COLLISION_DATE,COLLISION_TIME,OFFICER_ID,REPORTING_DISTRICT,DAY_OF_WEEK,CHP_SHIFT,POPULATION,CNTY_CITY_LOC,SPECIAL_COND,BEAT_TYPE,CHP_BEAT_TYPE,CITY_DIVISION_LAPD,CHP_BEAT_CLASS,BEAT_NUMBER,PRIMARY_RD,SECONDARY_RD,DISTANCE,DIRECTION,INTERSECTION,WEATHER_1,WEATHER_2,STATE_HWY_IND,CALTRANS_COUNTY,CALTRANS_DISTRICT,STATE_ROUTE,ROUTE_SUFFIX,POSTMILE_PREFIX,POSTMILE,LOCATION_TYPE,RAMP_INTERSECTION,SIDE_OF_HWY,TOW_AWAY,COLLISION_SEVERITY,NUMBER_KILLED,NUMBER_INJURED,PARTY_COUNT,PRIMARY_COLL_FACTOR,PCF_CODE_OF_VIOL,PCF_VIOL_CATEGORY,PCF_VIOLATION,PCF_VIOL_SUBSECTION,HIT_AND_RUN,TYPE_OF_COLLISION,MVIW,PED_ACTION,ROAD_SURFACE,ROAD_COND_1,ROAD_COND_2,LIGHTING,CONTROL_DEVICE,CHP_ROAD_TYPE,PEDESTRIAN_ACCIDENT,BICYCLE_ACCIDENT,MOTORCYCLE_ACCIDENT,TRUCK_ACCIDENT,NOT_PRIVATE_PROPERTY,ALCOHOL_INVOLVED,STWD_VEHTYPE_AT_FAULT,CHP_VEHTYPE_AT_FAULT,COUNT_SEVERE_INJ,COUNT_VISIBLE_INJ,COUNT_COMPLAINT_PAIN,COUNT_PED_KILLED,COUNT_PED_INJURED,COUNT_BICYCLIST_KILLED,COUNT_BICYCLIST_INJURED,COUNT_MC_KILLED,COUNT_MC_INJURED,PRIMARY_RAMP,SECONDARY_RAMP,LATITUDE,LONGITUDE,COUNTY,CITY,POINT_X,POINT_Y
9149744,2020,2020-11-30,3300,2020-08-26,1155,4713,910E,3,5,5,3335,0,0,0,NA,0,061,WINCHESTER RD,RT 15,193,E,N,A,-,Y,RIV,8,15,-,-,6.822,R,4,S,N,4,0,2,4,A,-,03,22350,NA,N,C,C,A,A,H,-,A,A,0,NA,NA,NA,NA,Y,NA,A,01,0,0,2,0,0,0,0,0,0,-,SF,33.52180862426758,-117.16381072998048,RIVERSIDE,TEMECULA,-117.16484832763672,33.524967193603516
91497550,2021,2021-06-15,9685,2021-06-04,0631,017285,NA,5,1,5,3335,0,1,1,NA,2,030,I-15 S/B,RANCHO CALIFORNIA RD,1800,N,N,A,-,Y,NA,NA,15,NA,NA,NA,NA,NA,S,N,3,0,1,3,A,-,03,22350,NA,N,C,C,A,A,H,-,A,A,0,NA,NA,Y,NA,Y,NA,C,02,0,1,0,0,0,0,0,0,1,-,-,33.50611114501953,-117.15396118164063,RIVERSIDE,TEMECULA,-117.1540069580078,33.50608825683594
91497751,2021,2021-06-16,9840,2021-05-24,2128,015663,NA,1,2,9,3300,0,1,1,NA,2,034,I-15 N/B,EL CERRITO RD.,775,S,N,A,-,Y,NA,NA,15,NA,NA,NA,NA,NA,N,Y,4,0,1,2,A,-,08,22107,NA,N,B,E,A,A,H,-,D,D,0,NA,NA,NA,NA,Y,NA,A,01,0,0,1,0,0,0,0,0,0,-,-,33.83012008666992,-117.52825927734376,RIVERSIDE,UNINCORPORATED,-117.52835845947266,33.830047607421875
91498845,2021,2021-06-16,9840,2021-05-22,2240,019017,NA,6,3,6,3315,0,1,3,NA,2,030,STATE ROUTE 91 E/B TO STATE ROUTE 71 N/B,GREENRIVER ROAD,5270,E,N,A,-,Y,NA,NA,91,NA,NA,NA,R,NA,E,Y,3,0,1,1,A,-,01,23152,A,N,E,8,A,A,H,-,C,D,0,NA,NA,NA,NA,Y,Y,A,07,0,1,0,0,0,0,0,0,0,-,-,33.883419036865234,-117.63937377929688,RIVERSIDE,CORONA,-117.63937377929688,33.883419036865234
91499148,2021,2021-06-17,9655,2021-06-05,2109,021048,NA,6,2,9,3300,0,1,1,NA,2,206,EASTBOUND I-10,MAIN STREET,13094,E,N,A,-,Y,NA,NA,10,NA,NA,NA,NA,NA,NA,Y,4,0,1,1,A,-,01,23152,F,N,E,I,A,A,E,H,D,D,0,NA,NA,NA,NA,Y,NA,A,01,0,0,1,0,0,0,0,0,0,-,-,33.92441940307617,-116.73442840576172,RIVERSIDE,UNINCORPORATED,-116.73441314697266,33.924522399902344
91499198,2021,2021-06-17,9840,2021-06-10,0227,022180,NA,4,3,7,3313,0,1,3,NA,2,021,SR-91 E/B,MISSION INN AVE,410,E,N,A,-,Y,NA,NA,91,NA,NA,NA,NA,NA,E,Y,3,0,1,2,A,-,01,23152,A,N,C,C,A,A,H,-,C,D,0,NA,NA,NA,Y,Y,Y,A,01,0,1,0,0,0,0,0,0,0,-,-,33.981689453125,-117.36798095703124,RIVERSIDE,RIVERSIDE,-117.36791229248048,33.98161315917969
91500573,2021,2021-06-18,9685,2021-06-11,1905,016113,NA,5,2,4,3342,0,1,1,NA,2,030,I-15 NORTHBOUND,WINCHESTER ROAD,3960,N,N,A,-,Y,NA,NA,15,NA,NA,NA,NA,NA,N,Y,4,0,1,2,A,-,03,22350,NA,N,C,C,A,A,H,-,A,D,0,NA,NA,NA,NA,Y,NA,D,22,0,0,1,0,0,0,0,0,0,-,-,33.53227996826172,-117.1692123413086,RIVERSIDE,MURRIETA,-117.16924285888672,33.532257080078125
91504564,2021,2021-06-23,9660,2021-06-02,1911,021509,NA,3,2,9,3300,0,3,5,NA,2,003,ARROWHEAD BLVD,18TH AVE,2640,S,N,A,-,N,NA,NA,NA,NA,NA,NA,NA,NA,NA,Y,3,0,1,2,A,-,03,22350,NA,F,C,C,A,A,H,-,A,D,0,NA,NA,NA,NA,Y,Y,D,22,0,1,0,0,0,0,0,0,0,-,-,33.566490173339844,-114.63941192626952,RIVERSIDE,UNINCORPORATED,-114.63944244384766,33.566497802734375
91504589,2021,2021-06-23,9685,2021-06-19,1545,016502,NA,6,2,5,3335,0,1,1,NA,2,030,I-15 SOUTHBOUND,OVERLAND DRIVE,2500,S,N,A,-,Y,NA,NA,15,NA,NA,NA,NA,NA,S,Y,4,0,1,2,A,-,03,22350,NA,N,C,C,A,A,H,-,A,D,0,NA,NA,NA,NA,Y,NA,D,22,0,0,1,0,0,0,0,0,0,-,-,33.51116180419922,-117.1564712524414,RIVERSIDE,TEMECULA,-117.15634918212892,33.51121520996094
91504971,2021,2021-06-24,9840,2021-06-14,0035,021037,NA,1,3,9,3300,0,1,1,NA,2,040,I-215 NB TO VAN BUREN BLVD.,I-215 NORTHBOUND,175,E,N,A,-,Y,NA,NA,215,NA,NA,NA,R,NA,N,Y,3,0,1,1,A,-,03,22350,NA,N,E,I,A,A,H,-,C,D,0,NA,NA,NA,NA,Y,NA,A,01,0,1,0,0,0,0,0,0,0,-,-,33.885841369628906,-117.2685089111328,RIVERSIDE,UNINCORPORATED,-117.2685089111328,33.885841369628906
91506637,2021,2021-06-25,9685,2021-06-24,1153,017285,NA,4,1,5,3335,0,1,1,NA,2,030,I-15 N/B TEMECULA PARKWAY OFF-RAMP,TEMECULA PARKWAY,275,S,N,A,-,Y,NA,NA,15,NA,NA,NA,NA,NA,N,Y,4,0,1,2,A,-,03,22350,NA,N,C,C,A,A,H,-,A,D,0,NA,NA,NA,NA,Y,NA,A,01,0,0,1,0,0,0,0,0,0,-,-,33.479251861572266,-117.13947296142578,RIVERSIDE,TEMECULA,-117.1399383544922,33.47907638549805
91507390,2021,2021-06-28,9840,2021-05-23,1625,021297,NA,7,2,9,3300,0,1,1,NA,2,040,I-215 S/B,VAN BUREN BLVD,100,N,N,B,-,Y,NA,NA,215,NA,NA,NA,NA,NA,S,N,3,0,1,2,A,-,07,21658,A,F,B,C,A,A,H,-,A,D,0,NA,NA,Y,NA,Y,NA,A,01,0,1,0,0,0,0,0,0,1,-,-,33.85129165649414,-117.25502777099608,RIVERSIDE,UNINCORPORATED,-117.25498199462892,33.85131072998047
91509959,2021,2021-06-30,9685,2021-06-20,1540,016502,NA,7,2,9,3300,0,1,1,NA,2,030,I-15 N/B,TEMECULA PKWY,7920,S,N,A,-,Y,NA,NA,15,NA,NA,NA,NA,NA,N,Y,2,0,1,2,A,-,03,22350,NA,N,B,C,A,A,H,-,A,D,0,NA,NA,Y,NA,Y,NA,C,02,1,0,0,0,0,0,0,0,1,-,-,33.459739685058594,-117.1360321044922,RIVERSIDE,UNINCORPORATED,-117.13594818115234,33.45975112915039
91511198,2021,2021-07-01,9840,2021-06-24,0555,015705,NA,4,3,7,3313,0,1,1,NA,2,023,I-215 N/B,MARTIN LUTHER KING BLVD,100,S,N,A,-,Y,NA,NA,215,NA,NA,NA,NA,NA,N,Y,3,0,1,2,A,-,08,22107,NA,N,B,C,A,A,H,-,B,D,0,NA,NA,NA,NA,Y,NA,A,01,0,1,0,0,0,0,0,0,0,-,-,33.96834182739258,-117.32795715332033,RIVERSIDE,RIVERSIDE,-117.32795715332033,33.96834182739258
91512832,2021,2021-07-05,9840,2021-06-22,1735,021311,NA,2,2,9,3300,0,1,1,NA,2,034,I-15 S/B FROM FOOTHILL PKWY.,FOOTHILL PKWY.,475,S,N,A,-,Y,NA,NA,15,NA,NA,NA,R,NA,S,N,4,0,1,2,A,-,03,22350,NA,N,C,C,A,A,H,-,A,A,0,NA,NA,NA,NA,Y,Y,D,22,0,0,1,0,0,0,0,0,0,-,-,33.830589294433594,-117.52935028076172,RIVERSIDE,UNINCORPORATED,-117.52935028076172,33.830589294433594
91513624,2021,2021-07-06,9840,2021-06-30,1402,020220,NA,3,2,9,3300,0,2,4,NA,2,045,CAJALCO ROAD,DECKER ROAD,885,W,N,A,-,N,NA,NA,NA,NA,NA,NA,NA,NA,NA,Y,3,0,1,3,A,-,03,22350,NA,N,C,C,A,A,H,-,A,D,0,NA,NA,NA,NA,Y,NA,D,22,0,1,0,0,0,0,0,0,0,-,-,33.83732986450195,-117.27108001708984,RIVERSIDE,UNINCORPORATED,-117.27105712890624,33.83734893798828
91514909,2021,2021-07-07,9655,2021-06-30,0700,021017,NA,3,1,9,3300,0,1,3,NA,1,312,SR-74,SR-79,120,E,N,A,-,Y,NA,NA,74,NA,NA,NA,NA,NA,NA,N,4,0,1,3,A,-,03,22350,NA,N,C,C,A,A,H,-,A,A,0,NA,NA,NA,NA,Y,NA,A,01,0,0,1,0,0,0,0,0,0,-,-,33.739139556884766,-117.0759506225586,RIVERSIDE,UNINCORPORATED,-117.0759506225586,33.739158630371094
91515420,2021,2021-07-08,9840,2021-06-12,0220,021042,NA,6,3,9,3300,0,3,5,NA,2,004,OLD ELSINORE RD.,ORANGE AVE.,1910,S,N,A,-,N,NA,NA,NA,NA,NA,NA,NA,NA,NA,Y,3,0,1,1,A,-,01,23152,A,N,E,I,A,A,H,-,D,D,0,NA,NA,NA,NA,Y,Y,A,01,0,1,0,0,0,0,0,0,0,-,-,33.81024169921875,-117.27828979492188,RIVERSIDE,UNINCORPORATED,-117.27869415283205,33.811397552490234
91516733,2021,2021-07-09,9660,2021-06-27,0902,022114,NA,7,1,9,3300,0,1,1,NA,2,030,INTERSTATE 10 W/B,CORN SPRINGS RD. O/C,25872,W,N,A,-,Y,NA,NA,10,NA,NA,NA,NA,NA,W,Y,2,0,3,1,A,-,08,22107,NA,N,E,I,A,A,H,-,A,D,0,NA,NA,NA,NA,Y,NA,A,01,1,2,0,0,0,0,0,0,0,-,-,33.703800201416016,-115.3241729736328,RIVERSIDE,UNINCORPORATED,-115.3241729736328,33.70375061035156
91520716,2021,2021-07-15,9840,2021-07-07,2105,018281,NA,3,2,9,3300,0,1,3,NA,2,030,SR-91 EASTBOUND,GREEN RIVER RD,1630,E,N,A,-,Y,NA,NA,91,NA,NA,NA,NA,NA,E,Y,4,0,1,2,A,-,03,22350,NA,N,C,C,A,A,H,-,D,D,0,NA,NA,NA,NA,Y,NA,A,01,0,0,1,0,0,0,0,0,0,-,-,33.88050079345703,-117.65255737304688,RIVERSIDE,UNINCORPORATED,-117.65257263183594,33.88053512573242
91522446,2021,2021-11-01,9685,2021-07-08,1223,016212,NA,4,1,5,3341,0,1,1,NA,2,020,I-215 NORTHBOUND,SCOTT ROAD,7920,N,N,A,-,Y,NA,NA,NA,NA,NA,NA,NA,NA,NA,Y,3,0,2,2,A,-,07,21658,A,N,B,C,A,A,H,-,A,D,0,NA,NA,NA,NA,Y,NA,-,-,0,2,0,0,0,0,0,0,0,-,-,33.40010070800781,-117.10140228271484,RIVERSIDE,MENIFEE,-117.1709213256836,33.6617431640625
9152460,2020,2020-10-28,3308,2020-08-17,1551,10610,516,1,5,5,3308,0,0,0,NA,0,NORTH,HAMILTON AV,DEVONSHIRE AV,150,N,N,A,-,N,NA,NA,NA,NA,NA,NA,NA,NA,NA,N,4,0,1,2,A,-,09,21804,A,N,D,C,A,A,H,-,A,A,0,NA,NA,NA,NA,Y,NA,A,01,0,0,1,0,0,0,0,0,0,-,-,33.751121520996094,-116.98261260986328,RIVERSIDE,HEMET,-116.98261260986328,33.75149917602539
91526376,2021,2021-07-22,9630,2021-07-14,1120,019807,NA,3,1,9,3300,0,1,1,NA,2,302,I-10 W/B,HAYFILED RD.,3168,E,N,A,-,Y,NA,NA,10,NA,NA,NA,NA,NA,W,Y,4,0,1,1,A,-,08,22107,NA,N,F,A,A,A,H,-,A,D,0,NA,NA,NA,NA,Y,NA,A,01,0,0,1,0,0,0,0,0,0,-,-,33.6692008972168,-115.64440155029295,RIVERSIDE,UNINCORPORATED,-115.64439392089844,33.66916275024414
91530316,2021,2021-07-28,9655,2021-07-26,0915,018444,NA,1,1,9,3300,0,3,5,NA,2,003,NATHAN DRIVE,8TH STREET,0,NA,Y,B,-,N,NA,NA,NA,NA,NA,NA,NA,NA,NA,N,3,0,1,2,A,-,12,22450,A,F,D,D,A,A,H,-,A,A,0,NA,NA,NA,NA,Y,NA,A,07,0,1,0,0,0,0,0,0,0,-,-,33.749629974365234,-116.89794921875,RIVERSIDE,UNINCORPORATED,-116.89794921875,33.7496223449707
91530379,2021,2021-07-28,9840,2021-07-16,1255,014335,NA,5,1,6,3315,0,1,3,NA,2,031,SR-91 EASTBOUND,I-15 SOUTHBOUND,1200,W,N,A,-,Y,NA,NA,91,NA,NA,NA,NA,NA,E,Y,4,0,3,4,A,-,03,22350,NA,N,C,C,A,A,H,-,A,D,0,NA,NA,NA,NA,Y,NA,A,01,0,0,3,0,0,0,0,0,0,-,-,33.87984085083008,-117.55291748046876,RIVERSIDE,CORONA,-117.55299377441406,33.880088806152344
91534680,2021,2021-08-31,9655,2021-07-20,0444,020963,NA,2,3,9,3300,0,1,1,NA,2,202,INTERSTATE 10 W/B,OAK VALLEY PARKWAY,3130,W,N,A,-,Y,NA,NA,NA,NA,NA,NA,NA,NA,NA,Y,3,0,1,1,A,-,08,22107,NA,M,E,I,A,A,H,-,D,D,0,NA,NA,NA,NA,Y,NA,A,01,0,1,0,0,0,0,0,0,0,-,-,33.937870025634766,-116.99698638916016,RIVERSIDE,UNINCORPORATED,-117.00438690185548,33.94660949707031
91534935,2021,2021-08-02,9840,2021-07-23,2035,017546,NA,5,2,6,3345,0,1,3,NA,2,010,SR-60 W/B,WINEVILLE AVE,500,E,N,A,-,Y,NA,NA,60,NA,NA,NA,NA,NA,W,Y,2,0,2,3,A,-,07,21658,A,N,C,C,A,A,H,-,C,D,0,NA,NA,NA,NA,Y,NA,A,01,1,0,1,0,0,0,0,0,0,-,-,34.019039154052734,-117.5402374267578,RIVERSIDE,JURUPA VALLEY,-117.54021453857422,34.019134521484375
9153525,2020,2020-10-16,3300,2020-08-28,1800,3968,910F,5,5,5,3335,0,0,0,NA,0,062,YNEZ RD,TOWER PLAZA  S,0,NA,Y,A,-,N,NA,NA,NA,NA,NA,NA,NA,NA,NA,Y,4,0,1,2,A,-,12,21453,A,N,A,C,A,A,H,-,A,A,0,NA,NA,NA,NA,Y,NA,A,01,0,0,1,0,0,0,0,0,0,-,-,33.50421905517578,-117.149658203125,RIVERSIDE,TEMECULA,-117.14955139160156,33.504268646240234
91537222,2021,2022-02-03,9840,2021-07-18,1310,014916,NA,7,1,9,3300,0,3,5,NA,2,004,HARVILL AVE.,OLEANDER AVE,528,S,N,A,-,N,NA,NA,NA,NA,NA,NA,NA,NA,NA,Y,2,0,1,2,A,-,05,21650,NA,N,A,C,A,A,H,-,A,D,0,NA,NA,NA,NA,Y,NA,A,01,1,0,0,0,0,0,0,0,0,-,-,33.85755157470703,-117.26126861572266,RIVERSIDE,UNINCORPORATED,-117.261417,33.857438
91537263,2021,2021-08-05,9840,2021-07-28,0350,019844,NA,3,3,6,3394,0,1,3,NA,2,025,SR-60 W/B,FREDERICK ST.,1500,E,N,A,-,Y,NA,NA,60,NA,NA,NA,NA,NA,W,Y,3,0,2,2,A,-,03,22350,NA,N,C,2,A,A,H,-,D,D,0,NA,NA,NA,NA,Y,NA,A,07,0,2,0,0,0,0,0,0,0,-,-,33.9410400390625,-117.2529296875,RIVERSIDE,MORENO VALLEY,-117.2529296875,33.94105529785156
9153889,2020,2020-11-06,3300,2020-08-25,1626,2680,543,2,5,5,3335,0,0,0,NA,0,061,WINCHESTER RD,ENTERPRISE CIR N,0,NA,Y,A,-,N,NA,NA,NA,NA,NA,NA,NA,NA,NA,Y,4,0,1,2,A,-,09,21802,A,N,D,C,A,A,H,-,A,A,0,NA,NA,NA,NA,Y,NA,A,01,0,0,1,0,0,0,0,0,0,-,-,33.51694869995117,-117.1689910888672,RIVERSIDE,TEMECULA,-117.16902160644533,33.516849517822266
91540451,2021,2021-08-09,9840,2021-07-27,1459,014868,NA,2,2,4,3310,0,1,1,NA,2,011,I-15 S/B,SECOND ST,1584,N,N,A,-,Y,NA,NA,15,NA,NA,NA,NA,NA,S,N,4,0,1,2,A,-,03,22350,NA,N,C,C,A,A,H,-,A,D,0,NA,NA,NA,NA,Y,NA,A,01,0,0,1,0,0,0,0,0,0,-,-,33.915130615234375,-117.55764770507813,RIVERSIDE,NORCO,-117.55764770507813,33.915130615234375
91540601,2021,2021-08-09,9685,2021-07-25,1405,016502,NA,7,2,9,3300,0,3,5,NA,2,003,GLEN OAKS RD.,CAMINO DE MAGNOLIA,25,W,N,A,-,N,NA,NA,NA,NA,NA,NA,NA,NA,NA,Y,3,0,1,1,A,-,08,22107,NA,N,E,I,A,A,H,-,A,D,0,NA,NA,NA,NA,Y,NA,D,22,0,1,0,0,0,0,0,0,0,-,-,33.55086898803711,-117.03441619873048,RIVERSIDE,UNINCORPORATED,-117.03439331054688,33.550880432128906
91541565,2021,2021-08-10,9655,2021-07-10,1607,019440,NA,6,2,9,3300,0,1,1,NA,2,202,INTERSTATE 10 EASTBOUND,BEAUMONT AVENUE,341,W,N,A,-,Y,NA,NA,NA,NA,NA,NA,NA,NA,NA,Y,3,0,1,1,A,-,13,22515,A,N,C,I,A,A,H,-,A,D,0,NA,NA,NA,NA,Y,NA,J,48,0,1,0,0,0,0,0,0,0,-,-,33.92805099487305,-116.98238372802734,RIVERSIDE,UNINCORPORATED,-116.97686004638672,33.9268798828125
91543207,2021,2021-08-12,9840,2021-07-27,1610,019361,NA,2,2,9,3300,0,2,4,NA,2,045,CAJALCO ROAD,UNA STREET,150,E,N,A,-,N,NA,NA,NA,NA,NA,NA,NA,NA,NA,N,4,0,3,4,A,-,03,22350,NA,N,C,C,A,A,H,-,A,D,0,NA,NA,NA,NA,Y,NA,A,07,0,0,3,0,0,0,0,0,0,-,-,33.836978912353516,-117.30896759033205,RIVERSIDE,UNINCORPORATED,-117.3089599609375,33.836978912353516
91543231,2021,2021-08-12,9840,2021-08-04,0650,012208,NA,3,1,9,3300,0,2,4,NA,2,042,VAN BUREN BOULEVARD {W/B},VILLAGE WEST DRIVE,65,E,N,A,-,N,NA,NA,NA,NA,NA,NA,NA,NA,NA,Y,4,0,1,2,A,-,03,22350,NA,N,C,C,A,A,H,-,A,A,0,NA,NA,NA,Y,Y,NA,A,01,0,0,1,0,0,0,0,0,0,-,-,33.8856201171875,-117.28752136230467,RIVERSIDE,UNINCORPORATED,-117.28765106201172,33.885467529296875
91543492,2021,2021-08-12,9840,2021-08-01,1740,020220,NA,7,2,9,3300,0,2,4,NA,2,045,CAJALCO EXPRESSWAY,HARVILL AVENUE,1065,W,N,A,-,N,NA,NA,NA,NA,NA,NA,NA,NA,NA,Y,2,0,2,3,A,-,08,22107,NA,F,A,C,A,A,H,-,A,D,0,NA,NA,NA,NA,Y,NA,A,07,2,0,0,0,0,0,0,0,0,-,-,33.83900833129883,-117.25768280029295,RIVERSIDE,UNINCORPORATED,-117.257568359375,33.839073181152344
91543908,2021,2021-11-24,9655,2021-05-08,2142,021048,NA,6,2,2,3336,0,1,1,NA,2,202,INTERSTATE 10 WESTBOUND,BROOKSIDE AVENUE,1232,W,N,A,-,Y,NA,NA,10,NA,NA,NA,NA,NA,W,Y,1,1,1,2,A,-,01,23152,A,N,B,C,A,A,H,-,D,D,0,NA,NA,NA,NA,Y,Y,A,01,0,0,1,0,0,0,0,0,0,-,-,33.963539123535156,-117.02794647216795,RIVERSIDE,CALIMESA,-117.02798461914063,33.9635009765625
91544163,2021,2021-08-13,9840,2021-08-04,1927,018611,NA,3,2,9,3300,0,3,5,NA,2,004,WOOD ROAD,MARKHAM STREET,0,NA,Y,A,-,N,NA,NA,NA,NA,NA,NA,NA,NA,NA,Y,4,0,3,2,A,-,12,21453,A,N,D,C,A,A,H,-,B,A,0,NA,NA,NA,NA,Y,NA,A,01,0,0,3,0,0,0,0,0,0,-,-,33.85811996459961,-117.3313217163086,RIVERSIDE,UNINCORPORATED,-117.3313217163086,33.8581428527832
91545322,2021,2021-08-16,9655,2021-07-04,0420,021008,NA,7,3,9,3300,0,1,1,NA,2,206,INTERSTATE 10 EASTBOUND,BROOKSIDE O/C,2640,E,N,A,-,Y,NA,NA,NA,NA,NA,NA,NA,NA,NA,Y,4,0,1,2,A,-,03,22350,NA,M,C,C,A,A,H,-,B,D,0,NA,NA,NA,NA,Y,NA,A,01,0,0,1,0,0,0,0,0,0,-,-,33.955528259277344,-117.0166015625,RIVERSIDE,UNINCORPORATED,-117.02142333984376,33.95867156982422
91546619,2021,2021-08-17,9840,2021-08-06,0922,019042,NA,5,1,7,3313,0,1,1,NA,2,022,I-215 N/B FROM COLUMBIA AVE.,COLUMBIA AVE.,370,N,N,A,-,Y,NA,NA,215,NA,NA,NA,R,NA,N,N,4,0,1,2,A,-,08,22107,NA,N,B,E,A,A,H,-,A,D,0,NA,NA,NA,NA,Y,NA,D,22,0,0,1,0,0,0,0,0,0,-,-,34.00218963623047,-117.35114288330078,RIVERSIDE,RIVERSIDE,-117.35114288330078,34.00218963623047
91547013,2021,2021-08-17,9840,2021-08-09,0825,014571,NA,1,1,7,3313,0,1,3,NA,2,025,SR-60 W/B,PIGEON PASS RD,2000,E,N,A,-,Y,NA,NA,NA,NA,NA,NA,NA,NA,NA,Y,3,0,1,2,A,-,03,22350,NA,N,C,C,A,A,H,-,A,D,0,NA,NA,NA,NA,Y,NA,A,01,0,1,0,0,0,0,0,0,0,-,-,33.94091033935547,-117.25507354736328,RIVERSIDE,RIVERSIDE,-117.25511932373048,33.94099426269531
91547115,2021,2021-08-17,9840,2021-08-09,1450,021297,NA,1,2,9,3300,0,3,5,NA,2,003,EL CERRITO RD,I-15 S/B,118,W,N,A,-,N,NA,NA,NA,NA,NA,NA,NA,NA,NA,Y,3,0,2,2,A,-,12,21453,A,N,D,C,A,A,H,-,A,A,0,NA,NA,NA,NA,Y,NA,D,22,0,1,1,0,0,0,0,0,0,-,-,33.83177185058594,-117.53011322021484,RIVERSIDE,UNINCORPORATED,-117.53020477294922,33.83175277709961
91548290,2021,2021-08-18,9840,2021-08-13,1814,018611,NA,5,2,6,3315,0,1,1,NA,2,034,I-15 S/B,CORONA AVENUE,400,S,N,A,-,Y,NA,NA,15,NA,NA,NA,NA,NA,S,Y,4,0,1,4,A,-,03,22350,NA,N,C,C,A,A,H,-,A,D,0,NA,NA,NA,NA,Y,NA,A,07,0,0,1,0,0,0,0,0,0,-,-,33.892189025878906,-117.55619049072266,RIVERSIDE,CORONA,-117.55613708496094,33.89223861694336
91548818,2021,2021-08-19,9840,2021-07-30,0345,021261,NA,5,3,7,3313,0,1,3,NA,2,021,SR-91 E/B TO I-215 S/B,SPRUCE ST,142,E,N,A,-,Y,NA,NA,91,NA,NA,NA,R,NA,E,Y,3,0,2,2,A,-,01,23152,A,N,E,I,A,A,H,-,D,D,0,NA,NA,NA,NA,Y,Y,A,01,0,2,0,0,0,0,0,0,0,-,-,33.991241455078125,-117.35829925537108,RIVERSIDE,RIVERSIDE,-117.35829925537108,33.991241455078125
91550799,2021,2021-08-23,9655,2021-08-15,1314,014516,NA,7,1,3,3302,0,1,1,NA,2,204,I-10 W/B,HIGHLAND SPRINGS AVE,5650,E,N,A,-,Y,NA,NA,NA,NA,NA,NA,NA,NA,NA,Y,3,0,1,2,A,-,03,22350,NA,N,C,C,A,A,D,-,A,D,0,NA,NA,NA,Y,Y,NA,A,07,0,1,0,0,0,0,0,0,0,-,-,33.92641067504883,-116.92804718017578,RIVERSIDE,BEAUMONT,-116.92833709716795,33.92630386352539
91551300,2021,2021-08-23,9840,2021-08-07,0255,021943,NA,6,3,6,3394,0,1,3,NA,2,025,STATE ROUTE 60 W/B,HEACOCK STREET,2000,E,N,A,-,Y,NA,NA,60,NA,NA,NA,NA,NA,W,Y,3,0,1,1,A,-,01,23152,A,N,E,I,A,A,H,-,D,D,0,NA,NA,NA,NA,Y,Y,A,01,0,1,0,0,0,0,0,0,0,-,-,33.94121170043945,-117.23648071289063,RIVERSIDE,MORENO VALLEY,-117.23648071289063,33.941226959228516
91553138,2021,2021-08-24,9685,2021-08-12,1830,016096,NA,4,2,4,3307,0,1,3,NA,2,011,STATE ROUTE 74,THE CANDY STORE,1320,W,N,A,-,Y,NA,NA,NA,NA,NA,NA,NA,NA,NA,Y,3,0,2,2,A,-,01,23152,A,N,B,C,A,A,H,-,A,D,0,NA,NA,NA,NA,Y,Y,D,22,0,2,0,0,0,0,0,0,0,-,-,33.607879638671875,-117.43077850341795,RIVERSIDE,LAKE ELSINORE,NA,NA
91553261,2021,2021-08-24,9660,2021-08-16,2217,021232,NA,1,3,9,3300,0,1,1,NA,2,030,INTERSTATE 10 E/B,FORD DRY LAKE OVERCROSSING,16368,W,N,A,-,Y,NA,NA,10,NA,NA,NA,NA,NA,E,Y,3,0,2,1,C,-,18,NA,NA,N,F,A,A,A,H,-,D,D,0,NA,NA,NA,NA,Y,NA,-,-,0,2,0,0,0,0,0,0,0,-,-,33.623451232910156,-115.0466766357422,RIVERSIDE,UNINCORPORATED,-115.0466766357422,33.623451232910156