CASE_ID,ACCIDENT_YEAR,PROC_DATE,JURIS,COLLISION_DATE,COLLISION_TIME,OFFICER_ID,REPORTING_DISTRICT,DAY_OF_WEEK,CHP_SHIFT,POPULATION,CNTY_CITY_LOC,SPECIAL_COND,BEAT_TYPE,CHP_BEAT_TYPE,CITY_DIVISION_LAPD,CHP_BEAT_CLASS,BEAT_NUMBER,PRIMARY_RD,SECONDARY_RD,DISTANCE,DIRECTION,INTERSECTION,WEATHER_1,WEATHER_2,STATE_HWY_IND,CALTRANS_COUNTY,CALTRANS_DISTRICT,STATE_ROUTE,ROUTE_SUFFIX,POSTMILE_PREFIX,POSTMILE,LOCATION_TYPE,RAMP_INTERSECTION,SIDE_OF_HWY,TOW_AWAY,COLLISION_SEVERITY,NUMBER_KILLED,NUMBER_INJURED,PARTY_COUNT,PRIMARY_COLL_FACTOR,PCF_CODE_OF_VIOL,PCF_VIOL_CATEGORY,PCF_VIOLATION,PCF_VIOL_SUBSECTION,HIT_AND_RUN,TYPE_OF_COLLISION,MVIW,PED_ACTION,ROAD_SURFACE,ROAD_COND_1,ROAD_COND_2,LIGHTING,CONTROL_DEVICE,CHP_ROAD_TYPE,PEDESTRIAN_ACCIDENT,BICYCLE_ACCIDENT,MOTORCYCLE_ACCIDENT,TRUCK_ACCIDENT,NOT_PRIVATE_PROPERTY,ALCOHOL_INVOLVED,STWD_VEHTYPE_AT_FAULT,CHP_VEHTYPE_AT_FAULT,COUNT_SEVERE_INJ,COUNT_VISIBLE_INJ,COUNT_COMPLAINT_PAIN,COUNT_PED_KILLED,COUNT_PED_INJURED,COUNT_BICYCLIST_KILLED,COUNT_BICYCLIST_INJURED,COUNT_MC_KILLED,COUNT_MC_INJURED,PRIMARY_RAMP,SECONDARY_RAMP,LATITUDE,LONGITUDE,COUNTY,CITY,POINT_X,POINT_Y
91553631,2021,2021-08-25,9685,2021-08-06,2050,016381,NA,5,2,9,3300,0,1,3,NA,1,039,RANCHO CALIFORNIA RD,RANCHO CALIFORNIA RD AT CALLE CONTENTO,0,NA,Y,A,-,N,NA,NA,NA,NA,NA,NA,NA,NA,NA,Y,2,0,2,3,A,-,01,23152,A,N,D,C,A,A,H,-,D,A,0,NA,NA,NA,NA,Y,Y,A,01,1,1,0,0,0,0,0,0,0,-,-,33.52769088745117,-117.06846618652344,RIVERSIDE,UNINCORPORATED,-117.068242,33.527613
91554227,2021,2021-08-25,9840,2021-08-21,1825,021297,NA,6,2,9,3300,0,3,5,NA,2,004,CARROLL ST,MARKHAM ST,0,NA,Y,A,-,N,NA,NA,NA,NA,NA,NA,NA,NA,NA,Y,4,0,1,2,A,-,12,22450,A,N,B,C,A,A,H,-,A,A,0,NA,NA,NA,NA,Y,NA,A,01,0,0,1,0,0,0,0,0,0,-,-,33.85184097290039,-117.28327941894533,RIVERSIDE,UNINCORPORATED,-117.28327941894533,33.85182571411133
91554972,2021,2021-08-26,9630,2021-08-20,1308,021513,NA,5,1,9,3300,0,1,3,NA,2,086,SR-86 S/B,62ND AVE,1056,S,N,A,-,N,NA,NA,86,NA,NA,NA,NA,NA,S,Y,4,0,1,2,A,-,03,22350,NA,N,C,C,A,A,H,-,A,D,0,NA,NA,NA,Y,Y,NA,D,22,0,0,1,0,0,0,0,0,0,-,-,33.59592056274414,-116.09793853759766,RIVERSIDE,UNINCORPORATED,-116.09796905517578,33.59590530395508
91558479,2021,2021-08-30,9840,2021-08-21,1100,017162,NA,6,1,6,3315,0,1,3,NA,2,030,SR-91,GREEN RIVER ROAD,1100,E,N,A,-,Y,NA,NA,91,NA,NA,NA,NA,NA,NA,N,4,0,1,2,A,-,08,22107,NA,N,B,2,A,A,H,-,A,D,0,NA,NA,NA,NA,Y,NA,A,07,0,0,1,0,0,0,0,0,0,-,-,33.880210876464844,-117.65322113037108,RIVERSIDE,CORONA,-117.65325927734376,33.88035202026367
91558591,2021,2021-08-30,9655,2021-08-22,2100,020669,NA,7,2,9,3300,0,1,3,NA,1,115,SR-243,MARIAN VIEW DR,2000,S,N,A,-,Y,NA,NA,243,NA,NA,NA,NA,NA,NA,Y,3,0,1,1,A,-,03,22350,NA,N,E,I,A,A,H,-,D,D,0,NA,NA,NA,NA,Y,NA,A,01,0,1,0,0,0,0,0,0,0,-,-,33.73374938964844,-116.72158050537108,RIVERSIDE,UNINCORPORATED,-116.72154235839844,33.73378372192383
91558767,2021,2021-08-30,9840,2021-08-23,0658,017441,NA,1,1,6,3345,0,1,3,NA,2,010,SR-60 E/B,PEDLEY RD.,105,W,N,A,-,Y,NA,NA,60,NA,NA,NA,NA,NA,E,Y,4,0,1,3,A,-,03,22350,NA,N,C,C,A,A,H,-,A,D,0,NA,NA,NA,NA,Y,NA,A,01,0,0,1,0,0,0,0,0,0,-,-,34.01913833618164,-117.48082733154295,RIVERSIDE,JURUPA VALLEY,-117.4808349609375,34.01911926269531
91558786,2021,2021-08-30,9840,2021-08-17,0300,021943,NA,2,3,7,3313,0,1,1,NA,2,023,INTERSTATE 215 S/B,FAIR ISLE DRIVE,500,N,N,A,-,Y,NA,NA,215,NA,NA,NA,NA,NA,S,Y,4,0,1,2,A,-,01,23152,A,N,B,2,A,A,H,-,D,D,0,NA,NA,NA,Y,Y,Y,A,01,0,0,1,0,0,0,0,0,0,-,-,33.94932174682617,-117.30267333984376,RIVERSIDE,RIVERSIDE,-117.30262756347656,33.9493522644043
9155943,2020,2020-11-25,3313,2020-09-07,0755,1686,5,1,5,7,3313,0,0,0,NA,0,T58,HOLE AV,COUNTRY CIRCLE DR,296,N,N,A,-,N,NA,NA,NA,NA,NA,NA,NA,NA,NA,Y,3,0,1,1,-,-,-,NA,NA,N,E,I,A,A,H,-,A,D,0,NA,NA,NA,NA,Y,NA,-,-,0,1,0,0,0,0,0,0,0,-,-,33.914249420166016,-117.4618911743164,RIVERSIDE,RIVERSIDE,NA,NA
91559450,2021,2021-08-31,9655,2021-08-29,0043,021008,NA,7,3,9,3300,0,1,1,NA,2,202,I-10 E/B,PENNSYLVANIA AVENUE,1584,E,N,A,-,Y,NA,NA,NA,NA,NA,NA,NA,NA,NA,Y,3,0,1,2,A,-,03,22350,NA,M,C,C,A,A,D,-,D,D,0,NA,NA,NA,NA,Y,NA,-,99,0,1,0,0,0,0,0,0,0,-,-,33.92702865600586,-116.95967864990234,RIVERSIDE,UNINCORPORATED,-116.96083831787108,33.92708969116211
9156019,2020,2020-12-02,3313,2020-09-17,1125,1389,5,4,5,7,3313,0,0,0,NA,0,T53,MAGNOLIA AV,LA SIERRA AV,0,NA,Y,A,-,N,NA,NA,NA,NA,NA,NA,NA,NA,NA,Y,3,0,1,2,A,-,12,21453,A,N,D,C,A,A,D,-,A,A,0,NA,NA,NA,NA,Y,NA,A,01,0,1,0,0,0,0,0,0,0,-,-,33.90312957763672,-117.47696685791016,RIVERSIDE,RIVERSIDE,-117.47635650634766,33.90353012084961
91561066,2021,2021-09-02,9630,2021-08-22,0748,019860,NA,7,1,9,3300,0,1,3,NA,1,074,SR-74,PALOWET DRIVE,16896,W,N,A,-,Y,NA,NA,74,NA,NA,NA,NA,NA,NA,Y,2,0,1,1,A,-,08,22107,NA,N,E,I,A,A,H,-,A,D,0,NA,NA,Y,NA,Y,NA,C,02,1,0,0,0,0,0,0,0,1,-,-,33.655338287353516,-116.40242767333984,RIVERSIDE,UNINCORPORATED,-116.40243530273438,33.65531539916992
91561190,2021,2021-09-02,9840,2021-09-01,1544,018611,NA,3,2,9,3300,0,2,4,NA,2,039,INDIANA AVENUE,LINCOLN STREET,0,NA,Y,A,-,N,NA,NA,NA,NA,NA,NA,NA,NA,NA,N,4,0,1,2,A,-,12,22450,A,N,D,C,A,A,H,-,A,A,0,NA,NA,NA,NA,Y,NA,A,01,0,0,1,0,0,0,0,0,0,-,-,33.881160736083984,-117.5014877319336,RIVERSIDE,UNINCORPORATED,-117.50147247314452,33.88113021850586
91561314,2021,2021-09-02,9630,2021-08-28,1602,020445,NA,6,2,9,3300,0,1,1,NA,2,302,I-10 W/B TO SUMMIT ROAD,SUMMIT ROAD,0,NA,Y,A,-,Y,NA,NA,10,NA,NA,NA,R,NA,W,Y,4,0,2,2,A,-,12,22450,A,F,D,C,A,A,H,-,A,A,0,NA,NA,NA,NA,Y,NA,-,99,0,0,2,0,0,0,0,0,0,-,-,33.660919189453125,-115.72371673583984,RIVERSIDE,UNINCORPORATED,-115.72371673583984,33.660919189453125
91561335,2021,2021-09-02,9840,2021-08-26,1554,015663,NA,4,2,9,3300,0,3,5,NA,2,003,KNABE RD.,HUNT RD.,15,N,N,A,-,N,NA,NA,NA,NA,NA,NA,NA,NA,NA,Y,3,0,2,2,A,-,03,22350,NA,N,C,C,A,A,H,-,A,A,0,NA,NA,NA,NA,Y,NA,A,01,0,2,0,0,0,0,0,0,0,-,-,33.776100158691406,-117.50267791748048,RIVERSIDE,UNINCORPORATED,-117.5026397705078,33.7759895324707
91561461,2021,2021-09-02,9655,2021-07-09,2118,021177,NA,5,2,9,3300,0,3,5,NA,2,003,FAIRVIEW AVENUE,PALM AVENUE,10,S,N,A,-,N,NA,NA,NA,NA,NA,NA,NA,NA,NA,N,1,1,0,2,A,-,09,21802,A,N,D,G,A,A,H,-,D,A,0,NA,Y,NA,NA,Y,NA,L,04,0,0,0,0,0,1,0,0,0,-,-,33.751399993896484,-116.89321136474608,RIVERSIDE,UNINCORPORATED,-116.89315032958984,33.7514533996582
9156161,2020,2021-01-19,3300,2020-09-10,1314,5531,002D,4,5,6,3345,0,0,0,NA,0,024,LIMONITE AV,DE ANZA PLZ,0,NA,Y,A,-,N,NA,NA,NA,NA,NA,NA,NA,NA,NA,N,4,0,4,2,A,-,12,21453,A,N,D,C,A,A,H,-,A,A,0,NA,NA,NA,NA,Y,NA,A,01,0,0,4,0,0,0,0,0,0,-,-,NA,NA,RIVERSIDE,JURUPA VALLEY,-117.45417785644533,33.978431701660156
9156163,2020,2021-01-19,3300,2020-09-11,1124,4050,011F,5,5,4,3344,0,0,0,NA,0,062,SUMNER AV,65TH ST,0,NA,Y,A,-,N,NA,NA,NA,NA,NA,NA,NA,NA,NA,Y,4,0,1,2,A,-,09,21803,A,N,D,C,A,A,H,-,A,A,0,NA,NA,NA,NA,Y,NA,A,01,0,0,1,0,0,0,0,0,0,-,-,33.967838287353516,-117.57534790039063,RIVERSIDE,EASTVALE,-117.57575988769533,33.96807861328125
91565688,2021,2021-09-08,9660,2021-08-30,0334,021591,NA,1,3,9,3300,0,3,5,NA,2,003,SR-78,35TH AVENUE,1056,S,N,A,-,Y,NA,NA,78,NA,NA,NA,NA,NA,NA,Y,3,0,1,1,A,-,08,22107,NA,N,F,A,A,A,H,-,D,D,0,NA,NA,NA,Y,Y,NA,G,25,0,1,0,0,0,0,0,0,0,-,-,33.45293045043945,-114.7306900024414,RIVERSIDE,UNINCORPORATED,-114.73072052001952,33.45293045043945
91566824,2021,2021-09-09,9840,2021-09-08,1605,021873,NA,3,2,6,3394,0,1,3,NA,2,025,SR-60 W/B,DAY ST,1900,E,N,A,-,Y,NA,NA,60,NA,NA,NA,NA,NA,W,N,3,0,1,1,A,-,08,22107,NA,N,E,I,A,A,H,-,A,D,0,NA,NA,NA,NA,Y,NA,A,01,0,1,0,0,0,0,0,0,0,-,-,33.941749572753906,-117.27336120605467,RIVERSIDE,MORENO VALLEY,-117.27335357666016,33.94178009033203
91568497,2021,2021-09-13,9840,2021-08-27,1815,021311,NA,5,2,6,3315,0,1,3,NA,2,031,SR-91 W/B,BUENA VISTA AVE,50,W,N,A,-,Y,NA,NA,91,NA,NA,NA,NA,NA,W,Y,3,0,3,5,A,-,03,22350,NA,N,C,C,A,A,H,-,A,D,0,NA,NA,Y,NA,Y,NA,C,02,0,3,0,0,0,0,0,0,3,-,-,33.881248474121094,-117.57534790039063,RIVERSIDE,CORONA,-117.57536315917967,33.881160736083984
91569019,2021,2021-09-13,9840,2021-09-09,1810,015663,NA,4,2,6,3315,0,1,3,NA,2,030,SR-91 E/B,SR-71,1200,E,N,A,-,Y,NA,NA,91,NA,NA,NA,NA,NA,E,Y,3,0,3,2,A,-,08,22107,NA,N,C,C,A,A,H,-,A,D,0,NA,NA,NA,NA,Y,NA,A,01,0,3,0,0,0,0,0,0,0,-,-,33.8842887878418,-117.63700103759766,RIVERSIDE,CORONA,-117.63700103759766,33.884300231933594
91569544,2021,2021-09-14,9840,2021-09-07,1140,014916,NA,2,1,7,3313,0,1,1,NA,2,023,I-215 N/B,BLAINE ST,528,S,N,A,-,Y,NA,NA,215,NA,NA,NA,NA,NA,N,Y,4,0,1,4,A,-,03,22350,NA,N,C,C,A,A,H,-,A,D,0,NA,NA,NA,NA,Y,NA,D,22,0,0,1,0,0,0,0,0,0,-,-,33.9813117980957,-117.34095764160156,RIVERSIDE,RIVERSIDE,-117.3409423828125,33.981327056884766
91571078,2021,2021-09-15,9685,2021-09-13,0850,017743,NA,1,1,4,3342,0,1,1,NA,2,020,I-215 SOUTHBOUND,LOS ALAMOS RD,1320,N,N,A,-,Y,NA,NA,215,NA,NA,NA,NA,NA,S,N,4,0,1,2,A,-,03,22350,NA,N,C,C,A,A,H,-,A,D,0,NA,NA,NA,NA,Y,NA,A,01,0,0,1,0,0,0,0,0,0,-,-,33.5760383605957,-117.180908203125,RIVERSIDE,MURRIETA,-117.18100738525392,33.5760383605957
9157256,2020,2020-11-24,3313,2020-09-02,1111,1641,5,3,5,7,3313,0,0,0,NA,0,T55,COLLETT AV,PIERCE ST,207,E,N,A,-,N,NA,NA,NA,NA,NA,NA,NA,NA,NA,NA,4,0,1,1,A,-,03,22350,NA,N,E,I,A,A,H,-,A,A,0,NA,NA,NA,NA,Y,Y,A,01,0,0,1,0,0,0,0,0,0,-,-,33.90288162231445,-117.49830627441406,RIVERSIDE,RIVERSIDE,-117.49716949462892,33.90346908569336
91573592,2021,2021-09-20,9840,2021-06-20,0445,021037,NA,7,3,6,3315,0,1,3,NA,2,031,SR-91 WESTBOUND,GREEN RIVER RD,1700,E,N,A,-,Y,NA,NA,91,NA,NA,NA,NA,NA,W,Y,1,1,0,2,A,-,03,22350,NA,N,C,C,A,A,H,-,B,D,0,NA,NA,NA,Y,Y,NA,A,01,0,0,0,0,0,0,0,0,0,-,-,33.88145065307617,-117.65016174316406,RIVERSIDE,CORONA,-117.650146484375,33.881378173828125
91575351,2021,2021-09-21,9840,2021-09-13,0715,017441,NA,1,1,7,3313,0,1,3,NA,2,010,SR-60 E/B,ORANGE ST.,925,E,N,C,-,Y,NA,NA,NA,NA,NA,NA,NA,NA,NA,Y,4,0,1,3,A,-,03,22350,NA,F,C,C,A,A,H,-,A,D,0,NA,NA,NA,NA,Y,NA,A,01,0,0,1,0,0,0,0,0,0,-,-,34.99467086791992,-117.3607177734375,RIVERSIDE,RIVERSIDE,-117.36077117919922,33.99469757080078
91576860,2021,2021-09-22,9685,2021-09-08,2153,017903,NA,3,2,5,3335,0,1,1,NA,2,030,INTERSTATE 15,SANTIAGO ROAD OVER CROSSING,1584,S,N,A,-,Y,NA,NA,15,NA,NA,NA,NA,NA,NA,Y,3,0,3,3,A,-,03,22350,NA,N,C,C,A,A,D,E,D,A,0,NA,NA,NA,NA,Y,NA,A,01,0,2,1,0,0,0,0,0,0,-,-,33.48503112792969,-117.14256286621094,RIVERSIDE,TEMECULA,-117.14247894287108,33.48505783081055
91576990,2021,2021-09-22,9840,2021-09-21,1414,021194,NA,2,2,7,3313,0,1,1,NA,2,022,I-215 S/B,CENTER STREET,390,N,N,A,-,Y,NA,NA,NA,NA,NA,NA,NA,NA,NA,N,4,0,1,2,A,-,03,22350,NA,N,C,C,A,A,H,-,A,D,0,NA,NA,NA,NA,Y,NA,D,22,0,0,1,0,0,0,0,0,0,-,-,34.01639175415039,-117.34197998046876,RIVERSIDE,RIVERSIDE,-117.34243011474608,34.015724182128906
91577593,2021,2021-09-23,9840,2021-09-21,1425,014868,NA,2,2,6,3345,0,1,3,NA,2,010,SR-60 E/B,MAIN ST,1584,E,N,A,-,Y,NA,NA,NA,NA,NA,NA,NA,NA,NA,N,4,0,1,2,A,-,08,22107,NA,N,B,C,A,A,H,-,A,D,0,NA,NA,NA,Y,Y,NA,F,25,0,0,1,0,0,0,0,0,0,-,-,33.99388122558594,-117.35884857177734,RIVERSIDE,JURUPA VALLEY,-117.36013793945313,33.99447250366211
91578835,2021,2021-09-24,9655,2021-09-21,1750,017263,NA,2,2,9,3300,0,3,5,NA,2,002,CALIFORNIA AVENUE,SR-79,3,W,N,A,-,N,NA,NA,NA,NA,NA,NA,NA,NA,NA,N,4,0,1,2,A,-,21,22106,NA,N,C,C,A,A,H,-,A,A,0,NA,NA,NA,NA,Y,NA,A,01,0,0,1,0,0,0,0,0,0,-,-,33.91106033325195,-116.98069763183594,RIVERSIDE,UNINCORPORATED,-117.05013275146484,33.743831634521484
91579121,2021,2021-09-24,9840,2021-09-22,1230,019042,NA,3,1,6,3345,0,1,3,NA,2,010,SR-60 E/B,PYRITE ST.,2665,E,N,A,-,Y,NA,NA,60,NA,NA,NA,NA,NA,E,N,4,0,3,3,A,-,03,22350,NA,N,C,C,A,A,H,-,A,D,0,NA,NA,NA,NA,Y,NA,D,22,0,0,3,0,0,0,0,0,0,-,-,34.014678955078125,-117.45364379882813,RIVERSIDE,JURUPA VALLEY,-117.45364379882813,34.014644622802734
91580839,2021,2021-09-27,9840,2021-09-23,1022,012208,NA,4,1,9,3300,0,3,5,NA,2,004,NUEVO ROAD {27304 BLOCK},DUNLAP DRIVE,1632,E,N,A,-,N,NA,NA,NA,NA,NA,NA,NA,NA,NA,N,4,0,1,2,D,-,00,NA,NA,N,E,I,A,A,H,-,A,D,0,NA,NA,NA,NA,Y,NA,-,-,0,0,1,0,0,0,0,0,0,-,-,33.80125045776367,-117.18579864501952,RIVERSIDE,UNINCORPORATED,-117.18584442138672,33.80118179321289
91580931,2021,2021-11-15,9840,2021-09-15,1930,019566,NA,3,2,7,3313,0,1,3,NA,2,021,SR-91 E/B,ADAMS ST,250,E,N,A,-,Y,NA,NA,91,NA,NA,NA,NA,NA,E,Y,4,0,1,2,A,-,08,22107,NA,N,B,C,A,A,H,-,C,D,0,NA,NA,NA,NA,Y,NA,A,01,0,0,1,0,0,0,0,0,0,-,-,33.92776870727539,-117.41886901855467,RIVERSIDE,RIVERSIDE,-117.4188995361328,33.927818298339844
9158162,2020,2020-10-20,3313,2020-06-29,2254,1974,5,1,5,7,3313,0,0,0,NA,0,1R53,LA SIERRA AV,SPAULDING RD,0,NA,Y,A,-,N,NA,NA,NA,NA,NA,NA,NA,NA,NA,N,4,0,1,2,A,-,12,21453,A,N,D,C,A,A,H,-,C,A,0,NA,NA,NA,NA,Y,NA,A,01,0,0,1,0,0,0,0,0,0,-,-,33.90898132324219,-117.48061370849608,RIVERSIDE,RIVERSIDE,-117.48085021972656,33.909000396728516
91581837,2021,2021-09-28,9840,2021-09-21,1716,020220,NA,2,2,9,3300,0,3,5,NA,2,004,ELLIS AVENUE,ANTELOPE ROAD,525,E,N,A,-,N,NA,NA,NA,NA,NA,NA,NA,NA,NA,Y,2,0,1,2,A,-,09,21801,A,N,A,C,A,A,H,-,A,D,0,NA,NA,Y,NA,Y,NA,A,01,1,0,0,0,0,0,0,0,1,-,-,33.77220916748047,-117.16944885253906,RIVERSIDE,UNINCORPORATED,-117.16829681396484,33.772159576416016
91582555,2021,2021-09-29,9630,2021-09-08,2005,019321,NA,3,2,9,3300,0,3,5,NA,2,401,LANGLOIS ROAD,DILLON ROAD,560,S,N,A,-,N,NA,NA,NA,NA,NA,NA,NA,NA,NA,N,1,1,0,2,A,-,11,21954,A,N,G,B,E,A,H,-,D,D,0,Y,NA,NA,NA,Y,Y,N,60,0,0,0,1,0,0,0,0,0,-,-,33.92348861694336,-116.43182373046876,RIVERSIDE,UNINCORPORATED,-116.43180847167967,33.92354965209961
91585761,2021,2021-10-01,9840,2021-09-21,0730,013968,NA,2,1,9,3300,0,2,4,NA,2,043,RAMONA EXPRESSWAY,BRIDGE ST,20,E,N,A,-,N,NA,NA,NA,NA,NA,NA,NA,NA,NA,N,4,0,1,2,A,-,03,22350,NA,N,B,C,A,A,H,-,A,D,0,NA,NA,Y,NA,Y,NA,C,02,0,0,1,0,0,0,0,0,1,-,-,33.8401985168457,-117.06854248046876,RIVERSIDE,UNINCORPORATED,-117.06853485107422,33.8400993347168
91587153,2021,2021-10-04,9630,2021-09-24,2105,021409,NA,5,2,9,3300,0,3,5,NA,2,504,5TH ST,DATE PALM ST,0,NA,Y,A,-,N,NA,NA,NA,NA,NA,NA,NA,NA,NA,N,4,0,1,2,A,-,10,21950,A,N,G,B,B,A,H,-,D,D,0,Y,NA,NA,NA,Y,NA,A,01,0,0,1,0,1,0,0,0,0,-,-,33.57294845581055,-116.07456207275392,RIVERSIDE,UNINCORPORATED,-116.07452392578124,33.572845458984375
91587467,2021,2021-10-04,9685,2021-09-27,0735,018539,NA,1,1,4,3342,0,1,1,NA,2,030,I-15 S/B,FRENCH VALLEY ROAD,5280,N,N,B,-,Y,NA,NA,15,NA,NA,NA,NA,NA,S,N,4,0,1,3,A,-,03,22350,NA,N,C,C,A,A,H,-,A,D,0,NA,NA,NA,NA,Y,NA,A,01,0,0,1,0,0,0,0,0,0,-,-,33.542789459228516,-117.17664337158205,RIVERSIDE,MURRIETA,-117.17668914794922,33.54275894165039
91588032,2021,2021-10-05,9840,2021-09-25,1315,017441,NA,6,1,9,3300,0,2,4,NA,2,045,CAJALCO RD.,DAY ST.,2200,E,N,A,-,N,NA,NA,NA,NA,NA,NA,NA,NA,NA,N,4,0,1,2,A,-,03,22350,NA,N,C,C,A,A,H,-,A,D,0,NA,NA,NA,NA,Y,NA,D,22,0,0,1,0,0,0,0,0,0,-,-,33.837371826171875,-117.27172088623048,RIVERSIDE,UNINCORPORATED,-117.27175903320313,33.837345123291016
91588798,2021,2021-10-05,9630,2021-09-29,2010,016635,NA,3,2,9,3300,0,1,3,NA,2,015,SR-62 W/B,DILLON RD,0,NA,Y,A,-,Y,NA,NA,NA,NA,NA,NA,NA,NA,NA,Y,4,0,3,2,A,-,12,21453,A,N,D,C,A,A,H,-,C,A,0,NA,NA,NA,NA,Y,NA,A,07,0,0,3,0,0,0,0,0,0,-,-,33.55324172973633,-116.35595703125,RIVERSIDE,UNINCORPORATED,-116.60021209716795,33.925777435302734
9158935,2020,2020-12-04,3300,2020-09-28,1452,5663,916D,1,5,4,3312,0,0,0,NA,0,032,NUEVO RD,RT 215,0,NA,Y,A,-,Y,RIV,8,215,-,R,28.075,R,4,S,Y,3,0,2,2,A,-,12,21453,A,N,D,C,A,A,H,-,A,A,0,NA,NA,NA,NA,Y,NA,D,22,0,1,1,0,0,0,0,0,0,-,SF,33.802879333496094,-117.23338317871094,RIVERSIDE,PERRIS,-117.23372650146484,33.805206298828125
91589578,2021,2021-10-06,9840,2021-10-05,1639,018611,NA,2,2,6,3345,0,1,3,NA,2,010,SR-60 E/B,VALLEY WAY,3100,E,N,A,-,Y,NA,NA,60,NA,NA,NA,NA,NA,E,Y,3,0,1,2,A,-,08,22107,NA,N,B,2,A,A,H,-,A,D,0,NA,NA,Y,Y,Y,NA,C,02,0,1,0,0,0,0,0,0,1,-,-,34.00876998901367,-117.42414855957033,RIVERSIDE,JURUPA VALLEY,-117.42417144775392,34.00869369506836
91589589,2021,2021-10-06,9655,2021-10-03,1100,016651,NA,7,1,9,3300,0,3,5,NA,2,003,E. NEWPORT ROAD,SR-79,20,E,N,A,-,N,NA,NA,NA,NA,NA,NA,NA,NA,NA,N,4,0,1,2,A,-,21,22106,NA,N,C,C,A,A,H,-,A,A,0,NA,NA,NA,NA,Y,NA,A,01,0,0,1,0,0,0,0,0,0,-,-,33.685508728027344,-117.0841827392578,RIVERSIDE,UNINCORPORATED,-117.08433532714844,33.68545150756836
91593249,2021,2021-10-11,9685,2021-10-02,2335,017169,NA,6,3,4,3342,0,1,1,NA,2,034,I-215 S/B,LOS ALAMOS ROAD,4224,N,N,A,-,Y,NA,NA,215,NA,NA,NA,NA,NA,S,Y,4,0,1,1,A,-,08,22107,NA,N,E,I,A,A,H,-,D,D,0,NA,NA,NA,NA,Y,Y,A,01,0,0,1,0,0,0,0,0,0,-,-,33.58449935913086,-117.1809310913086,RIVERSIDE,MURRIETA,-117.18105316162108,33.58449935913086
9159387,2020,2020-12-07,3300,2020-09-10,1420,N4508,920H,4,5,4,3314,0,0,0,NA,0,074,ESPLANADE AV,SAN JACINTO AV,779,E,N,A,-,N,NA,NA,NA,NA,NA,NA,NA,NA,NA,Y,4,0,1,2,A,-,09,21800,A,N,D,A,A,A,H,-,A,A,0,NA,NA,NA,NA,Y,NA,A,07,0,0,1,0,0,0,0,0,0,-,-,33.77294158935547,-116.95881652832033,RIVERSIDE,SAN JACINTO,-116.9562530517578,33.77299118041992
91595131,2021,2021-10-13,9840,2021-10-09,1348,020455,NA,6,1,9,3300,0,1,1,NA,2,034,I-15 N/B,EL CERRITO RD,25,N,N,A,-,Y,NA,NA,15,NA,NA,NA,NA,NA,N,Y,3,0,1,1,A,-,08,22107,NA,N,E,I,A,A,H,-,A,D,0,NA,NA,NA,NA,Y,NA,A,01,0,1,0,0,0,0,0,0,0,-,-,33.832218170166016,-117.52969360351563,RIVERSIDE,UNINCORPORATED,-117.52961730957033,33.83226013183594
91595264,2021,2021-10-13,9630,2021-10-11,1450,019943,NA,1,2,4,3309,0,1,1,NA,2,021,I-10 W/B,MONROE STREET,1584,W,N,F,-,Y,NA,NA,10,NA,NA,NA,NA,NA,W,N,4,0,1,2,A,-,03,22350,NA,N,C,C,A,A,H,-,A,D,0,NA,NA,NA,NA,Y,NA,A,01,0,0,1,0,0,0,0,0,0,-,-,33.73862838745117,-116.23927307128906,RIVERSIDE,INDIO,-116.23929595947266,33.738800048828125
91595541,2021,2021-10-13,9840,2021-10-09,1850,020455,NA,6,2,9,3300,0,1,1,NA,2,034,I-15 N/B,TEMESCAL CANYON RD,1000,N,N,A,-,Y,NA,NA,15,NA,NA,NA,NA,NA,N,Y,3,0,1,2,A,-,03,22350,NA,N,C,C,A,A,H,-,C,D,0,NA,NA,NA,NA,Y,NA,A,01,0,1,0,0,0,0,0,0,0,-,-,33.779850006103516,-117.48896026611328,RIVERSIDE,UNINCORPORATED,-117.48896026611328,33.779850006103516
91596057,2021,2021-10-14,9840,2021-10-04,0942,018248,NA,1,1,9,3300,0,1,3,NA,2,030,SR-91 W/B,GREEN RIVER RD,1690,E,N,A,-,Y,NA,NA,91,NA,NA,NA,NA,NA,W,N,4,0,3,3,A,-,03,22350,NA,N,C,C,A,A,H,-,A,D,0,NA,NA,NA,NA,Y,NA,A,01,0,0,3,0,0,0,0,0,0,-,-,33.88066864013672,-117.65281677246094,RIVERSIDE,UNINCORPORATED,-117.65283203125,33.8807258605957
91596329,2021,2021-10-14,9840,2021-10-12,0910,017546,NA,2,1,6,3345,0,1,1,NA,2,011,I-15 N/B,RIVERSIDE DRIVE,2915,S,N,A,-,Y,NA,NA,15,NA,NA,NA,NA,NA,N,Y,2,0,5,5,A,-,03,22350,NA,N,C,C,A,A,H,-,A,D,0,NA,NA,NA,NA,Y,NA,A,01,1,0,4,0,0,0,0,0,0,-,-,34.010738372802734,-117.55011749267578,RIVERSIDE,JURUPA VALLEY,-117.55007934570313,34.010738372802734