CASE_ID,ACCIDENT_YEAR,PROC_DATE,JURIS,COLLISION_DATE,COLLISION_TIME,OFFICER_ID,REPORTING_DISTRICT,DAY_OF_WEEK,CHP_SHIFT,POPULATION,CNTY_CITY_LOC,SPECIAL_COND,BEAT_TYPE,CHP_BEAT_TYPE,CITY_DIVISION_LAPD,CHP_BEAT_CLASS,BEAT_NUMBER,PRIMARY_RD,SECONDARY_RD,DISTANCE,DIRECTION,INTERSECTION,WEATHER_1,WEATHER_2,STATE_HWY_IND,CALTRANS_COUNTY,CALTRANS_DISTRICT,STATE_ROUTE,ROUTE_SUFFIX,POSTMILE_PREFIX,POSTMILE,LOCATION_TYPE,RAMP_INTERSECTION,SIDE_OF_HWY,TOW_AWAY,COLLISION_SEVERITY,NUMBER_KILLED,NUMBER_INJURED,PARTY_COUNT,PRIMARY_COLL_FACTOR,PCF_CODE_OF_VIOL,PCF_VIOL_CATEGORY,PCF_VIOLATION,PCF_VIOL_SUBSECTION,HIT_AND_RUN,TYPE_OF_COLLISION,MVIW,PED_ACTION,ROAD_SURFACE,ROAD_COND_1,ROAD_COND_2,LIGHTING,CONTROL_DEVICE,CHP_ROAD_TYPE,PEDESTRIAN_ACCIDENT,BICYCLE_ACCIDENT,MOTORCYCLE_ACCIDENT,TRUCK_ACCIDENT,NOT_PRIVATE_PROPERTY,ALCOHOL_INVOLVED,STWD_VEHTYPE_AT_FAULT,CHP_VEHTYPE_AT_FAULT,COUNT_SEVERE_INJ,COUNT_VISIBLE_INJ,COUNT_COMPLAINT_PAIN,COUNT_PED_KILLED,COUNT_PED_INJURED,COUNT_BICYCLIST_KILLED,COUNT_BICYCLIST_INJURED,COUNT_MC_KILLED,COUNT_MC_INJURED,PRIMARY_RAMP,SECONDARY_RAMP,LATITUDE,LONGITUDE,COUNTY,CITY,POINT_X,POINT_Y
91746154,2022,2022-04-12,9685,2022-04-03,0805,016885,NA,7,1,4,3342,0,1,1,NA,2,030,I-15 S/B TO MURRIETA HOT SPRINGS,MURRIETA HOT SPRINGS ROAD,20,N,N,B,C,Y,NA,NA,NA,NA,NA,NA,NA,NA,NA,N,3,0,1,3,A,-,03,22350,NA,N,C,C,A,B,H,-,A,A,0,NA,NA,NA,NA,Y,NA,A,01,0,1,0,0,0,0,0,0,0,-,-,33.55447006225586,-117.1943130493164,RIVERSIDE,MURRIETA,-117.1943130493164,33.55447006225586
9174912,2020,2020-11-30,3300,2020-10-09,1237,N4225,905I,5,5,4,3307,0,0,0,NA,0,095,COLLIER AV,HUNCO WY,219,S,N,A,-,Y,RIV,8,74,-,R,16.01,H,-,W,Y,4,0,2,2,A,-,09,21801,A,N,D,C,A,A,H,-,A,D,0,NA,NA,NA,NA,Y,NA,D,22,0,0,2,0,0,0,0,0,0,-,-,NA,NA,RIVERSIDE,LAKE ELSINORE,-117.3418426513672,33.691619873046875
91751533,2022,2022-04-19,9840,2022-03-19,1320,017162,NA,6,1,6,3315,0,1,3,NA,2,031,SR-91 E/B,BUCHANAN ST,1000,W,N,A,-,Y,RIV,NA,91,NA,NA,10.228,H,NA,R,N,3,0,1,3,A,-,03,22350,NA,N,C,C,A,A,H,-,A,D,0,NA,NA,NA,NA,Y,NA,A,07,0,1,0,0,0,0,0,0,0,-,-,33.893680572509766,-117.50205993652344,RIVERSIDE,CORONA,-117.5020751953125,33.893699645996094
91751642,2022,2022-04-19,9630,2022-04-11,0748,019807,NA,1,1,9,3300,0,1,1,NA,2,010,I-10 E/B,N. INDIAN CANYON DR.,0,NA,Y,A,-,Y,RIV,NA,10,NA,NA,33.127,H,NA,R,Y,2,0,2,3,A,-,08,22107,NA,N,B,C,A,D,H,-,A,D,0,NA,NA,NA,Y,Y,NA,G,25,1,1,0,0,0,0,0,0,0,-,-,33.90459060668945,-116.54544067382813,RIVERSIDE,UNINCORPORATED,-116.54544067382813,33.90460205078125
91752976,2022,2022-04-20,9630,2022-04-06,0623,019807,NA,3,1,9,3300,0,3,5,NA,2,404,COOK STREET,I-10 EASTBOUND TO COOK STREET,0,NA,Y,A,-,Y,RIV,NA,10,NA,NA,46.891,H,NA,R,Y,2,0,1,2,A,-,12,21453,A,N,D,C,A,A,H,-,A,A,0,NA,NA,NA,NA,Y,NA,J,49,1,0,0,0,0,0,0,0,0,-,-,33.785850524902344,-116.3548583984375,RIVERSIDE,UNINCORPORATED,-116.3547821044922,33.78594207763672
91752989,2022,2022-04-20,9630,2022-04-13,1655,021128,NA,3,2,9,3300,0,3,5,NA,2,003,UNNAMED DIRT ROAD,PHONE LINE RD,1584,E,N,A,-,N,NA,NA,NA,NA,NA,NA,NA,NA,NA,N,2,0,1,1,B,-,22,NA,NA,N,F,A,A,A,G,-,A,D,0,NA,NA,Y,NA,Y,NA,C,02,1,0,0,0,0,0,0,0,1,-,-,33.82233810424805,-115.44346618652344,RIVERSIDE,UNINCORPORATED,NA,NA
91753462,2022,2022-04-21,9840,2022-04-14,0253,022028,NA,4,3,6,3315,0,1,3,NA,2,030,SR-91 W/B,LINCOLN AVE,250,W,N,A,-,Y,RIV,NA,91,NA,NA,5.332,H,NA,L,Y,2,0,1,2,A,-,03,22350,NA,N,D,C,A,A,H,-,C,D,0,NA,NA,NA,NA,Y,NA,A,01,1,0,0,0,0,0,0,0,0,-,-,33.882179260253906,-117.58336639404295,RIVERSIDE,CORONA,-117.58338928222656,33.882049560546875
91754680,2022,2022-04-22,9840,2022-03-29,0042,021037,NA,2,3,7,3313,0,1,3,NA,2,020,SR-91 W/B,MAGNOLIA AVE.,270,W,N,B,C,Y,RIV,NA,91,NA,NA,11.053,H,NA,L,N,4,0,3,1,A,-,08,22107,NA,N,F,A,A,B,H,-,E,D,0,NA,NA,NA,NA,Y,NA,A,01,0,0,3,0,0,0,0,0,0,-,-,33.897499084472656,-117.48873901367188,RIVERSIDE,RIVERSIDE,-117.48876953125,33.897335052490234
91755031,2022,2022-04-25,9655,2022-04-16,1655,021784,NA,6,2,4,3301,0,1,1,NA,2,204,I-10 W/B,HARGRAVE ST.,1480,E,N,A,-,Y,RIV,NA,10,NA,NA,14.167,H,NA,L,N,4,0,1,2,A,-,07,21658,A,N,B,C,A,A,D,-,A,D,0,NA,NA,NA,NA,Y,NA,A,07,0,0,1,0,0,0,0,0,0,-,-,33.92443084716797,-116.86284637451172,RIVERSIDE,BANNING,-116.86285400390624,33.924461364746094
91755605,2022,2022-04-25,9840,2022-04-15,1933,021037,NA,5,2,7,3313,0,1,1,NA,2,022,I-215 NORTHBOUND,SR-60,855,N,N,A,-,Y,RIV,NA,215,NA,R,43.375,H,NA,R,N,4,0,2,2,A,-,08,22107,NA,F,B,2,A,A,H,-,A,D,0,NA,NA,NA,NA,Y,NA,-,99,0,0,2,0,0,0,0,0,0,-,-,33.99557876586914,-117.35562133789063,RIVERSIDE,RIVERSIDE,-117.35565948486328,33.99559783935547
9175670,2020,2020-12-02,3300,2020-10-14,1957,3455,602E3,3,5,6,3394,0,0,0,NA,0,MV28,PERRIS BL,COTTONWOOD AV,41,S,N,A,-,N,NA,NA,NA,NA,NA,NA,NA,NA,NA,N,4,0,4,2,A,-,04,21703,NA,N,C,C,A,A,H,-,C,A,0,NA,NA,NA,NA,Y,NA,A,07,0,0,4,0,0,0,0,0,0,-,-,33.924560546875,-117.2262725830078,RIVERSIDE,MORENO VALLEY,-117.22632598876952,33.92444610595703
91756792,2022,2022-04-26,9685,2022-04-15,1100,015360,NA,5,1,9,3300,0,3,5,NA,2,003,BELLA VISTA RD.,VIA BROZA,300,N,N,A,-,N,NA,NA,NA,NA,NA,NA,NA,NA,NA,N,4,0,1,1,A,-,08,22107,NA,N,E,I,A,A,H,-,A,D,0,NA,NA,NA,NA,Y,NA,A,01,0,0,1,0,0,0,0,0,0,-,-,33.5573616027832,-117.0160675048828,RIVERSIDE,UNINCORPORATED,-117.0144271850586,33.5571174621582
91757182,2022,2022-04-26,9840,2022-04-21,0745,014868,NA,4,1,4,3344,0,1,1,NA,2,011,I-15 S/B,SANTA ANA RIVER,1056,N,N,A,-,Y,RIV,NA,15,NA,NA,47.365,H,NA,L,N,4,0,1,2,A,-,03,22350,NA,N,C,C,A,A,H,-,A,D,0,NA,NA,NA,NA,Y,NA,A,01,0,0,1,0,0,0,0,0,0,-,-,33.96223831176758,-117.54923248291016,RIVERSIDE,EASTVALE,-117.54901885986328,33.962242126464844
91758191,2022,2022-04-27,9840,2022-04-26,2359,017546,NA,2,3,6,3345,0,1,1,NA,2,011,I-15 N/B,I-15,580,N,N,A,-,Y,RIV,NA,15,NA,NA,47.409,H,NA,R,Y,4,0,1,2,A,-,03,22350,NA,N,C,C,A,A,H,-,C,D,0,NA,NA,NA,Y,Y,Y,A,01,0,0,1,0,0,0,0,0,0,-,-,33.96289825439453,-117.54865264892578,RIVERSIDE,JURUPA VALLEY,-117.5487060546875,33.9629020690918
91764739,2022,2022-05-04,9630,2022-05-02,0740,019943,NA,1,1,9,3300,0,3,5,NA,2,404,ROSEMARY LANE,RAMON ROAD,0,NA,Y,A,-,N,NA,NA,NA,NA,NA,NA,NA,NA,NA,Y,4,0,1,2,A,-,09,21802,A,N,D,C,A,A,H,-,A,A,0,NA,NA,NA,NA,Y,NA,E,22,0,0,1,0,0,0,0,0,0,-,-,33.816341400146484,-116.39292907714844,RIVERSIDE,UNINCORPORATED,-116.39308166503906,33.81645584106445
91765255,2022,2022-05-05,9840,2022-04-24,0223,021862,NA,7,3,7,3313,0,1,1,NA,2,023,I-215 S/B,FAIR ISLE DR,4530,S,N,A,-,Y,RIV,NA,215,NA,R,38.386,H,NA,L,Y,3,0,1,4,A,-,03,22350,NA,N,B,C,A,A,H,-,C,D,0,NA,NA,NA,NA,Y,NA,A,01,0,1,0,0,0,0,0,0,0,-,-,33.944358825683594,-117.29409027099608,RIVERSIDE,RIVERSIDE,-117.2942352294922,33.94419479370117
91767539,2022,2022-05-09,9840,2022-04-26,0449,021218,NA,2,3,7,3313,0,1,3,NA,2,201,SR-91 W/B,MAGNOLIA AVE,75,W,N,A,-,Y,RIV,NA,91,NA,NA,11.072,H,NA,L,Y,4,0,2,2,A,-,08,22107,NA,N,B,2,A,A,H,-,D,D,0,NA,NA,NA,NA,Y,NA,D,22,0,0,2,0,0,0,0,0,0,-,-,33.89712142944336,-117.48845672607422,RIVERSIDE,RIVERSIDE,-117.48842620849608,33.89729309082031
91767542,2022,2022-06-02,9840,2022-04-26,0450,021218,NA,2,3,7,3313,0,1,3,NA,2,201,SR-91 W/B,MAGNOLIA AVE,50,W,N,A,-,Y,RIV,NA,91,NA,NA,11.088,H,NA,L,Y,4,0,2,3,A,-,03,22350,NA,N,C,C,A,A,H,-,D,D,0,NA,NA,NA,NA,Y,NA,A,01,0,0,2,0,0,0,0,0,0,-,-,33.89707946777344,-117.48819732666016,RIVERSIDE,RIVERSIDE,-117.4881591796875,33.897247314453125
91767972,2022,2022-05-09,9655,2022-05-03,1618,021784,NA,2,2,9,3300,0,3,5,NA,2,003,STANFORD ST,ACACIA AVE,0,NA,Y,A,-,N,NA,NA,NA,NA,NA,NA,NA,NA,NA,N,4,0,1,1,A,-,08,22107,NA,N,E,I,A,A,H,-,A,A,0,NA,NA,NA,NA,Y,NA,A,01,0,0,1,0,0,0,0,0,0,-,-,33.7441291809082,-116.93251800537108,RIVERSIDE,UNINCORPORATED,-116.93254089355467,33.74406814575195
91768950,2022,2022-05-10,9840,2022-05-04,1620,018564,NA,3,2,6,3345,0,1,3,NA,2,010,SR-60 W/B,LA RUE STREET,360,W,N,A,-,Y,RIV,NA,60,NA,NA,8.739,H,NA,L,Y,4,0,1,2,A,-,03,22350,NA,N,B,2,A,A,H,-,A,D,0,NA,NA,NA,NA,Y,NA,A,01,0,0,1,0,0,0,0,0,0,-,-,34.0057487487793,-117.41432189941406,RIVERSIDE,JURUPA VALLEY,-117.4142837524414,34.00582504272461
91772661,2022,2022-05-16,9840,2022-05-04,1438,021080,NA,3,2,9,3300,0,3,5,NA,2,003,INDIANA AVE. (1300 BLOCK),MCKINLEY ST.,200,E,N,A,-,N,NA,NA,NA,NA,NA,NA,NA,NA,NA,N,4,0,1,2,A,-,05,21460,A,F,D,C,A,A,H,-,A,D,0,NA,NA,NA,NA,Y,NA,-,-,0,0,1,0,0,0,0,0,0,-,-,33.8778190612793,-117.50868225097656,RIVERSIDE,UNINCORPORATED,-117.39540863037108,33.940521240234375
91773016,2022,2022-05-16,9655,2022-05-10,2320,021177,NA,2,3,4,3301,0,1,1,NA,2,204,INTERSTATE 10 W/B,HARGRAVE STREET,150,W,N,A,-,Y,RIV,NA,10,NA,NA,13.832,H,NA,L,N,4,0,1,2,A,-,07,21658,A,N,C,C,A,A,D,-,C,D,0,NA,NA,NA,NA,Y,NA,A,01,0,0,1,0,0,0,0,0,0,-,-,33.92435073852539,-116.8685302734375,RIVERSIDE,BANNING,-116.8685302734375,33.924415588378906
91774148,2022,2022-05-17,9840,2022-05-16,2002,018611,NA,1,2,6,3315,0,1,3,NA,2,030,SR-91 W/B,MAPLE STREET,1900,E,N,A,-,Y,RIV,NA,91,NA,NA,4.454,H,NA,L,Y,4,0,2,2,A,-,03,22350,NA,N,C,C,A,A,H,-,B,D,0,NA,NA,NA,NA,Y,NA,A,01,0,0,2,0,0,0,0,0,0,-,-,33.881160736083984,-117.59853363037108,RIVERSIDE,CORONA,-117.59850311279295,33.88105010986328
91775692,2022,2022-05-19,9685,2022-04-01,2058,016765,NA,5,2,5,3341,0,1,1,NA,2,020,I-215 N/B,NEWPORT RD,6970,N,N,A,-,Y,RIV,NA,215,NA,R,17.198,H,NA,R,Y,2,0,1,3,A,-,03,22350,NA,N,C,C,A,A,H,-,D,D,0,NA,NA,Y,NA,Y,NA,C,02,1,0,0,0,0,0,0,0,1,-,-,33.665931701660156,-117.17082977294922,RIVERSIDE,MENIFEE,-117.17082977294922,33.665931701660156
91776199,2022,2022-05-19,9655,2022-05-09,1752,021908,NA,1,2,9,3300,0,3,5,NA,2,003,SOBOBA ST,WHITTIER AVE,0,NA,Y,A,-,N,NA,NA,NA,NA,NA,NA,NA,NA,NA,Y,3,0,1,2,A,-,09,21802,A,N,D,C,A,A,H,-,A,A,0,NA,NA,NA,NA,Y,NA,A,01,0,1,0,0,0,0,0,0,0,-,-,33.736881256103516,-116.91947174072266,RIVERSIDE,UNINCORPORATED,-116.91948699951172,33.73689651489258
91776948,2022,2022-05-20,9840,2022-05-07,2034,021297,NA,6,2,9,3300,0,3,5,NA,2,004,OLD ELSINORE RD,MARIE RD,1450,S,N,A,-,N,NA,NA,NA,NA,NA,NA,NA,NA,NA,Y,3,0,1,1,A,-,01,23152,A,N,F,I,A,A,H,-,D,D,0,NA,NA,NA,NA,Y,Y,A,01,0,1,0,0,0,0,0,0,0,-,-,33.8025016784668,-117.27445220947266,RIVERSIDE,UNINCORPORATED,-117.27438354492188,33.802608489990234
9177973,2020,2020-11-23,3300,2020-09-28,1150,N4883,002K,1,5,6,3345,0,0,0,NA,0,022,VAN BUREN BL,ETIWANDA AV,10,E,N,A,-,N,NA,NA,NA,NA,NA,NA,NA,NA,NA,Y,4,0,1,2,A,-,03,22350,NA,N,C,C,A,A,H,-,A,A,0,NA,NA,NA,NA,Y,NA,D,22,0,0,1,0,0,0,0,0,0,-,-,34.01654815673828,-117.52420806884766,RIVERSIDE,JURUPA VALLEY,-117.52448272705078,34.01644515991211
91780381,2022,2022-05-25,9630,2022-05-18,1730,016635,NA,3,2,9,3300,0,1,3,NA,2,015,SR-62 E/B,NORTH INDIAN CANYON DR,1584,E,N,A,-,Y,NA,NA,NA,NA,NA,NA,NA,NA,NA,N,3,0,1,2,A,-,08,22107,NA,N,B,C,A,A,H,-,A,D,0,NA,NA,Y,NA,Y,NA,C,02,0,1,0,0,0,0,0,0,1,-,-,34.00408935546875,-116.3424835205078,RIVERSIDE,UNINCORPORATED,-116.5749969482422,34.00896072387695
91780580,2022,2022-05-25,9840,2022-05-24,1455,020455,NA,2,2,6,3315,0,1,1,NA,2,034,I-15 N/B,MAGNOLIA AVE,2000,S,N,A,-,Y,RIV,NA,15,NA,NA,39.912,H,NA,R,Y,4,0,1,2,A,-,03,22350,NA,N,C,C,A,A,H,-,A,D,0,NA,NA,NA,Y,Y,NA,E,22,0,0,1,0,0,0,0,0,0,-,-,33.86109161376953,-117.53724670410156,RIVERSIDE,CORONA,-117.53723907470705,33.8610954284668
91783262,2022,2022-05-27,9840,2022-05-22,1250,019242,NA,7,1,6,3315,0,1,3,NA,2,030,SR-91 W/B,SERFAS CLUB DRIVE,300,W,N,A,-,Y,RIV,NA,91,NA,R,3.536,H,NA,L,N,4,0,1,4,A,-,03,22350,NA,N,C,C,A,A,H,-,A,D,0,NA,NA,NA,NA,Y,NA,D,22,0,0,1,0,0,0,0,0,0,-,-,33.881168365478516,-117.61618041992188,RIVERSIDE,CORONA,-117.6161651611328,33.88123321533203
91783334,2022,2022-06-30,9840,2022-05-25,1255,016284,NA,3,1,7,3313,0,1,3,NA,2,020,SR-91 E/B,LA SIERRA AVE,1866,W,N,A,-,Y,RIV,NA,91,NA,NA,11.634,H,NA,R,Y,2,0,1,2,A,-,03,22350,NA,N,B,C,A,A,H,-,A,D,0,NA,NA,NA,Y,Y,NA,A,01,1,0,0,0,0,0,0,0,0,-,-,33.89738845825195,-117.47879791259766,RIVERSIDE,RIVERSIDE,-117.47883605957033,33.89746856689453
91785390,2022,2022-05-31,9655,2022-05-24,1010,014516,NA,2,1,9,3300,0,1,1,NA,2,206,I-10 E/B,SR-62 W/B TO I-10 E/B,5280,W,N,A,-,Y,RIV,NA,10,NA,NA,28.409,H,NA,R,Y,3,0,2,2,A,-,03,22350,NA,N,C,C,A,A,H,-,A,D,0,NA,NA,NA,NA,Y,NA,A,01,0,2,0,0,0,0,0,0,0,-,-,33.91870880126953,-116.62560272216795,RIVERSIDE,UNINCORPORATED,-116.62561798095705,33.91864776611328
91785876,2022,2022-06-01,9840,2022-05-24,0705,019527,NA,2,1,9,3300,0,3,5,NA,2,002,SYCAMORE CANYON BLVD,CENTRAL AVE,665,N,N,A,-,Y,NA,NA,NA,NA,NA,NA,NA,NA,NA,Y,3,0,1,3,A,-,03,22350,NA,N,C,C,A,A,H,-,A,D,0,NA,NA,NA,NA,Y,NA,A,01,0,1,0,0,0,0,0,0,0,-,-,33.95756149291992,-117.30906677246094,RIVERSIDE,UNINCORPORATED,-117.31195068359376,33.95964813232422
91785890,2022,2022-06-01,9840,2022-05-26,1750,019566,NA,4,2,6,3315,0,1,3,NA,2,030,SR-91 W/B,SERFAS CLUB DR,1400,W,N,A,-,Y,RIV,NA,91,NA,R,3.439,H,NA,L,Y,3,0,2,3,A,-,03,22350,NA,N,C,C,A,A,H,-,A,D,0,NA,NA,NA,NA,Y,NA,A,01,0,2,0,0,0,0,0,0,0,-,-,33.88153076171875,-117.61782073974608,RIVERSIDE,CORONA,-117.61783599853516,33.881446838378906
91786779,2022,2022-06-02,9630,2022-05-26,1900,016635,NA,4,2,9,3300,0,1,3,NA,2,015,SR-62 W/B,DILLON RD,2640,E,N,G,-,Y,RIV,NA,62,NA,R,1.292,H,NA,L,Y,4,0,1,1,A,-,03,22350,NA,N,F,A,A,A,H,-,A,D,0,NA,NA,Y,NA,Y,NA,C,02,0,0,1,0,0,0,0,0,1,-,-,33.932281494140625,-116.59853363037108,RIVERSIDE,UNINCORPORATED,-116.59864807128906,33.93230056762695
91787025,2022,2022-06-02,9840,2022-05-29,2030,021047,NA,7,2,6,3345,0,1,3,NA,2,101,SR-60 W/B,PYRITE ST.,1615,W,N,A,-,Y,RIV,NA,60,NA,R,5.912,H,NA,L,Y,3,0,1,1,A,-,08,22107,NA,N,E,I,A,A,H,-,C,D,0,NA,NA,NA,NA,Y,NA,A,01,0,1,0,0,0,0,0,0,0,-,-,34.01536178588867,-117.45704650878906,RIVERSIDE,JURUPA VALLEY,-117.45701599121094,34.01551818847656
91788988,2022,2022-06-06,9840,2022-05-09,1650,021505,NA,1,2,9,3300,0,2,4,NA,2,045,CAJALCO RD,KIRKPATRICK RD,1500,W,N,A,-,N,NA,NA,NA,NA,NA,NA,NA,NA,NA,Y,3,0,1,3,A,-,01,23152,F,M,A,C,A,A,H,-,A,D,0,NA,NA,NA,NA,Y,NA,A,07,0,1,0,0,0,0,0,0,0,-,-,33.83401870727539,-117.37978363037108,RIVERSIDE,UNINCORPORATED,-117.37822723388672,33.834129333496094
91789132,2022,2022-06-06,9655,2022-05-29,1110,019462,NA,7,1,9,3300,0,1,3,NA,1,119,SR-371,BURNT VALLEY RD,3696,W,N,A,-,Y,RIV,NA,371,NA,NA,75.079,H,NA,R,Y,3,0,1,1,A,-,08,22107,NA,N,F,A,A,A,H,-,A,D,0,NA,NA,Y,NA,Y,NA,C,02,0,1,0,0,0,0,0,0,1,-,-,33.55691146850586,-116.61412048339844,RIVERSIDE,UNINCORPORATED,-116.61412811279295,33.55696105957031
91789398,2022,2022-06-06,9840,2022-06-04,0220,021261,NA,6,3,7,3313,0,1,3,NA,2,021,SR-91 W/B,ADAMS ST,1250,E,N,B,-,Y,RIV,NA,91,NA,NA,15.868,H,NA,L,Y,4,0,1,2,A,-,03,22350,NA,N,C,C,A,A,H,-,C,D,0,NA,NA,NA,NA,Y,NA,-,-,0,0,1,0,0,0,0,0,0,-,-,33.929481506347656,-117.41626739501952,RIVERSIDE,RIVERSIDE,-117.4162826538086,33.92949676513672
9179077,2020,2020-11-16,3300,2020-06-24,0624,4300,920H,3,5,4,3314,0,0,0,NA,0,074,MOUNTAIN AV,ESPALANADE AV,252,S,N,A,-,NA,NA,NA,NA,NA,NA,NA,NA,NA,NA,NA,4,0,1,2,A,-,03,22350,NA,N,C,C,A,A,H,-,A,A,0,NA,NA,NA,NA,Y,NA,A,01,0,0,1,0,0,0,0,0,0,-,-,33.770408630371094,-116.9293212890625,RIVERSIDE,SAN JACINTO,-116.92870330810548,33.76993179321289
91793092,2022,2022-06-10,9685,2022-05-31,1745,016096,NA,2,2,9,3300,0,2,4,NA,2,016,GRAND AVENUE,LILLIAN AVE.,80,S,N,A,-,N,NA,NA,NA,NA,NA,NA,NA,NA,NA,Y,4,0,3,3,A,-,03,22350,NA,M,C,C,A,A,H,-,A,A,0,NA,NA,NA,NA,Y,NA,A,01,0,0,3,0,0,0,0,0,0,-,-,33.640968322753906,-117.34779357910156,RIVERSIDE,UNINCORPORATED,-117.3477020263672,33.640899658203125
91794533,2022,2022-06-14,9840,2022-06-05,2132,022028,NA,7,2,6,3394,0,1,3,NA,2,025,SR-60 E/B,REDLANDS BLVD,2640,W,N,A,-,Y,RIV,NA,60,NA,NA,19.85,H,NA,R,Y,3,0,1,1,A,-,08,22107,NA,N,E,I,A,A,H,-,C,D,0,NA,NA,NA,NA,Y,NA,A,01,0,1,0,0,0,0,0,0,0,-,-,33.93918991088867,-117.165771484375,RIVERSIDE,MORENO VALLEY,-117.165771484375,33.93918228149414
91794563,2022,2022-06-14,9840,2022-06-04,1915,021037,NA,6,2,7,3313,0,1,3,NA,2,021,SR-91 W/B,VAN BUREN BLVD.,260,E,N,A,-,Y,RIV,NA,91,NA,NA,14.137,H,NA,L,N,4,0,1,1,A,-,08,22107,NA,N,E,I,A,A,H,-,A,D,0,NA,NA,NA,NA,Y,NA,A,01,0,0,1,0,0,0,0,0,0,-,-,33.915470123291016,-117.44117736816406,RIVERSIDE,RIVERSIDE,-117.44110107421876,33.91537857055664
91795701,2022,2022-06-15,9840,2022-06-07,1705,014868,NA,2,2,6,3345,0,1,3,NA,2,010,SR-60 E/B TO RUBIDOUX BLVD,RUBIDOUX BLVD,300,W,N,A,-,Y,RIV,NA,91,NA,NA,11.789,H,NA,L,N,3,0,3,2,A,-,03,22350,NA,N,C,C,A,A,H,-,A,D,0,NA,NA,NA,NA,Y,NA,A,01,0,1,2,0,0,0,0,0,0,-,-,33.89862060546875,-117.47643280029295,RIVERSIDE,JURUPA VALLEY,-117.47644805908205,33.898643493652344
91795720,2022,2022-06-15,9655,2022-06-04,0205,022361,NA,6,3,4,3301,0,1,1,NA,2,204,I-10 W/B,SAN GORGONIO AVE.,90,W,N,A,-,Y,RIV,NA,10,NA,NA,13.337,H,NA,L,Y,3,0,1,1,A,-,01,23152,A,N,E,8,A,A,D,-,D,D,0,NA,NA,NA,NA,Y,Y,A,01,0,1,0,0,0,0,0,0,0,-,-,33.924259185791016,-116.8771514892578,RIVERSIDE,BANNING,-116.8771514892578,33.92439270019531
91795821,2022,2022-06-15,9840,2022-05-29,0947,019527,NA,7,1,7,3313,0,1,3,NA,2,021,SR-91 E/B,CENTRAL AVE,1300,E,N,A,-,Y,RIV,NA,91,NA,NA,18.683,H,NA,R,Y,3,0,1,1,A,-,08,22107,NA,N,E,8,A,A,H,-,A,D,0,NA,NA,NA,NA,Y,NA,A,07,0,1,0,0,0,0,0,0,0,-,-,33.956138610839844,-117.38033294677734,RIVERSIDE,RIVERSIDE,-117.38038635253906,33.95619583129883
9179586,2020,2020-12-14,3311,2020-10-07,1400,15951,NA,3,5,4,3311,0,0,0,NA,0,006,RAMON RD,EL CIELO RD,33,W,N,A,-,N,NA,NA,NA,NA,NA,NA,NA,NA,NA,Y,3,0,4,2,A,-,03,22350,NA,N,C,C,A,A,H,-,A,A,0,NA,NA,NA,NA,Y,NA,A,01,0,1,3,0,0,0,0,0,0,-,-,33.81555938720703,-116.5109634399414,RIVERSIDE,PALM SPRINGS,-116.51075744628906,33.81589889526367
91797741,2022,2022-06-17,9655,2022-06-12,1000,018677,NA,7,1,9,3300,0,1,3,NA,2,213,STATE ROUTE 79 SOUTHBOUND,GILMAN SPRINGS ROAD,4118,S,N,A,-,Y,RIV,NA,79,NA,M,33.002,H,NA,L,N,4,0,2,1,C,-,18,NA,NA,N,E,I,A,A,D,-,A,D,0,NA,NA,NA,NA,Y,NA,-,-,0,0,2,0,0,0,0,0,0,-,-,33.834190368652344,-117.00373077392578,RIVERSIDE,UNINCORPORATED,-117.00359344482422,33.834190368652344
91799089,2022,2022-06-20,9685,2022-06-09,1450,015906,NA,4,2,9,3300,0,1,3,NA,1,031,SR-79 NORTHBOUND (WINCHESTER ROAD),TECHNOLOGY DRIVE,528,S,N,A,-,Y,RIV,NA,79,NA,R,5.273,H,NA,R,N,4,0,1,2,A,-,03,22350,NA,N,C,C,A,A,H,-,A,D,0,NA,NA,NA,NA,Y,NA,A,07,0,0,1,0,0,0,0,0,0,-,-,33.55923843383789,-117.13925170898438,RIVERSIDE,UNINCORPORATED,-117.1392059326172,33.559226989746094