CASE_ID,ACCIDENT_YEAR,PROC_DATE,JURIS,COLLISION_DATE,COLLISION_TIME,OFFICER_ID,REPORTING_DISTRICT,DAY_OF_WEEK,CHP_SHIFT,POPULATION,CNTY_CITY_LOC,SPECIAL_COND,BEAT_TYPE,CHP_BEAT_TYPE,CITY_DIVISION_LAPD,CHP_BEAT_CLASS,BEAT_NUMBER,PRIMARY_RD,SECONDARY_RD,DISTANCE,DIRECTION,INTERSECTION,WEATHER_1,WEATHER_2,STATE_HWY_IND,CALTRANS_COUNTY,CALTRANS_DISTRICT,STATE_ROUTE,ROUTE_SUFFIX,POSTMILE_PREFIX,POSTMILE,LOCATION_TYPE,RAMP_INTERSECTION,SIDE_OF_HWY,TOW_AWAY,COLLISION_SEVERITY,NUMBER_KILLED,NUMBER_INJURED,PARTY_COUNT,PRIMARY_COLL_FACTOR,PCF_CODE_OF_VIOL,PCF_VIOL_CATEGORY,PCF_VIOLATION,PCF_VIOL_SUBSECTION,HIT_AND_RUN,TYPE_OF_COLLISION,MVIW,PED_ACTION,ROAD_SURFACE,ROAD_COND_1,ROAD_COND_2,LIGHTING,CONTROL_DEVICE,CHP_ROAD_TYPE,PEDESTRIAN_ACCIDENT,BICYCLE_ACCIDENT,MOTORCYCLE_ACCIDENT,TRUCK_ACCIDENT,NOT_PRIVATE_PROPERTY,ALCOHOL_INVOLVED,STWD_VEHTYPE_AT_FAULT,CHP_VEHTYPE_AT_FAULT,COUNT_SEVERE_INJ,COUNT_VISIBLE_INJ,COUNT_COMPLAINT_PAIN,COUNT_PED_KILLED,COUNT_PED_INJURED,COUNT_BICYCLIST_KILLED,COUNT_BICYCLIST_INJURED,COUNT_MC_KILLED,COUNT_MC_INJURED,PRIMARY_RAMP,SECONDARY_RAMP,LATITUDE,LONGITUDE,COUNTY,CITY,POINT_X,POINT_Y
92045248,2023,2023-04-14,9840,2023-04-09,1738,021297,NA,7,2,9,3300,0,3,5,NA,2,004,ORANGE AVE,OLD ELSINORE RD,250,W,N,A,-,N,NA,NA,NA,NA,NA,NA,NA,NA,NA,N,2,0,1,1,A,-,03,22350,NA,N,E,I,A,A,H,-,A,D,0,NA,NA,Y,NA,Y,NA,C,02,1,0,0,0,0,0,0,0,1,-,-,33.81647872924805,-117.28063201904295,RIVERSIDE,UNINCORPORATED,-117.28068542480467,33.81638717651367
92049695,2023,2023-04-20,9630,2023-04-17,720,023183,NA,1,1,9,3300,0,1,1,NA,2,021,I-10 W/B,JEFFERSON ST,1200,W,N,A,-,Y,RIV,NA,10,NA,R,52.162,H,NA,L,N,4,0,1,1,A,-,08,22107,NA,N,F,A,A,A,H,-,A,D,0,NA,NA,Y,NA,Y,NA,C,02,0,0,1,0,0,0,0,0,1,-,-,33.7507209777832,-116.27433013916016,RIVERSIDE,UNINCORPORATED,-116.27433013916016,33.750709533691406
92051693,2023,2023-04-24,9685,2023-04-17,1803,016502,NA,1,2,9,3300,0,1,1,NA,2,030,I-15 N/B,RAINBOW VALLEY BLVD.,5280,N,N,B,-,Y,RIV,NA,15,NA,R,0.856,H,NA,R,Y,3,0,2,2,A,-,03,22350,NA,N,C,C,A,A,H,-,A,D,0,NA,NA,NA,NA,Y,NA,A,01,0,1,1,0,0,0,0,0,0,-,-,33.44380187988281,-117.136962890625,RIVERSIDE,UNINCORPORATED,-117.13701629638672,33.44381332397461
92052870,2023,2023-04-25,9840,2023-04-16,1810,017459,NA,7,2,9,3300,0,1,3,NA,2,030,SR-91 E/B,SERFAS CLUB DRIVE,2450,W,N,B,-,Y,RIV,NA,91,NA,R,3.242,H,NA,R,N,3,0,1,2,A,-,03,22350,NA,F,C,C,A,A,H,-,A,D,0,NA,NA,NA,NA,Y,NA,A,01,0,1,0,0,0,0,0,0,0,-,-,33.88166046142578,-117.62133026123048,RIVERSIDE,UNINCORPORATED,-117.62132263183594,33.88169860839844
9205337,2020,2021-02-18,3313,2020-12-08,1622,0282,4,2,5,7,3313,0,0,0,NA,0,T48,ARLINGTON AV,STREETER AV,80,E,N,A,-,N,NA,NA,NA,NA,NA,NA,NA,NA,NA,N,4,0,1,2,A,-,03,22350,NA,M,C,C,A,A,H,-,A,A,0,NA,NA,NA,NA,Y,NA,A,01,0,0,1,0,0,0,0,0,0,-,-,33.946388244628906,-117.41845703125,RIVERSIDE,RIVERSIDE,-117.41824340820313,33.94606018066406
9205397,2020,2021-02-01,3308,2020-11-28,1850,10800,517,6,5,5,3308,0,0,0,NA,0,NORTH,BUENA VISTA ST,OAKLAND AV,0,NA,Y,A,-,N,NA,NA,NA,NA,NA,NA,NA,NA,NA,Y,4,0,1,2,A,-,12,21453,A,N,D,C,A,A,H,-,C,A,0,NA,NA,NA,NA,Y,NA,A,01,0,0,1,0,0,0,0,0,0,-,-,33.7547492980957,-116.9674072265625,RIVERSIDE,HEMET,-116.96736907958984,33.754798889160156
92054901,2023,2023-04-27,9655,2023-04-16,1340,021399,NA,7,1,9,3300,0,3,5,NA,2,002,BONITA AVE,BRETT RD,174,E,N,A,-,N,NA,NA,NA,NA,NA,NA,NA,NA,NA,N,2,0,2,2,A,-,06,21751,NA,N,A,C,A,A,H,-,A,D,0,NA,NA,NA,NA,Y,NA,A,01,1,1,0,0,0,0,0,0,0,-,-,33.91426086425781,-116.79535675048828,RIVERSIDE,UNINCORPORATED,-116.79537963867188,33.91421127319336
9205624,2020,2021-02-02,3313,2020-11-14,1944,1489,1,6,5,7,3313,0,0,0,NA,0,T44,JURUPA AV,GRAND AV,512,E,N,A,-,N,NA,NA,NA,NA,NA,NA,NA,NA,NA,N,2,0,1,2,A,-,11,21954,A,N,A,B,E,A,H,-,C,D,0,Y,NA,NA,NA,Y,Y,N,60,1,0,0,0,1,0,0,0,0,-,-,33.9609489440918,-117.41593933105467,RIVERSIDE,RIVERSIDE,-117.41439819335938,33.9617919921875
92056936,2023,2023-04-28,9630,2023-04-21,2000,021897,NA,5,2,9,3300,0,1,1,NA,2,302,I-10 W/B,RED CLOUD MINE RD,2640,W,N,A,-,Y,RIV,NA,10,NA,R,93.684,H,NA,L,Y,4,0,1,2,A,-,05,21651,A,N,E,I,A,A,H,-,D,D,0,NA,NA,NA,NA,Y,NA,A,01,0,0,1,0,0,0,0,0,0,-,-,33.672889709472656,-115.5926513671875,RIVERSIDE,UNINCORPORATED,-115.59265899658205,33.67295455932617
92057627,2023,2023-05-01,9685,2023-04-17,650,015295,NA,1,1,5,3335,0,1,1,NA,2,030,INTERSTATE 15 SOUTHBOUND,SANTIAGO ROAD,2112,N,N,A,-,Y,RIV,NA,15,NA,NA,4.478,H,NA,L,N,3,0,1,3,A,-,07,21658,A,F,B,C,A,A,H,-,A,D,0,NA,NA,Y,NA,Y,NA,-,99,0,1,0,0,0,0,0,0,1,-,-,33.49489974975586,-117.14679718017578,RIVERSIDE,TEMECULA,-117.14682006835938,33.4948844909668
92058520,2023,2023-05-01,9630,2023-04-24,1515,021017,NA,1,2,9,3300,0,3,5,NA,2,001,NORTH INDIAN CANYON DR,THUMB DR,0,NA,Y,A,-,N,NA,NA,NA,NA,NA,NA,NA,NA,NA,Y,4,0,1,2,A,-,09,21802,A,N,D,C,A,A,H,-,A,A,0,NA,NA,NA,NA,Y,NA,A,01,0,0,1,0,0,0,0,0,0,-,-,33.923011779785156,-116.54528045654295,RIVERSIDE,UNINCORPORATED,-116.54531097412108,33.922996520996094
92059340,2023,2023-05-02,9655,2023-04-21,1309,017263,NA,5,1,9,3300,0,1,1,NA,2,204,I-10 W/B TO HIGHLAND SPRINGS AVE,HIGHLAND SPRINGS AVE,2112,E,N,A,-,Y,RIV,NA,10,NA,NA,9.562,H,NA,L,Y,4,0,3,3,A,-,03,22350,NA,N,C,C,A,A,D,-,A,A,0,NA,NA,NA,NA,Y,NA,A,01,0,0,3,0,0,0,0,0,0,-,-,33.926998138427734,-116.9425811767578,RIVERSIDE,UNINCORPORATED,-116.94258880615234,33.92688751220703
92063704,2023,2023-05-08,9840,2023-04-22,1944,021080,NA,6,2,4,3312,0,1,1,NA,2,041,RAMONA EXPRESSWAY,I-215 N/B,205,E,N,A,-,N,NA,NA,NA,NA,NA,NA,NA,NA,NA,Y,2,0,1,2,D,-,00,NA,NA,N,B,C,A,A,H,-,D,D,0,NA,NA,Y,NA,Y,NA,-,-,1,0,0,0,0,0,0,0,1,-,-,33.84403991699219,-117.24999237060548,RIVERSIDE,PERRIS,-117.25013732910156,33.844058990478516
92064332,2023,2023-05-08,9840,2023-04-29,456,021481,NA,6,3,7,3313,0,1,3,NA,2,020,SR-91 W/B,PIERCE ST,500,W,N,A,-,Y,RIV,NA,91,NA,NA,10.703,H,NA,L,N,3,0,1,1,C,-,18,NA,NA,N,E,J,A,A,H,-,D,D,0,NA,NA,NA,NA,Y,NA,-,-,0,1,0,0,0,0,0,0,0,-,-,33.897010803222656,-117.49485778808594,RIVERSIDE,RIVERSIDE,-117.49486541748048,33.89702606201172
9206463,2020,2021-02-12,3311,2020-12-10,1245,15690,NA,4,5,4,3311,0,0,0,NA,0,006,PALM CANYON DR E,SOUTHRIDGE DR,71,W,N,A,-,NA,NA,NA,NA,NA,NA,NA,NA,NA,NA,Y,3,0,1,2,A,-,09,21802,A,N,D,C,A,A,H,-,A,A,0,NA,NA,NA,NA,Y,NA,A,01,0,1,0,0,0,0,0,0,0,-,-,33.79697036743164,-116.51080322265624,RIVERSIDE,PALM SPRINGS,-116.51030731201172,33.7974739074707
92065979,2022,2023-05-10,9840,2022-07-31,0420,022028,NA,7,3,6,3345,0,1,3,NA,2,010,SR-60 E/B,VALLEY WAY,2460,W,N,A,-,Y,RIV,NA,60,NA,R,6.784,H,NA,R,Y,1,1,1,2,A,-,03,22350,NA,N,E,C,A,A,H,-,C,D,0,NA,NA,NA,NA,Y,NA,A,01,0,0,1,0,0,0,0,0,0,-,-,34.01316833496094,-117.44210052490234,RIVERSIDE,JURUPA VALLEY,-117.4420928955078,34.01322937011719
92066075,2023,2023-05-10,9840,2023-05-02,2250,018949,NA,2,3,6,3315,0,1,3,NA,2,031,SR-91 W/B,MAIN ST,570,W,N,A,-,Y,RIV,NA,91,NA,NA,6.229,H,NA,L,Y,2,0,1,2,C,-,18,NA,NA,N,B,C,A,A,H,-,D,D,0,NA,NA,Y,NA,Y,NA,-,-,1,0,0,0,0,0,0,0,1,-,-,33.88056182861328,-117.56787109375,RIVERSIDE,CORONA,-117.5678939819336,33.88038635253906
92068057,2023,2023-05-12,9655,2023-05-03,2009,021732,NA,3,2,9,3300,0,3,5,NA,2,003,YALE STREET,WHITTIER AVENUE,0,NA,Y,A,-,N,NA,NA,NA,NA,NA,NA,NA,NA,NA,N,4,0,2,2,A,-,09,21802,A,N,D,C,A,A,H,-,D,A,0,NA,NA,NA,NA,Y,NA,A,01,0,0,2,0,0,0,0,0,0,-,-,33.73680877685547,-116.94994354248048,RIVERSIDE,UNINCORPORATED,-116.94985961914063,33.736759185791016
92069103,2023,2023-05-15,9685,2023-05-01,450,016986,NA,1,3,4,3342,0,1,1,NA,2,034,I-215 SOUTHBOUND,LOS ALAMOS RD.,2640,N,N,C,-,Y,RIV,NA,215,NA,R,11.355,H,NA,L,N,4,0,1,2,A,-,03,22350,NA,N,C,C,A,B,H,-,C,D,0,NA,NA,NA,NA,Y,NA,A,01,0,0,1,0,0,0,0,0,0,-,-,33.58338928222656,-117.18097686767578,RIVERSIDE,MURRIETA,-117.18104553222656,33.58338928222656
92069304,2023,2023-05-15,9840,2023-04-28,236,019893,NA,5,3,6,3315,0,1,3,NA,2,031,SR-91 E/B,W GRAND AVE,198,W,N,A,-,Y,RIV,NA,91,NA,NA,5.99,H,NA,R,Y,4,0,1,2,A,-,03,22350,NA,N,C,C,A,A,H,-,D,D,0,NA,NA,NA,NA,Y,NA,D,22,0,0,1,0,0,0,0,0,0,-,-,33.880401611328125,-117.57215118408205,RIVERSIDE,CORONA,-117.57210540771484,33.88066864013672
92069794,2023,2023-05-16,9840,2023-05-07,1919,021297,NA,7,2,9,3300,0,3,5,NA,2,004,MYRON ST,ALEXANDER ST,0,NA,Y,A,-,N,NA,NA,NA,NA,NA,NA,NA,NA,NA,Y,4,0,3,2,A,-,12,22450,A,N,D,2,A,A,H,-,D,A,0,NA,NA,NA,NA,Y,NA,D,22,0,0,3,0,0,0,0,0,0,-,-,33.832191467285156,-117.3051300048828,RIVERSIDE,UNINCORPORATED,-117.30510711669922,33.83218002319336
92072904,2023,2023-05-19,9685,2023-05-08,1350,016096,NA,1,1,4,3307,0,1,1,NA,2,010,I-15 S/B FWY TO RAILROAD CANYNO RD.,RAILROAD CANYON ROAD,50,N,N,A,-,Y,NA,NA,NA,NA,NA,NA,NA,NA,NA,Y,4,0,1,2,A,-,08,22107,NA,N,B,C,A,A,H,-,A,A,0,NA,NA,NA,NA,Y,NA,A,01,0,0,1,0,0,0,0,0,0,-,-,33.661781311035156,-117.2992706298828,RIVERSIDE,LAKE ELSINORE,-117.2992706298828,33.661781311035156
92076309,2023,2023-05-24,9655,2023-05-15,903,019630,NA,1,1,9,3300,0,1,3,NA,1,314,STATE ROUTE 74,BEE CANYON TRUCK TRAIL,1900,E,N,A,-,Y,RIV,NA,74,NA,NA,49.64,H,NA,R,Y,3,0,1,1,A,-,01,23152,A,N,F,A,A,A,H,-,A,D,0,NA,NA,NA,NA,Y,Y,A,01,0,1,0,0,0,0,0,0,0,-,-,33.736419677734375,-116.81855010986328,RIVERSIDE,UNINCORPORATED,-116.81854248046876,33.736385345458984
92076315,2023,2023-05-24,9685,2023-04-14,421,016722,NA,5,3,9,3300,0,3,5,NA,2,003,WASHINGTON ST.,WINCHESTER RD.,1584,E,N,B,-,N,NA,NA,NA,NA,NA,NA,NA,NA,NA,N,4,0,2,1,A,-,03,22350,NA,N,E,I,A,A,H,-,D,C,0,NA,NA,NA,NA,Y,NA,A,01,0,0,2,0,0,0,0,0,0,-,-,33.638641357421875,-117.0811004638672,RIVERSIDE,UNINCORPORATED,-117.08102416992188,33.637577056884766
92076438,2023,2023-05-24,9840,2023-05-14,1746,021297,NA,7,2,9,3300,0,3,5,NA,2,004,OLD ELSINORE RD,RIDER ST,0,NA,Y,A,-,N,NA,NA,NA,NA,NA,NA,NA,NA,NA,Y,4,0,1,2,A,-,01,23152,A,N,D,C,A,A,H,-,A,A,0,NA,NA,NA,NA,Y,Y,A,07,0,0,1,0,0,0,0,0,0,-,-,33.82987976074219,-117.28688049316406,RIVERSIDE,UNINCORPORATED,-117.28697967529295,33.82992935180664
92077222,2023,2023-05-25,9685,2023-05-14,2213,019860,NA,7,3,9,3300,0,1,3,NA,1,045,SR-371,TRIBAL ROAD,3696,W,N,A,-,Y,RIV,NA,371,NA,NA,66.912,H,NA,R,Y,3,0,1,1,A,-,01,23152,A,N,E,I,A,A,H,-,D,D,0,NA,NA,NA,NA,Y,Y,-,-,0,1,0,0,0,0,0,0,0,-,-,33.541080474853516,-116.74815368652344,RIVERSIDE,UNINCORPORATED,-116.74816131591795,33.54115295410156
9207988,2020,2021-01-26,3300,2020-06-04,0455,5585,001A,4,5,6,3345,0,0,0,NA,0,010,RUBIDOUX BL,30TH AV,0,NA,Y,A,-,N,NA,NA,NA,NA,NA,NA,NA,NA,NA,Y,4,0,1,2,A,-,09,21801,A,N,D,C,A,A,H,-,A,A,0,NA,NA,NA,NA,Y,NA,A,07,0,0,1,0,0,0,0,0,0,-,-,34.005279541015625,-117.39974975585938,RIVERSIDE,JURUPA VALLEY,-117.40078735351563,34.0041618347168
92081406,2023,2023-06-05,9655,2023-05-22,1825,019871,NA,1,2,9,3300,0,1,3,NA,2,311,GILMAN SPRINGS RD,BRIDGE ST,2800,E,N,A,-,Y,NA,NA,NA,NA,NA,NA,NA,NA,NA,Y,3,0,2,3,A,-,05,21460,A,N,A,C,A,A,H,-,A,D,0,NA,NA,Y,NA,Y,Y,A,01,0,2,0,0,0,0,0,0,0,-,-,33.86656951904297,-117.03575897216795,RIVERSIDE,UNINCORPORATED,-117.06250762939452,33.8842658996582
92081452,2023,2023-05-30,9685,2023-05-03,600,015360,NA,3,1,4,3342,0,1,1,NA,2,030,I-15 SOUTHBOUND,WARM SPRINGS UC,2640,S,N,B,-,Y,RIV,NA,15,NA,NA,7.585,H,NA,L,Y,4,0,2,2,A,-,07,21658,A,N,B,C,A,A,H,-,A,D,0,NA,NA,NA,NA,Y,NA,A,01,0,0,2,0,0,0,0,0,0,-,-,33.534629821777344,-117.1714096069336,RIVERSIDE,MURRIETA,-117.17131805419922,33.53467559814453
92083810,2023,2023-06-01,9685,2023-05-21,1153,017285,NA,7,1,5,3335,0,1,1,NA,2,030,I-15 S/B,RANCHO CALIFORNIA ROAD,4065,N,N,A,-,Y,NA,NA,NA,NA,NA,NA,NA,NA,NA,Y,3,0,2,1,A,-,07,21658,A,N,E,I,A,A,H,-,A,D,0,NA,NA,NA,NA,Y,NA,A,01,0,2,0,0,0,0,0,0,0,-,-,33.5111083984375,-117.15670013427734,RIVERSIDE,TEMECULA,-117.1563720703125,33.51126480102539
9208411,2020,2022-05-09,3313,2020-11-27,2155,1989,5,5,5,7,3313,0,0,0,NA,0,3R56,ARLINGTON AV,STOVER AV,205,E,N,A,-,N,NA,NA,NA,NA,NA,NA,NA,NA,NA,Y,4,0,1,1,A,-,01,23152,A,N,E,I,A,A,H,-,C,D,0,NA,NA,NA,NA,Y,Y,A,01,0,0,1,0,0,0,0,0,0,-,-,33.94416046142578,-117.48883819580078,RIVERSIDE,RIVERSIDE,-117.48826599121094,33.944091796875
92086078,2023,2023-06-05,9685,2023-05-06,1350,017903,NA,6,1,4,3342,0,1,1,NA,2,034,INTERSTATE 215 SOUTHBOUND,LOS ALAMOS ROAD,1056,N,N,B,-,Y,RIV,NA,215,NA,R,11.114,H,NA,L,N,4,0,1,2,A,-,03,22350,NA,M,C,C,A,A,H,-,A,D,0,NA,NA,NA,NA,Y,NA,-,99,0,0,1,0,0,0,0,0,0,-,-,33.579769134521484,-117.18100738525392,RIVERSIDE,MURRIETA,-117.18105316162108,33.579769134521484
92086201,2023,2023-06-05,9840,2023-05-26,1652,020913,NA,5,2,7,3313,0,1,1,NA,2,023,I-215 S/B,FAIR ISLE DR,100,S,N,A,-,Y,RIV,NA,215,NA,R,38.882,H,NA,L,Y,3,0,1,2,A,-,07,21658,A,N,C,C,A,A,H,-,A,D,0,NA,NA,Y,NA,Y,NA,A,01,0,1,0,0,0,0,0,0,1,-,-,33.947898864746094,-117.3010711669922,RIVERSIDE,RIVERSIDE,-117.30113220214844,33.947845458984375
92087445,2023,2023-06-07,9840,2023-06-05,640,017546,NA,1,1,9,3300,0,3,5,NA,2,004,GAVILAN ROAD,ELDERIDGE DRIVE,405,S,N,B,C,N,NA,NA,NA,NA,NA,NA,NA,NA,NA,Y,4,0,1,1,A,-,08,22107,NA,N,E,I,A,B,H,-,A,D,0,NA,NA,NA,NA,Y,NA,D,22,0,0,1,0,0,0,0,0,0,-,-,33.82672119140625,-117.36269378662108,RIVERSIDE,UNINCORPORATED,-117.36266326904295,33.8267822265625
92088243,2023,2023-06-07,9655,2023-06-01,1554,021399,NA,4,2,9,3300,0,1,1,NA,2,204,I-10 W/B,MORONGO TRAIL,1056,E,N,A,-,Y,RIV,NA,10,NA,R,18.077,H,NA,L,Y,4,0,1,1,C,-,18,NA,NA,N,E,I,A,A,H,-,A,D,0,NA,NA,NA,NA,Y,NA,-,-,0,0,1,0,0,0,0,0,0,-,-,33.91923141479492,-116.79994201660156,RIVERSIDE,UNINCORPORATED,-116.79995727539063,33.919166564941406
92089628,2022,2023-06-08,9840,2022-10-16,2032,020258,NA,7,2,6,3315,0,1,1,NA,2,034,INTERSTATE-15 NORTHBOUND,EL CERRITO ROAD,453,N,N,A,-,Y,RIV,NA,15,NA,NA,37.921,H,NA,R,Y,1,1,0,2,A,-,01,23152,A,N,B,C,A,A,H,-,B,D,0,NA,NA,Y,NA,Y,Y,C,02,0,0,0,0,0,0,0,1,0,-,-,33.83330154418945,-117.53034973144533,RIVERSIDE,CORONA,-117.53030395507813,33.833316802978516
9209018,2020,2021-02-22,3313,2020-12-15,0044,1477,3,2,5,7,3313,0,0,0,NA,0,1R17,ALESSANDRO BL,COMMUNICATIONS CENTER DR,430,W,N,A,-,NA,NA,NA,NA,NA,NA,NA,NA,NA,NA,Y,2,0,5,1,A,-,08,22107,NA,N,E,I,A,A,H,-,C,D,0,NA,NA,NA,NA,Y,NA,A,01,2,0,3,0,0,0,0,0,0,-,-,33.92055130004883,-117.3334732055664,RIVERSIDE,RIVERSIDE,-117.33454895019533,33.92058563232422
92091460,2023,2023-06-12,9840,2023-05-31,1552,015444,NA,3,2,9,3300,0,3,5,NA,2,004,VAN BUREN BLVD,WASHINGTON ST,528,W,N,A,-,N,NA,NA,NA,NA,NA,NA,NA,NA,NA,N,4,0,1,2,A,-,03,22350,NA,N,C,C,A,A,H,-,A,D,0,NA,NA,NA,NA,Y,NA,D,22,0,0,1,0,0,0,0,0,0,-,-,33.882301330566406,-117.36820220947266,RIVERSIDE,UNINCORPORATED,-117.36791229248048,33.88236999511719
92091656,2023,2023-06-12,9655,2023-06-04,40,021977,NA,7,3,9,3300,0,3,5,NA,2,003,GILMAN SPRINGS RD WESTBOUND,BRIDGE ST,1000,W,N,A,-,N,NA,NA,NA,NA,NA,NA,NA,NA,NA,Y,4,0,1,1,A,-,08,22107,NA,N,F,I,A,D,H,-,C,D,0,NA,NA,NA,NA,Y,NA,A,08,0,0,1,0,0,0,0,0,0,-,-,33.8720817565918,-117.04763793945313,RIVERSIDE,UNINCORPORATED,-117.07268524169922,33.88993453979492
92093302,2023,2023-06-14,9630,2023-05-20,2038,021128,NA,6,2,9,3300,0,1,3,NA,2,015,SR-62 W/B,N. INDIAN CANYON DR,11616,E,N,A,-,Y,RIV,NA,62,NA,NA,7.932,H,NA,L,N,4,0,1,1,A,-,01,23152,F,M,E,I,A,A,H,-,D,D,0,NA,NA,NA,NA,Y,NA,A,01,0,0,1,0,0,0,0,0,0,-,-,34.01723098754883,-116.58120727539063,RIVERSIDE,UNINCORPORATED,-116.58109283447266,34.01725769042969
92093362,2023,2023-06-14,9630,2023-06-05,1725,021017,NA,1,2,9,3300,0,1,1,NA,2,010,I-10 E/B,PALM DRIVE,3168,W,N,A,-,Y,RIV,NA,10,NA,NA,35.497,H,NA,R,Y,4,0,1,2,A,-,07,21658,A,N,B,2,A,A,H,-,A,D,0,NA,NA,NA,Y,Y,NA,A,01,0,0,1,0,0,0,0,0,0,-,-,33.8861083984375,-116.51164245605467,RIVERSIDE,UNINCORPORATED,-116.51165008544922,33.886104583740234
92093420,2023,2023-06-14,9840,2023-06-06,718,020210,NA,2,1,7,3313,0,1,3,NA,2,025,I-215 N/B,EUCALYPTUS AVE,300,N,N,B,-,Y,RIV,NA,215,NA,R,37.513,H,NA,R,Y,3,0,1,2,A,-,08,22107,NA,N,B,C,A,A,H,-,A,D,0,NA,NA,Y,NA,Y,NA,A,01,0,1,0,0,0,0,0,0,1,-,-,33.93246078491211,-117.28912353515624,RIVERSIDE,RIVERSIDE,-117.2890853881836,33.93246841430664
92093910,2023,2023-06-14,9655,2023-06-12,1700,018444,NA,1,2,9,3300,0,1,3,NA,2,311,GILMAN SPRINGS ROAD W/B,STATE ROUTE 79 S/B TO GILMAN SPRINGS ROAD,0,NA,Y,B,-,N,NA,NA,NA,NA,NA,NA,NA,NA,NA,Y,3,0,2,3,A,-,12,21453,A,N,D,C,A,A,H,-,A,A,0,NA,NA,NA,NA,Y,NA,A,01,0,1,1,0,0,0,0,0,0,-,-,33.8455810546875,-117.00547790527344,RIVERSIDE,UNINCORPORATED,-116.99569702148438,33.84217071533203
92095055,2023,2023-06-15,9685,2023-06-06,1930,016113,NA,2,2,9,3300,0,3,5,NA,2,003,WHITE DOVE LANE,SUMMERFIELD LANE,100,W,N,B,-,N,NA,NA,NA,NA,NA,NA,NA,NA,NA,N,3,0,1,2,A,-,09,21804,A,N,D,G,A,A,H,-,A,D,0,NA,Y,NA,NA,Y,NA,L,04,0,1,0,0,0,0,1,0,0,-,-,33.554481506347656,-117.10812377929688,RIVERSIDE,UNINCORPORATED,-117.10807037353516,33.554473876953125
92097014,2023,2023-06-19,9840,2023-06-07,1535,021297,NA,3,2,9,3300,0,3,5,NA,2,004,MENIFEE RD,ELLIS AVE,0,NA,Y,A,-,N,NA,NA,NA,NA,NA,NA,NA,NA,NA,Y,4,0,1,1,A,-,08,22107,NA,N,E,I,A,A,H,-,A,D,0,NA,NA,NA,NA,Y,NA,D,22,0,0,1,0,0,0,0,0,0,-,-,33.77241897583008,-117.15644073486328,RIVERSIDE,UNINCORPORATED,-117.15641021728516,33.77212142944336
92097089,2023,2023-06-19,9840,2023-06-05,1815,019219,NA,1,2,9,3300,0,1,1,NA,2,040,I-215 SOUTHBOUND,CACTUS AVENUE,2070,N,N,A,-,Y,RIV,NA,215,NA,R,36.159,H,NA,L,N,4,0,1,2,A,-,03,22350,NA,N,C,C,A,A,H,-,A,D,0,NA,NA,NA,NA,Y,NA,D,22,0,0,1,0,0,0,0,0,0,-,-,33.913551330566406,-117.28533935546876,RIVERSIDE,UNINCORPORATED,-117.28553009033205,33.91343688964844
92098103,2023,2023-06-20,9840,2023-06-08,1627,019219,NA,4,2,7,3313,0,1,3,NA,2,020,SR-91 EASTBOUND,VAN BUREN BOULEVARD,1800,W,N,A,-,Y,RIV,NA,91,NA,NA,13.731,H,NA,R,N,4,0,1,2,A,-,03,22350,NA,N,C,C,A,A,H,-,A,D,0,NA,NA,NA,NA,Y,NA,A,01,0,0,1,0,0,0,0,0,0,-,-,33.91183853149414,-117.44680786132813,RIVERSIDE,RIVERSIDE,-117.44686889648438,33.91191101074219
92098225,2023,2023-06-20,9840,2023-06-08,1310,015444,NA,4,1,6,3345,0,1,3,NA,2,010,SR-60 W/B,I-15 N/B,1056,E,N,A,-,Y,RIV,NA,60,NA,R,0.64,H,NA,L,Y,4,0,1,1,A,-,08,22107,NA,N,F,A,A,A,H,-,A,D,0,NA,NA,NA,Y,Y,NA,G,25,0,0,1,0,0,0,0,0,0,-,-,34.021141052246094,-117.54769897460938,RIVERSIDE,JURUPA VALLEY,-117.54770660400392,34.021121978759766
92098307,2023,2023-06-21,9840,2023-06-05,1630,021943,NA,1,2,4,3344,0,1,1,NA,2,011,INTERSTATE 15 SOUTHBOUND TO LIMONITE AVENUE,LIMONITE AVENUE,40,N,N,A,-,Y,NA,NA,NA,NA,NA,NA,NA,NA,NA,N,4,0,1,2,A,-,03,22350,NA,N,C,C,A,A,H,-,A,A,0,NA,NA,NA,NA,Y,NA,A,08,0,0,1,0,0,0,0,0,0,-,-,33.97555160522461,-117.55046081542967,RIVERSIDE,EASTVALE,-117.55046081542967,33.97555160522461