CASE_ID,ACCIDENT_YEAR,PROC_DATE,JURIS,COLLISION_DATE,COLLISION_TIME,OFFICER_ID,REPORTING_DISTRICT,DAY_OF_WEEK,CHP_SHIFT,POPULATION,CNTY_CITY_LOC,SPECIAL_COND,BEAT_TYPE,CHP_BEAT_TYPE,CITY_DIVISION_LAPD,CHP_BEAT_CLASS,BEAT_NUMBER,PRIMARY_RD,SECONDARY_RD,DISTANCE,DIRECTION,INTERSECTION,WEATHER_1,WEATHER_2,STATE_HWY_IND,CALTRANS_COUNTY,CALTRANS_DISTRICT,STATE_ROUTE,ROUTE_SUFFIX,POSTMILE_PREFIX,POSTMILE,LOCATION_TYPE,RAMP_INTERSECTION,SIDE_OF_HWY,TOW_AWAY,COLLISION_SEVERITY,NUMBER_KILLED,NUMBER_INJURED,PARTY_COUNT,PRIMARY_COLL_FACTOR,PCF_CODE_OF_VIOL,PCF_VIOL_CATEGORY,PCF_VIOLATION,PCF_VIOL_SUBSECTION,HIT_AND_RUN,TYPE_OF_COLLISION,MVIW,PED_ACTION,ROAD_SURFACE,ROAD_COND_1,ROAD_COND_2,LIGHTING,CONTROL_DEVICE,CHP_ROAD_TYPE,PEDESTRIAN_ACCIDENT,BICYCLE_ACCIDENT,MOTORCYCLE_ACCIDENT,TRUCK_ACCIDENT,NOT_PRIVATE_PROPERTY,ALCOHOL_INVOLVED,STWD_VEHTYPE_AT_FAULT,CHP_VEHTYPE_AT_FAULT,COUNT_SEVERE_INJ,COUNT_VISIBLE_INJ,COUNT_COMPLAINT_PAIN,COUNT_PED_KILLED,COUNT_PED_INJURED,COUNT_BICYCLIST_KILLED,COUNT_BICYCLIST_INJURED,COUNT_MC_KILLED,COUNT_MC_INJURED,PRIMARY_RAMP,SECONDARY_RAMP,LATITUDE,LONGITUDE,COUNTY,CITY,POINT_X,POINT_Y
92430950,2024,2024-07-04,9685,2024-06-29,1405,018041,NA,6,2,5,3335,0,1,1,NA,2,030,I-15 NORTHBOUND,RANCHO CALIFORNIA ROAD,1162,N,N,A,-,Y,RIV,NA,15,NA,NA,5.201,H,NA,R,N,4,0,4,2,A,-,03,22350,NA,N,C,C,A,A,H,-,A,D,0,NA,NA,NA,NA,Y,NA,D,22,0,0,4,0,0,0,0,0,0,-,-,33.50400161743164,-117.1526107788086,RIVERSIDE,TEMECULA,-117.15264129638672,33.503990173339844
92431369,2024,2024-07-05,9630,2024-06-30,1646,020445,NA,7,2,9,3300,0,1,1,NA,2,020,BOB HOPE DRIVE,I-10 W/B TO BOB HOPE DRIVE,0,NA,Y,A,-,Y,NA,NA,NA,NA,NA,NA,NA,NA,NA,Y,4,0,2,2,A,-,12,21453,A,N,D,C,A,A,H,-,A,A,0,NA,NA,NA,NA,Y,NA,-,-,0,0,2,0,0,0,0,0,0,-,-,33.820919036865234,-116.40812683105467,RIVERSIDE,UNINCORPORATED,-116.40821838378906,33.75971984863281
92436130,2024,2024-07-11,9685,2024-07-04,240,020720,NA,4,3,5,3335,0,1,1,NA,2,030,I-15 S/B,RANCHO CALIFORNIA RD,2640,N,N,A,-,Y,RIV,NA,15,NA,NA,5.456,H,NA,L,Y,4,0,1,2,A,-,08,22107,NA,N,D,C,A,A,H,-,D,D,0,NA,NA,NA,NA,Y,NA,A,01,0,0,1,0,0,0,0,0,0,-,-,33.50730895996094,-117.15463256835938,RIVERSIDE,TEMECULA,-117.1545639038086,33.50733184814453
92442339,2024,2024-07-18,9840,2024-07-17,1450,017247,NA,3,2,7,3313,0,1,1,NA,2,040,I-215 N/B,ALESSANDRO BLVD,1663,S,N,A,-,Y,RIV,NA,215,NA,R,36.095,H,NA,R,N,4,0,1,2,A,-,03,22350,NA,N,C,C,A,A,H,-,A,D,0,NA,NA,NA,NA,Y,NA,A,01,0,0,1,0,0,0,0,0,0,-,-,33.91270065307617,-117.28453826904295,RIVERSIDE,RIVERSIDE,-117.28447723388672,33.912742614746094
92442783,2024,2024-07-18,9630,2024-07-07,1712,022321,NA,7,2,9,3300,0,1,1,NA,2,020,I-10 W/B,BOB HOPE DR,1584,E,N,A,-,Y,RIV,NA,10,NA,NA,43.315,H,NA,L,Y,3,0,4,2,A,-,08,22107,NA,N,C,C,A,A,H,-,A,D,0,NA,NA,NA,Y,Y,NA,-,-,0,4,0,0,0,0,0,0,0,-,-,33.816810607910156,-116.40438079833984,RIVERSIDE,UNINCORPORATED,-116.40441131591795,33.81678009033203
92444711,2024,2024-07-22,9840,2024-07-12,2040,023412,NA,5,2,7,3313,0,2,4,NA,2,042,VAN BUREN BOULEVARD,WASHINGTON AVENUE,20,E,N,A,-,N,NA,NA,NA,NA,NA,NA,NA,NA,NA,Y,4,0,2,3,A,-,03,22350,NA,N,C,C,A,A,H,-,A,A,0,NA,NA,NA,NA,Y,NA,A,08,0,0,2,0,0,0,0,0,0,-,-,33.88233947753906,-117.3664093017578,RIVERSIDE,RIVERSIDE,-117.36611938476563,33.882354736328125
92444713,2024,2024-07-22,9685,2024-07-16,820,016743,NA,2,1,4,3342,0,1,1,NA,2,034,I-215 SOUTHBOUND,LINNEL LANE,3168,N,N,A,-,Y,RIV,NA,215,NA,R,13.628,H,NA,L,Y,4,0,1,3,A,-,03,22350,NA,N,C,C,A,A,H,-,A,D,0,NA,NA,NA,NA,Y,NA,A,08,0,0,1,0,0,0,0,0,0,-,-,33.614158630371094,-117.17117309570313,RIVERSIDE,MURRIETA,-117.17123413085938,33.61416244506836
9248384,2021,2021-04-29,3308,2021-01-19,1648,10686,506,2,5,5,3308,0,0,0,NA,0,NORTH,GILBERT ST,MENLO AV,0,NA,Y,A,-,N,NA,NA,NA,NA,NA,NA,NA,NA,NA,Y,4,0,1,2,A,-,09,21802,A,N,D,C,A,A,H,-,A,A,0,NA,NA,NA,NA,Y,NA,D,22,0,0,1,0,0,0,0,0,0,-,-,33.75838851928711,-116.97608947753906,RIVERSIDE,HEMET,-116.9761199951172,33.75839614868164
9249960,2021,2021-05-03,3308,2021-03-30,1616,10610,296,2,5,5,3308,0,0,0,NA,0,NORTH,STATE ST,FRUITVALE AV,1795,N,N,A,-,N,NA,NA,NA,NA,NA,NA,NA,NA,NA,Y,4,0,2,2,A,-,03,22350,NA,N,C,C,A,A,H,-,A,A,0,NA,NA,NA,NA,Y,NA,A,01,0,0,2,0,0,0,0,0,0,-,-,33.76203155517578,-116.97183227539063,RIVERSIDE,HEMET,-116.97183990478516,33.766944885253906
92508924,2024,2024-07-23,9840,2024-07-07,2236,021872,NA,7,3,9,3300,0,3,5,NA,2,004,WASHINGTON BLVD,TAVA LANE,500,N,N,A,-,N,NA,NA,NA,NA,NA,NA,NA,NA,NA,Y,4,0,1,2,A,-,01,23152,A,N,C,C,A,A,H,-,D,D,0,NA,NA,NA,NA,Y,Y,D,22,0,0,1,0,0,0,0,0,0,-,-,33.88676834106445,-117.36659240722656,RIVERSIDE,UNINCORPORATED,-117.36653900146484,33.88669204711914
9251098,2021,2021-05-05,3313,2021-04-10,1830,1866,2,6,5,7,3313,0,0,0,NA,0,FT1,CANYON CREST DR,VIA ZAPATA,0,NA,Y,A,-,N,NA,NA,NA,NA,NA,NA,NA,NA,NA,N,4,0,1,2,A,-,09,21804,A,N,D,C,A,A,H,-,A,D,0,NA,NA,NA,NA,Y,NA,A,01,0,0,1,0,0,0,0,0,0,-,-,33.95219039916992,-117.32962799072266,RIVERSIDE,RIVERSIDE,-117.32975769042967,33.95217514038086
9253502,2021,2021-05-04,3313,2021-04-02,1500,1537,2,5,5,7,3313,0,0,0,NA,0,M16,ALESSANDRO BL,ARLINGTON AV,140,N,N,A,-,N,NA,NA,NA,NA,NA,NA,NA,NA,NA,Y,4,0,1,2,A,-,03,22350,NA,N,C,C,A,A,H,-,A,A,0,NA,NA,NA,NA,Y,NA,A,07,0,0,1,0,0,0,0,0,0,-,-,33.94443130493164,-117.35434722900392,RIVERSIDE,RIVERSIDE,-117.35462951660156,33.94508361816406
9253545,2021,2021-05-12,3313,2021-04-12,1700,0282,5,1,5,7,3313,0,0,0,NA,0,T48,VAN BUREN BL,RUDICILL ST,0,NA,Y,A,-,N,NA,NA,NA,NA,NA,NA,NA,NA,NA,N,4,0,1,2,A,-,12,21453,A,M,D,C,A,A,H,-,A,A,0,NA,NA,NA,NA,Y,NA,A,01,0,0,1,0,0,0,0,0,0,-,-,33.91252136230469,-117.44042205810548,RIVERSIDE,RIVERSIDE,-117.44026184082033,33.91246795654297
9254398,2021,2021-05-13,3313,2021-03-23,1844,2032,3,2,5,7,3313,0,0,0,NA,0,T72,VAN BUREN BL,COYOTE BUSH RD,210,E,N,A,-,N,NA,NA,NA,NA,NA,NA,NA,NA,NA,NA,4,0,1,2,A,-,03,22350,NA,N,C,C,A,A,H,-,B,A,0,NA,NA,NA,NA,Y,NA,A,01,0,0,1,0,0,0,0,0,0,-,-,NA,NA,RIVERSIDE,RIVERSIDE,-117.30658721923828,33.887489318847656
9255371,2021,2021-05-11,3313,2021-04-23,2057,1477,1,5,5,7,3313,0,0,0,NA,0,M27,POWELL WY,POST ST,0,NA,Y,A,-,Y,NA,NA,NA,NA,NA,NA,NA,NA,NA,NA,3,0,2,1,A,-,08,22107,NA,N,E,I,A,A,H,-,C,D,0,NA,NA,NA,NA,Y,NA,A,01,0,1,1,0,0,0,0,0,0,-,-,NA,NA,RIVERSIDE,RIVERSIDE,-117.36066436767578,34.001548767089844
9255379,2021,2021-05-11,3313,2021-04-27,1548,2034,2,2,5,7,3313,0,0,0,NA,0,T72,3RD ST,FRANKLIN AV,173,W,N,A,-,N,NA,NA,NA,NA,NA,NA,NA,NA,NA,Y,4,0,2,2,A,-,03,22350,NA,N,C,C,A,A,H,-,A,A,0,NA,NA,NA,NA,Y,NA,A,01,0,0,2,0,0,0,0,0,0,-,-,33.9829216003418,-117.3582000732422,RIVERSIDE,RIVERSIDE,-117.35898590087892,33.982948303222656
9256449,2021,2023-06-17,3309,2021-05-27,0702,332,3309,4,5,4,3309,0,0,0,NA,0,002,AVE 42,POWER POLE 1210954D,10,W,N,A,-,N,NA,NA,NA,NA,NA,NA,NA,NA,NA,N,1,1,1,3,A,-,05,21651,B,N,A,C,A,A,H,-,A,A,0,NA,NA,NA,NA,Y,NA,A,01,1,0,0,0,0,0,0,0,0,-,-,NA,NA,RIVERSIDE,INDIO,NA,NA
92595454,2024,2024-07-23,9685,2024-07-20,2225,020637,NA,6,3,9,3300,0,3,5,NA,2,003,SR-79 EASTBOUND,TEMECULA CREEK BRIDGE WEST EDGE,1000,E,N,A,-,Y,RIV,NA,79,NA,NA,7.234,H,NA,R,N,3,0,1,1,A,-,08,22107,NA,N,E,I,A,A,H,-,D,D,0,NA,NA,NA,NA,Y,NA,A,01,0,1,0,0,0,0,0,0,0,-,-,33.468910217285156,-116.93720245361328,RIVERSIDE,UNINCORPORATED,-116.93717956542967,33.46894836425781
92596674,2024,2024-07-24,9685,2024-07-21,1405,021828,NA,7,2,4,3342,0,3,5,NA,2,003,DE LUZ RD.,VIA VAQUERO RD.,528,W,N,A,-,N,NA,NA,NA,NA,NA,NA,NA,NA,NA,Y,3,0,1,2,A,-,05,21460,NA,N,F,A,A,A,H,-,A,D,0,NA,NA,Y,NA,Y,NA,A,08,0,1,0,0,0,0,0,0,1,-,-,33.504859924316406,-117.22418212890624,RIVERSIDE,MURRIETA,-117.22415161132813,33.50485610961914
9260601,2021,2021-06-18,3313,2021-05-26,1828,1830,2,3,5,7,3313,0,0,0,NA,0,T41,MARTIN LUTHER KING BL,CANYON CREST DR,0,NA,Y,A,-,N,NA,NA,NA,NA,NA,NA,NA,NA,NA,NA,4,0,1,3,A,-,03,22350,NA,N,C,C,A,A,H,-,A,A,0,NA,NA,NA,NA,Y,NA,A,01,0,0,1,0,0,0,0,0,0,-,-,33.9682502746582,-117.33103942871094,RIVERSIDE,RIVERSIDE,-117.33113861083984,33.968177795410156
9260605,2021,2021-06-17,3313,2021-05-25,1500,0282,5,2,5,7,3313,0,0,0,NA,0,T48,COLLETT AV,PIERCE ST,215,E,N,A,-,N,NA,NA,NA,NA,NA,NA,NA,NA,NA,Y,4,0,2,2,A,-,03,22350,NA,N,C,C,A,A,H,-,A,A,0,NA,NA,NA,NA,Y,NA,A,01,0,0,2,0,0,0,0,0,0,-,-,33.90309143066406,-117.49745941162108,RIVERSIDE,RIVERSIDE,-117.49715423583984,33.90348815917969
9260650,2021,2021-08-10,3313,2021-06-07,2045,2031,5,1,5,7,3313,0,0,0,NA,0,T43,TYLER ST,MAGNOLIA AV,383,N,N,A,-,N,NA,NA,NA,NA,NA,NA,NA,NA,NA,NA,4,0,2,2,A,-,09,21804,A,N,D,C,A,A,H,-,C,A,0,NA,NA,Y,NA,Y,NA,A,01,0,0,2,0,0,0,0,0,1,-,-,33.91143035888672,-117.46199798583984,RIVERSIDE,RIVERSIDE,-117.46212768554688,33.91279220581055
9264492,2021,2021-05-26,3300,2021-04-04,1410,N3642,020C,7,5,6,3345,0,0,0,NA,0,022,BELLEGRAVE AV,ETIWANDA AV,0,NA,Y,A,-,N,NA,NA,NA,NA,NA,NA,NA,NA,NA,N,4,0,1,2,A,-,09,21453,C,N,A,C,A,A,H,-,A,A,0,NA,NA,NA,NA,Y,NA,A,01,0,0,1,0,0,0,0,0,0,-,-,33.99924850463867,-117.5238800048828,RIVERSIDE,JURUPA VALLEY,-117.5239715576172,33.999427795410156
9267528,2021,2021-05-21,3309,2021-03-29,1459,126,3309,1,5,4,3309,0,0,0,NA,0,002,JACKSON ST,MARKET ST,28,S,N,A,-,N,NA,NA,NA,NA,NA,NA,NA,NA,NA,Y,4,0,1,1,C,-,18,NA,NA,N,E,I,A,A,H,-,A,A,0,NA,NA,NA,NA,Y,NA,-,-,0,0,1,0,0,0,0,0,0,-,-,NA,NA,RIVERSIDE,INDIO,-116.21630859375,33.72575378417969
9269008,2021,2021-06-01,3313,2021-03-21,0054,1882,1,7,5,7,3313,0,0,0,NA,0,1R19,MAIN ST,GARNER RD S,20,S,N,A,-,N,NA,NA,NA,NA,NA,NA,NA,NA,NA,N,3,0,1,2,A,-,03,22350,NA,N,C,C,A,A,H,-,C,D,0,NA,NA,NA,Y,Y,NA,A,01,0,1,0,0,0,0,0,0,0,-,-,34.013240814208984,-117.3621063232422,RIVERSIDE,RIVERSIDE,-117.36297607421876,34.014556884765625
9269349,2021,2021-06-01,3313,2021-05-02,1158,1869,5,7,5,7,3313,0,0,0,NA,0,2R51,DIANA AV,BANBURY DR,312,W,N,-,-,N,NA,NA,NA,NA,NA,NA,NA,NA,NA,N,4,0,3,2,A,-,09,21804,A,N,D,C,A,A,H,-,A,A,0,NA,NA,NA,NA,Y,NA,A,01,0,0,3,0,0,0,0,0,0,-,-,33.90470886230469,-117.46070861816406,RIVERSIDE,RIVERSIDE,-117.46167755126952,33.90395736694336
9269629,2021,2021-06-10,3308,2021-04-15,1825,10801,527,4,5,5,3308,0,0,0,NA,0,SOUTH,ACACIA AV,HARVARD ST,0,NA,Y,A,-,N,NA,NA,NA,NA,NA,NA,NA,NA,NA,Y,4,0,1,2,A,-,03,22350,NA,N,D,C,A,A,H,-,B,D,0,NA,NA,NA,NA,Y,NA,A,01,0,0,1,0,0,0,0,0,0,-,-,33.743900299072266,-116.97046661376952,RIVERSIDE,HEMET,-116.97057342529295,33.7439079284668
92726355,2024,2024-07-26,9655,2024-07-23,1624,018677,NA,2,2,9,3300,0,1,3,NA,2,315,STATE ROUTE 79 (WINCHESTER ROAD),CATLIN AVENUE,0,NA,Y,A,-,Y,RIV,NA,79,NA,R,18.836,H,NA,R,Y,4,0,2,2,A,-,03,22350,NA,N,C,C,A,A,H,-,A,D,0,NA,NA,NA,NA,Y,NA,A,07,0,0,2,0,0,0,0,0,0,-,-,33.735408782958984,-117.07628631591795,RIVERSIDE,UNINCORPORATED,-117.07635498046876,33.735408782958984
92726390,2024,2024-07-26,9655,2024-07-24,1510,018677,NA,3,2,9,3300,0,1,3,NA,1,314,STATE ROUTE 74 (FLORIDA AVENUE),NEW CHICAGO AVENUE,20,E,N,A,-,Y,RIV,NA,74,NA,NA,44.411,H,NA,R,Y,2,0,1,2,A,-,03,22350,NA,N,C,C,A,A,G,-,A,A,0,NA,NA,Y,NA,Y,NA,C,02,1,0,0,0,0,0,0,0,1,-,-,33.74782943725586,-116.90519714355467,RIVERSIDE,UNINCORPORATED,-116.90519714355467,33.74775695800781
92726501,2024,2024-07-26,9840,2024-07-16,410,021862,NA,2,3,6,3345,0,1,3,NA,2,010,SR-60 W/B TO PEDLEY RD OFF RAMP,PEDLEY RD,100,E,N,A,-,Y,NA,NA,NA,NA,NA,NA,NA,NA,NA,N,2,0,1,1,A,-,08,22107,NA,N,F,A,A,A,H,-,C,D,0,NA,NA,Y,NA,Y,NA,C,02,1,0,0,0,0,0,0,0,1,-,-,34.01993942260742,-117.48011779785156,RIVERSIDE,JURUPA VALLEY,-117.48300933837892,34.019588470458984
92726539,2024,2024-07-26,9630,2024-07-18,2050,021652,NA,4,2,9,3300,0,1,3,NA,2,015,I-10 E/B TO SR-62 E/B,I-10 E/B,528,N,N,A,-,Y,RIV,NA,62,NA,NA,0.303,H,NA,R,Y,4,0,2,1,A,-,08,22107,NA,N,E,8,A,A,H,-,D,D,0,NA,NA,NA,NA,Y,NA,A,07,0,0,2,0,0,0,0,0,0,-,-,33.91822814941406,-116.60163879394533,RIVERSIDE,UNINCORPORATED,-116.6016845703125,33.918235778808594
9273690,2021,2021-06-23,3309,2021-05-15,2321,2012,3309,6,5,4,3309,0,0,0,NA,0,005,INDIO BL,CLINTON ST,800,W,N,A,G,N,NA,NA,NA,NA,NA,NA,NA,NA,NA,N,4,0,1,2,A,-,08,22107,NA,N,B,C,A,A,H,-,C,A,0,NA,NA,NA,NA,Y,NA,A,01,0,0,1,0,0,0,0,0,0,-,-,NA,NA,RIVERSIDE,INDIO,-116.24493408203124,33.735198974609375
9274580,2021,2021-06-30,3308,2021-06-09,1915,10686,516,3,5,5,3308,0,0,0,NA,0,NORTH,GILBERT ST,LATHAM AV,0,NA,Y,A,-,N,NA,NA,NA,NA,NA,NA,NA,NA,NA,Y,4,0,1,2,A,-,09,21802,A,N,D,C,A,A,H,-,A,A,0,NA,NA,NA,NA,Y,NA,A,01,0,0,1,0,0,0,0,0,0,-,-,33.74934005737305,-116.9761199951172,RIVERSIDE,HEMET,-116.97604370117188,33.749332427978516
9276988,2021,2021-06-08,3309,2021-03-24,1815,2011,3309,3,5,4,3309,0,0,0,NA,0,004,AVE 46,DUQUESNE ST,7.1,W,N,A,-,N,NA,NA,NA,NA,NA,NA,NA,NA,NA,N,2,0,1,2,A,-,12,22450,A,N,G,G,A,A,H,-,B,A,0,NA,Y,NA,NA,Y,NA,A,01,1,0,0,0,0,0,1,0,0,-,-,NA,NA,RIVERSIDE,INDIO,-116.25626373291016,33.71466064453125
9277181,2021,2021-06-09,3308,2021-04-26,0809,10686,517,1,5,5,3308,0,0,0,NA,0,NORTH,BUENA VISTA ST,DATE ST,8,S,N,A,-,N,NA,NA,NA,NA,NA,NA,NA,NA,NA,N,4,0,1,2,A,-,09,21802,A,N,D,C,A,B,H,-,A,A,0,NA,NA,NA,NA,Y,NA,A,01,0,0,1,0,0,0,0,0,0,-,-,33.7529411315918,-116.96739959716795,RIVERSIDE,HEMET,-116.96736907958984,33.75295639038086
9277182,2021,2021-06-09,3308,2021-04-10,2039,10801,544,6,5,5,3308,0,0,0,NA,0,SOUTH,SANDERSON AV,STETSON AV,205,S,N,A,-,N,NA,NA,NA,NA,NA,NA,NA,NA,NA,Y,4,0,2,2,A,-,03,22350,NA,N,C,C,A,A,H,-,C,D,0,NA,NA,NA,NA,Y,NA,A,01,0,0,2,0,0,0,0,0,0,-,-,33.72930145263672,-117.00660705566406,RIVERSIDE,HEMET,-117.00666809082033,33.72880935668945
9279633,2021,2021-06-23,3308,2021-05-12,1536,10515,564,3,5,5,3308,0,0,0,NA,0,SOUTH,MUSTANG WY,REXFORD DR,0,NA,Y,A,-,N,NA,NA,NA,NA,NA,NA,NA,NA,NA,Y,3,0,1,2,A,-,09,21802,A,N,D,C,A,A,H,-,A,A,0,NA,NA,NA,NA,Y,NA,A,07,0,1,0,0,0,0,0,0,0,-,-,33.719749450683594,-117.0121612548828,RIVERSIDE,HEMET,-117.01210784912108,33.71976089477539
9280555,2021,2021-08-18,3313,2021-06-04,0732,1502,5,5,5,7,3313,0,0,0,NA,0,M14,MAGNOLIA AV,BUCHANAN ST,40,W,N,A,-,NA,NA,NA,NA,NA,NA,NA,NA,NA,NA,Y,4,0,1,2,A,-,03,22350,NA,N,C,C,A,A,H,-,A,A,0,NA,NA,NA,NA,Y,NA,D,22,0,0,1,0,0,0,0,0,0,-,-,33.890899658203125,-117.4985580444336,RIVERSIDE,RIVERSIDE,-117.49861907958984,33.890750885009766
9282771,2021,2021-07-20,3313,2021-06-28,1614,1827,4,1,5,7,3313,0,0,0,NA,0,T43,LINCOLN AV,ST LAWRENCE ST,0,NA,Y,A,-,N,NA,NA,NA,NA,NA,NA,NA,NA,NA,NA,3,0,2,2,A,-,09,21801,A,N,A,C,A,A,H,-,A,A,0,NA,NA,NA,NA,Y,NA,A,01,0,1,1,0,0,0,0,0,0,-,-,33.92169952392578,-117.41088104248048,RIVERSIDE,RIVERSIDE,-117.41041564941406,33.92268371582031
9283752,2021,2021-07-29,3301,2021-06-03,1918,U457,2,4,5,4,3301,0,0,0,NA,0,002,W RAMSEY ST,UTILITY POLE  #6255,185,E,N,A,-,N,NA,NA,NA,NA,NA,NA,NA,NA,NA,Y,4,0,2,2,A,-,09,21804,A,N,D,C,A,A,H,-,A,D,0,NA,NA,NA,NA,Y,NA,A,01,0,0,2,0,0,0,0,0,0,-,-,33.925048828125,-116.89733123779295,RIVERSIDE,BANNING,NA,NA
9284953,2021,2021-06-24,3313,2021-05-02,1356,2041,4,7,5,7,3313,0,0,0,NA,0,T48,VAN BUREN BL,PHILBIN AV,0,NA,Y,A,-,N,NA,NA,NA,NA,NA,NA,NA,NA,NA,Y,4,0,1,2,A,-,12,21453,A,N,D,C,A,A,H,-,A,A,0,NA,NA,NA,NA,Y,NA,A,01,0,0,1,0,0,0,0,0,0,-,-,33.93907165527344,-117.45387268066406,RIVERSIDE,RIVERSIDE,-117.45409393310548,33.93897247314453
9287191,2021,2021-08-18,3313,2021-07-20,0743,1222,1,2,5,7,3313,0,0,0,NA,0,M36,MAGNOLIA AV,CHAPMAN PL,0,NA,Y,A,-,N,NA,NA,NA,NA,NA,NA,NA,NA,NA,Y,4,0,1,3,A,-,09,21802,A,N,A,C,A,A,H,-,A,D,0,NA,NA,NA,NA,Y,NA,A,01,0,0,1,0,0,0,0,0,0,-,-,33.967628479003906,-117.38629913330078,RIVERSIDE,RIVERSIDE,-117.3865203857422,33.968807220458984
9290027,2021,2021-09-14,3313,2021-07-11,0723,2034,3,7,5,7,3313,0,0,0,NA,0,2R37,MISSION GROVE PKWY S,MISSION VILLAGE DR,4,N,N,A,-,N,NA,NA,NA,NA,NA,NA,NA,NA,NA,Y,4,0,1,2,A,-,12,21453,A,N,E,J,A,A,H,-,A,A,0,NA,NA,NA,NA,Y,NA,-,-,0,0,1,0,0,0,0,0,0,-,-,33.91313171386719,-117.32405090332033,RIVERSIDE,RIVERSIDE,-117.32413482666016,33.91307067871094
9306658,2021,2021-09-13,3313,2021-05-25,1245,1026,2,2,5,7,3313,0,0,0,NA,0,T52,CHICAGO AV,SPRUCE ST,440,N,N,A,-,N,NA,NA,NA,NA,NA,NA,NA,NA,NA,NA,3,0,1,2,A,-,05,21650,1,N,D,G,A,A,H,-,A,D,0,NA,Y,NA,NA,Y,NA,L,04,0,1,0,0,0,0,1,0,0,-,-,33.990421295166016,-117.34853363037108,RIVERSIDE,RIVERSIDE,-117.34854125976563,33.99151611328125
9307538,2021,2021-09-20,3313,2021-08-07,2343,2041,3,6,5,7,3313,0,0,0,NA,0,1R35,TRAUTWEIN RD,VAN BUREN BL,0,NA,Y,A,-,N,NA,NA,NA,NA,NA,NA,NA,NA,NA,N,3,0,1,2,A,-,09,21453,C,M,D,C,A,A,H,-,C,D,0,NA,NA,NA,NA,Y,NA,A,07,0,1,0,0,0,0,0,0,0,-,-,33.8884391784668,-117.32430267333984,RIVERSIDE,RIVERSIDE,-117.32424926757813,33.888519287109375
9308138,2021,2021-09-24,3300,2021-08-11,2136,5632,916C,3,5,4,3312,0,0,0,NA,0,034,4TH ST,PARK AV,0,NA,Y,A,-,N,NA,NA,NA,NA,NA,NA,NA,NA,NA,N,3,0,1,4,A,-,03,22350,NA,F,C,E,E,A,H,-,C,D,0,Y,NA,NA,NA,Y,NA,A,01,0,1,0,0,1,0,0,0,0,-,-,33.782379150390625,-117.23692321777344,RIVERSIDE,PERRIS,-117.23693084716795,33.7823371887207
93097491,2024,2024-08-01,9840,2024-07-18,2144,023816,NA,4,2,6,3315,0,1,3,NA,2,030,SR-91 E/B,GREEN RIVER RD,2436,W,N,A,-,Y,RIV,NA,91,NA,R,0.566,H,NA,R,Y,4,0,1,2,A,-,03,22350,NA,N,C,C,A,A,H,-,C,D,0,NA,NA,Y,NA,Y,NA,A,01,0,0,1,0,0,0,0,0,1,-,-,33.873680114746094,-117.66329956054688,RIVERSIDE,CORONA,-117.66333770751952,33.87370681762695
9312450,2021,2021-09-14,3313,2021-07-06,1532,0282,4,2,5,7,3313,0,0,0,NA,0,T48,DIAMOND ST,BUNKER ST,275,E,N,A,-,N,NA,NA,NA,NA,NA,NA,NA,NA,NA,NA,4,0,1,2,A,-,08,22107,NA,N,D,C,A,A,H,-,A,D,0,NA,NA,NA,NA,Y,NA,-,-,0,0,1,0,0,0,0,0,0,-,-,33.933860778808594,-117.40038299560548,RIVERSIDE,RIVERSIDE,-117.39949798583984,33.93409729003906
9313096,2021,2021-10-09,3313,2021-08-11,0745,1641,3,3,5,7,3313,0,0,0,NA,0,NA,ALESSANDRO BL,COMMERCIAL CENTER,0,NA,Y,A,-,N,NA,NA,NA,NA,NA,NA,NA,NA,NA,Y,4,0,1,2,A,-,12,21453,A,N,A,C,A,A,H,-,A,A,0,NA,NA,NA,NA,Y,NA,A,01,0,0,1,0,0,0,0,0,0,-,-,33.92572021484375,-117.33956909179688,RIVERSIDE,RIVERSIDE,NA,NA
9313768,2021,2021-09-22,3313,2021-08-14,1131,1830,2,6,5,7,3313,0,0,0,NA,0,T41,SPRUCE ST,KANSAS AV,0,NA,Y,A,-,N,NA,NA,NA,NA,NA,NA,NA,NA,NA,N,3,0,2,2,A,-,12,21453,A,N,D,C,A,A,H,-,A,A,0,NA,NA,NA,NA,Y,NA,-,-,0,1,1,0,0,0,0,0,0,-,-,33.99007034301758,-117.3572006225586,RIVERSIDE,RIVERSIDE,-117.35720825195313,33.990238189697266
9314773,2021,2021-09-10,3300,2021-07-23,1440,6910,002D,5,5,6,3345,0,0,0,NA,0,020,GALENA ST,FELSPAR ST,0,NA,Y,A,-,NA,NA,NA,NA,NA,NA,NA,NA,NA,NA,NA,4,0,1,2,D,-,00,NA,NA,N,D,C,A,A,H,-,A,A,0,NA,NA,NA,NA,Y,NA,-,-,0,0,1,0,0,0,0,0,0,-,-,34.004638671875,-117.48406219482422,RIVERSIDE,JURUPA VALLEY,-117.48416137695313,34.004493713378906