CASE_ID,ACCIDENT_YEAR,PROC_DATE,JURIS,COLLISION_DATE,COLLISION_TIME,OFFICER_ID,REPORTING_DISTRICT,DAY_OF_WEEK,CHP_SHIFT,POPULATION,CNTY_CITY_LOC,SPECIAL_COND,BEAT_TYPE,CHP_BEAT_TYPE,CITY_DIVISION_LAPD,CHP_BEAT_CLASS,BEAT_NUMBER,PRIMARY_RD,SECONDARY_RD,DISTANCE,DIRECTION,INTERSECTION,WEATHER_1,WEATHER_2,STATE_HWY_IND,CALTRANS_COUNTY,CALTRANS_DISTRICT,STATE_ROUTE,ROUTE_SUFFIX,POSTMILE_PREFIX,POSTMILE,LOCATION_TYPE,RAMP_INTERSECTION,SIDE_OF_HWY,TOW_AWAY,COLLISION_SEVERITY,NUMBER_KILLED,NUMBER_INJURED,PARTY_COUNT,PRIMARY_COLL_FACTOR,PCF_CODE_OF_VIOL,PCF_VIOL_CATEGORY,PCF_VIOLATION,PCF_VIOL_SUBSECTION,HIT_AND_RUN,TYPE_OF_COLLISION,MVIW,PED_ACTION,ROAD_SURFACE,ROAD_COND_1,ROAD_COND_2,LIGHTING,CONTROL_DEVICE,CHP_ROAD_TYPE,PEDESTRIAN_ACCIDENT,BICYCLE_ACCIDENT,MOTORCYCLE_ACCIDENT,TRUCK_ACCIDENT,NOT_PRIVATE_PROPERTY,ALCOHOL_INVOLVED,STWD_VEHTYPE_AT_FAULT,CHP_VEHTYPE_AT_FAULT,COUNT_SEVERE_INJ,COUNT_VISIBLE_INJ,COUNT_COMPLAINT_PAIN,COUNT_PED_KILLED,COUNT_PED_INJURED,COUNT_BICYCLIST_KILLED,COUNT_BICYCLIST_INJURED,COUNT_MC_KILLED,COUNT_MC_INJURED,PRIMARY_RAMP,SECONDARY_RAMP,LATITUDE,LONGITUDE,COUNTY,CITY,POINT_X,POINT_Y
6551440,2014,2014-07-31,3300,2014-05-23,1656,N4654,910B,5,5,5,3335,0,0,0,NA,0,063,WINCHESTER RD,RORIPAUGH RD,190,E,N,A,-,N,NA,NA,NA,NA,NA,NA,NA,NA,NA,N,4,0,1,3,A,-,03,22350,NA,N,C,C,A,A,H,-,A,D,0,NA,NA,NA,NA,Y,NA,D,22,0,0,1,0,0,0,0,0,0,-,-,NA,NA,RIVERSIDE,TEMECULA,-117.14821054,33.53404452
6552735,2014,2014-07-31,3300,2014-05-14,0607,4837,002J,3,5,6,3345,0,0,0,NA,0,022,ETIWANDA AV,MISSION BL,614,N,N,A,-,N,NA,NA,NA,NA,NA,NA,NA,NA,NA,N,4,0,1,5,A,-,03,22350,NA,N,C,C,A,A,H,-,A,A,0,NA,NA,NA,NA,Y,NA,-,NA,0,0,1,0,0,0,0,0,0,-,-,NA,NA,RIVERSIDE,JURUPA VALLEY,-117.5245,34.01807
6552749,2014,2014-07-22,3300,2014-04-30,0808,4586,002G,3,5,6,3345,0,0,0,NA,0,022,ETIWANDA AV,INLAND AV,0,NA,Y,A,-,N,NA,NA,NA,NA,NA,NA,NA,NA,NA,Y,4,0,3,3,A,-,09,21801,A,N,D,C,A,A,H,-,A,D,0,NA,NA,NA,Y,Y,NA,A,01,0,0,3,0,0,0,0,0,0,-,-,NA,NA,RIVERSIDE,JURUPA VALLEY,-117.52441006,34.03033004
6557777,2014,2014-08-13,3300,2014-06-09,0209,3212,905M,1,5,4,3307,0,0,0,NA,0,093,LAKESHORE DR,ILLINOIS ST,0,NA,Y,A,-,N,NA,NA,NA,NA,NA,NA,NA,NA,NA,N,3,0,1,2,A,-,12,22450,A,N,D,G,A,A,H,-,C,A,0,NA,Y,NA,NA,Y,NA,L,04,0,1,0,0,0,0,1,0,0,-,-,NA,NA,RIVERSIDE,LAKE ELSINORE,-117.36519006,33.68389003
6557789,2014,2016-04-16,3300,2014-05-31,1731,4254,905K,6,5,4,3307,0,0,0,NA,0,094,RIVERSIDE DR,BAKER ST,0,NA,Y,A,-,Y,RIV,8,74,-,R,15.32,H,-,E,Y,3,0,2,4,A,-,05,21460,A,N,B,C,A,A,H,-,A,D,0,NA,NA,NA,NA,Y,NA,D,22,0,2,0,0,0,0,0,0,0,-,-,NA,NA,RIVERSIDE,LAKE ELSINORE,-117.350287,33.69145481
6558526,2014,2014-08-13,3300,2014-05-29,1016,4323,910N,4,5,5,3335,0,0,0,NA,0,064,MARGARITA RD,SAN FERMIN PL,0,NA,Y,A,-,N,NA,NA,NA,NA,NA,NA,NA,NA,NA,Y,4,0,1,2,A,-,09,21802,A,N,D,C,A,A,H,-,A,A,0,NA,NA,NA,NA,Y,NA,A,01,0,0,1,0,0,0,0,0,0,-,-,NA,NA,RIVERSIDE,TEMECULA,-117.11064012,33.49050005
6558538,2014,2014-08-13,3300,2014-05-18,1035,4009,910L,7,5,5,3335,0,0,0,NA,0,064,RANCHO CALIFORNIA RD,VINTAGE HILLS DR,291,W,N,A,-,N,NA,NA,NA,NA,NA,NA,NA,NA,NA,N,3,0,1,3,A,-,08,22107,NA,N,E,C,A,A,H,-,A,D,0,NA,NA,NA,NA,Y,NA,A,01,0,1,0,0,0,0,0,0,0,-,-,NA,NA,RIVERSIDE,TEMECULA,-117.1016247,33.51555765
6558703,2014,2016-04-30,9840,2014-07-07,0940,018727,NA,1,1,6,3394,0,1,3,NA,2,025,RT 60,HEACOCK ST,45,W,N,A,-,Y,RIV,8,60,-,-,14.036,R,1,E,N,4,0,1,3,A,-,03,22350,NA,N,C,C,A,A,H,-,A,A,1,NA,NA,NA,NA,Y,NA,A,07,0,0,1,0,0,0,0,0,0,TO,-,33.94075,-117.24412,RIVERSIDE,MORENO VALLEY,-117.26666842,33.9406789
6560092,2014,2014-08-21,3313,2014-07-02,1526,1222,WEST,3,5,7,3313,0,0,0,NA,0,T41,SIERRA VISTA AV,PIERCE ST,98,N,N,A,-,N,NA,NA,NA,NA,NA,NA,NA,NA,NA,NA,3,0,1,1,A,-,08,22107,NA,N,E,I,A,A,H,-,A,A,0,NA,NA,NA,NA,Y,NA,A,08,0,1,0,0,0,0,0,0,0,-,-,NA,NA,RIVERSIDE,RIVERSIDE,-117.49946261,33.914128410000004
6560637,2014,2015-03-12,3311,2014-06-15,0835,15789,3311,7,5,4,3311,0,0,0,NA,0,002,E SAN RAFAEL DR,HERMOSA DR,143,W,N,A,-,N,NA,NA,NA,NA,NA,NA,NA,NA,NA,N,3,0,2,2,A,-,09,21804,A,N,D,C,A,A,H,-,A,D,0,NA,NA,NA,NA,Y,NA,A,01,0,1,1,0,0,0,0,0,0,-,-,NA,NA,RIVERSIDE,PALM SPRINGS,-116.53289913,33.85953
6561454,2014,2016-05-05,9685,2014-07-14,1815,12752,NA,1,2,4,3342,0,1,1,NA,2,034,RT 215,SCOTT RD,1320,S,N,A,-,Y,RIV,8,215,-,R,15.27,H,-,N,Y,4,0,1,3,A,-,03,22350,NA,N,C,C,A,A,H,-,A,D,1,NA,NA,NA,NA,Y,NA,A,01,0,0,1,0,0,0,0,0,0,-,-,NA,NA,RIVERSIDE,MURRIETA,-117.17105079,33.6379824
6561458,2014,2016-05-09,9685,2014-07-13,0900,015757,NA,7,1,5,3335,0,1,1,NA,2,030,RT 15,TEMECULA PKWY,5280,S,N,A,-,Y,RIV,8,15,-,-,2.42,H,-,S,Y,4,0,5,1,A,-,08,22107,NA,N,E,I,A,A,H,-,A,D,1,NA,NA,NA,NA,Y,NA,A,08,0,0,5,0,0,0,0,0,0,-,-,33.46785,-117.13659,RIVERSIDE,TEMECULA,-117.13657313,33.46674584
6561590,2014,2016-04-30,9685,2014-07-13,1545,012453,NA,7,2,9,3300,0,1,3,NA,2,011,RT 74,GRAND AV,17952,W,N,A,-,Y,RIV,8,74,-,-,8.36,H,-,E,Y,4,0,1,1,A,-,03,22350,NA,N,F,I,A,A,H,-,A,D,0,NA,NA,Y,NA,Y,NA,C,02,0,0,1,0,0,0,0,0,1,-,-,33.6502,-117.3902,RIVERSIDE,UNINCORPORATED,-117.38920096,33.64979768
6562801,2014,2014-08-12,3300,2014-06-26,1259,4996,602D2,4,5,6,3394,0,0,0,NA,0,026,PERRIS BL,DRACAEA AV,80,N,N,A,-,N,NA,NA,NA,NA,NA,NA,NA,NA,NA,N,4,0,2,2,A,-,03,22350,NA,N,C,C,A,A,H,-,A,A,0,NA,NA,NA,NA,Y,NA,A,01,0,0,2,0,0,0,0,0,0,-,-,NA,NA,RIVERSIDE,MORENO VALLEY,-117.22628,33.92837915
6564781,2014,2015-03-21,3300,2014-05-15,2357,4000,508A,4,5,5,3341,0,0,0,NA,0,058,HAUN RD,HOLLAND RD,0,NA,Y,A,-,N,NA,NA,NA,NA,NA,NA,NA,NA,NA,Y,3,0,1,1,A,-,03,22350,NA,N,F,I,A,A,G,-,D,D,0,NA,NA,NA,NA,Y,NA,A,01,0,1,0,0,0,0,0,0,0,-,-,NA,NA,RIVERSIDE,MENIFEE,-117.17568,33.67042009
6565127,2014,2014-09-03,3300,2014-06-21,1152,3266,602C4,6,5,6,3394,0,0,0,NA,0,MV24,ALESSANDRO BL,FREDERICK ST,336,W,N,A,-,N,NA,NA,NA,NA,NA,NA,NA,NA,NA,N,3,0,1,3,A,-,03,22350,NA,N,C,-,A,A,H,-,A,A,0,NA,NA,NA,NA,Y,NA,-,NA,0,1,0,0,0,0,0,0,0,-,-,NA,NA,RIVERSIDE,MORENO VALLEY,-117.26223367,33.91725506
6567784,2014,2016-04-30,9840,2014-07-05,1115,017162,NA,6,1,6,3315,0,1,3,NA,2,031,RT 91,MAIN ST,500,E,N,A,-,Y,RIV,8,91,-,-,6.47,H,-,E,Y,4,0,1,4,C,-,18,NA,NA,N,B,C,A,A,H,-,A,D,1,NA,NA,NA,NA,Y,NA,-,-,0,0,1,0,0,0,0,0,0,-,-,33.12786,-117.12389,RIVERSIDE,CORONA,-117.56374814,33.87974182
6567835,2014,2016-04-29,9840,2014-07-04,0232,18849,NA,5,3,4,3310,0,1,1,NA,2,011,RT 15,HIDDEN VALLEY PKWY,550,N,N,A,-,Y,RIV,8,15,-,-,43.079,R,2,S,Y,3,0,1,1,A,-,01,23152,A,N,E,I,A,A,H,-,D,D,1,NA,NA,NA,NA,Y,Y,A,01,0,1,0,0,0,0,0,0,0,-,-,NA,NA,RIVERSIDE,NORCO,-117.56044421,33.90158779
6570163,2014,2014-09-03,3300,2014-06-13,1730,3613,506C,5,5,5,3341,0,0,0,NA,0,056,BRADLEY RD,LA PIEDRA RD,0,NA,Y,A,-,N,NA,NA,NA,NA,NA,NA,NA,NA,NA,Y,4,0,2,2,A,-,12,21453,A,N,D,C,A,A,H,-,A,A,0,NA,NA,NA,NA,Y,NA,-,-,0,0,2,0,0,0,0,0,0,-,-,NA,NA,RIVERSIDE,MENIFEE,-117.18867011,33.67772001
6570167,2014,2014-08-26,3300,2014-06-17,1249,N3558,916D,2,5,4,3312,0,0,0,NA,0,393,D ST,SAN JACINTO AV,167,N,N,A,-,N,NA,NA,NA,NA,NA,NA,NA,NA,NA,Y,3,0,3,2,A,-,03,22350,NA,F,C,C,A,-,D,-,A,A,0,NA,NA,NA,NA,Y,NA,A,01,0,2,1,0,0,0,0,0,0,-,-,NA,NA,RIVERSIDE,PERRIS,-117.22821,33.78656
6570813,2014,2016-05-05,9685,2014-07-18,1740,16884,NA,5,2,5,3341,0,1,1,NA,2,020,RT 215,NEWPORT RD,200,S,N,A,-,Y,RIV,8,215,-,R,18.48,H,-,S,Y,4,0,2,3,A,-,03,22350,NA,N,C,C,A,A,B,-,A,D,1,NA,NA,NA,NA,Y,NA,A,01,0,0,2,0,0,0,0,0,0,-,-,33.68212,-117.1752,RIVERSIDE,MENIFEE,-117.17136298,33.68452987
6570927,2014,2016-05-09,9840,2014-07-20,0250,19813,NA,7,3,9,3300,0,1,1,NA,2,037,RT 15,NICHOLS RD,2423,S,N,A,-,Y,RIV,8,15,-,-,23.39,H,-,N,Y,3,0,1,2,A,-,01,23152,A,N,C,E,A,A,H,-,D,D,1,NA,NA,NA,NA,Y,Y,D,22,0,1,0,0,0,0,0,0,0,-,-,33.53374,-117.21115,RIVERSIDE,UNINCORPORATED,-117.35205696,33.70257123
6571884,2014,2014-08-06,3300,2014-06-28,1954,4439,20C5,6,5,6,3345,0,0,0,NA,0,020,PEDLEY RD,GALENA,53,N,N,A,-,N,NA,NA,NA,NA,NA,NA,NA,NA,NA,N,4,0,2,2,A,-,12,22450,A,N,D,C,A,A,H,-,B,D,0,NA,NA,NA,NA,Y,NA,A,01,0,0,2,0,0,0,0,0,0,-,-,NA,NA,RIVERSIDE,JURUPA VALLEY,-117.47544948,34.00468523
6572044,2014,2014-08-09,3300,2014-04-19,0128,3831,901B,6,5,4,3310,0,0,0,NA,0,050,HAMNER AV,CITRUS ST,23,N,N,A,-,N,NA,NA,NA,NA,NA,NA,NA,NA,NA,N,3,0,1,1,A,-,01,23152,A,N,-,I,A,A,H,-,C,D,0,NA,NA,NA,NA,Y,Y,A,01,0,1,0,0,0,0,0,0,0,-,-,NA,NA,RIVERSIDE,NORCO,-117.55833,33.95188303
6572648,2014,2014-08-28,9840,2014-07-06,1648,018727,NA,7,2,9,3300,0,3,5,NA,2,003,DE PALMA RD,INDIAN TRUCK TRL,900,S,N,A,-,N,NA,NA,NA,NA,NA,NA,NA,NA,NA,Y,3,0,1,1,A,-,01,23152,A,N,E,I,A,A,H,-,A,D,0,NA,NA,NA,NA,Y,Y,D,22,0,1,0,0,0,0,0,0,0,-,-,33.74713,-117.45096,RIVERSIDE,UNINCORPORATED,-117.45303507,33.74609193
6574973,2014,2014-08-29,3313,2014-07-19,1427,523,WEST,6,5,7,3313,0,0,0,NA,0,T44,HOLE AV,COUNTY CIRCLE DR,0,NA,Y,A,-,N,NA,NA,NA,NA,NA,NA,NA,NA,NA,N,4,0,2,2,A,-,09,21801,A,N,D,C,A,A,H,-,A,A,0,NA,NA,NA,NA,Y,NA,A,01,0,0,2,0,0,0,0,0,0,-,-,NA,NA,RIVERSIDE,RIVERSIDE,-117.46139006,33.9147701
6574985,2014,2014-08-29,3313,2014-07-24,1921,399,NORTH,4,5,7,3313,0,0,0,NA,0,M18,LOCUST ST,UNIVERSITY AV,0,NA,Y,A,-,N,NA,NA,NA,NA,NA,NA,NA,NA,NA,Y,4,0,3,2,A,-,09,21802,A,N,D,C,A,A,H,-,B,A,0,NA,NA,NA,NA,Y,NA,A,01,0,0,3,0,0,0,0,0,0,-,-,NA,NA,RIVERSIDE,RIVERSIDE,-117.38036007,33.98464008
6575047,2014,2016-04-30,9840,2014-07-27,0555,016619,NA,7,3,6,3345,0,1,3,NA,2,010,RT 60,PEDLEY RD,1056,W,N,B,-,Y,RIV,8,60,-,R,4.35,H,-,E,Y,4,0,1,2,A,-,03,22350,NA,N,C,C,A,A,H,-,B,D,1,NA,NA,NA,NA,Y,NA,A,07,0,0,1,0,0,0,0,0,0,-,-,34.01827,-117.47657,RIVERSIDE,JURUPA VALLEY,-117.48380779,34.01934757
6576070,2014,2014-08-19,3300,2014-07-21,1139,2093,34H5,1,5,4,3318,0,0,0,NA,0,MO875,FRED WARING DR,WARNER TRL,102,W,N,A,-,N,NA,NA,NA,NA,NA,NA,NA,NA,NA,Y,2,0,2,2,A,-,03,22350,NA,N,C,C,A,A,H,-,A,A,0,NA,NA,NA,NA,Y,NA,A,08,1,0,1,0,0,0,0,0,0,-,-,NA,NA,RIVERSIDE,PALM DESERT,-116.31295388,33.72897214
6576698,2014,2016-05-12,3311,2014-07-23,1929,15060,NA,3,5,4,3311,0,0,0,NA,0,001,RT 111,OVERTURE,8976,S,N,A,G,Y,RIV,8,111,-,-,56.78,H,-,S,Y,3,0,2,1,A,-,07,21658,A,N,F,I,A,A,H,-,A,D,0,NA,NA,NA,NA,Y,NA,A,01,0,1,1,0,0,0,0,0,0,-,-,NA,NA,RIVERSIDE,PALM SPRINGS,-116.5827768,33.87394783
6576762,2014,2016-05-12,9630,2014-07-30,2210,17467,NA,3,3,9,3300,0,1,3,NA,2,014,RT 111,OVERTURE DR,8976,S,N,A,-,Y,RIV,8,111,-,-,56.77,H,-,S,Y,3,0,2,1,A,-,08,22107,NA,N,F,A,A,A,H,-,D,D,0,NA,NA,NA,NA,Y,NA,A,01,0,1,1,0,0,0,0,0,0,-,-,33.87768,-116.58724,RIVERSIDE,UNINCORPORATED,-116.58264485,33.87385039
6579435,2014,2014-08-28,3300,2014-07-14,1237,4996,601E1,1,5,6,3394,0,0,0,NA,0,MV16,IRONWOOD AV,HEACOCK ST,396,W,N,A,-,N,NA,NA,NA,NA,NA,NA,NA,NA,NA,Y,4,0,2,2,A,-,09,21801,A,N,D,C,A,A,H,-,A,D,0,NA,NA,NA,NA,Y,NA,A,01,0,0,2,0,0,0,0,0,0,-,-,NA,NA,RIVERSIDE,MORENO VALLEY,-117.24519166,33.94663
6582148,2014,2014-09-18,3300,2014-08-04,1452,00001,NA,1,5,6,3345,0,0,0,NA,0,NA,LIMONITE AV,PACIFIC AV,852,E,N,A,-,N,NA,NA,NA,NA,NA,NA,NA,NA,NA,N,4,0,1,2,A,-,03,22350,NA,N,C,C,A,A,H,-,A,A,0,NA,NA,NA,NA,Y,NA,D,22,0,0,1,0,0,0,0,0,0,-,-,33.99296,-117.42279,RIVERSIDE,JURUPA VALLEY,-117.4229508,33.99287673
6583936,2014,2016-05-06,9685,2014-07-18,1230,015750,NA,5,1,9,3300,0,1,1,NA,2,020,RT 215,RT 74,0,S,N,A,-,Y,RIV,8,215,-,-,23.52,H,-,S,Y,4,0,1,7,A,-,03,22350,NA,N,C,C,A,A,D,-,A,D,1,NA,NA,NA,NA,Y,NA,A,01,0,0,1,0,0,0,0,0,0,-,-,33.75396,-117.18949,RIVERSIDE,UNINCORPORATED,-117.18942825,33.75369613
6583956,2014,2016-05-05,9685,2014-07-31,0650,014349,NA,4,1,5,3341,0,1,1,NA,2,020,RT 215,NEWPORT RD,1721,N,N,A,-,Y,RIV,8,215,-,R,18.85,H,-,S,Y,4,0,1,3,A,-,03,22350,NA,N,C,C,A,A,H,-,A,A,1,NA,NA,NA,NA,Y,NA,A,01,0,0,1,0,0,0,0,0,0,-,-,NA,NA,RIVERSIDE,MENIFEE,-117.17388037,33.68947644
6587770,2014,2014-11-24,3313,2014-06-04,0724,1571,EST,3,5,7,3313,0,0,0,NA,0,T45,FARMHOUSE LN,BOUNTIFUL ST,0,NA,Y,A,-,N,NA,NA,NA,NA,NA,NA,NA,NA,NA,N,3,0,1,2,A,-,11,21954,A,N,G,-,D,A,H,-,A,A,0,Y,NA,NA,NA,Y,NA,N,60,0,1,0,0,1,0,0,0,0,-,-,NA,NA,RIVERSIDE,RIVERSIDE,-117.3263601,33.8913201
6588692,2014,2014-09-03,3300,2014-07-19,0811,4890,805B,6,5,3,3343,0,0,0,NA,0,085,PALOMAR RD,SHAY LN,96,E,N,B,-,N,NA,NA,NA,NA,NA,NA,NA,NA,NA,N,3,0,1,4,D,-,00,NA,NA,N,A,E,E,A,H,-,A,D,0,Y,NA,NA,NA,Y,NA,-,-,0,1,0,0,1,0,0,0,0,-,-,NA,NA,RIVERSIDE,WILDOMAR,-117.28793754,33.6131233
6589310,2014,2016-04-30,9840,2014-08-03,1225,17459,NA,7,1,6,3345,0,1,1,NA,2,011,RT 15,PHILADELPHIA AV,3,S,N,A,-,Y,RIV,8,15,-,-,52.27,H,-,N,Y,4,0,2,3,A,-,03,22350,NA,N,C,C,A,A,H,-,A,D,1,NA,NA,NA,NA,Y,NA,A,01,0,0,2,0,0,0,0,0,0,-,-,34.04431,-117.55073,RIVERSIDE,JURUPA VALLEY,-117.54999121,34.03332436
6592682,2014,2014-09-05,3311,2014-08-04,0939,15484,NA,1,5,4,3311,0,0,0,NA,0,005,RAMON RD,AVENIDA CABALLEROS,0,NA,Y,A,-,N,NA,NA,NA,NA,NA,NA,NA,NA,NA,Y,3,0,1,2,A,-,09,21801,A,N,A,C,A,A,H,-,A,A,0,NA,NA,NA,NA,Y,NA,A,01,0,1,0,0,0,0,0,0,0,-,-,NA,NA,RIVERSIDE,PALM SPRINGS,-116.53694001,33.8158901
6593975,2014,2016-01-15,3300,2014-07-22,1303,4767,905D,2,5,4,3307,0,0,0,NA,0,093,RIVERSIDE DR,STRICKLAND AV,193,E,N,A,-,N,NA,NA,NA,NA,NA,NA,NA,NA,NA,Y,3,0,1,1,A,-,-,NA,NA,N,A,I,A,A,H,-,A,D,0,NA,NA,NA,NA,Y,NA,A,01,0,1,0,0,0,0,0,0,0,-,-,NA,NA,RIVERSIDE,LAKE ELSINORE,-117.35436436,33.68930151
6593987,2014,2014-08-26,3300,2014-07-21,0120,4179,905D,1,5,4,3307,0,0,0,NA,0,L91,MISSION TRL,OLIVE ST,62,W,N,A,-,N,NA,NA,NA,NA,NA,NA,NA,NA,NA,N,4,0,1,1,A,-,03,22350,NA,N,E,I,A,A,H,-,D,D,0,NA,NA,NA,NA,Y,NA,A,01,0,0,1,0,0,0,0,0,0,-,-,NA,NA,RIVERSIDE,LAKE ELSINORE,-117.29128909,33.64167251
6595637,2014,2014-08-28,3308,2014-07-24,1850,6955,516,4,5,5,3308,0,0,0,NA,0,NORTH,CHANARAL AV,DEVONSHIRE AV,6,N,N,A,-,N,NA,NA,NA,NA,NA,NA,NA,NA,NA,N,4,0,1,2,A,-,02,22400,A,F,H,G,A,A,H,-,A,D,0,NA,Y,NA,NA,Y,NA,A,01,0,0,1,0,0,0,1,0,0,-,-,NA,NA,RIVERSIDE,HEMET,-116.99633037,33.75104643
6596035,2014,2016-05-10,9685,2014-08-05,0820,014349,NA,2,1,4,3312,0,1,1,NA,2,020,RT 215,RT 74,3000,N,N,A,-,Y,RIV,8,215,-,-,26.88,H,-,N,Y,3,0,3,3,A,-,03,22350,NA,N,C,C,A,A,D,-,A,D,0,NA,NA,NA,NA,Y,NA,A,01,0,1,2,0,0,0,0,0,0,-,-,NA,NA,RIVERSIDE,PERRIS,-117.2239457,33.78912355
6596880,2014,2014-09-09,3313,2014-08-05,1458,1571,CTR,2,5,7,3313,0,0,0,NA,0,T45,VAN BUREN BL,INDIANA AV,56,S,N,A,-,N,NA,NA,NA,NA,NA,NA,NA,NA,NA,N,4,0,1,2,A,-,08,22107,NA,N,B,C,A,A,H,-,A,A,0,NA,NA,NA,NA,Y,NA,A,01,0,0,1,0,0,0,0,0,0,-,-,NA,NA,RIVERSIDE,RIVERSIDE,-117.44142605,33.91391949
6597651,2014,2016-05-31,9630,2014-08-11,1555,20845,NA,1,2,9,3300,0,1,1,NA,2,021,RT 10,COOK ST,7920,E,N,A,-,Y,RIV,8,10,-,-,48.39,H,-,E,Y,3,0,1,1,C,-,18,NA,NA,N,E,I,A,A,H,-,A,D,1,NA,NA,NA,NA,Y,NA,-,-,0,1,0,0,0,0,0,0,0,-,-,33.77397,-116.3467,RIVERSIDE,UNINCORPORATED,-116.33275267,33.77286126
6597663,2014,2016-05-31,9630,2014-08-10,1700,19325,NA,7,2,4,3311,0,1,1,NA,2,010,RT 10,PALM DR,1500,W,N,A,-,Y,RIV,8,10,-,-,35.72,H,-,E,Y,4,0,1,2,A,-,08,22107,NA,M,E,I,A,A,H,-,A,D,1,NA,NA,NA,NA,Y,NA,-,99,0,0,1,0,0,0,0,0,0,-,-,33.88268,-116.50754,RIVERSIDE,PALM SPRINGS,-116.50899227,33.88380549
6600901,2014,2014-09-04,3313,2014-08-15,0806,1016,EAST,5,5,7,3313,0,0,0,NA,0,M28,CHICAGO AV,3RD ST,0,NA,Y,A,-,N,NA,NA,NA,NA,NA,NA,NA,NA,NA,N,4,0,2,2,A,-,12,21453,A,N,-,C,A,A,H,-,A,A,0,NA,NA,NA,NA,Y,NA,A,01,0,0,2,0,0,0,0,0,0,-,-,NA,NA,RIVERSIDE,RIVERSIDE,-117.34846002,33.9830101
6600913,2014,2014-09-04,3313,2014-08-18,1020,1802,WEST,1,5,7,3313,0,0,0,NA,0,T70,MAGNOLIA AV,POLK ST,0,NA,Y,A,-,N,NA,NA,NA,NA,NA,NA,NA,NA,NA,N,4,0,1,2,A,-,12,21453,A,N,D,C,A,A,H,-,A,A,0,NA,NA,NA,NA,Y,NA,A,01,0,0,1,0,0,0,0,0,0,-,-,NA,NA,RIVERSIDE,RIVERSIDE,-117.46888009,33.90779001
6601000,2014,2015-04-29,9685,2014-08-16,1300,15750,NA,6,1,9,3300,0,3,5,NA,2,003,RANCHO CALIFORNIA RD,CALLE CONTENTO,150,E,N,A,-,N,NA,NA,NA,NA,NA,NA,NA,NA,NA,N,4,0,1,2,A,-,07,21658,A,N,C,C,A,A,H,-,A,D,0,NA,NA,Y,NA,Y,NA,A,01,0,0,1,0,0,0,0,0,1,-,-,33.52771,-117.06791,RIVERSIDE,UNINCORPORATED,-117.06775833,33.52778025
6602132,2014,2014-09-24,3300,2014-06-22,1920,4624,901D,7,5,4,3310,0,0,0,NA,0,051,CORONA AV,WILLOW DR,567,NA,N,A,-,N,NA,NA,NA,NA,NA,NA,NA,NA,NA,N,3,0,1,1,A,-,03,22350,NA,N,F,I,A,A,H,-,B,D,0,NA,NA,NA,NA,Y,Y,A,01,0,1,0,0,0,0,0,0,0,-,-,NA,NA,RIVERSIDE,NORCO,-117.55286,33.91202003
6602233,2014,2016-01-15,3313,2014-08-12,0931,127,EAST,2,5,7,3313,0,0,0,NA,0,T53,ALESSANDRO BL,RT 215,492,E,N,A,-,N,NA,NA,NA,NA,NA,NA,NA,NA,NA,Y,3,0,2,2,A,-,12,21453,A,N,D,C,A,A,H,-,A,A,0,NA,NA,NA,NA,Y,NA,A,07,0,1,1,0,0,0,0,0,0,-,-,NA,NA,RIVERSIDE,RIVERSIDE,-117.28610336,33.91686996
6603492,2014,2016-05-12,9840,2014-08-19,1445,013968,NA,2,2,6,3315,0,1,3,NA,2,030,RT 91,GREEN RIVER RD,827,W,N,A,-,Y,RIV,8,91,-,R,0.87,H,-,E,Y,4,0,1,3,A,-,03,22350,NA,N,C,C,A,A,H,-,A,D,1,NA,NA,NA,NA,Y,NA,A,01,0,0,1,0,0,0,0,0,0,-,-,33.87687,-117.65962,RIVERSIDE,CORONA,-117.65972301,33.87687465
6603573,2014,2014-09-22,9655,2014-08-19,0216,017720,NA,2,3,9,3300,0,3,5,NA,2,002,SEMINOLE DR,EAGLE PASS RD,0,NA,Y,A,-,N,NA,NA,NA,NA,NA,NA,NA,NA,NA,Y,4,0,1,2,A,-,09,21804,A,N,D,C,A,A,H,-,C,D,0,NA,NA,NA,NA,Y,NA,-,NA,0,0,1,0,0,0,0,0,0,-,-,33.92061,-116.80308,RIVERSIDE,UNINCORPORATED,-116.80339008,33.92071005
6603655,2014,2014-09-08,9655,2014-08-24,2047,017784,NA,7,2,9,3300,0,3,5,NA,2,002,HIGH ST,CHERRY AV,142,E,N,A,-,N,NA,NA,NA,NA,NA,NA,NA,NA,NA,N,2,0,2,2,A,-,01,23152,A,N,G,B,E,A,H,-,D,D,0,Y,NA,Y,NA,Y,Y,C,03,2,0,0,0,1,0,0,0,1,-,-,33.97066,-116.96312,RIVERSIDE,UNINCORPORATED,-116.96349329,33.97060326
6603895,2014,2014-09-05,3300,2014-08-05,1415,4339,602A1,2,5,6,3394,0,0,0,NA,0,022,EUCALYPTUS AV,VALLEY SPRINGS DR,45,E,N,A,-,N,NA,NA,NA,NA,NA,NA,NA,NA,NA,N,4,0,1,2,A,-,03,22350,NA,M,C,C,A,A,H,-,A,A,0,NA,NA,NA,NA,Y,NA,-,99,0,0,1,0,0,0,0,0,0,-,-,NA,NA,RIVERSIDE,MORENO VALLEY,-117.25507219,33.93166414
6604153,2014,2016-04-30,9655,2014-08-09,1120,015892,NA,6,1,9,3300,0,1,3,NA,1,116,RT 74,MCCALL PARK RD,8976,W,N,A,-,Y,RIV,8,74,-,-,57.19,H,-,E,N,3,0,1,1,A,-,08,22107,NA,N,E,I,A,A,H,-,A,D,0,NA,NA,Y,NA,Y,NA,C,02,0,1,0,0,0,0,0,0,1,-,-,33.69798,-116.75284,RIVERSIDE,UNINCORPORATED,-116.75297855,33.6983305
6606677,2014,2016-01-15,3300,2014-08-20,1600,N4218,910S,3,5,5,3335,0,0,0,NA,0,070,TEMECULA PARKWAY,CAMINO DEL SOL,0,NA,Y,A,-,N,NA,NA,NA,NA,NA,NA,NA,NA,NA,Y,3,0,2,3,A,-,12,21453,A,N,D,C,A,A,H,-,A,A,0,NA,NA,NA,NA,Y,NA,D,22,0,1,1,0,0,0,0,0,0,-,-,NA,NA,RIVERSIDE,TEMECULA,-117.09738,33.48147
6606859,2014,2014-09-16,3300,2014-08-31,2003,4658,80,7,5,3,3305,0,0,0,NA,0,80B3,VAN BUREN ST,AVE 48,924,S,N,A,-,N,NA,NA,NA,NA,NA,NA,NA,NA,NA,Y,4,0,1,2,A,-,03,22350,NA,N,C,C,A,A,H,-,C,-,0,NA,NA,NA,NA,Y,NA,D,22,0,0,1,0,0,0,0,0,0,-,-,NA,NA,RIVERSIDE,COACHELLA,-116.19903551,33.69786228