CASE_ID,ACCIDENT_YEAR,PROC_DATE,JURIS,COLLISION_DATE,COLLISION_TIME,OFFICER_ID,REPORTING_DISTRICT,DAY_OF_WEEK,CHP_SHIFT,POPULATION,CNTY_CITY_LOC,SPECIAL_COND,BEAT_TYPE,CHP_BEAT_TYPE,CITY_DIVISION_LAPD,CHP_BEAT_CLASS,BEAT_NUMBER,PRIMARY_RD,SECONDARY_RD,DISTANCE,DIRECTION,INTERSECTION,WEATHER_1,WEATHER_2,STATE_HWY_IND,CALTRANS_COUNTY,CALTRANS_DISTRICT,STATE_ROUTE,ROUTE_SUFFIX,POSTMILE_PREFIX,POSTMILE,LOCATION_TYPE,RAMP_INTERSECTION,SIDE_OF_HWY,TOW_AWAY,COLLISION_SEVERITY,NUMBER_KILLED,NUMBER_INJURED,PARTY_COUNT,PRIMARY_COLL_FACTOR,PCF_CODE_OF_VIOL,PCF_VIOL_CATEGORY,PCF_VIOLATION,PCF_VIOL_SUBSECTION,HIT_AND_RUN,TYPE_OF_COLLISION,MVIW,PED_ACTION,ROAD_SURFACE,ROAD_COND_1,ROAD_COND_2,LIGHTING,CONTROL_DEVICE,CHP_ROAD_TYPE,PEDESTRIAN_ACCIDENT,BICYCLE_ACCIDENT,MOTORCYCLE_ACCIDENT,TRUCK_ACCIDENT,NOT_PRIVATE_PROPERTY,ALCOHOL_INVOLVED,STWD_VEHTYPE_AT_FAULT,CHP_VEHTYPE_AT_FAULT,COUNT_SEVERE_INJ,COUNT_VISIBLE_INJ,COUNT_COMPLAINT_PAIN,COUNT_PED_KILLED,COUNT_PED_INJURED,COUNT_BICYCLIST_KILLED,COUNT_BICYCLIST_INJURED,COUNT_MC_KILLED,COUNT_MC_INJURED,PRIMARY_RAMP,SECONDARY_RAMP,LATITUDE,LONGITUDE,COUNTY,CITY,POINT_X,POINT_Y
7006065,2015,2015-08-06,9840,2015-04-12,0357,19729,NA,7,3,9,3300,0,1,1,NA,2,041,RT 215,NUEVO RD,3210,N,N,A,-,Y,RIV,8,215,-,R,28.5,H,-,S,Y,1,1,0,2,A,-,03,22350,NA,N,D,C,A,A,D,-,D,A,1,NA,NA,NA,NA,Y,NA,A,01,0,0,0,0,0,0,0,0,0,-,-,33.8101,-117.23677,RIVERSIDE,UNINCORPORATED,-117.23697677,33.81065498
7006283,2015,2017-04-03,3300,2015-09-26,0655,3031,84D2,6,5,3,3305,0,0,0,NA,0,Y84,GRAPEFRUIT BL,1ST ST,383,N,N,A,-,N,NA,NA,NA,NA,NA,NA,NA,NA,NA,Y,1,1,0,1,A,-,08,22107,NA,N,H,G,A,A,H,-,B,D,0,NA,NA,NA,NA,Y,Y,A,01,0,0,0,0,0,0,0,0,0,-,-,NA,NA,RIVERSIDE,COACHELLA,-116.17827293,33.68483169
7006336,2015,2017-03-20,3300,2015-08-16,1755,4050,002T,7,5,6,3345,0,0,0,NA,0,024,BRIAN CIR,CLAUDETTE ST,0,NA,Y,A,-,N,NA,NA,NA,NA,NA,NA,NA,NA,NA,Y,1,1,0,1,A,-,01,23152,A,N,F,A,A,A,H,-,B,D,0,NA,NA,Y,NA,Y,Y,C,02,0,0,0,0,0,0,0,1,0,-,-,NA,NA,RIVERSIDE,JURUPA VALLEY,-117.4541,33.97121011
7006402,2015,2016-01-15,3315,2015-09-15,0608,11227,8B,2,5,6,3315,0,0,0,NA,0,NA,PALISADES DR,GREEN RIVER RD,4010,E,N,C,-,N,NA,NA,NA,NA,NA,NA,NA,NA,NA,Y,1,1,0,1,A,-,03,22350,NA,N,E,I,A,B,H,-,B,D,0,NA,NA,NA,NA,Y,NA,-,NA,0,0,0,0,0,0,0,0,0,-,-,NA,NA,RIVERSIDE,CORONA,-117.62863152,33.88215177
7006413,2015,2016-01-26,3325,2015-10-03,2104,2501,3323,6,5,4,3325,0,0,0,NA,0,002,DINAH SHORE DR,WHISPERING PALMS TR,123,W,N,A,-,N,NA,NA,NA,NA,NA,NA,NA,NA,NA,Y,1,1,0,2,A,-,08,22107,NA,F,E,I,A,A,H,-,C,D,0,NA,Y,NA,NA,Y,NA,L,04,0,0,0,0,0,1,0,0,0,-,-,NA,NA,RIVERSIDE,CATHEDRAL CITY,-116.47153292,33.8014
7006429,2015,2016-01-26,3300,2015-11-10,2133,2403,920I,2,5,4,3314,0,0,0,NA,0,072,SOBOBA RD,LAKE PARK DR,881,S,N,A,-,N,NA,NA,NA,NA,NA,NA,NA,NA,NA,Y,1,1,0,2,A,-,11,21954,A,N,G,B,E,A,H,-,D,D,0,Y,NA,NA,NA,Y,NA,N,60,0,0,0,1,0,0,0,0,0,-,-,33.79081,-116.92708,RIVERSIDE,SAN JACINTO,-116.92540087,33.78885088
7006732,2015,2016-01-13,3300,2015-02-06,1256,00001,NA,5,5,4,3318,0,0,0,NA,0,NA,WASHINGTON ST,AVENUE OF THE STATES,100,N,N,A,-,N,NA,NA,NA,NA,NA,NA,NA,NA,NA,Y,1,1,4,4,A,-,01,23152,A,N,C,C,A,A,H,-,A,A,0,NA,NA,NA,NA,Y,Y,A,01,0,1,3,0,0,0,0,0,0,-,-,33.74095,-116.30389,RIVERSIDE,PALM DESERT,-116.30392,33.74097361
7007238,2015,2015-08-22,3313,2015-07-19,2240,1813,N,7,5,7,3313,0,0,0,NA,0,A129,CENTRAL AV,MAGNOLIA AV,0,NA,Y,C,-,N,NA,NA,NA,NA,NA,NA,NA,NA,NA,Y,4,0,1,2,A,-,09,21453,C,N,D,C,A,B,-,-,C,A,0,NA,NA,NA,NA,Y,NA,D,22,0,0,1,0,0,0,0,0,0,-,-,NA,NA,RIVERSIDE,RIVERSIDE,-117.39646007,33.9535201
7007438,2015,2015-08-20,3313,2015-07-22,1825,1779,W,3,5,7,3313,0,0,0,NA,0,T49,TYLER ST,GOULD ST,0,NA,Y,A,-,N,NA,NA,NA,NA,NA,NA,NA,NA,NA,Y,3,0,1,2,A,-,09,21802,A,N,D,C,A,A,H,-,A,D,0,NA,NA,NA,NA,Y,NA,A,01,0,1,0,0,0,0,0,0,0,-,-,NA,NA,RIVERSIDE,RIVERSIDE,-117.47791013,33.94492005
7010311,2015,2015-08-27,3300,2015-07-24,2320,N2646,602E2,5,5,6,3394,0,0,0,NA,0,028,SUNNYMEAD BL,KITCHING ST,5,E,N,A,-,N,NA,NA,NA,NA,NA,NA,NA,NA,NA,Y,4,0,1,2,A,-,00,21450,NA,F,D,C,A,A,H,-,C,A,0,NA,NA,NA,NA,Y,NA,A,01,0,0,1,0,0,0,0,0,0,-,-,NA,NA,RIVERSIDE,MORENO VALLEY,-117.21761357,33.93889
7010490,2015,2017-01-10,9685,2015-07-24,1750,16113,NA,5,2,5,3341,0,1,1,NA,2,020,RT 215,NEWPORT RD,2000,S,N,A,-,Y,RIV,8,215,-,R,18.14,H,-,N,Y,4,0,3,4,A,-,03,22350,NA,F,C,C,A,A,D,H,A,D,1,NA,NA,NA,NA,Y,NA,A,01,0,0,3,0,0,0,0,0,0,-,-,33.67167,-117.1706,RIVERSIDE,MENIFEE,-117.170759,33.6796232
7010588,2015,2017-01-10,9840,2015-07-04,2255,19527,NA,6,3,9,3300,0,1,1,NA,2,040,RT 215,HARLEY KNOX BL,500,N,N,A,-,Y,RIV,8,215,-,R,32.42,H,-,N,N,4,0,1,2,A,-,03,22350,NA,N,C,C,A,-,H,-,D,D,1,NA,NA,NA,NA,Y,NA,A,01,0,0,1,0,0,0,0,0,0,-,-,33.8682,-117.26189,RIVERSIDE,UNINCORPORATED,-117.26007763,33.86388265
7010593,2015,2017-01-10,9840,2015-07-18,2120,19874,NA,6,2,6,3394,0,1,3,NA,2,025,RT 60,PIGEON PASS RD,1600,E,N,B,C,Y,RIV,8,60,-,-,14.66,H,-,E,Y,3,0,2,1,A,-,01,23152,A,N,E,I,A,B,H,-,C,D,1,NA,NA,NA,NA,Y,Y,A,01,0,2,0,0,0,0,0,0,0,-,-,33.9315,-117.29078,RIVERSIDE,MORENO VALLEY,-117.25582184,33.94081283
7011029,2015,2015-08-10,3313,2015-07-09,1742,1787,W,4,5,7,3313,0,0,0,NA,0,C410,HOLE AV,TYLER ST,160,W,N,A,-,N,NA,NA,NA,NA,NA,NA,NA,NA,NA,Y,3,0,2,2,A,-,09,21804,NA,N,D,C,A,A,H,-,A,D,0,NA,NA,NA,NA,Y,NA,A,01,0,1,1,0,0,0,0,0,0,-,-,NA,NA,RIVERSIDE,RIVERSIDE,-117.46459713,33.91528956
7011204,2015,2015-09-18,3300,2015-07-10,0029,4490,910N,5,5,5,3335,0,0,0,NA,0,064,MARGARITA RD,JEDEDIAH SMITH RD,336,S,N,A,-,N,NA,NA,NA,NA,NA,NA,NA,NA,NA,N,4,0,1,1,A,-,03,22350,NA,N,H,G,A,A,H,-,A,D,0,NA,Y,NA,NA,Y,NA,L,04,0,0,1,0,0,0,1,0,0,-,-,NA,NA,RIVERSIDE,TEMECULA,-117.10897694,33.48866526
7011259,2015,2017-01-14,3308,2015-07-11,1213,10515,517,6,5,5,3308,0,0,0,NA,0,NORTH,FLORIDA AV,SANTA FE ST,44,E,N,A,-,Y,RIV,8,74,-,-,41.1,H,-,W,Y,3,0,4,3,A,-,03,22350,NA,N,C,C,A,A,H,-,A,A,0,NA,NA,NA,NA,Y,NA,A,07,0,1,3,0,0,0,0,0,0,-,-,NA,NA,RIVERSIDE,HEMET,-116.96278666,33.74764891
7011408,2015,2015-09-19,3300,2015-08-20,1741,4024,905B,4,5,4,3307,0,0,0,NA,0,090,SUMMERHILL DR,CANYON ESTATES DR,0,NA,Y,A,-,N,NA,NA,NA,NA,NA,NA,NA,NA,NA,N,4,0,1,2,A,-,10,21950,A,N,-,B,B,A,-,-,A,A,0,Y,NA,NA,NA,Y,NA,A,01,0,0,1,0,1,0,0,0,0,-,-,NA,NA,RIVERSIDE,LAKE ELSINORE,-117.2985401,33.66621007
7011412,2015,2015-09-29,3300,2015-08-25,1130,N5539,905K,2,5,4,3307,0,0,0,NA,0,094,GUNNERSON ST,LASH ST,0,NA,Y,A,-,N,NA,NA,NA,NA,NA,NA,NA,NA,NA,N,4,0,2,2,A,-,09,21802,A,N,D,C,A,A,H,-,A,A,0,NA,NA,NA,NA,Y,Y,A,01,0,0,2,0,0,0,0,0,0,-,-,NA,NA,RIVERSIDE,LAKE ELSINORE,-117.37016007,33.68870009
7011720,2015,2015-08-06,3313,2015-07-22,1630,1779,E,3,5,7,3313,0,0,0,NA,0,T49,MARTIN LUTHER KING BL,CHICAGO AV,67,W,N,A,-,N,NA,NA,NA,NA,NA,NA,NA,NA,NA,N,4,0,1,2,A,-,03,22350,NA,M,C,C,A,A,H,-,A,A,0,NA,NA,NA,NA,Y,NA,A,01,0,0,1,0,0,0,0,0,0,-,-,NA,NA,RIVERSIDE,RIVERSIDE,-117.34873004,33.96827083
7011724,2015,2015-08-06,3313,2015-07-16,1414,1686,W,4,5,7,3313,0,0,0,NA,0,T58,LA SIERRA AV,COLLETT AV,92,S,N,A,-,N,NA,NA,NA,NA,NA,NA,NA,NA,NA,Y,3,0,1,2,A,-,07,21658,A,N,B,C,A,A,H,-,A,D,0,NA,NA,NA,NA,Y,NA,A,01,0,1,0,0,0,0,0,0,0,-,-,NA,NA,RIVERSIDE,RIVERSIDE,-117.48295868,33.91158227
7012092,2015,2015-08-07,3313,2015-07-23,0604,1026,C,4,5,7,3313,0,0,0,NA,0,T52,ARLINGTON AV,ROYALE PL,649,E,N,A,-,N,NA,NA,NA,NA,NA,NA,NA,NA,NA,Y,3,0,1,1,A,-,03,22350,NA,N,H,I,A,A,H,-,B,D,0,NA,NA,NA,NA,Y,NA,A,01,0,1,0,0,0,0,0,0,0,-,-,NA,NA,RIVERSIDE,RIVERSIDE,-117.36042457,33.94519212
7012175,2015,2015-08-08,3300,2015-06-21,1700,N3066,002D,7,5,6,3345,0,0,0,NA,0,020,MISSION BL,GLEN ST,160,W,N,A,-,N,NA,NA,NA,NA,NA,NA,NA,NA,NA,Y,4,0,1,3,A,-,03,22350,NA,N,C,C,A,A,H,-,A,A,0,NA,NA,NA,NA,Y,NA,A,01,0,0,1,0,0,0,0,0,0,-,-,NA,NA,RIVERSIDE,JURUPA VALLEY,-117.48231647,34.01179
7012253,2015,2017-01-25,9840,2015-07-12,2050,019874,NA,7,2,7,3313,0,1,1,NA,2,023,RT 215,FAIR ISLE DR,1000,N,N,A,-,Y,RIV,8,215,-,-,38.8,H,-,S,Y,4,0,2,2,A,-,07,21658,A,N,B,C,A,A,H,-,C,D,1,NA,NA,NA,NA,Y,NA,A,01,0,0,2,0,0,0,0,0,0,-,-,33.95542,-117.30572,RIVERSIDE,RIVERSIDE,-117.30316802,33.9504999
7012289,2015,2017-01-14,9840,2015-07-16,1810,019813,NA,4,2,6,3315,0,1,3,NA,2,030,RT 91,GREEN RIVER RD,1000,W,N,A,-,Y,RIV,8,91,-,R,0.84,H,-,E,N,4,0,1,2,A,-,03,22350,NA,N,C,C,A,A,D,-,A,D,1,NA,NA,NA,NA,Y,NA,A,07,0,0,1,0,0,0,0,0,0,-,-,33.8777,-117.65655,RIVERSIDE,CORONA,-117.66009211,33.87655424
7014415,2015,2015-08-18,3300,2015-07-28,2330,3552,916D,2,5,4,3312,0,0,0,NA,0,035,ETHANAC RD,CASE RD,0,NA,Y,A,-,N,NA,NA,NA,NA,NA,NA,NA,NA,NA,Y,4,0,5,2,A,-,03,22350,NA,N,C,C,A,-,H,-,C,A,0,NA,NA,NA,NA,Y,NA,A,07,0,0,5,0,0,0,0,0,0,-,-,NA,NA,RIVERSIDE,PERRIS,-117.19281001,33.74299011
7014468,2015,2015-08-24,3300,2015-07-23,0949,N5876,36N5,4,5,4,3318,0,0,0,NA,0,T36,FRED WARING DR,PRIMROSE DR,160,E,N,A,-,N,NA,NA,NA,NA,NA,NA,NA,NA,NA,N,4,0,2,2,A,-,03,22350,NA,N,C,C,A,A,H,-,A,A,0,NA,NA,NA,NA,Y,NA,A,01,0,0,2,0,0,0,0,0,0,-,-,NA,NA,RIVERSIDE,PALM DESERT,-116.37130602,33.72897038
7014472,2015,2015-08-18,3300,2015-07-23,0948,N5876,36N5,4,5,4,3318,0,0,0,NA,0,T36,FRED WARING DR,PRIMROSE DR,160,E,N,A,-,N,NA,NA,NA,NA,NA,NA,NA,NA,NA,N,4,0,1,2,A,-,03,22350,NA,N,C,C,A,A,H,-,A,A,0,NA,NA,NA,NA,Y,NA,A,07,0,0,1,0,0,0,0,0,0,-,-,NA,NA,RIVERSIDE,PALM DESERT,-116.37130602,33.72897038
7014775,2015,2017-01-14,9840,2015-07-30,2153,015663,NA,4,2,7,3313,0,1,3,NA,2,020,RT 91,MAGNOLIA AV,800,E,N,A,-,Y,RIV,8,91,-,-,11.31,H,-,W,Y,4,0,1,1,A,-,08,22107,NA,N,E,I,A,A,H,-,D,D,1,NA,NA,NA,NA,Y,NA,D,22,0,0,1,0,0,0,0,0,0,-,-,33.23123,-117.23658,RIVERSIDE,RIVERSIDE,-117.48432072,33.89678896
7014778,2015,2015-08-29,3300,2015-07-30,1715,3552,916B,4,5,4,3312,0,0,0,NA,0,032,NUEVO RD,EL NIDO,43,W,N,F,-,N,NA,NA,NA,NA,NA,NA,NA,NA,NA,Y,4,0,2,4,A,-,01,23153,A,N,C,C,A,A,H,-,A,A,0,NA,NA,NA,NA,Y,Y,A,01,0,0,2,0,0,0,0,0,0,-,-,NA,NA,RIVERSIDE,PERRIS,-117.19543109,33.80117
7014799,2015,2015-08-24,9840,2015-07-22,1600,019729,NA,3,2,9,3300,0,2,4,NA,2,045,MARKHAM ST,DAY ST,2640,E,N,A,-,N,NA,NA,NA,NA,NA,NA,NA,NA,NA,N,3,0,1,2,A,-,03,22350,NA,F,C,G,A,A,H,-,A,D,0,NA,Y,NA,NA,Y,NA,-,99,0,1,0,0,0,0,1,0,0,-,-,33.85127,-117.27468,RIVERSIDE,UNINCORPORATED,-117.27048932,33.85183
7015616,2015,2015-08-12,3300,2015-05-08,1455,N3672,916A,5,5,4,3312,0,0,0,NA,0,031,RAMONA EXPWY,BRADLEY RD,0,NA,Y,A,-,N,NA,NA,NA,NA,NA,NA,NA,NA,NA,Y,3,0,1,1,A,-,08,22107,NA,N,E,I,A,B,H,-,A,A,0,NA,NA,NA,NA,Y,NA,A,01,0,1,0,0,0,0,0,0,0,-,-,NA,NA,RIVERSIDE,PERRIS,-117.1883001,33.83949002
7015668,2015,2016-06-08,3300,2015-05-21,0534,3940,002,4,5,6,3345,0,0,0,NA,0,1JV19,MISSION,RT 60,910,W,N,A,-,N,NA,NA,NA,NA,NA,NA,NA,NA,NA,N,4,0,1,1,A,-,08,22107,NA,N,F,A,A,A,H,-,A,D,0,NA,NA,NA,NA,Y,NA,A,01,0,0,1,0,0,0,0,0,0,-,WO,NA,NA,RIVERSIDE,JURUPA VALLEY,-117.53082373,34.01918458
7015866,2015,2017-01-03,9685,2015-07-25,1245,016347,NA,6,1,5,3335,0,1,1,NA,2,030,RT 15,OVERLAND DR,200,S,N,A,-,Y,RIV,8,15,-,-,6.21,H,-,N,Y,4,0,2,2,A,-,03,22350,NA,N,C,C,A,A,H,-,A,D,1,NA,NA,NA,NA,Y,NA,A,01,0,0,2,0,0,0,0,0,0,-,-,33.5169,-117.15919,RIVERSIDE,TEMECULA,-117.15945813,33.51746504
7018277,2015,2015-09-09,3306,2015-01-08,1704,078,3306,4,5,3,3306,0,0,0,NA,0,NA,PALM DR,HACIENDA AV,0,NA,Y,-,-,N,NA,NA,NA,NA,NA,NA,NA,NA,NA,N,4,0,1,2,A,-,11,21954,A,N,G,B,D,A,H,-,A,D,0,Y,NA,NA,NA,Y,NA,D,22,0,0,1,0,1,0,0,0,0,-,-,NA,NA,RIVERSIDE,DESERT HOT SPRINGS,-116.50131001,33.95415009
7018502,2015,2015-09-03,3306,2015-07-13,1806,132,3306,1,5,3,3306,0,0,0,NA,0,NA,INDIAN,PIERSON BL,0,NA,Y,A,-,N,NA,NA,NA,NA,NA,NA,NA,NA,NA,Y,4,0,1,2,A,-,03,22350,NA,N,C,C,A,A,H,-,A,A,0,NA,NA,NA,NA,Y,NA,A,01,0,0,1,0,0,0,0,0,0,-,-,NA,NA,RIVERSIDE,DESERT HOT SPRINGS,-116.54503,33.96144
7022034,2015,2017-01-25,9840,2015-07-19,0125,015663,NA,7,3,7,3313,0,1,1,NA,2,231,RT 215,MARTIN LUTHER KING BL,10,N,N,A,-,Y,RIV,8,215,-,-,40.88,H,-,N,Y,4,0,1,1,A,-,08,22107,NA,N,E,I,A,A,G,-,D,D,1,NA,NA,NA,NA,Y,NA,A,01,0,0,1,0,0,0,0,0,0,-,-,33.12545,-117.4211,RIVERSIDE,RIVERSIDE,-117.32843188,33.96891032
7022037,2015,2017-01-14,9840,2015-07-26,1700,018611,NA,7,2,6,3315,0,1,3,NA,2,030,RT 91,WEST 6TH ST,980,E,N,A,-,Y,RIV,8,91,-,-,4.35,H,-,E,Y,4,0,1,4,A,-,03,22350,NA,N,C,C,A,A,D,-,A,D,1,NA,NA,NA,NA,Y,NA,A,01,0,0,1,0,0,0,0,0,0,-,-,33.88044,-117.60051,RIVERSIDE,CORONA,-117.60028792,33.88063281
7022050,2015,2017-01-23,9840,2015-07-30,1348,14991,NA,4,1,6,3345,0,1,1,NA,2,011,RT 15,RT 60,2300,S,N,A,-,Y,RIV,8,15,-,-,51.01,H,-,N,Y,4,0,3,2,A,-,03,22350,NA,N,C,C,A,A,H,-,A,D,1,NA,NA,NA,NA,Y,NA,A,01,0,0,3,0,0,0,0,0,0,-,-,34.01501,-117.54995,RIVERSIDE,JURUPA VALLEY,-117.55004427,34.01512422
7022394,2015,2017-01-19,9840,2015-07-24,1944,15957,NA,5,2,4,3344,0,1,1,NA,2,011,RT 15,THE SANTA ANA RIVER,200,N,N,A,-,Y,RIV,8,15,-,-,46.28,H,-,S,Y,4,0,1,1,A,-,01,23152,A,N,E,I,A,A,H,-,A,D,1,NA,NA,NA,NA,Y,Y,A,01,0,0,1,0,0,0,0,0,0,-,-,33.94754,-117.55418,RIVERSIDE,EASTVALE,-117.55425433,33.94755738
7023296,2015,2015-08-15,3300,2015-06-10,2225,3613,500A,3,5,5,3341,0,0,0,NA,0,050,GOETZ RD,MANGANESE RD,634,N,N,A,-,N,NA,NA,NA,NA,NA,NA,NA,NA,NA,Y,3,0,1,1,A,-,01,23152,A,N,E,I,A,A,H,-,D,D,0,NA,NA,NA,NA,Y,Y,A,01,0,1,0,0,0,0,0,0,0,-,-,NA,NA,RIVERSIDE,MENIFEE,-117.23401479,33.72154969
7024118,2015,2016-07-20,3300,2015-07-23,1649,4283,40A1,4,5,3,3392,0,0,0,NA,0,040,WASHINGTON ST,PALM ROYAL DR,0,NA,Y,A,-,N,NA,NA,NA,NA,NA,NA,NA,NA,NA,Y,3,0,2,3,A,-,12,21453,A,N,A,C,A,A,H,-,A,A,0,NA,NA,NA,NA,Y,NA,A,01,0,2,0,0,0,0,0,0,0,-,-,NA,NA,RIVERSIDE,LA QUINTA,-116.30379,33.73536
7025248,2015,2015-08-28,3300,2015-07-20,1810,4449,002J,1,5,6,3345,0,0,0,NA,0,022,VAN BUREN BL,ETIWANDA AV,0,NA,Y,A,-,N,NA,NA,NA,NA,NA,NA,NA,NA,NA,N,4,0,1,2,A,-,07,21658,A,N,B,C,A,A,H,-,A,D,0,NA,NA,NA,NA,Y,NA,D,22,0,0,1,0,0,0,0,0,0,-,-,NA,NA,RIVERSIDE,JURUPA VALLEY,-117.52451005,34.0164601
7026986,2015,2015-08-25,9685,2015-07-18,0750,015750,NA,6,1,9,3300,0,3,5,NA,2,003,MESA RD,DEPORTOLA RD,3696,N,N,C,-,N,NA,NA,NA,NA,NA,NA,NA,NA,NA,Y,2,0,1,1,A,-,03,22350,NA,N,E,J,A,B,H,-,A,D,0,NA,NA,Y,NA,Y,NA,C,02,1,0,0,0,0,0,0,0,1,-,-,33.57449,-116.98992,RIVERSIDE,UNINCORPORATED,-116.97867,33.57184
7027918,2015,2015-10-08,3300,2015-09-15,0715,4097,601G1,2,5,6,3394,0,0,0,NA,0,042,REDLANDS BL,KALMIA AV,252,S,N,C,-,N,NA,NA,NA,NA,NA,NA,NA,NA,NA,Y,4,0,2,2,A,-,08,21460,5,N,A,C,A,B,-,-,A,D,0,NA,NA,NA,NA,Y,NA,D,22,0,0,2,0,0,0,0,0,0,-,-,33.95347,-117.15666,RIVERSIDE,MORENO VALLEY,-117.15675,33.95288974
7030750,2015,2017-02-03,3311,2015-08-10,1038,15484,NA,1,5,4,3311,0,0,0,NA,0,001,RT 111,SNOWCREEK CANYON RD,500,S,N,A,-,Y,RIV,8,111,-,R,62.06,H,-,S,N,2,0,1,1,A,-,07,21658,A,N,F,J,A,A,H,-,A,D,0,NA,NA,NA,NA,Y,NA,A,01,1,0,0,0,0,0,0,0,0,-,-,NA,NA,RIVERSIDE,PALM SPRINGS,-116.66016228,33.91233632
7031740,2015,2017-01-17,9685,2015-08-02,0250,14488,NA,7,3,9,3300,0,3,5,NA,2,003,RT 79,HORIZON VIEW ST,2400,S,N,A,-,Y,RIV,8,79,-,-,14.85,H,-,N,Y,4,0,1,1,A,-,03,22350,NA,N,E,J,A,A,H,-,D,D,0,NA,NA,NA,NA,Y,Y,D,22,0,0,1,0,0,0,0,0,0,-,-,33.49063,-117.06149,RIVERSIDE,UNINCORPORATED,-117.06149,33.49063
7032191,2015,2017-01-20,9655,2015-08-20,1330,018168,NA,4,1,9,3300,0,1,3,NA,1,115,RT 243,RT 74,8448,N,N,A,-,Y,RIV,8,243,-,-,1.6,H,-,N,Y,2,0,1,1,A,-,03,22350,NA,N,E,I,A,A,H,-,A,D,0,NA,NA,NA,NA,Y,NA,-,NA,1,0,0,0,0,0,0,0,0,-,-,33.7183,-116.7195,RIVERSIDE,UNINCORPORATED,-116.72013714,33.71658364
7033499,2015,2017-01-14,9660,2015-08-06,1511,21088,NA,4,2,9,3300,0,1,1,NA,2,030,RT 10,CORN SPRINGS,47520,E,N,C,-,Y,RIV,8,10,-,R,123.5,H,-,E,N,4,0,1,2,A,-,03,22350,NA,N,C,C,A,B,H,-,A,D,1,NA,NA,NA,NA,Y,NA,A,01,0,0,1,0,0,0,0,0,0,-,-,33.67791,-115.22902,RIVERSIDE,UNINCORPORATED,-115.09446092,33.63896174
7035543,2015,2015-09-01,3300,2015-07-28,1549,3536,604C5,2,5,6,3394,0,0,0,NA,0,MV44,KRAMERIA AV,COLT WAY,0,NA,Y,A,-,N,NA,NA,NA,NA,NA,NA,NA,NA,NA,Y,3,0,1,2,A,-,08,22100,B,N,D,C,A,A,H,-,A,D,0,NA,NA,Y,NA,Y,NA,A,01,0,1,0,0,0,0,0,0,1,-,-,NA,NA,RIVERSIDE,MORENO VALLEY,-117.20602005,33.8816001
7036160,2015,2017-01-25,9685,2015-08-07,1318,015857,NA,5,1,4,3312,0,1,1,NA,2,020,RT 215,RT 74,600,N,N,A,-,Y,RIV,8,215,-,-,26.42,H,-,N,Y,3,0,1,1,A,-,08,22107,NA,N,E,I,A,A,D,-,A,D,0,NA,NA,NA,NA,Y,NA,A,01,0,1,0,0,0,0,0,0,0,-,-,NA,NA,RIVERSIDE,PERRIS,-117.21762748,33.78498033
7036768,2015,2015-08-28,9630,2015-07-21,1235,018811,NA,2,1,9,3300,0,2,4,NA,2,029,WASHINGTON ST,EMERALD CREST DR,300,S,N,A,-,N,NA,NA,NA,NA,NA,NA,NA,NA,NA,N,4,0,3,2,A,-,03,22350,NA,N,C,C,A,A,H,-,A,D,0,NA,NA,NA,NA,Y,NA,D,22,0,0,3,0,0,0,0,0,0,-,-,33.7534,-116.3036,RIVERSIDE,UNINCORPORATED,-116.30389,33.75372924
7036780,2015,2015-09-08,9630,2015-08-03,2205,19807,NA,1,3,9,3300,0,3,5,NA,2,002,CALLE HELENE,EL CENTRO WY,416,S,N,A,-,N,NA,NA,NA,NA,NA,NA,NA,NA,NA,Y,3,0,1,3,A,-,01,23152,A,M,B,E,A,A,H,-,D,D,0,NA,NA,NA,NA,Y,Y,D,22,0,1,0,0,0,0,0,0,0,-,-,33.82232,-116.38723,RIVERSIDE,UNINCORPORATED,-116.38722307,33.82254167
7037181,2015,2015-09-04,9655,2015-08-09,1720,15795,NA,7,2,9,3300,0,3,5,NA,2,003,DARTMOUTH ST,ACACIA AV,100,N,N,A,-,N,NA,NA,NA,NA,NA,NA,NA,NA,NA,N,3,0,1,2,A,-,03,22350,NA,F,C,G,A,A,H,-,A,D,0,NA,Y,NA,NA,Y,NA,A,01,0,1,0,0,0,0,1,0,0,-,-,33.74474,-116.9367,RIVERSIDE,UNINCORPORATED,-116.93687563,33.7443438
7037206,2015,2017-01-31,9630,2015-07-21,1445,19153,NA,2,2,9,3300,0,1,3,NA,2,195,RT 111,RT 86,850,E,N,A,-,Y,RIV,8,111,-,R,19.16,H,-,N,Y,3,0,1,2,A,-,09,21804,A,N,B,C,A,A,H,-,A,A,0,NA,NA,Y,NA,Y,NA,A,07,0,1,0,0,0,0,0,0,1,-,-,33.56936,-116.08935,RIVERSIDE,UNINCORPORATED,-116.0958,33.58969
7037863,2015,2015-09-16,3300,2015-07-22,1555,4071,601E5,3,5,6,3394,0,0,0,NA,0,MV16,HEMLOCK AV,PERRIS BL,229,W,N,A,-,N,NA,NA,NA,NA,NA,NA,NA,NA,NA,N,4,0,4,2,A,-,03,22350,NA,N,C,C,A,A,H,-,A,D,0,NA,NA,NA,NA,Y,NA,A,07,0,0,4,0,0,0,0,0,0,-,-,NA,NA,RIVERSIDE,MORENO VALLEY,-117.22714257,33.94267493
7038348,2015,2015-09-08,3300,2015-08-07,1334,3775,603B5,5,5,6,3394,0,0,0,NA,0,MV34,NORTHERN DANCER DR,PERRIS BL,11,E,N,A,-,N,NA,NA,NA,NA,NA,NA,NA,NA,NA,Y,3,0,1,1,A,-,01,23152,B,N,E,I,A,A,H,-,A,A,0,NA,NA,NA,NA,Y,Y,A,01,0,1,0,0,0,0,0,0,0,-,-,NA,NA,RIVERSIDE,MORENO VALLEY,-117.22613397,33.87788225
7039320,2015,2017-01-19,9840,2015-08-08,1608,19893,NA,6,2,6,3315,0,1,1,NA,2,034,RT 15,EL CERRITO RD,600,S,N,A,-,Y,RIV,8,15,-,-,37.71,H,-,S,Y,4,0,3,3,A,-,03,22350,NA,N,C,C,A,A,H,-,A,D,1,NA,NA,NA,NA,Y,NA,A,07,0,0,3,0,0,0,0,0,0,-,-,33.82972,-117.52837,RIVERSIDE,CORONA,-117.52898663,33.83056184
7039365,2015,2017-01-10,9840,2015-08-17,0719,015444,NA,1,1,7,3313,0,1,3,NA,2,010,RT 60,RUBIDOUX BL,1056,E,N,A,-,Y,RIV,8,60,-,-,9.76,H,-,W,Y,4,0,1,2,A,-,03,22350,NA,N,C,C,A,A,H,-,A,D,1,NA,NA,NA,NA,Y,NA,A,01,0,0,1,0,0,0,0,0,0,-,-,34.00512,-117.39661,RIVERSIDE,RIVERSIDE,-117.3967811,34.00499605