CASE_ID,ACCIDENT_YEAR,PROC_DATE,JURIS,COLLISION_DATE,COLLISION_TIME,OFFICER_ID,REPORTING_DISTRICT,DAY_OF_WEEK,CHP_SHIFT,POPULATION,CNTY_CITY_LOC,SPECIAL_COND,BEAT_TYPE,CHP_BEAT_TYPE,CITY_DIVISION_LAPD,CHP_BEAT_CLASS,BEAT_NUMBER,PRIMARY_RD,SECONDARY_RD,DISTANCE,DIRECTION,INTERSECTION,WEATHER_1,WEATHER_2,STATE_HWY_IND,CALTRANS_COUNTY,CALTRANS_DISTRICT,STATE_ROUTE,ROUTE_SUFFIX,POSTMILE_PREFIX,POSTMILE,LOCATION_TYPE,RAMP_INTERSECTION,SIDE_OF_HWY,TOW_AWAY,COLLISION_SEVERITY,NUMBER_KILLED,NUMBER_INJURED,PARTY_COUNT,PRIMARY_COLL_FACTOR,PCF_CODE_OF_VIOL,PCF_VIOL_CATEGORY,PCF_VIOLATION,PCF_VIOL_SUBSECTION,HIT_AND_RUN,TYPE_OF_COLLISION,MVIW,PED_ACTION,ROAD_SURFACE,ROAD_COND_1,ROAD_COND_2,LIGHTING,CONTROL_DEVICE,CHP_ROAD_TYPE,PEDESTRIAN_ACCIDENT,BICYCLE_ACCIDENT,MOTORCYCLE_ACCIDENT,TRUCK_ACCIDENT,NOT_PRIVATE_PROPERTY,ALCOHOL_INVOLVED,STWD_VEHTYPE_AT_FAULT,CHP_VEHTYPE_AT_FAULT,COUNT_SEVERE_INJ,COUNT_VISIBLE_INJ,COUNT_COMPLAINT_PAIN,COUNT_PED_KILLED,COUNT_PED_INJURED,COUNT_BICYCLIST_KILLED,COUNT_BICYCLIST_INJURED,COUNT_MC_KILLED,COUNT_MC_INJURED,PRIMARY_RAMP,SECONDARY_RAMP,LATITUDE,LONGITUDE,COUNTY,CITY,POINT_X,POINT_Y
81541919,2021,2021-08-11,3300,2021-07-23,1441,5059,601 E,5,5,6,3394,0,0,0,NA,0,MV16,INDIAN ST,IRONWOOD AVE,395,N,N,A,-,N,NA,NA,NA,NA,NA,NA,NA,NA,NA,Y,4,0,1,2,A,-,01,23152,A,N,C,E,A,A,H,-,A,D,0,NA,NA,NA,NA,Y,Y,A,01,0,0,1,0,0,0,0,0,0,-,-,33.94670104980469,-117.23523712158205,RIVERSIDE,MORENO VALLEY,-117.23522186279295,33.94772720336914
8154239,2016,2016-10-27,3313,2016-10-11,0646,0102,N,2,5,7,3313,0,0,0,NA,0,M38,STREETER AV,CENTRAL AV,0,NA,Y,A,-,N,NA,NA,NA,NA,NA,NA,NA,NA,NA,Y,4,0,3,3,A,-,12,21453,A,N,D,C,A,A,H,-,A,A,0,NA,NA,NA,NA,Y,NA,A,01,0,0,3,0,0,0,0,0,0,-,-,33.95308,-117.41872,RIVERSIDE,RIVERSIDE,-117.41864005,33.95337002
81542929,2021,2021-08-12,3300,2021-08-06,1549,N6426,910P,5,5,5,3335,0,0,0,NA,0,069,RAINBOW CANYON RD,BAYHILL DR,3512,S,N,A,-,N,NA,NA,NA,NA,NA,NA,NA,NA,NA,Y,4,0,1,2,A,-,06,21755,NA,N,B,C,A,A,H,-,A,D,0,NA,NA,Y,NA,Y,NA,C,02,0,0,1,0,0,0,0,0,1,-,-,33.47026824951172,-117.1279296875,RIVERSIDE,TEMECULA,-117.1289291381836,33.46167755126953
81543158,2021,2021-08-12,3315,2021-08-09,1431,11119,1A,1,5,6,3315,0,0,0,NA,0,001,RAILROAD ST,AUTO CENTER DR,500,E,N,A,-,N,NA,NA,NA,NA,NA,NA,NA,NA,NA,N,4,0,1,2,A,-,03,22350,NA,N,C,C,A,A,H,-,A,D,0,NA,NA,NA,NA,Y,NA,A,01,0,0,1,0,0,0,0,0,0,-,-,NA,NA,RIVERSIDE,CORONA,-117.6156768798828,33.88725662231445
81546494,2021,2021-08-17,3315,2021-08-06,2230,004420,16F,5,5,6,3315,0,0,0,NA,0,003,CAJALCO RD,15 NB ON RAMP,100,E,N,A,-,N,NA,NA,NA,NA,NA,NA,NA,NA,NA,Y,4,0,1,2,A,-,12,21453,A,N,D,C,A,A,H,-,C,A,0,NA,NA,NA,NA,Y,Y,D,83,0,0,1,0,0,0,0,0,0,-,-,33.819801330566406,-117.51773071289063,RIVERSIDE,CORONA,-117.51821136474608,33.82149124145508
81546502,2021,2021-08-17,3315,2021-08-16,0900,002504,1A,1,5,6,3315,0,0,0,NA,0,001,RAILROAD ST,GLIDER CI,213,E,N,A,-,N,NA,NA,NA,NA,NA,NA,NA,NA,NA,Y,4,0,1,1,A,-,08,22107,NA,N,E,I,A,A,H,-,A,D,0,NA,NA,NA,NA,Y,NA,A,01,0,0,1,0,0,0,0,0,0,-,-,33.889678955078125,-117.60533905029295,RIVERSIDE,CORONA,-117.60465240478516,33.88960266113281
81547539,2021,2021-08-18,3315,2021-08-17,1207,001641,14D,2,5,6,3315,0,0,0,NA,0,004,MAIN ST,FOOTHILL PY,30,S,N,A,-,N,NA,NA,NA,NA,NA,NA,NA,NA,NA,N,4,0,1,1,A,-,03,22350,NA,N,E,I,A,A,H,-,A,D,0,NA,NA,NA,NA,Y,NA,A,08,0,0,1,0,0,0,0,0,0,-,-,NA,NA,RIVERSIDE,CORONA,-117.57220458984376,33.84383773803711
81549858,2021,2021-08-20,3300,2021-06-07,0029,5029,603 A,1,5,6,3394,0,0,0,NA,0,MV32,DELPHINIUM AVE,PERHAM DR,0,NA,Y,A,-,N,NA,NA,NA,NA,NA,NA,NA,NA,NA,Y,4,0,1,2,A,-,12,22450,A,F,D,D,A,A,H,-,C,D,0,NA,NA,NA,NA,Y,NA,A,01,0,0,1,0,0,0,0,0,0,-,-,33.906349182128906,-117.23908996582033,RIVERSIDE,MORENO VALLEY,-117.23893737792967,33.90639114379883
81550803,2021,2021-08-23,3300,2021-08-20,1532,N6235,020B1,5,5,4,3310,0,0,0,NA,0,051,2ND ST,TEMESCAL AV,0,NA,Y,A,-,N,NA,NA,NA,NA,NA,NA,NA,NA,NA,N,4,0,1,2,A,-,09,21802,A,N,D,C,A,A,H,-,A,A,0,NA,NA,NA,NA,Y,NA,A,01,0,0,1,0,0,0,0,0,0,-,-,33.90943145751953,-117.5485382080078,RIVERSIDE,NORCO,-117.54830169677734,33.909454345703125
81550956,2021,2021-08-23,3315,2021-08-21,1005,003931,3A,6,5,6,3315,0,0,0,NA,0,001,MAIN ST,NINTH ST,0,NA,Y,B,-,N,NA,NA,NA,NA,NA,NA,NA,NA,NA,Y,4,0,1,2,A,-,10,21950,A,N,G,B,B,A,H,-,A,D,0,Y,NA,NA,NA,Y,NA,A,01,0,0,1,0,1,0,0,0,0,-,-,33.872398376464844,-117.56687927246094,RIVERSIDE,CORONA,-117.56687927246094,33.872257232666016
81554452,2021,2021-08-26,3300,2021-08-19,2059,5632,916C,4,5,4,3312,0,0,0,NA,0,034,4TH ST,PARK AV,0,NA,Y,A,-,N,NA,NA,NA,NA,NA,NA,NA,NA,NA,N,2,0,1,2,A,-,11,21954,A,N,G,B,E,A,H,-,D,D,0,Y,NA,NA,NA,Y,NA,N,60,1,0,0,0,1,0,0,0,0,-,-,33.782379150390625,-117.23692321777344,RIVERSIDE,PERRIS,-117.23693084716795,33.7823371887207
81557430,2021,2021-08-30,3300,2021-07-26,1915,N4187,916A,1,5,4,3312,0,0,0,NA,0,031,1800 N PERRIS BLVD,NOT STATED,0,NA,-,A,-,N,NA,NA,NA,NA,NA,NA,NA,NA,NA,N,4,0,1,2,B,-,22,NA,NA,N,G,B,E,A,H,-,B,D,0,Y,NA,NA,NA,Y,NA,A,01,0,0,1,0,1,0,0,0,0,-,-,NA,NA,RIVERSIDE,PERRIS,-117.2260513305664,33.77604675292969
81557468,2021,2021-08-30,3311,2021-08-07,1400,16210,NA,6,5,4,3311,0,0,0,NA,0,NA,PALM CANYON DRIVE S,SONORA ROAD,120,S,N,A,-,N,NA,NA,NA,NA,NA,NA,NA,NA,NA,N,4,0,1,2,A,-,11,21954,A,N,G,B,D,A,B,H,A,A,0,Y,NA,NA,NA,Y,NA,N,60,0,0,1,0,1,0,0,0,0,-,-,33.805091857910156,-116.5456314086914,RIVERSIDE,PALM SPRINGS,-116.54562377929688,33.80459976196289
81558936,2021,2021-08-31,3300,2021-06-08,1756,4867,602 A,2,5,6,3394,0,0,0,NA,0,MV22,OLD I-215 FRONTAGE RD,COTTONWOOD AVE,0,NA,Y,A,-,N,NA,NA,NA,NA,NA,NA,NA,NA,NA,Y,3,0,2,2,A,-,01,23152,B,N,B,C,A,A,H,-,A,D,0,NA,NA,NA,NA,Y,Y,A,01,0,1,1,0,0,0,0,0,0,-,-,33.92416000366211,-117.2861785888672,RIVERSIDE,MORENO VALLEY,-117.2864990234375,33.924068450927734
81559021,2021,2021-08-31,3349,2021-06-13,1720,384,NA,7,5,5,3341,0,0,0,NA,0,003,MURRIETA RD,MURPHY RANCH RD,0,NA,Y,A,-,N,NA,NA,NA,NA,NA,NA,NA,NA,NA,Y,4,0,1,2,A,-,09,21801,A,N,D,C,A,A,H,-,-,A,0,NA,NA,NA,NA,Y,NA,A,07,0,0,1,0,0,0,0,0,0,-,-,33.680519104003906,-117.20612335205078,RIVERSIDE,MENIFEE,-117.20613098144533,33.68049240112305
81560063,2021,2021-09-01,3315,2021-08-24,1744,003152,3H,2,5,6,3315,0,0,0,NA,0,001,MAIN ST,GRAND BL S,0,NA,Y,A,-,N,NA,NA,NA,NA,NA,NA,NA,NA,NA,Y,4,0,2,3,A,-,03,22350,NA,N,C,C,A,A,H,-,A,A,0,NA,NA,NA,NA,Y,NA,A,01,0,0,2,0,0,0,0,0,0,-,-,NA,NA,RIVERSIDE,CORONA,-117.5673599243164,33.869041442871094
81561827,2021,2021-09-03,3300,2021-08-14,1551,4850,602 C,6,5,6,3394,0,0,0,NA,0,MV24,FREDERICK ST,BRABHAM ST,0,NA,Y,A,-,N,NA,NA,NA,NA,NA,NA,NA,NA,NA,Y,4,0,1,2,A,-,12,21453,A,N,D,C,A,A,H,-,A,A,0,NA,NA,NA,NA,Y,NA,A,01,0,0,1,0,0,0,0,0,0,-,-,33.9368782043457,-117.2612075805664,RIVERSIDE,MORENO VALLEY,-117.26152801513672,33.93673324584961
81562703,2021,2021-09-06,3300,2021-08-29,0554,4339,604 B,7,5,6,3394,0,0,0,NA,0,MV42,ALESSANDRO BLVD,NASON ST,0,NA,Y,A,-,N,NA,NA,NA,NA,NA,NA,NA,NA,NA,Y,3,0,1,2,A,-,12,21453,A,N,A,C,A,A,H,-,B,A,0,NA,NA,NA,NA,Y,NA,A,01,0,1,0,0,0,0,0,0,0,-,-,33.91693115234375,-117.1915283203125,RIVERSIDE,MORENO VALLEY,-117.19168090820313,33.91737365722656
81562938,2021,2023-05-11,3349,2021-08-21,1244,351,NA,6,5,5,3341,0,0,0,NA,0,002,BRIGGS RD,SCOTT RD,1051,S,N,A,-,N,NA,NA,NA,NA,NA,NA,NA,NA,NA,Y,3,0,2,2,A,-,05,21460,A,N,A,C,A,A,H,-,A,D,0,NA,NA,NA,NA,Y,NA,A,01,0,1,1,0,0,0,0,0,0,-,-,NA,NA,RIVERSIDE,MENIFEE,-117.13682556152344,33.63862991333008
81566946,2021,2021-09-10,3300,2021-09-03,2231,4546,910Q,5,5,5,3335,0,0,0,NA,0,069,JEDEDIAH SMITH RD,TEMECULA PKY,0,NA,Y,A,-,Y,NA,NA,NA,NA,NA,NA,NA,NA,NA,Y,4,0,2,2,A,-,09,21801,A,N,A,C,A,A,H,-,C,A,0,NA,NA,NA,NA,Y,NA,A,01,0,0,2,0,0,0,0,0,0,-,-,33.47610092163086,-117.12265014648438,RIVERSIDE,TEMECULA,-117.12267303466795,33.4761848449707
81567001,2021,2021-09-10,3311,2021-08-12,1531,15953,NA,4,5,4,3311,0,0,0,NA,0,004,SR 111 (VISTA CHINO),VOLTURNO ROAD,518,E,N,A,-,N,NA,NA,111,NA,NA,NA,NA,NA,NA,Y,4,0,1,2,A,-,04,21703,NA,N,C,C,A,A,H,-,A,D,0,NA,NA,NA,NA,Y,NA,A,01,0,0,1,0,0,0,0,0,0,-,-,33.844940185546875,-116.5152587890625,RIVERSIDE,PALM SPRINGS,-116.5152587890625,33.84492874145508
81568134,2021,2021-09-13,3300,2021-09-09,1726,N6426,910F,4,5,5,3335,0,0,0,NA,0,062,YNEZ RD,PROMENADE MALL NORTH,72,S,N,A,-,N,NA,NA,NA,NA,NA,NA,NA,NA,NA,Y,4,0,1,2,A,-,03,22350,NA,N,C,C,A,A,H,-,A,A,0,NA,NA,NA,NA,Y,NA,A,01,0,0,1,0,0,0,0,0,0,-,-,33.52302932739258,-117.15834045410156,RIVERSIDE,TEMECULA,-117.15818786621094,33.52291488647461
81568167,2021,2021-09-13,3315,2021-09-11,1810,002089,3D,6,5,6,3315,0,0,0,NA,0,003,MAGNOLIA AV,15 SB OFF RAMP,0,NA,Y,A,-,Y,NA,NA,NA,NA,NA,NA,NA,NA,NA,Y,3,0,1,2,A,-,12,21453,A,N,D,C,A,A,H,-,A,A,0,NA,NA,NA,NA,Y,NA,A,01,0,1,0,0,0,0,0,0,0,-,-,33.864261627197266,-117.54297637939452,RIVERSIDE,CORONA,-117.54234313964844,33.86566925048828
81569233,2021,2021-09-14,3300,2021-08-21,2125,3834,910Q,6,5,5,3335,0,0,0,NA,0,069,PECHANGA PKY,TEMECULA PKY,243,S,N,A,-,N,NA,NA,NA,NA,NA,NA,NA,NA,NA,N,3,0,1,2,A,-,08,22107,NA,N,B,C,A,A,H,-,C,D,0,NA,NA,Y,NA,Y,NA,A,01,0,1,0,0,0,0,0,0,1,-,-,33.47563934326172,-117.12914276123048,RIVERSIDE,TEMECULA,-117.12899017333984,33.475040435791016
81570360,2021,2021-09-15,3300,2021-09-02,0153,5059,603 A,4,5,6,3394,0,0,0,NA,0,MV32,HEACOCK ST,CACTUS AVE,0,NA,Y,A,-,N,NA,NA,NA,NA,NA,NA,NA,NA,NA,Y,4,0,2,2,A,-,12,21453,A,N,D,C,A,A,H,-,C,A,0,NA,NA,NA,NA,Y,NA,A,01,0,0,2,0,0,0,0,0,0,-,-,33.91014099121094,-117.24381256103516,RIVERSIDE,MORENO VALLEY,-117.24359130859376,33.91013717651367
81570558,2021,2021-09-15,3315,2021-09-12,1204,002235,4B,7,5,6,3315,0,0,0,NA,0,004,RANCHO RD,BUENA VISTA AV,1025,W,N,A,-,N,NA,NA,NA,NA,NA,NA,NA,NA,NA,N,4,0,2,2,A,-,21,22106,NA,N,D,C,A,A,H,-,A,D,0,NA,NA,NA,NA,Y,NA,A,07,0,0,2,0,0,0,0,0,0,-,-,33.86315155029297,-117.57980346679688,RIVERSIDE,CORONA,-117.58290863037108,33.86434555053711
81571490,2021,2021-09-16,3300,2021-09-14,0650,4323,910C,2,5,5,3335,0,0,0,NA,0,063,MURRIETA HOT SPRINGS ROAD,RORIPAUGH VALLEY ROAD,200,W,N,A,-,N,NA,NA,NA,NA,NA,NA,NA,NA,NA,Y,4,0,1,2,A,-,03,22350,NA,N,C,E,A,A,H,-,A,D,0,NA,NA,NA,NA,Y,NA,D,22,0,0,1,0,0,0,0,0,0,-,-,NA,NA,RIVERSIDE,TEMECULA,-117.10171508789063,33.55213165283203
81572826,2021,2021-09-17,3342,2021-08-06,1333,481,417,5,5,4,3342,0,0,0,NA,0,004,MADISON AVE,MURRIETA HOT SPRINGS RD,503,N,N,A,-,N,NA,NA,NA,NA,NA,NA,NA,NA,NA,Y,4,0,1,2,A,-,09,21804,A,N,D,C,A,A,H,-,A,A,0,NA,NA,NA,NA,Y,NA,A,01,0,0,1,0,0,0,0,0,0,-,-,33.552978515625,-117.19570159912108,RIVERSIDE,MURRIETA,-117.19686126708984,33.55401611328125
81572840,2021,2021-09-17,3349,2021-08-11,1822,366,NA,3,5,5,3341,0,0,0,NA,0,003,LA PIEDRA RD,BRADLEY RD,33,W,N,A,-,N,NA,NA,NA,NA,NA,NA,NA,NA,NA,Y,4,0,1,2,A,-,01,23152,A,N,C,C,A,A,H,-,A,A,0,NA,NA,NA,NA,Y,Y,A,01,0,0,1,0,0,0,0,0,0,-,-,NA,NA,RIVERSIDE,MENIFEE,-117.18878173828124,33.6777229309082
81573659,2021,2021-09-20,3300,2021-08-13,2126,5567,82B4,5,5,3,3305,0,0,0,NA,0,Y82,54TH AV,CESAR CHAVEZ ST,0,NA,Y,A,-,N,NA,NA,NA,NA,NA,NA,NA,NA,NA,Y,2,0,3,2,A,-,09,21453,C,N,D,C,A,A,H,-,C,A,0,NA,NA,NA,NA,Y,Y,A,01,1,0,2,0,0,0,0,0,0,-,-,33.65652847290039,-116.18177795410156,RIVERSIDE,COACHELLA,-116.181778,33.656528
81577443,2021,2021-09-23,3300,2021-09-17,2301,4808,920C,5,5,4,3314,0,0,0,NA,0,070,ESPLANADE AVE,KIRBY ST,0,NA,Y,A,-,N,NA,NA,NA,NA,NA,NA,NA,NA,NA,N,4,0,2,2,A,-,12,22450,A,N,D,C,A,A,H,-,C,A,0,NA,NA,NA,NA,Y,NA,A,07,0,0,2,0,0,0,0,0,0,-,-,33.772979736328125,-116.99800872802734,RIVERSIDE,SAN JACINTO,-116.99800872802734,33.772804260253906
81578172,2021,2021-09-23,3308,2021-08-25,2309,10620,518,3,5,5,3308,0,0,0,NA,0,NORTH,DEVONSHIRE AVE,YALE ST,205,W,N,A,-,N,NA,NA,NA,NA,NA,NA,NA,NA,NA,Y,3,0,1,3,A,-,03,22350,NA,N,A,E,A,A,H,-,D,D,0,NA,NA,NA,NA,Y,Y,A,01,0,1,0,0,0,0,0,0,0,-,-,33.74903869628906,-116.94647979736328,RIVERSIDE,HEMET,-116.95061492919922,33.751258850097656
81578563,2021,2021-09-24,3342,2021-08-14,1310,1098,491,6,5,4,3342,0,0,0,NA,0,004,JEFFERSON AVE,AUTO MALL PKY,100,N,N,B,-,N,NA,NA,NA,NA,NA,NA,NA,NA,NA,Y,3,0,1,2,A,-,09,21801,NA,N,F,C,A,A,H,-,A,D,0,NA,NA,Y,NA,Y,NA,A,07,0,1,0,0,0,0,0,0,1,-,-,33.52799987792969,-117.17373657226563,RIVERSIDE,MURRIETA,-117.1739501953125,33.5282096862793
81578564,2021,2021-09-24,3342,2021-08-16,0730,898,364,1,5,4,3342,0,0,0,NA,0,003,CLINTON KEITH RD,BRONCO RD,0,NA,Y,A,-,N,NA,NA,NA,NA,NA,NA,NA,NA,NA,Y,4,0,1,2,A,-,03,22350,NA,N,C,C,A,A,H,-,A,D,0,NA,NA,NA,NA,Y,NA,A,01,0,0,1,0,0,0,0,0,0,-,-,33.59701156616211,-117.16095733642578,RIVERSIDE,MURRIETA,-117.16747283935548,33.59771728515625
81578607,2021,2021-09-24,3349,2021-09-05,1755,356,NA,7,5,5,3341,0,0,0,NA,0,003,SCOTT RD,215 FWY OVERPASS,80,E,N,A,-,N,NA,NA,NA,NA,NA,NA,NA,NA,NA,Y,4,0,1,2,A,-,04,21703,NA,N,C,C,A,A,H,-,A,A,0,NA,NA,NA,NA,Y,NA,D,22,0,0,1,0,0,0,0,0,0,-,-,NA,NA,RIVERSIDE,MENIFEE,-117.17113494873048,33.64168167114258
81578610,2021,2021-09-24,3349,2021-09-08,0812,331,NA,3,5,5,3341,0,0,0,NA,0,002,MENIFEE RD,LA PIEDRA RD,0,NA,Y,A,-,N,NA,NA,NA,NA,NA,NA,NA,NA,NA,N,3,0,1,2,A,-,09,21800,A,N,H,G,A,A,H,-,A,A,0,NA,Y,NA,NA,Y,NA,L,04,0,1,0,0,0,0,1,0,0,-,-,33.67522048950195,-117.1570281982422,RIVERSIDE,MENIFEE,-117.15705871582033,33.675228118896484
81578612,2021,2021-09-24,3349,2021-09-10,1825,366,NA,5,5,5,3341,0,0,0,NA,0,001,MCCALL BLVD,ENCANTO DR,234,W,N,A,-,N,NA,NA,NA,NA,NA,NA,NA,NA,NA,Y,4,0,2,2,A,-,08,22107,NA,N,C,C,A,A,H,-,A,A,0,NA,NA,NA,NA,Y,NA,D,22,0,0,2,0,0,0,0,0,0,-,-,33.71500015258789,-117.18601989746094,RIVERSIDE,MENIFEE,-117.1867446899414,33.715118408203125
81582163,2021,2021-09-29,3300,2021-09-15,1820,3627,603 B,3,5,6,3394,0,0,0,NA,0,MV34,SAN MICHELE RD,INDIAN ST,670,W,N,A,-,N,NA,NA,NA,NA,NA,NA,NA,NA,NA,Y,4,0,2,2,A,-,09,21804,A,N,D,C,A,A,H,-,A,D,0,NA,NA,Y,NA,Y,NA,C,06,0,0,2,0,0,0,0,0,0,-,-,33.866249084472656,-117.23490142822266,RIVERSIDE,MORENO VALLEY,-117.23702239990234,33.870079040527344
81585374,2021,2021-10-01,3300,2021-09-29,1416,N7332,916C,3,5,4,3312,0,0,0,NA,0,034,PARK AV,FOURTH ST,560,S,N,A,-,N,NA,NA,NA,NA,NA,NA,NA,NA,NA,N,3,0,1,2,A,-,11,21954,A,N,G,B,D,A,H,-,A,D,0,Y,NA,NA,NA,Y,NA,N,60,0,1,0,0,1,0,0,0,0,-,-,NA,NA,RIVERSIDE,PERRIS,-117.23693084716795,33.78080749511719
81585492,2021,2021-10-01,3349,2021-07-22,1412,331,NA,4,5,5,3341,0,0,0,NA,0,001,HWY 74,MENIFEE RD,1196,E,N,A,-,Y,NA,NA,NA,NA,NA,NA,NA,NA,NA,Y,4,0,2,3,A,-,03,22350,NA,N,C,C,A,A,D,-,A,A,0,NA,NA,NA,NA,Y,NA,A,01,0,0,2,0,0,0,0,0,0,-,-,NA,NA,RIVERSIDE,MENIFEE,-117.1501693725586,33.74314880371094
81587775,2021,2021-10-05,3300,2021-07-20,1906,5580,011,2,5,4,3344,0,0,0,NA,0,061,LIMONITE AV,EASTVALE GATEWAY (1),0,NA,Y,A,-,N,NA,NA,NA,NA,NA,NA,NA,NA,NA,N,4,0,1,2,A,-,03,22350,NA,N,C,C,A,A,H,-,A,A,0,NA,NA,NA,NA,Y,NA,A,01,0,0,1,0,0,0,0,0,0,-,-,33.975120544433594,-117.55226135253906,RIVERSIDE,EASTVALE,-117.55409240722656,33.97512435913086
8158864,2016,2016-11-03,3313,2016-10-10,2232,1798,WEST,1,5,7,3313,0,0,0,NA,0,A417,ARLINGTON AV,MITCHELL AV,0,NA,Y,A,-,N,NA,NA,NA,NA,NA,NA,NA,NA,NA,Y,3,0,2,2,A,-,00,23153,F,N,D,C,A,A,H,-,C,A,0,NA,NA,NA,NA,Y,Y,A,01,0,1,1,0,0,0,0,0,0,-,-,33.94466,-117.49149,RIVERSIDE,RIVERSIDE,-117.49159006,33.94466012
8158925,2016,2017-03-02,3313,2016-09-09,1517,1523,N,5,5,7,3313,0,0,0,NA,0,M22,RT 91,ARLINGTON AV,1079,S,N,A,-,Y,RIV,8,91,-,-,17.62,H,-,W,N,4,0,1,2,A,-,03,22350,NA,N,C,C,A,A,H,-,A,A,0,NA,NA,NA,NA,Y,NA,A,01,0,0,1,0,0,0,0,0,0,-,-,NA,NA,RIVERSIDE,RIVERSIDE,-117.39170347,33.94434137
81591191,2021,2021-10-08,3300,2021-09-29,1610,N7332,916B,3,5,4,3312,0,0,0,NA,0,032,MURRIETA RD,SAN JACINTO AV,150,N,N,A,-,N,NA,NA,NA,NA,NA,NA,NA,NA,NA,Y,4,0,1,2,A,-,08,22107,NA,N,D,C,A,A,H,-,A,D,0,NA,NA,NA,NA,Y,NA,A,01,0,0,1,0,0,0,0,0,0,-,-,33.78651809692383,-117.20887756347656,RIVERSIDE,PERRIS,-117.20870971679688,33.78704071044922
81591201,2021,2021-10-08,3300,2021-10-05,1525,N6297,910C,2,5,5,3335,0,0,0,NA,0,063,LA SERENA WY,CALLE MEDUSA,0,NA,Y,A,-,N,NA,NA,NA,NA,NA,NA,NA,NA,NA,N,4,0,1,2,A,-,05,21650,1,N,D,G,A,A,H,-,A,A,0,NA,Y,NA,NA,Y,NA,L,04,0,0,1,0,0,0,1,0,0,-,-,33.5275993347168,-117.10658264160156,RIVERSIDE,TEMECULA,-117.10670471191406,33.52793502807617
8159156,2016,2016-11-04,3311,2016-10-12,1013,15648,NA,3,5,4,3311,0,0,0,NA,0,004,FARRELL DR,SHARON RD,16,N,N,A,-,N,NA,NA,NA,NA,NA,NA,NA,NA,NA,Y,4,0,1,3,A,-,01,23152,A,N,C,C,A,A,H,-,A,D,0,NA,NA,NA,NA,Y,Y,A,01,0,0,1,0,0,0,0,0,0,-,-,33.84573,-116.51954,RIVERSIDE,PALM SPRINGS,-116.51938,33.84577379
81592565,2021,2021-10-11,3300,2021-10-05,1723,N6297,910E,2,5,5,3335,0,0,0,NA,0,061,JEFFERSON AV,SANBORN AV,0,NA,Y,A,-,N,NA,NA,NA,NA,NA,NA,NA,NA,NA,N,4,0,1,4,A,-,03,22350,NA,N,C,C,A,A,H,-,A,A,0,NA,NA,NA,Y,Y,NA,A,01,0,0,1,0,0,0,0,0,0,-,-,33.524200439453125,-117.168212890625,RIVERSIDE,TEMECULA,-117.16826629638672,33.52410888671875
81594692,2021,2021-10-13,3300,2021-09-03,2215,5680,603 C,5,5,6,3394,0,0,0,NA,0,MV36,CACTUS AVE,KITCHING ST,0,NA,Y,A,-,N,NA,NA,NA,NA,NA,NA,NA,NA,NA,Y,2,0,1,2,A,-,08,22100,B,F,D,C,A,A,H,-,C,A,0,NA,NA,Y,NA,Y,Y,A,01,1,0,0,0,0,0,0,0,1,-,-,33.93988037109375,-117.21752166748048,RIVERSIDE,MORENO VALLEY,-117.21733856201172,33.910057067871094
81594696,2021,2021-10-13,3300,2021-10-04,1104,3536,603 A,1,5,6,3394,0,0,0,NA,0,MV32,CACTUS AVE,UNITY CT,52,W,N,A,-,N,NA,NA,NA,NA,NA,NA,NA,NA,NA,N,3,0,1,1,A,-,08,22107,NA,N,E,I,A,A,H,-,A,D,0,NA,NA,NA,NA,Y,NA,A,01,0,1,0,0,0,0,0,0,0,-,-,33.91001892089844,-117.24183654785156,RIVERSIDE,MORENO VALLEY,-117.24211883544922,33.9100341796875
81597032,2021,2021-10-15,3300,2021-03-07,1821,4145,901B,7,5,4,3310,0,0,0,NA,0,050,CALIFORNIA AV,NORTH DR.,19,W,N,A,-,N,NA,NA,NA,NA,NA,NA,NA,NA,NA,N,4,0,1,1,-,-,-,NA,NA,N,E,I,A,A,H,-,C,A,0,NA,NA,NA,NA,Y,NA,-,-,0,0,1,0,0,0,0,0,0,-,-,NA,NA,RIVERSIDE,NORCO,-117.52812957763672,33.953651428222656
81598282,2021,2021-10-18,3349,2021-08-16,1812,442,NA,1,5,5,3341,0,0,0,NA,0,001,MENIFEE RD,MAPES RD,6,N,N,A,-,N,NA,NA,NA,NA,NA,NA,NA,NA,NA,Y,3,0,8,3,A,-,12,22450,A,N,D,C,A,A,H,-,A,A,0,NA,NA,NA,NA,Y,NA,-,-,0,7,1,0,0,0,0,0,0,-,-,33.75749969482422,-117.15390777587892,RIVERSIDE,MENIFEE,-117.15415191650392,33.75759506225586
81598548,2021,2021-10-18,3308,2021-08-01,0344,10752,518,7,5,5,3308,0,0,0,NA,0,NORTH,GIRARD ST,DEVONSHIRE AVE,406,S,N,A,-,N,NA,NA,NA,NA,NA,NA,NA,NA,NA,Y,3,0,1,3,A,-,08,22107,NA,N,C,E,A,A,H,-,D,D,0,NA,NA,NA,NA,Y,NA,A,01,0,1,0,0,0,0,0,0,0,-,-,33.749080657958984,-116.95084381103516,RIVERSIDE,HEMET,-116.95429229736328,33.75012969970703
8159879,2016,2016-11-07,3313,2016-09-04,1301,1705,C,7,5,7,3313,0,0,0,NA,0,B427,VAN BUREN BL,CALIFORNIA AV,70,N,N,A,-,N,NA,NA,NA,NA,NA,NA,NA,NA,NA,N,4,0,1,2,A,-,03,22350,NA,N,C,C,A,A,H,-,A,A,0,NA,NA,NA,NA,Y,NA,A,01,0,0,1,0,0,0,0,0,0,-,-,33.92666,-117.45171,RIVERSIDE,RIVERSIDE,-117.4518822,33.92672699