CASE_ID,ACCIDENT_YEAR,PROC_DATE,JURIS,COLLISION_DATE,COLLISION_TIME,OFFICER_ID,REPORTING_DISTRICT,DAY_OF_WEEK,CHP_SHIFT,POPULATION,CNTY_CITY_LOC,SPECIAL_COND,BEAT_TYPE,CHP_BEAT_TYPE,CITY_DIVISION_LAPD,CHP_BEAT_CLASS,BEAT_NUMBER,PRIMARY_RD,SECONDARY_RD,DISTANCE,DIRECTION,INTERSECTION,WEATHER_1,WEATHER_2,STATE_HWY_IND,CALTRANS_COUNTY,CALTRANS_DISTRICT,STATE_ROUTE,ROUTE_SUFFIX,POSTMILE_PREFIX,POSTMILE,LOCATION_TYPE,RAMP_INTERSECTION,SIDE_OF_HWY,TOW_AWAY,COLLISION_SEVERITY,NUMBER_KILLED,NUMBER_INJURED,PARTY_COUNT,PRIMARY_COLL_FACTOR,PCF_CODE_OF_VIOL,PCF_VIOL_CATEGORY,PCF_VIOLATION,PCF_VIOL_SUBSECTION,HIT_AND_RUN,TYPE_OF_COLLISION,MVIW,PED_ACTION,ROAD_SURFACE,ROAD_COND_1,ROAD_COND_2,LIGHTING,CONTROL_DEVICE,CHP_ROAD_TYPE,PEDESTRIAN_ACCIDENT,BICYCLE_ACCIDENT,MOTORCYCLE_ACCIDENT,TRUCK_ACCIDENT,NOT_PRIVATE_PROPERTY,ALCOHOL_INVOLVED,STWD_VEHTYPE_AT_FAULT,CHP_VEHTYPE_AT_FAULT,COUNT_SEVERE_INJ,COUNT_VISIBLE_INJ,COUNT_COMPLAINT_PAIN,COUNT_PED_KILLED,COUNT_PED_INJURED,COUNT_BICYCLIST_KILLED,COUNT_BICYCLIST_INJURED,COUNT_MC_KILLED,COUNT_MC_INJURED,PRIMARY_RAMP,SECONDARY_RAMP,LATITUDE,LONGITUDE,COUNTY,CITY,POINT_X,POINT_Y
81652301,2021,2021-12-15,3300,2021-12-09,0728,N4225,905K,4,5,4,3307,0,0,0,NA,0,094,LINCOLN ST,BREAKWATER ST,59,S,N,B,C,N,NA,NA,NA,NA,NA,NA,NA,NA,NA,Y,4,0,2,2,A,-,07,21658,A,N,B,C,A,B,H,-,A,D,0,NA,NA,NA,NA,Y,NA,A,01,0,0,2,0,0,0,0,0,0,-,-,33.68912124633789,-117.39275360107422,RIVERSIDE,LAKE ELSINORE,-117.39334869384766,33.686702728271484
8165248,2016,2016-11-14,3311,2016-10-24,1647,15484,NA,1,5,4,3311,0,0,0,NA,0,NA,INDIAN CANYON DR N,TAMARISK RD,0,NA,Y,B,-,N,NA,NA,NA,NA,NA,NA,NA,NA,NA,N,3,0,1,2,A,-,09,21801,A,N,D,C,A,A,H,-,A,A,0,NA,NA,NA,NA,Y,NA,D,22,0,1,0,0,0,0,0,0,0,-,-,33.83402,-116.54564,RIVERSIDE,PALM SPRINGS,-116.54562008,33.83399011
81653546,2021,2021-12-16,3300,2021-12-14,0901,N7409,87A1,2,5,2,3316,0,0,0,NA,0,J87,FRED WARING DR,COOK ST,0,NA,Y,B,-,N,NA,NA,NA,NA,NA,NA,NA,NA,NA,Y,4,0,1,3,A,-,12,21453,A,N,D,C,A,A,H,-,A,A,0,NA,NA,NA,NA,Y,NA,A,01,0,0,1,0,0,0,0,0,0,-,-,33.728858947753906,-116.35630035400392,RIVERSIDE,INDIAN WELLS,-116.35628509521484,33.728858947753906
81653550,2021,2021-12-16,3300,2021-12-13,1245,N1673,30C2,1,5,4,3318,0,0,0,NA,0,T30,FRED WARING DR,FAIRHAVEN DR,0,NA,Y,A,-,N,NA,NA,NA,NA,NA,NA,NA,NA,NA,Y,3,0,2,2,A,-,09,21801,A,N,D,C,A,A,H,-,A,A,0,NA,NA,NA,NA,Y,NA,A,01,0,1,1,0,0,0,0,0,0,-,-,33.72867965698242,-116.39579010009766,RIVERSIDE,PALM DESERT,-116.39560699462892,33.728599548339844
81655672,2021,2021-12-20,3300,2021-12-16,2100,5749,NA,4,5,5,3335,0,0,0,NA,0,NA,MEADOWS PKY,VIA CAMPO,0,NA,Y,B,-,N,NA,NA,NA,NA,NA,NA,NA,NA,NA,Y,4,0,1,2,A,-,09,21804,A,N,A,C,A,B,H,-,D,A,0,NA,NA,NA,NA,Y,NA,A,01,0,0,1,0,0,0,0,0,0,-,-,33.496578216552734,-117.09522247314452,RIVERSIDE,TEMECULA,-117.09503173828124,33.49699020385742
81657114,2021,2021-12-21,3308,2021-10-15,2146,10801,546,5,5,5,3308,0,0,0,NA,0,SOUTH,STETSON AVE,GILBERT ST,644,W,N,A,-,N,NA,NA,NA,NA,NA,NA,NA,NA,NA,Y,4,0,1,2,A,-,09,21804,A,N,D,C,A,A,H,-,C,D,0,NA,NA,NA,NA,Y,Y,D,22,0,0,1,0,0,0,0,0,0,-,-,33.72941970825195,-116.97595977783205,RIVERSIDE,HEMET,-116.97798919677734,33.7293815612793
81657126,2021,2021-12-21,3308,2021-11-02,1601,10610,515,2,5,5,3308,0,0,0,NA,0,NORTH,DEVONSHIRE AVE,CARL WAY,35,E,N,A,-,N,NA,NA,NA,NA,NA,NA,NA,NA,NA,N,3,0,1,2,A,-,05,21202,NA,N,B,G,A,A,H,-,A,A,0,NA,Y,NA,NA,Y,NA,L,04,0,1,0,0,0,0,1,0,0,-,-,NA,NA,RIVERSIDE,HEMET,-117.00067138671876,33.75078582763672
81659360,2021,2021-12-23,3300,2021-12-20,1600,5822,916D,1,5,4,3312,0,0,0,NA,0,032,SAN JACINTO AV,DUNLAP DR (S),0,NA,Y,A,-,N,NA,NA,NA,NA,NA,NA,NA,NA,NA,Y,2,0,3,2,A,-,09,21802,A,N,D,C,A,A,H,-,B,A,0,NA,NA,NA,NA,Y,NA,A,07,1,0,2,0,0,0,0,0,0,-,-,33.786590576171875,-117.19172668457033,RIVERSIDE,PERRIS,-117.19139862060548,33.78665542602539
81660772,2021,2021-12-24,3300,2021-12-15,1640,N6910,002U,3,5,6,3345,0,0,0,NA,0,024,CLAY ST,VAN BUREN BL,441,E,N,A,-,N,NA,NA,NA,NA,NA,NA,NA,NA,NA,N,4,0,2,2,A,-,08,22105,NA,N,D,C,A,A,H,-,B,A,0,NA,NA,NA,NA,Y,NA,A,01,0,0,2,0,0,0,0,0,0,-,-,33.96731948852539,-117.46681213378906,RIVERSIDE,JURUPA VALLEY,-117.46539306640624,33.967769622802734
81665049,2021,2021-12-29,3300,2021-12-26,1911,5675,602 D,7,5,6,3394,0,0,0,NA,0,MV26,COTTONWOOD AVE,INDIAN ST,0,NA,Y,A,-,N,NA,NA,NA,NA,NA,NA,NA,NA,NA,Y,4,0,1,3,A,-,12,21453,A,N,B,C,A,A,H,-,C,A,0,NA,NA,NA,NA,Y,NA,A,01,0,0,1,0,0,0,0,0,0,-,-,33.92462158203125,-117.23503112792967,RIVERSIDE,MORENO VALLEY,-117.23503112792967,33.924564361572266
81665172,2021,2021-12-29,3315,2021-07-10,1229,002661,14C,6,5,6,3315,0,0,0,NA,0,004,LINCOLN AV,MOUNTAIN GATE DR,0,NA,Y,A,-,N,NA,NA,NA,NA,NA,NA,NA,NA,NA,Y,1,1,2,4,A,-,12,21453,A,N,D,C,A,A,H,-,A,A,0,NA,NA,Y,NA,Y,NA,A,01,0,0,2,0,0,0,0,0,0,-,-,33.838409423828125,-117.5847625732422,RIVERSIDE,CORONA,-117.58477020263672,33.838417053222656
81665174,2021,2021-12-29,3315,2021-10-07,1953,003152,3H,4,5,6,3315,0,0,0,NA,0,002,SIXTH ST,RIMPAU AV,292,W,N,A,-,N,NA,NA,NA,NA,NA,NA,NA,NA,NA,N,2,0,1,2,A,-,11,21954,A,F,G,B,D,A,H,-,C,D,0,Y,NA,NA,NA,Y,NA,N,60,1,0,0,0,1,0,0,0,0,-,-,33.87342071533203,-117.55267333984376,RIVERSIDE,CORONA,-117.5535888671875,33.87456130981445
8166745,2016,2017-03-30,3300,2016-10-23,1211,3544,905A,7,5,4,3307,0,0,0,NA,0,L95,RT 74,ALLAN ST,423,E,N,B,C,Y,RIV,8,74,-,-,18.05,H,-,W,Y,1,1,2,2,A,-,08,22107,NA,N,D,C,A,B,H,-,A,D,0,NA,NA,NA,NA,Y,NA,A,01,1,0,1,0,0,0,0,0,0,-,-,NA,NA,RIVERSIDE,LAKE ELSINORE,-117.32841586,33.70056261
81667852,2021,2022-01-03,3300,2021-06-11,0805,N5073,38E3,5,5,3,3317,0,0,0,NA,0,2T390,MONTEREY AVE,FRANK SINATRA DR,233,N,N,A,-,N,NA,NA,NA,NA,NA,NA,NA,NA,NA,N,3,0,1,2,A,-,07,21658,A,N,C,G,A,A,H,-,A,A,0,NA,Y,NA,NA,Y,NA,L,04,0,1,0,0,0,0,1,0,0,-,-,NA,NA,RIVERSIDE,RANCHO MIRAGE,-116.3908920288086,33.77309799194336
81667883,2021,2022-01-03,3300,2021-12-24,1305,N6765,30A2,5,5,4,3318,0,0,0,NA,0,T30,HWY 111,PAINTERS PATH,84,W,N,A,-,N,NA,NA,NA,NA,NA,NA,NA,NA,NA,N,4,0,2,2,A,-,12,21453,A,N,C,D,A,A,H,-,A,A,0,NA,NA,NA,NA,Y,NA,A,01,0,0,2,0,0,0,0,0,0,-,-,33.73141860961914,-116.4049072265625,RIVERSIDE,PALM DESERT,-116.40512847900392,33.73161697387695
81669251,2021,2022-01-04,3300,2021-11-11,1704,4024,905L,4,5,4,3307,0,0,0,NA,0,093,LAKESHORE DR,WISCONSIN ST,0,NA,Y,A,-,N,NA,NA,NA,NA,NA,NA,NA,NA,NA,Y,4,0,1,2,A,-,03,22350,NA,N,C,C,A,A,H,-,B,D,0,NA,NA,Y,NA,Y,NA,C,02,0,0,1,0,0,0,0,0,1,-,-,33.684200286865234,-117.36588287353516,RIVERSIDE,LAKE ELSINORE,-117.36590576171876,33.6841926574707
81669261,2021,2022-01-04,3300,2021-12-14,1853,5199,905F,2,5,4,3307,0,0,0,NA,0,092,AUTO CENTER DR,MILL ST,45,N,N,B,-,N,NA,NA,NA,NA,NA,NA,NA,NA,NA,Y,3,0,3,2,A,-,01,23152,B,N,C,C,A,B,H,-,C,A,0,NA,NA,NA,NA,Y,Y,A,01,0,2,1,0,0,0,0,0,0,-,-,33.66564178466797,-117.3054428100586,RIVERSIDE,LAKE ELSINORE,-117.30559539794922,33.665618896484375
81669272,2021,2022-01-04,3300,2021-12-09,1625,5765,802-B,4,5,3,3343,0,0,0,NA,0,082,BUNDY CANYON RD,OAK CIRCLE DR,50,W,N,B,-,N,NA,NA,NA,NA,NA,NA,NA,NA,NA,Y,4,0,1,1,A,-,08,22107,NA,N,E,I,A,B,H,-,B,D,0,NA,NA,NA,NA,Y,NA,A,01,0,0,1,0,0,0,0,0,0,-,-,33.62657165527344,-117.24925231933594,RIVERSIDE,WILDOMAR,-117.24957275390624,33.626564025878906
8167026,2016,2017-09-12,3313,2016-06-26,1313,1792,N,7,5,7,3313,0,0,0,NA,0,B135,MAIN ST,PLACENTIA LN,0,NA,Y,A,-,N,NA,NA,NA,NA,NA,NA,NA,NA,NA,Y,1,1,1,2,A,-,09,21802,A,N,D,C,A,A,H,-,A,A,0,NA,NA,NA,NA,Y,NA,A,01,1,0,0,0,0,0,0,0,0,-,-,34.0194,-117.36252,RIVERSIDE,RIVERSIDE,-117.36256003,34.01928011
81670564,2021,2022-01-05,3311,2021-12-09,1706,16210,NA,4,5,4,3311,0,0,0,NA,0,004,SR 111 (VISTA CHINO),VIA ROBERTO MIGUEL,182,E,N,A,-,Y,NA,NA,111,NA,NA,NA,NA,NA,NA,Y,3,0,3,3,A,-,03,22350,NA,N,C,C,A,A,H,-,C,A,0,NA,NA,NA,NA,Y,NA,A,01,0,2,1,0,0,0,0,0,0,-,-,33.844940185546875,-116.51013946533205,RIVERSIDE,PALM SPRINGS,-116.51013946533205,33.84494400024414
8167095,2017,2018-03-08,3300,2017-11-02,1014,4071,603A3,4,5,6,3394,0,0,0,NA,0,MV32,CACTUS AV,HEACOCK ST,0,NA,Y,A,-,N,NA,NA,NA,NA,NA,NA,NA,NA,NA,N,1,1,0,2,A,-,11,21950,B,N,G,B,D,A,H,-,A,A,0,Y,NA,NA,NA,Y,NA,N,60,0,0,0,1,0,0,0,0,0,-,-,33.91017,-117.24359,RIVERSIDE,MORENO VALLEY,-117.24359013,33.91014006
81671650,2020,2022-01-06,3300,2020-09-23,1150,4765,20F2,3,5,3,3317,0,0,0,NA,0,MO875,BOB HOPE DR,CLANCY LN,0,NA,Y,A,-,N,NA,NA,NA,NA,NA,NA,NA,NA,NA,Y,4,0,4,2,A,-,09,21802,A,N,D,C,A,A,H,-,A,A,0,NA,NA,NA,NA,Y,NA,A,01,0,0,4,0,0,0,0,0,0,-,-,33.746849060058594,-116.40811157226563,RIVERSIDE,RANCHO MIRAGE,-116.40817260742188,33.74687957763672
8167266,2018,2020-05-22,3308,2018-07-22,2107,10470,526,7,5,5,3308,0,0,0,NA,0,SOUTH,FLORIDA AV,ELK ST,42,E,N,A,-,Y,RIV,8,74,-,-,39.85,H,-,E,Y,1,1,0,2,A,-,03,22350,NA,F,G,B,D,A,H,-,C,A,0,Y,NA,NA,NA,Y,Y,A,01,0,0,0,1,0,0,0,0,0,-,-,33.7475700378418,-116.98483276367188,RIVERSIDE,HEMET,-116.98458099365234,33.74742889404297
8167280,2018,2018-09-07,3325,2018-05-07,2044,536,DESER,1,5,4,3325,0,0,0,NA,0,003,MOUNTAIN VIEW RD,VARNER RD,1932,N,N,A,-,N,NA,NA,NA,NA,NA,NA,NA,NA,NA,Y,2,0,3,3,C,-,18,NA,NA,N,A,C,A,A,H,-,D,D,0,NA,NA,NA,NA,Y,NA,-,-,3,0,0,0,0,0,0,0,0,-,-,NA,NA,RIVERSIDE,CATHEDRAL CITY,-116.47437286376952,33.89079666137695
81673910,2021,2022-01-10,3300,2021-06-17,0924,5366,32E6,4,5,4,3318,0,0,0,NA,0,MO871,HWY 74,CAHUILLA WAY,0,NA,Y,A,-,N,NA,NA,NA,NA,NA,NA,NA,NA,NA,Y,2,0,2,2,A,-,01,23152,G,N,D,C,A,A,H,-,A,A,0,NA,NA,NA,NA,Y,NA,A,07,1,0,1,0,0,0,0,0,0,-,-,33.68497848510742,-116.40435028076172,RIVERSIDE,PALM DESERT,-116.40437316894533,33.68490219116211
81674244,2021,2022-01-10,3308,2021-11-23,1555,10379,506,2,5,5,3308,0,0,0,NA,0,NORTH,STATE ST,FRUITVALE AVE,300,S,N,B,-,N,NA,NA,NA,NA,NA,NA,NA,NA,NA,Y,4,0,2,2,A,-,05,21650,NA,N,A,C,A,A,H,-,A,D,0,NA,NA,NA,NA,Y,NA,A,01,0,0,2,0,0,0,0,0,0,-,-,33.76203918457031,-116.97183227539063,RIVERSIDE,HEMET,-116.97180938720705,33.761207580566406
81674319,2021,2022-01-10,3315,2021-12-11,1746,003547,3E,6,5,6,3315,0,0,0,NA,0,003,MAGNOLIA AV,15 SB ON RAMP,0,NA,Y,A,-,N,NA,NA,NA,NA,NA,NA,NA,NA,NA,Y,4,0,1,2,A,-,08,22107,NA,N,D,C,A,A,H,-,C,A,0,NA,NA,NA,NA,Y,NA,A,01,0,0,1,0,0,0,0,0,0,-,-,33.865570068359375,-117.54283142089844,RIVERSIDE,CORONA,-117.54234313964844,33.86566925048828
81674320,2022,2022-01-10,3315,2022-01-03,2305,004351,6B,1,5,6,3315,0,0,0,NA,0,001,WEST GRAND BLVD,WEST SECOND STREET,34,N,N,A,-,N,NA,NA,NA,NA,NA,NA,NA,NA,NA,Y,4,0,1,2,A,-,08,22107,NA,N,A,C,A,A,H,-,C,A,0,NA,NA,NA,NA,Y,NA,A,01,0,0,1,0,0,0,0,0,0,-,-,NA,NA,RIVERSIDE,CORONA,-117.57144927978516,33.88018035888672
81678788,2022,2022-01-17,3300,2022-01-05,1557,N5791,011C,3,5,4,3344,0,0,0,NA,0,061,LIMONITE AV,CLOVERDALE MARKETPLACE,0,NA,Y,A,-,N,NA,NA,NA,NA,NA,NA,NA,NA,NA,Y,4,0,1,2,A,-,12,21453,A,N,D,C,A,A,H,-,A,A,0,NA,NA,NA,NA,Y,NA,A,01,0,0,1,0,0,0,0,0,0,-,-,NA,NA,RIVERSIDE,EASTVALE,-117.56114196777344,33.97528839111328
81678818,2021,2022-01-17,3300,2021-11-19,1204,3536,603 C,5,5,6,3394,0,0,0,NA,0,MV36,GENTIAN AVE,PERRIS BLVD,0,NA,Y,A,-,N,NA,NA,NA,NA,NA,NA,NA,NA,NA,N,4,0,3,2,A,-,12,21453,A,N,D,C,A,A,H,-,A,A,0,NA,NA,NA,NA,Y,NA,-,-,0,0,3,0,0,0,0,0,0,-,-,33.895408630371094,-117.22653198242188,RIVERSIDE,MORENO VALLEY,-117.22624969482422,33.89558410644531
81678819,2021,2022-01-17,3300,2021-11-30,1500,4996,603 B,2,5,6,3394,0,0,0,NA,0,MV34,IRIS AVE,PERRIS BLVD,136,W,N,A,-,N,NA,NA,NA,NA,NA,NA,NA,NA,NA,Y,4,0,2,2,A,-,03,22350,NA,N,C,C,A,A,H,-,A,A,0,NA,NA,NA,NA,Y,NA,A,01,0,0,2,0,0,0,0,0,0,-,-,33.88833999633789,-117.22621917724608,RIVERSIDE,MORENO VALLEY,-117.22674560546876,33.88840103149414
8167929,2019,2019-12-17,3308,2019-08-27,1516,10610,524,2,5,5,3308,0,0,0,NA,0,NORTH,FLORIDA AV,PROMENADE DR,0,NA,Y,A,-,Y,RIV,8,74,-,-,37.66,H,-,W,Y,3,0,2,2,A,-,12,21453,A,N,D,C,A,A,H,-,A,A,0,NA,NA,NA,NA,Y,NA,A,07,0,1,1,0,0,0,0,0,0,-,-,NA,NA,RIVERSIDE,HEMET,-117.0200653076172,33.74404525756836
81680383,2022,2022-01-19,3300,2022-01-09,1223,N7132,36Q3,7,5,4,3318,0,0,0,NA,0,T36,MONTEREY AVE,PARKVIEW DR,50,E,N,A,-,N,NA,NA,NA,NA,NA,NA,NA,NA,NA,N,4,0,1,2,A,-,21,22106,NA,N,C,C,A,A,H,-,A,A,0,NA,NA,NA,NA,Y,NA,A,07,0,0,1,0,0,0,0,0,0,-,-,33.73236083984375,-116.39121246337892,RIVERSIDE,PALM DESERT,-116.39124298095705,33.7324104309082
81681333,2021,2022-01-20,3311,2021-12-25,1730,16303,NA,6,5,4,3311,0,0,0,NA,0,004,VIA ESCUELA,VIMINAL ROAD,445,E,N,A,-,N,NA,NA,NA,NA,NA,NA,NA,NA,NA,Y,4,0,2,6,A,-,01,23152,A,N,C,C,A,A,H,-,D,A,0,NA,NA,NA,NA,Y,Y,A,01,0,0,2,0,0,0,0,0,0,-,-,33.8486213684082,-116.51841735839844,RIVERSIDE,PALM SPRINGS,-116.51688385009766,33.84851837158203
8168330,2016,2016-11-30,3313,2016-10-10,0314,1769,N,1,5,7,3313,0,0,0,NA,0,A115,ORANGE ST,CASTAIC ST,198,N,N,A,-,N,NA,NA,NA,NA,NA,NA,NA,NA,NA,Y,4,0,1,2,A,-,08,22107,NA,N,A,E,A,A,H,-,C,D,0,NA,NA,NA,NA,Y,NA,A,01,0,0,1,0,0,0,0,0,0,-,-,34.00135,-117.35957,RIVERSIDE,RIVERSIDE,-117.35939383,34.00193428
81683313,2022,2022-01-24,3300,2022-01-13,1840,N3074,80B5,4,5,3,3305,0,0,0,NA,0,Y80,AVENUE 50,CALHOUN STREET,0,NA,Y,A,-,N,NA,NA,NA,NA,NA,NA,NA,NA,NA,Y,4,0,1,2,A,-,09,21453,C,N,D,C,A,A,H,-,C,A,0,NA,NA,NA,NA,Y,NA,A,01,0,0,1,0,0,0,0,0,0,-,-,NA,NA,RIVERSIDE,COACHELLA,-116.2077865600586,33.68547058105469
81686113,2022,2022-01-27,3300,2022-01-05,0825,N6299,22C2,3,5,3,3317,0,0,0,NA,0,2S367,FRANK SINATRA DR,SERVICE RD,4,W,N,A,-,N,NA,NA,NA,NA,NA,NA,NA,NA,NA,Y,3,0,1,2,A,-,09,21804,A,N,D,C,A,A,H,-,A,D,0,NA,NA,NA,Y,Y,NA,F,55,0,1,0,0,0,0,0,0,0,-,-,33.7724494934082,-116.43406677246094,RIVERSIDE,RANCHO MIRAGE,-116.43413543701172,33.77239990234375
81686265,2022,2022-01-27,3349,2022-01-14,1225,331,NA,5,5,5,3341,0,0,0,NA,0,001,HWY 74,BRIGGS RD,400,W,N,A,-,Y,RIV,NA,74,NA,NA,30.82,H,NA,R,N,4,0,1,2,A,-,03,22350,NA,N,C,C,A,A,H,-,A,A,0,NA,NA,NA,NA,Y,NA,A,07,0,0,1,0,0,0,0,0,0,-,-,33.74293899536133,-117.13641357421876,RIVERSIDE,MENIFEE,-117.13641357421876,33.74315643310547
8168754,2016,2016-11-29,3313,2016-10-28,2058,1821,E,5,5,7,3313,0,0,0,NA,0,C210,SYCAMORE CANYON,SIERRA RIDGE DR,0,NA,Y,A,-,N,NA,NA,NA,NA,NA,NA,NA,NA,NA,N,4,0,1,2,A,-,09,21453,C,N,D,C,A,A,H,-,C,A,0,NA,NA,NA,NA,Y,NA,A,01,0,0,1,0,0,0,0,0,0,-,-,NA,NA,RIVERSIDE,RIVERSIDE,-117.29857002,33.93507007
81688982,2022,2022-01-31,3315,2022-01-07,1820,004382,13D,5,5,6,3315,0,0,0,NA,0,003,ONTARIO AV,STATE ST,0,NA,Y,A,-,N,NA,NA,NA,NA,NA,NA,NA,NA,NA,Y,4,0,2,2,A,-,09,21804,A,N,D,C,A,A,H,-,C,D,0,NA,NA,NA,NA,Y,NA,A,07,0,0,2,0,0,0,0,0,0,-,-,33.84043884277344,-117.53286743164063,RIVERSIDE,CORONA,-117.5322723388672,33.84173583984375
81688983,2022,2022-01-31,3315,2022-01-22,1613,004162,7D,6,5,6,3315,0,0,0,NA,0,001,LINCOLN AV,EIGHTH ST,93,N,N,A,-,N,NA,NA,NA,NA,NA,NA,NA,NA,NA,N,4,0,1,2,A,-,09,21801,A,N,D,C,A,A,H,-,A,B,0,NA,NA,NA,NA,Y,NA,A,01,0,0,1,0,0,0,0,0,0,-,-,33.87519073486328,-117.58363342285156,RIVERSIDE,CORONA,-117.58355712890624,33.87535095214844
8168903,2016,2016-11-29,3308,2016-08-11,1539,10492,515,4,5,5,3308,0,0,0,NA,0,NORTH,DEVONSHIRE AV,KIRBY ST,366,W,N,A,-,N,NA,NA,NA,NA,NA,NA,NA,NA,NA,Y,4,0,2,3,A,-,03,22350,NA,N,C,C,A,A,H,-,A,A,0,NA,NA,NA,NA,Y,NA,A,01,0,0,2,0,0,0,0,0,0,-,-,NA,NA,RIVERSIDE,HEMET,-116.99902988,33.75101149
81692199,2022,2022-02-03,3300,2022-02-02,0632,N6224,601 G,3,5,6,3394,0,0,0,NA,0,MV18,REDLANDS BLVD,GRELCK DR,0,NA,Y,A,-,N,NA,NA,NA,NA,NA,NA,NA,NA,NA,Y,4,0,2,2,A,-,03,22350,NA,N,C,C,A,A,H,-,A,A,0,NA,NA,NA,NA,Y,NA,A,07,0,0,2,0,0,0,0,0,0,-,-,33.94804000854492,-117.15670776367188,RIVERSIDE,MORENO VALLEY,-117.15673828125,33.94821548461914
81694462,2021,2022-02-07,3300,2021-12-24,2352,5627,002D,5,5,6,3345,0,0,0,NA,0,020,FELSPAR ST,MELISSA CI,33,N,N,A,-,N,NA,NA,NA,NA,NA,NA,NA,NA,NA,Y,4,0,2,2,A,-,01,23152,A,N,C,E,A,A,H,-,C,D,0,NA,NA,NA,NA,Y,Y,D,22,0,0,2,0,0,0,0,0,0,-,-,34.00447082519531,-117.4831771850586,RIVERSIDE,JURUPA VALLEY,-117.48419189453124,34.00572204589844
81696358,2021,2022-02-09,3300,2021-12-26,2315,6016,002X,7,5,6,3345,0,0,0,NA,0,022,LIMONITE AV,I 15 NB OFFRAMP,24,E,N,A,-,N,NA,NA,NA,NA,NA,NA,NA,NA,NA,N,4,0,1,2,A,-,03,22350,NA,N,C,C,A,A,H,-,C,A,0,NA,NA,NA,NA,Y,NA,A,01,0,0,1,0,0,0,0,0,0,-,-,33.975101470947266,-117.54757690429688,RIVERSIDE,JURUPA VALLEY,-117.5472412109375,33.97516632080078
81696515,2022,2022-02-09,3342,2022-01-04,1422,1024,561,2,5,4,3342,0,0,0,NA,0,005,ALTA MURRIETA DR,MURRIETA HOT SPRINGS RD,0,NA,Y,A,-,N,NA,NA,NA,NA,NA,NA,NA,NA,NA,N,4,0,1,2,A,-,03,22350,NA,N,C,C,A,A,H,-,A,A,0,NA,NA,NA,NA,Y,NA,A,01,0,0,1,0,0,0,0,0,0,-,-,33.556400299072266,-117.17738342285156,RIVERSIDE,MURRIETA,-117.177490234375,33.55643844604492
81697352,2022,2022-02-10,3300,2022-01-25,2147,5742,603 B,2,5,6,3394,0,0,0,NA,0,NA,JOHN F KENNEDY DR,INDIAN ST,0,NA,Y,A,-,N,NA,NA,NA,NA,NA,NA,NA,NA,NA,Y,2,0,1,2,A,-,09,21453,B,F,B,C,A,A,H,-,C,A,0,NA,NA,Y,NA,Y,NA,A,01,1,0,0,0,0,0,0,0,1,-,-,33.902801513671875,-117.23483276367188,RIVERSIDE,MORENO VALLEY,-117.23495483398438,33.90275573730469
81697502,2022,2022-02-10,3342,2022-01-26,1737,1148,633,3,5,4,3342,0,0,0,NA,0,006,BRANWIN ST,CLEARBROOK DR,347,E,N,A,-,N,NA,NA,NA,NA,NA,NA,NA,NA,NA,Y,4,0,1,2,A,-,06,21750,NA,N,B,C,A,A,H,-,C,D,0,NA,NA,Y,NA,Y,NA,C,02,0,0,1,0,0,0,0,0,1,-,-,33.55794906616211,-117.15132904052734,RIVERSIDE,MURRIETA,-117.15019989013672,33.557861328125
81699341,2022,2022-02-14,3342,2022-01-14,2042,1225,655,5,5,4,3342,0,0,0,NA,0,006,WINCHESTER RD,MURRIETA HOT SPRINGS RD,100,N,N,A,-,Y,RIV,NA,79,NA,R,4.779,H,NA,L,Y,4,0,1,2,A,-,01,23152,A,F,C,C,A,A,H,-,C,A,0,NA,NA,NA,NA,Y,Y,A,01,0,0,1,0,0,0,0,0,0,-,-,33.552669525146484,-117.1405029296875,RIVERSIDE,MURRIETA,-117.14048004150392,33.55266571044922
81699783,2022,2022-02-14,3308,2022-01-20,1426,10610,517,4,5,5,3308,0,0,0,NA,0,NORTH,PARK AVE,STANFORD ST,0,NA,Y,A,-,N,NA,NA,NA,NA,NA,NA,NA,NA,NA,Y,4,0,2,2,A,-,12,22450,A,N,D,C,A,A,H,-,A,A,0,NA,NA,NA,NA,Y,NA,A,01,0,0,2,0,0,0,0,0,0,-,-,NA,NA,RIVERSIDE,HEMET,-116.93260192871094,33.74991989135742
81700685,2022,2022-02-15,3300,2022-01-23,1745,3810,002,7,5,6,3345,0,0,0,NA,0,024,LIMONITE AV,ETIWANDA AV,0,NA,Y,A,-,N,NA,NA,NA,NA,NA,NA,NA,NA,NA,Y,4,0,2,2,A,-,03,22350,NA,N,C,C,A,A,H,-,C,A,0,NA,NA,NA,NA,Y,NA,D,22,0,0,2,0,0,0,0,0,0,-,-,33.97468948364258,-117.52279663085938,RIVERSIDE,JURUPA VALLEY,-117.52330780029295,33.97544860839844
81701623,2022,2022-02-16,3300,2022-02-07,0600,N4883,002B,1,5,6,3345,0,0,0,NA,0,020,MISSION BL,PYRITE ST,23,E,N,A,-,N,NA,NA,NA,NA,NA,NA,NA,NA,NA,Y,3,0,1,2,A,-,17,21457,B,N,D,C,A,A,H,-,B,A,0,NA,NA,NA,NA,Y,NA,A,01,0,1,0,0,0,0,0,0,0,-,-,34.01179885864258,-117.4623565673828,RIVERSIDE,JURUPA VALLEY,-117.46228790283205,34.01179885864258