CASE_ID,ACCIDENT_YEAR,PROC_DATE,JURIS,COLLISION_DATE,COLLISION_TIME,OFFICER_ID,REPORTING_DISTRICT,DAY_OF_WEEK,CHP_SHIFT,POPULATION,CNTY_CITY_LOC,SPECIAL_COND,BEAT_TYPE,CHP_BEAT_TYPE,CITY_DIVISION_LAPD,CHP_BEAT_CLASS,BEAT_NUMBER,PRIMARY_RD,SECONDARY_RD,DISTANCE,DIRECTION,INTERSECTION,WEATHER_1,WEATHER_2,STATE_HWY_IND,CALTRANS_COUNTY,CALTRANS_DISTRICT,STATE_ROUTE,ROUTE_SUFFIX,POSTMILE_PREFIX,POSTMILE,LOCATION_TYPE,RAMP_INTERSECTION,SIDE_OF_HWY,TOW_AWAY,COLLISION_SEVERITY,NUMBER_KILLED,NUMBER_INJURED,PARTY_COUNT,PRIMARY_COLL_FACTOR,PCF_CODE_OF_VIOL,PCF_VIOL_CATEGORY,PCF_VIOLATION,PCF_VIOL_SUBSECTION,HIT_AND_RUN,TYPE_OF_COLLISION,MVIW,PED_ACTION,ROAD_SURFACE,ROAD_COND_1,ROAD_COND_2,LIGHTING,CONTROL_DEVICE,CHP_ROAD_TYPE,PEDESTRIAN_ACCIDENT,BICYCLE_ACCIDENT,MOTORCYCLE_ACCIDENT,TRUCK_ACCIDENT,NOT_PRIVATE_PROPERTY,ALCOHOL_INVOLVED,STWD_VEHTYPE_AT_FAULT,CHP_VEHTYPE_AT_FAULT,COUNT_SEVERE_INJ,COUNT_VISIBLE_INJ,COUNT_COMPLAINT_PAIN,COUNT_PED_KILLED,COUNT_PED_INJURED,COUNT_BICYCLIST_KILLED,COUNT_BICYCLIST_INJURED,COUNT_MC_KILLED,COUNT_MC_INJURED,PRIMARY_RAMP,SECONDARY_RAMP,LATITUDE,LONGITUDE,COUNTY,CITY,POINT_X,POINT_Y
82042801,2023,2023-04-12,3313,2023-03-16,1436,1222,3,4,5,7,3313,0,0,0,NA,0,M36,CANYON SPRINGS PKWY,CORPORATE CENTRE PL,0,NA,Y,B,-,N,NA,NA,NA,NA,NA,NA,NA,NA,NA,Y,4,0,1,2,A,-,12,21453,A,N,D,C,A,A,H,-,A,A,0,NA,NA,NA,NA,Y,NA,A,01,0,0,1,0,0,0,0,0,0,-,-,33.94076919555664,-117.28211975097656,RIVERSIDE,RIVERSIDE,-117.28221893310548,33.94068145751953
82043821,2023,2023-04-13,3300,2023-04-05,1008,4996,602 C,3,5,6,3394,0,0,0,NA,0,MV24,HEACOCK ST,SUNNYMEAD BLVD,150,S,N,A,-,N,NA,NA,NA,NA,NA,NA,NA,NA,NA,Y,4,0,2,2,A,-,09,21804,A,N,D,C,A,A,H,-,A,A,0,NA,NA,NA,NA,Y,NA,A,01,0,0,2,0,0,0,0,0,0,-,-,33.93906021118164,-117.24376678466795,RIVERSIDE,MORENO VALLEY,-117.24378967285156,33.93864059448242
82043835,2023,2023-04-13,3300,2023-03-14,1612,N7633,NA,2,5,4,3318,0,0,0,NA,0,1T394,COOK ST,CREST LAKE DR,12,S,N,A,-,N,NA,NA,NA,NA,NA,NA,NA,NA,NA,N,4,0,3,2,A,-,09,21804,A,N,D,D,A,A,H,-,A,D,0,NA,NA,NA,NA,Y,NA,A,08,0,0,3,0,0,0,0,0,0,-,-,33.76533126831055,-116.35607147216795,RIVERSIDE,PALM DESERT,-116.35617065429688,33.765235900878906
82044738,2023,2023-04-14,3300,2023-04-03,1120,N4544,602 A,1,5,6,3394,0,0,0,NA,0,MV22,DAY ST,BAY AVE,37,N,N,A,-,N,NA,NA,NA,NA,NA,NA,NA,NA,NA,Y,3,0,2,2,A,-,01,23152,F,N,C,C,A,A,H,-,A,A,0,NA,NA,NA,NA,Y,NA,A,01,0,2,0,0,0,0,0,0,0,-,-,33.92055130004883,-117.27883911132813,RIVERSIDE,MORENO VALLEY,-117.27880096435548,33.920631408691406
82044802,2022,2023-04-14,3349,2022-11-22,0410,471,NA,2,5,5,3341,0,0,0,NA,0,001,HWY 74,PALOMAR RD,528,E,N,A,-,Y,NA,NA,NA,NA,NA,NA,NA,NA,NA,Y,2,0,1,2,A,-,09,21801,A,F,D,C,A,A,H,-,C,A,0,NA,NA,NA,NA,Y,Y,-,31,1,0,0,0,0,0,0,0,0,-,-,NA,NA,RIVERSIDE,MENIFEE,-117.16132354736328,33.743003845214844
82045721,2023,2023-04-17,3342,2023-04-07,1643,1357,641,5,5,4,3342,0,0,0,NA,0,006,MURRIETA HOT SPRINGS RD,SCHOOL HOUSE WAY,283,W,N,A,-,N,NA,NA,NA,NA,NA,NA,NA,NA,NA,Y,4,0,2,3,A,-,03,22350,NA,N,C,C,A,A,H,-,A,A,0,NA,NA,NA,NA,Y,NA,A,07,0,0,2,0,0,0,0,0,0,-,-,33.55513000488281,-117.16354370117188,RIVERSIDE,MURRIETA,-117.16432189941406,33.5548095703125
82048085,2023,2023-04-19,3300,2023-04-16,2345,5836,NA,7,5,4,3310,0,0,0,NA,0,NA,RIVER RD,BLUFF ST,1716,N,N,A,-,N,NA,NA,NA,NA,NA,NA,NA,NA,NA,N,3,0,1,2,A,-,01,23152,B,N,A,C,A,A,H,-,C,D,0,NA,NA,NA,NA,Y,Y,D,23,0,1,0,0,0,0,0,0,0,-,-,33.91962814331055,-117.59403228759766,RIVERSIDE,NORCO,-117.59741973876952,33.9232292175293
82048129,2023,2023-04-19,3306,2023-03-20,1030,2923,NA,1,5,3,3306,0,0,0,NA,0,NA,HACIENDA AVE,MIRACLE HILL RD,20,N,N,A,-,N,NA,NA,NA,NA,NA,NA,NA,NA,NA,N,2,0,1,2,A,-,09,21801,A,N,B,C,A,A,H,-,A,A,0,NA,NA,Y,NA,Y,NA,D,22,1,0,0,0,0,0,0,0,1,-,-,33.95412826538086,-116.48380279541016,RIVERSIDE,DESERT HOT SPRINGS,-116.48381042480467,33.95412826538086
82049035,2023,2023-04-20,3306,2023-03-20,1445,2923,NA,1,5,3,3306,0,0,0,NA,0,NA,HACIENDA AVE,OCOTILLO RD,18,N,N,A,-,N,NA,NA,NA,NA,NA,NA,NA,NA,NA,N,3,0,2,2,A,-,12,22450,A,N,D,C,A,A,H,-,A,A,0,NA,NA,NA,NA,Y,NA,A,01,0,1,1,0,0,0,0,0,0,-,-,33.954158782958984,-116.49903869628906,RIVERSIDE,DESERT HOT SPRINGS,-116.49906158447266,33.95415115356445
82049125,2023,2023-04-20,3313,2023-03-25,1528,1830,1,6,5,7,3313,0,0,0,NA,0,T41,NINTH ST,ORANGE ST,123,W,N,A,-,N,NA,NA,NA,NA,NA,NA,NA,NA,NA,N,3,0,1,2,A,-,11,21954,A,N,G,B,E,A,H,-,A,D,0,Y,NA,NA,NA,Y,NA,N,60,0,1,0,0,1,0,0,0,0,-,-,33.980350494384766,-117.37410736083984,RIVERSIDE,RIVERSIDE,-117.37432098388672,33.98053741455078
8204914,2016,2017-01-11,3300,2016-12-25,1050,4113,507G,7,5,5,3341,0,0,0,NA,0,057,BOURIS DR,SOUTHSHORE DR,0,NA,Y,A,-,N,NA,NA,NA,NA,NA,NA,NA,NA,NA,N,3,0,1,1,A,-,03,22350,NA,N,H,A,A,A,H,-,A,D,0,NA,NA,Y,NA,Y,NA,C,02,0,1,0,0,0,0,0,0,1,-,-,33.67369,-117.14548,RIVERSIDE,MENIFEE,-117.14540009,33.6737601
82050156,2023,2023-04-21,3342,2023-04-19,751,1395,337,3,5,4,3342,0,0,0,NA,0,003,CLINTON KEITH RD,VIA MARIPOSA,0,NA,Y,A,-,N,NA,NA,NA,NA,NA,NA,NA,NA,NA,Y,4,0,2,2,A,-,03,22350,NA,N,C,C,A,A,H,-,A,D,0,NA,NA,NA,NA,Y,NA,A,01,0,0,2,0,0,0,0,0,0,-,-,33.59574890136719,-117.19371795654295,RIVERSIDE,MURRIETA,-117.19373321533205,33.595741271972656
82050926,2023,2023-04-24,3315,2023-04-12,1527,003134,16D,3,5,6,3315,0,0,0,NA,0,003,SPYGLASS DR,RIVIERA DR,200,W,N,A,-,N,NA,NA,NA,NA,NA,NA,NA,NA,NA,N,4,0,1,2,A,-,09,21804,A,N,D,C,A,A,H,-,A,A,0,NA,NA,NA,NA,Y,NA,A,01,0,0,1,0,0,0,0,0,0,-,-,33.814090728759766,-117.53692626953124,RIVERSIDE,CORONA,-117.53768157958984,33.813873291015625
82051313,2023,2023-04-24,3313,2023-04-12,1825,1613,CENTR,3,5,7,3313,0,0,0,NA,0,3R46,ADAMS ST,INDIANA AVE,1225,S,N,A,B,N,NA,NA,NA,NA,NA,NA,NA,NA,NA,N,3,0,1,2,A,-,01,23152,A,N,C,C,A,A,H,-,A,D,0,NA,NA,NA,NA,Y,Y,A,01,0,1,0,0,0,0,0,0,0,-,-,33.92586135864258,-117.41959381103516,RIVERSIDE,RIVERSIDE,-117.4169464111328,33.92399978637695
82051327,2023,2023-04-24,3315,2023-04-15,620,004154,NA,6,5,6,3315,0,0,0,NA,0,NA,FOOTHILL PKWY,BORDER AV,100,E,N,A,-,N,NA,NA,NA,NA,NA,NA,NA,NA,NA,N,4,0,1,2,A,-,07,21658,A,N,C,E,A,A,H,-,B,A,0,NA,NA,NA,NA,Y,NA,A,01,0,0,1,0,0,0,0,0,0,-,-,33.8492317199707,-117.60784149169922,RIVERSIDE,CORONA,-117.60738372802734,33.84890365600586
82052397,2023,2023-04-25,3313,2023-04-08,2201,2072,2,6,5,7,3313,0,0,0,NA,0,3R28,WATKINS DR,MT VERNON AVE,394,N,N,A,-,N,NA,NA,NA,NA,NA,NA,NA,NA,NA,N,3,0,1,2,A,-,08,22107,NA,N,D,C,A,A,H,-,C,D,0,NA,NA,NA,NA,Y,NA,A,01,0,1,0,0,0,0,0,0,0,-,-,33.96792984008789,-117.31442260742188,RIVERSIDE,RIVERSIDE,-117.31507873535156,33.968719482421875
82057231,2023,2023-05-01,3342,2023-04-24,1229,1098,495,1,5,4,3342,0,0,0,NA,0,004,DATE ST,JEFFERSON AVE,240,E,N,A,-,N,NA,NA,NA,NA,NA,NA,NA,NA,NA,N,4,0,2,2,A,-,08,22107,NA,N,D,C,A,A,H,-,A,D,0,NA,NA,NA,NA,Y,NA,A,01,0,0,2,0,0,0,0,0,0,-,-,33.52960968017578,-117.17543792724608,RIVERSIDE,MURRIETA,-117.17469787597656,33.52996826171875
82057274,2023,2023-05-01,3313,2023-04-14,1209,1686,5,5,5,7,3313,0,0,0,NA,0,T58,VAN BUREN BLVD,AUDREY AVE,274,S,N,A,-,N,NA,NA,NA,NA,NA,NA,NA,NA,NA,Y,4,0,2,2,A,-,12,21453,A,N,D,C,A,A,H,-,A,A,0,NA,NA,NA,NA,Y,NA,A,01,0,0,2,0,0,0,0,0,0,-,-,33.93608856201172,-117.45426940917967,RIVERSIDE,RIVERSIDE,-117.4541015625,33.93592834472656
82057325,2023,2023-05-01,3315,2023-04-21,1642,004243,1F,5,5,6,3315,0,0,0,NA,0,001,N COTA STREET,PENROSE DRIVE,0,NA,Y,A,-,N,NA,NA,NA,NA,NA,NA,NA,NA,NA,Y,3,0,2,2,A,-,09,21801,A,N,D,C,A,A,H,-,A,D,0,NA,NA,NA,NA,Y,NA,A,01,0,2,0,0,0,0,0,0,0,-,-,NA,NA,RIVERSIDE,CORONA,-117.56755065917967,33.89310073852539
82057464,2023,2023-05-01,3313,2023-02-11,1157,1992,2,6,5,7,3313,0,0,0,NA,0,2R25,IOWA AVE,SPRUCE ST,0,NA,Y,A,-,N,NA,NA,NA,NA,NA,NA,NA,NA,NA,N,2,0,1,2,A,-,05,21650,NA,N,A,C,A,A,H,-,A,A,0,NA,NA,NA,NA,Y,NA,A,01,1,0,0,0,0,0,0,0,0,-,-,33.990291595458984,-117.33992004394533,RIVERSIDE,RIVERSIDE,-117.33984375,33.99022674560547
82057465,2023,2023-05-01,3313,2023-03-20,1420,2077,5,1,5,7,3313,0,0,0,NA,0,2R57,INDIANA AVE,FENSMUIR ST,0,NA,Y,A,-,N,NA,NA,NA,NA,NA,NA,NA,NA,NA,N,4,0,1,3,A,-,08,22107,NA,N,C,C,A,A,H,-,A,D,0,NA,NA,NA,NA,Y,NA,A,01,0,0,1,0,0,0,0,0,0,-,-,33.89453887939453,-117.47561645507813,RIVERSIDE,RIVERSIDE,-117.47564697265624,33.894710540771484
82057472,2023,2023-05-01,3313,2023-04-14,1312,1830,5,5,5,7,3313,0,0,0,NA,0,T41,INDIANA AVE,VAN BUREN BLVD,40,W,N,A,-,N,NA,NA,NA,NA,NA,NA,NA,NA,NA,N,4,0,1,2,A,-,03,22350,NA,N,C,C,A,A,H,-,A,A,0,NA,NA,NA,NA,Y,NA,A,07,0,0,1,0,0,0,0,0,0,-,-,33.91408920288086,-117.44165802001952,RIVERSIDE,RIVERSIDE,-117.44161224365234,33.91400146484375
82059665,2023,2023-05-03,3300,2023-04-26,748,4145,603 C,3,5,6,3394,0,0,0,NA,0,MV36,PERRIS BLVD,SANTIAGO DR,477,N,N,A,-,N,NA,NA,NA,NA,NA,NA,NA,NA,NA,Y,4,0,2,2,A,-,03,22350,NA,N,C,C,A,A,H,-,A,A,0,NA,NA,NA,NA,Y,NA,A,01,0,0,2,0,0,0,0,0,0,-,-,33.89194107055664,-117.2261962890625,RIVERSIDE,MORENO VALLEY,-117.22621917724608,33.89327621459961
82060754,2023,2023-05-04,3300,2023-04-26,1058,5515,22D3,3,5,3,3317,0,0,0,NA,0,S22,BOB HOPE DR,FRANK SINATRA DR,133,N,N,A,-,N,NA,NA,NA,NA,NA,NA,NA,NA,NA,N,4,0,1,2,A,-,03,22350,NA,N,C,C,A,A,H,-,A,A,0,NA,NA,NA,NA,Y,NA,A,07,0,0,1,0,0,0,0,0,0,-,-,33.7724494934082,-116.40798950195313,RIVERSIDE,RANCHO MIRAGE,-116.40767669677734,33.77276611328125
82060755,2023,2023-05-04,3300,2023-05-01,1511,5730,36K5,1,5,4,3318,0,0,0,NA,0,T36,COOK ST,MERLE DR,0,NA,Y,A,-,N,NA,NA,NA,NA,NA,NA,NA,NA,NA,Y,4,0,1,2,A,-,03,22350,NA,N,C,C,A,A,H,-,A,A,0,NA,NA,NA,NA,Y,NA,A,08,0,0,1,0,0,0,0,0,0,-,-,33.739768981933594,-116.35626983642578,RIVERSIDE,PALM DESERT,-116.35630035400392,33.739776611328125
82060935,2022,2023-05-15,3349,2022-12-30,1839,456,NA,5,5,5,3341,0,0,0,NA,0,001,SH-74,MENIFEE RD,100,W,N,A,-,Y,RIV,NA,74,NA,NA,29.806,H,NA,R,Y,2,0,1,2,A,-,01,23152,F,N,A,C,A,A,H,-,C,A,0,NA,NA,NA,Y,Y,NA,A,08,1,0,0,0,0,0,0,0,0,-,-,33.743019104003906,-117.15396881103516,RIVERSIDE,MENIFEE,-117.15396881103516,33.74304962158203
82064438,2023,2023-05-09,3308,2023-04-18,1617,10610,NA,2,5,5,3308,0,0,0,NA,0,NORTH,ESPLANADE AVE,ALABASTER AVE,376,E,N,A,-,N,NA,NA,NA,NA,NA,NA,NA,NA,NA,Y,3,0,1,3,A,-,05,21460,A,N,B,E,A,A,H,-,A,A,0,NA,NA,NA,Y,Y,NA,A,07,0,1,0,0,0,0,0,0,0,-,-,33.77117919921875,-117.02552032470705,RIVERSIDE,HEMET,-117.02797698974608,33.772865295410156
82065460,2023,2023-05-10,3311,2023-04-23,1739,16436,NA,7,5,4,3311,0,0,0,NA,0,003,S EL SEGUNDO,E ARENAS RD,0,NA,Y,A,-,N,NA,NA,NA,NA,NA,NA,NA,NA,NA,Y,3,0,2,2,A,-,09,21801,A,N,D,C,A,A,H,-,A,A,0,NA,NA,NA,NA,Y,NA,A,01,0,2,0,0,0,0,0,0,0,-,-,NA,NA,RIVERSIDE,PALM SPRINGS,NA,NA
82066212,2023,2023-05-11,3300,2023-05-10,826,2840,910H,3,5,5,3335,0,0,0,NA,0,063,DANUBE CT,YUKON RD,149,W,N,A,-,N,NA,NA,NA,NA,NA,NA,NA,NA,NA,N,3,0,1,2,A,-,21,22106,NA,N,C,E,A,A,H,-,A,D,0,NA,NA,NA,NA,Y,NA,A,01,0,1,0,0,0,0,0,0,0,-,-,33.51034927368164,-117.12798309326172,RIVERSIDE,TEMECULA,-117.12831115722656,33.51081466674805
82068148,2023,2023-05-15,3300,2023-05-04,1208,4449,002T2,4,5,6,3345,0,0,0,NA,0,024,LIMONITE AV,CLAY ST,0,NA,Y,C,-,N,NA,NA,NA,NA,NA,NA,NA,NA,NA,Y,3,0,1,3,A,-,12,21453,A,N,D,C,A,B,H,-,A,A,0,NA,NA,NA,NA,Y,NA,D,22,0,1,0,0,0,0,0,0,0,-,-,33.97726821899414,-117.46251678466795,RIVERSIDE,JURUPA VALLEY,-117.4625244140625,33.977359771728516
82069472,2023,2023-05-17,3308,2023-04-25,908,10746,NA,2,5,5,3308,0,0,0,NA,0,NA,GILMORE ST,LATHAM AVE,0,NA,Y,A,-,N,NA,NA,NA,NA,NA,NA,NA,NA,NA,N,3,0,1,2,A,-,12,22450,A,N,D,G,A,A,H,-,A,A,0,NA,Y,NA,NA,Y,NA,L,04,0,1,0,0,0,0,1,0,0,-,-,33.74728012084961,-116.98999786376952,RIVERSIDE,HEMET,-116.99347686767578,33.749244689941406
82071512,2023,2023-05-18,3306,2023-04-30,1251,2547,NA,7,5,3,3306,0,0,0,NA,0,NA,OCOTILLO RD,8TH ST (E),195,N,N,A,-,N,NA,NA,NA,NA,NA,NA,NA,NA,NA,N,4,0,1,2,A,-,21,22106,NA,F,C,C,A,A,H,-,A,D,0,NA,NA,NA,NA,Y,NA,A,01,0,0,1,0,0,0,0,0,0,-,-,33.968711853027344,-116.49961090087892,RIVERSIDE,DESERT HOT SPRINGS,-116.4997787475586,33.96925354003906
8207315,2016,2017-01-10,3300,2016-12-22,1743,4713,910G,4,5,5,3335,0,0,0,NA,0,062,YNEZ RD,DEALER DR,96,S,N,C,-,N,NA,NA,NA,NA,NA,NA,NA,NA,NA,Y,3,0,2,4,A,-,03,22350,NA,N,C,C,A,B,H,-,C,D,0,NA,NA,NA,NA,Y,NA,A,01,0,1,1,0,0,0,0,0,0,-,-,NA,NA,RIVERSIDE,TEMECULA,NA,NA
8207323,2016,2017-01-10,3300,2016-12-27,0931,4323,910B,2,5,5,3335,0,0,0,NA,0,063,WINCHESTER RD,MARGARITA RD,20,E,N,A,-,N,NA,NA,NA,NA,NA,NA,NA,NA,NA,N,4,0,1,2,A,-,03,22350,NA,N,C,C,A,A,H,-,A,A,0,NA,NA,NA,NA,Y,NA,A,01,0,0,1,0,0,0,0,0,0,-,-,NA,NA,RIVERSIDE,TEMECULA,-117.15141568,33.53106029
8207335,2016,2017-01-10,3300,2016-12-13,0835,4009,910G,2,5,5,3335,0,0,0,NA,0,062,SOLANA WY,MARGARITA RD,550,W,N,F,-,N,NA,NA,NA,NA,NA,NA,NA,NA,NA,Y,3,0,1,1,A,-,03,22350,NA,N,E,I,A,A,H,-,A,A,0,NA,NA,Y,NA,Y,NA,C,02,0,1,0,0,0,0,0,0,1,-,-,33.5162,-117.14992,RIVERSIDE,TEMECULA,-117.15146698,33.51550698
82073434,2023,2023-05-22,3300,2023-05-10,1544,N4809,920G,3,5,4,3314,0,0,0,NA,0,074,SAN JACINTO AVE,MENLO AVE,0,NA,Y,A,B,N,NA,NA,NA,NA,NA,NA,NA,NA,NA,Y,4,0,4,3,A,-,12,21453,A,N,D,C,A,A,H,-,A,A,0,NA,NA,NA,NA,Y,NA,A,01,0,0,4,0,0,0,0,0,0,-,-,NA,NA,RIVERSIDE,SAN JACINTO,-116.95870208740234,33.75847625732422
82073473,2023,2023-05-22,3313,2023-04-23,1839,1903,5,7,5,7,3313,0,0,0,NA,0,3R54,LA SIERRA AVE,COCHRAN AVE,0,NA,Y,-,-,N,NA,NA,NA,NA,NA,NA,NA,NA,NA,N,4,0,2,3,A,-,12,21453,A,N,A,C,A,A,H,-,A,A,0,NA,NA,NA,NA,Y,NA,A,01,0,0,2,0,0,0,0,0,0,-,-,NA,NA,RIVERSIDE,RIVERSIDE,-117.47910308837892,33.9068603515625
82073660,2023,2023-05-22,3313,2023-05-03,240,1741,2,3,5,7,3313,0,0,0,NA,0,1R23,CENTRAL AVE,FAIRVIEW AVE,0,NA,Y,A,-,N,NA,NA,NA,NA,NA,NA,NA,NA,NA,Y,3,0,1,1,A,-,08,22107,NA,N,E,I,A,A,H,-,C,D,0,NA,NA,NA,NA,Y,NA,A,07,0,1,0,0,0,0,0,0,0,-,-,NA,NA,RIVERSIDE,RIVERSIDE,-117.36053466796876,33.953365325927734
82074926,2023,2023-05-23,3349,2023-02-03,1342,493,ME100,5,5,5,3341,0,0,0,NA,0,004,SCOTT RD,I-215 (W),938,E,N,A,-,Y,RIV,NA,215,NA,R,15.518,H,NA,R,Y,4,0,2,2,A,-,12,22450,A,N,C,C,A,A,H,-,A,A,0,NA,NA,NA,NA,Y,Y,A,07,0,0,2,0,0,0,0,0,0,-,-,33.64155960083008,-117.17115020751952,RIVERSIDE,MENIFEE,-117.17106628417967,33.64155960083008
82076812,2023,2023-05-25,3300,2023-04-25,312,5926,916A,2,5,4,3312,0,0,0,NA,0,031,RAMONA EXPRESSWAY,REDLANDS AV,0,NA,Y,A,-,N,NA,NA,NA,NA,NA,NA,NA,NA,NA,Y,4,0,1,2,A,-,12,21453,A,N,D,C,A,A,H,-,C,A,0,NA,NA,NA,Y,Y,NA,A,01,0,0,1,0,0,0,0,0,0,-,-,33.84442901611328,-117.216796875,RIVERSIDE,PERRIS,-117.21690368652344,33.84450149536133
82079746,2023,2023-05-29,3300,2023-05-07,149,5512,30A1,7,5,4,3318,0,0,0,NA,0,T30,HWY 111,PORTOLA AVE,459,W,N,A,-,Y,NA,NA,NA,NA,NA,NA,NA,NA,NA,Y,4,0,1,1,A,-,01,23152,A,N,E,I,A,A,H,-,C,A,0,NA,NA,NA,NA,Y,Y,A,01,0,0,1,0,0,0,0,0,0,-,-,33.72134017944336,-116.37374877929688,RIVERSIDE,PALM DESERT,-116.37525177001952,33.721351623535156
82083235,2023,2023-06-01,3315,2023-05-17,358,10819,16C,3,5,6,3315,0,0,0,NA,0,003,CALIFORNIA AV,LIBERTY DR,40,N,N,A,-,N,NA,NA,NA,NA,NA,NA,NA,NA,NA,Y,3,0,1,1,A,-,08,22107,NA,N,E,I,A,A,H,-,C,D,0,NA,NA,NA,NA,Y,NA,A,01,0,1,0,0,0,0,0,0,0,-,-,33.83018112182617,-117.5431900024414,RIVERSIDE,CORONA,-117.54302215576172,33.8302116394043
82085121,2023,2023-06-05,3313,2023-05-12,1845,1489,NA,5,5,7,3313,0,0,0,NA,0,NA,BLAINE ST,CANYON CREST DR,10,W,N,A,-,N,NA,NA,NA,NA,NA,NA,NA,NA,NA,N,4,0,1,2,A,-,11,21954,A,M,G,B,D,A,H,-,A,A,0,Y,NA,NA,NA,Y,NA,N,60,0,0,1,0,1,0,0,0,0,-,-,33.98305130004883,-117.3311767578125,RIVERSIDE,RIVERSIDE,-117.33116149902344,33.98299026489258
82086479,2023,2023-06-06,3300,2023-05-18,1543,N4654,910B,4,5,5,3335,0,0,0,NA,0,063,WINCHESTER RD,MARGARITA RD,614,N,N,A,-,N,NA,NA,NA,NA,NA,NA,NA,NA,NA,N,3,0,1,2,A,-,05,21650,1,N,D,G,A,A,H,-,A,D,0,NA,Y,NA,NA,Y,NA,L,04,0,1,0,0,0,0,1,0,0,-,-,33.53092956542969,-117.151123046875,RIVERSIDE,TEMECULA,-117.15000915527344,33.53218460083008
82087964,2023,2023-06-07,3349,2023-05-24,2022,622,NA,3,5,5,3341,0,0,0,NA,0,004,MURRIETA RD,NEWPORT RD,510,N,N,A,-,N,NA,NA,NA,NA,NA,NA,NA,NA,NA,Y,4,0,2,2,A,-,09,21804,A,N,D,C,A,A,H,-,C,D,0,NA,NA,NA,NA,Y,NA,A,01,0,0,2,0,0,0,0,0,0,-,-,33.68505859375,-117.2059326171875,RIVERSIDE,MENIFEE,-117.20599365234376,33.68643569946289
82088710,2023,2023-06-08,3311,2023-05-21,1501,16404,NA,7,5,4,3311,0,0,0,NA,0,006,ANDEE DRIVE,PALM CANYON DRIVE E,55,N,N,A,-,N,NA,NA,NA,NA,NA,NA,NA,NA,NA,N,4,0,2,2,A,-,21,22106,NA,N,C,C,A,A,H,-,A,D,0,NA,NA,NA,NA,Y,NA,A,01,0,0,2,0,0,0,0,0,0,-,-,33.801090240478516,-116.52591705322266,RIVERSIDE,PALM SPRINGS,-116.52536010742188,33.80173873901367
82090660,2023,2023-06-15,3342,2023-06-06,1155,481,575,2,5,4,3342,0,0,0,NA,0,005,MURRIETA HOT SPRINGS RD,WHITEWOOD RD,0,NA,Y,B,-,N,NA,NA,NA,NA,NA,NA,NA,NA,NA,Y,4,0,3,2,A,-,12,21453,A,N,D,C,A,A,H,-,A,A,0,NA,NA,NA,NA,Y,NA,A,01,0,0,3,0,0,0,0,0,0,-,-,33.554298400878906,-117.16779327392578,RIVERSIDE,MURRIETA,-117.16815185546876,33.55451965332031
82090978,2023,2023-06-12,3300,2023-06-10,1752,N5791,011K,6,5,4,3344,0,0,0,NA,0,061,HAMNER AV,68TH ST,0,NA,Y,A,-,N,NA,NA,NA,NA,NA,NA,NA,NA,NA,Y,4,0,4,6,A,-,05,21650,NA,F,B,C,A,A,H,-,A,A,0,NA,NA,NA,NA,Y,NA,D,22,0,0,4,0,0,0,0,0,0,-,-,33.964378356933594,-117.55828094482422,RIVERSIDE,EASTVALE,-117.558349609375,33.9644775390625
82090979,2023,2023-06-12,3300,2023-04-01,1500,N5767,901C,6,5,4,3310,0,0,0,NA,0,051,3RD ST,HAMNER AV,0,NA,Y,A,-,N,NA,NA,NA,NA,NA,NA,NA,NA,NA,Y,3,0,2,5,A,-,03,22350,NA,N,C,C,A,A,H,-,A,A,0,NA,NA,NA,NA,Y,NA,A,01,0,1,1,0,0,0,0,0,0,-,-,33.91669845581055,-117.56015014648438,RIVERSIDE,NORCO,-117.5600357055664,33.91659927368164
82092008,2023,2023-06-13,3300,2023-06-09,1520,6179,002Y,5,5,6,3345,0,0,0,NA,0,026,LIMONITE AV,WINEVILLE AV,0,NA,Y,A,-,N,NA,NA,NA,NA,NA,NA,NA,NA,NA,Y,4,0,2,2,A,-,01,23152,A,N,D,D,A,A,H,-,A,A,0,NA,NA,NA,NA,Y,Y,A,01,0,0,2,0,0,0,0,0,0,-,-,33.97465896606445,-117.54013824462892,RIVERSIDE,JURUPA VALLEY,-117.54064178466795,33.975250244140625
82093052,2023,2023-06-14,3300,2023-06-01,1512,4003,32B5,4,5,4,3318,0,0,0,NA,0,T32,PORTOLA AVE,FAIRWAY DR,30,S,N,A,-,N,NA,NA,NA,NA,NA,NA,NA,NA,NA,N,4,0,2,2,A,-,03,22350,NA,N,C,C,A,A,H,-,A,A,0,NA,NA,NA,NA,Y,NA,A,07,0,0,2,0,0,0,0,0,0,-,-,33.71464157104492,-116.3737335205078,RIVERSIDE,PALM DESERT,-116.37370300292967,33.71451950073242