CASE_ID,ACCIDENT_YEAR,PROC_DATE,JURIS,COLLISION_DATE,COLLISION_TIME,OFFICER_ID,REPORTING_DISTRICT,DAY_OF_WEEK,CHP_SHIFT,POPULATION,CNTY_CITY_LOC,SPECIAL_COND,BEAT_TYPE,CHP_BEAT_TYPE,CITY_DIVISION_LAPD,CHP_BEAT_CLASS,BEAT_NUMBER,PRIMARY_RD,SECONDARY_RD,DISTANCE,DIRECTION,INTERSECTION,WEATHER_1,WEATHER_2,STATE_HWY_IND,CALTRANS_COUNTY,CALTRANS_DISTRICT,STATE_ROUTE,ROUTE_SUFFIX,POSTMILE_PREFIX,POSTMILE,LOCATION_TYPE,RAMP_INTERSECTION,SIDE_OF_HWY,TOW_AWAY,COLLISION_SEVERITY,NUMBER_KILLED,NUMBER_INJURED,PARTY_COUNT,PRIMARY_COLL_FACTOR,PCF_CODE_OF_VIOL,PCF_VIOL_CATEGORY,PCF_VIOLATION,PCF_VIOL_SUBSECTION,HIT_AND_RUN,TYPE_OF_COLLISION,MVIW,PED_ACTION,ROAD_SURFACE,ROAD_COND_1,ROAD_COND_2,LIGHTING,CONTROL_DEVICE,CHP_ROAD_TYPE,PEDESTRIAN_ACCIDENT,BICYCLE_ACCIDENT,MOTORCYCLE_ACCIDENT,TRUCK_ACCIDENT,NOT_PRIVATE_PROPERTY,ALCOHOL_INVOLVED,STWD_VEHTYPE_AT_FAULT,CHP_VEHTYPE_AT_FAULT,COUNT_SEVERE_INJ,COUNT_VISIBLE_INJ,COUNT_COMPLAINT_PAIN,COUNT_PED_KILLED,COUNT_PED_INJURED,COUNT_BICYCLIST_KILLED,COUNT_BICYCLIST_INJURED,COUNT_MC_KILLED,COUNT_MC_INJURED,PRIMARY_RAMP,SECONDARY_RAMP,LATITUDE,LONGITUDE,COUNTY,CITY,POINT_X,POINT_Y
84724231,2025,2025-06-13,3300,2025-05-28,2029,N8467,NA,3,5,6,3394,0,0,0,NA,0,MV26,PERRIS BLVD,ALESSANDRO BLVD,0,NA,Y,A,-,N,NA,NA,NA,NA,NA,NA,NA,NA,NA,N,4,0,1,2,A,-,12,21453,A,N,D,C,A,A,H,-,C,A,0,NA,NA,NA,NA,Y,NA,A,01,0,0,1,0,0,0,0,0,0,-,-,33.91714859008789,-117.2263412475586,RIVERSIDE,MORENO VALLEY,-117.2263412475586,33.91722869873047
84725411,2025,2025-06-16,3300,2025-06-10,1603,4060,NA,2,5,6,3394,0,0,0,NA,0,MV42,EUCALYPTUS AVE,MORENO BEACH DR,750,W,N,A,-,N,NA,NA,NA,NA,NA,NA,NA,NA,NA,N,4,0,2,2,A,-,09,21804,A,N,B,C,A,A,H,-,A,A,0,NA,NA,NA,NA,Y,NA,-,-,0,0,2,0,0,0,0,0,0,-,-,33.93729019165039,-117.17858123779295,RIVERSIDE,MORENO VALLEY,-117.18096160888672,33.93745040893555
84729646,2025,2025-06-18,3300,2025-06-16,1724,5680,NA,1,5,6,3394,0,0,0,NA,0,MV22,DRACAEA AVE,PEASHRUB AVE,0,NA,Y,A,-,N,NA,NA,NA,NA,NA,NA,NA,NA,NA,N,3,0,3,2,A,-,09,21801,A,N,D,C,A,A,H,-,A,D,0,NA,NA,NA,NA,Y,NA,A,01,0,2,1,0,0,0,0,0,0,-,-,33.92866134643555,-117.27291107177734,RIVERSIDE,MORENO VALLEY,-117.27306365966795,33.92840576171875
84729875,2025,2025-06-18,3349,2025-05-16,1612,493,NA,5,5,5,3341,0,0,0,NA,0,001,HWY 74,TRUMBLE RD,345,E,N,A,-,Y,NA,NA,NA,NA,NA,NA,NA,NA,NA,N,4,0,2,2,A,-,09,21804,A,N,D,C,A,A,H,-,A,A,0,NA,NA,NA,NA,Y,NA,A,07,0,0,2,0,0,0,0,0,0,-,-,NA,NA,RIVERSIDE,MENIFEE,-117.1845474243164,33.751426696777344
84731515,2025,2025-06-19,3349,2025-05-07,812,578,NA,3,5,5,3341,0,0,0,NA,0,003,CURZULLA RD,LEON RD,6,N,N,A,-,N,NA,NA,NA,NA,NA,NA,NA,NA,NA,N,3,0,1,2,A,-,05,21650,1,N,H,G,A,A,H,-,A,D,0,NA,Y,NA,NA,Y,NA,L,04,0,1,0,0,0,0,1,0,0,-,-,NA,NA,RIVERSIDE,MENIFEE,-117.11901092529295,33.63615036010742
8473203,2017,2017-11-21,3308,2017-07-23,1220,10530,545,7,5,5,3308,0,0,0,NA,0,SOUTH,STETSON AV,LYON AV,0,NA,Y,A,-,N,NA,NA,NA,NA,NA,NA,NA,NA,NA,Y,3,0,3,2,A,-,12,21453,A,N,A,C,A,A,H,-,A,A,0,NA,NA,NA,NA,Y,NA,A,01,0,2,1,0,0,0,0,0,0,-,-,33.72951,-116.98902,RIVERSIDE,HEMET,-116.989,33.72934001
84732789,2025,2025-06-23,3300,2025-05-16,2251,5783,NA,5,5,4,3344,0,0,0,NA,0,063,LIMONITE AV,SUMNER AV,30,W,N,A,-,N,NA,NA,NA,NA,NA,NA,NA,NA,NA,Y,2,0,2,2,A,-,03,22350,NA,N,C,C,A,A,H,-,C,A,0,NA,NA,NA,Y,Y,NA,A,01,1,0,1,0,0,0,0,0,0,-,-,33.97550964355469,-117.57576751708984,RIVERSIDE,EASTVALE,-117.57587432861328,33.9753532409668
84734332,2025,2025-06-23,3300,2025-03-09,2219,6152,NA,7,5,3,3305,0,0,0,NA,0,Y85,50TH AV,TYLER ST (E),847,S,N,A,-,N,NA,NA,NA,NA,NA,NA,NA,NA,NA,N,3,0,3,1,A,-,03,22350,NA,N,F,A,A,A,H,-,D,D,0,NA,NA,NA,NA,Y,NA,D,72,0,3,0,0,0,0,0,0,0,-,-,33.685829162597656,-116.1642837524414,RIVERSIDE,COACHELLA,-116.16708374023438,33.68579864501953
84734336,2025,2025-06-23,3300,2025-04-07,808,6395,NA,1,5,3,3305,0,0,0,NA,0,Y85,TYLER ST,50TH AV (W),668,S,N,A,-,N,NA,NA,NA,NA,NA,NA,NA,NA,NA,N,4,0,1,2,A,-,09,21801,A,N,D,C,A,A,H,-,A,D,0,NA,NA,NA,NA,Y,NA,A,07,0,0,1,0,0,0,0,0,0,-,-,33.685821533203125,-116.16708374023438,RIVERSIDE,COACHELLA,-116.16558074951172,33.68449401855469
84734455,2025,2025-06-23,3315,2025-06-20,704,004349,NA,5,5,6,3315,0,0,0,NA,0,001,LINCOLN AV,EIGHTH ST,130,N,N,B,-,N,NA,NA,NA,NA,NA,NA,NA,NA,NA,Y,4,0,2,2,A,-,09,21801,A,N,D,C,A,A,H,-,A,D,0,NA,NA,NA,NA,Y,NA,A,01,0,0,2,0,0,0,0,0,0,-,-,33.87430953979492,-117.5836181640625,RIVERSIDE,CORONA,-117.5835418701172,33.87545394897461
84741498,2025,2025-06-27,3300,2025-06-18,901,4449,NA,3,5,6,3345,0,0,0,NA,0,014,MISSION BL,LA RUE ST,0,NA,Y,A,-,N,NA,NA,NA,NA,NA,NA,NA,NA,NA,N,4,0,1,2,A,-,12,21453,A,N,D,C,A,A,H,-,A,A,0,NA,NA,NA,NA,Y,NA,-,-,0,0,1,0,0,0,0,0,0,-,-,34.00149154663086,-117.41593933105467,RIVERSIDE,JURUPA VALLEY,-117.41584014892578,34.0013427734375
84741540,2025,2025-06-27,3300,2025-06-24,1230,N7551,NA,2,5,4,3318,0,0,0,NA,0,T38,MONTEREY AVE,GERALD FORD DR,424,S,N,A,-,N,NA,NA,NA,NA,NA,NA,NA,NA,NA,N,4,0,2,2,A,-,04,21703,NA,N,C,C,A,A,H,-,A,A,0,NA,NA,NA,NA,Y,NA,A,01,0,0,2,0,0,0,0,0,0,-,-,33.787109375,-116.3881378173828,RIVERSIDE,PALM DESERT,-116.38825225830078,33.78596115112305
84742720,2025,2025-06-30,3300,2025-06-24,706,N4544,NA,2,5,6,3345,0,0,0,NA,0,010,RUBIDOUX BL,24TH ST,0,NA,Y,B,-,N,NA,NA,NA,NA,NA,NA,NA,NA,NA,Y,3,0,2,2,A,-,09,21802,A,N,D,C,A,A,H,-,A,D,0,NA,NA,NA,NA,Y,NA,A,01,0,1,1,0,0,0,0,0,0,-,-,34.015769958496094,-117.3900909423828,RIVERSIDE,JURUPA VALLEY,-117.3901596069336,34.01594924926758
84742760,2025,2025-06-30,3300,2025-06-26,1801,6599,NA,4,5,6,3394,0,0,0,NA,0,MV42,DRACAEA AVE,MOHICAN DR,0,NA,Y,A,-,N,NA,NA,NA,NA,NA,NA,NA,NA,NA,Y,4,0,4,2,A,-,09,21801,A,N,D,C,A,A,H,-,A,D,0,NA,NA,NA,NA,Y,NA,A,01,0,0,4,0,0,0,0,0,0,-,-,33.92818832397461,-117.2073974609375,RIVERSIDE,MORENO VALLEY,-117.20745086669922,33.928199768066406
84743608,2025,2025-06-30,3342,2025-06-04,1723,P1321,NA,3,5,4,3342,0,0,0,NA,0,002,CALIFORNIA OAKS RD,MONROE AVE,0,NA,Y,A,-,N,NA,NA,NA,NA,NA,NA,NA,NA,NA,Y,3,0,1,2,A,-,08,22107,NA,N,D,C,A,A,H,-,A,D,0,NA,NA,NA,NA,Y,NA,A,01,0,1,0,0,0,0,0,0,0,-,-,33.56882095336914,-117.20543670654295,RIVERSIDE,MURRIETA,-117.2055892944336,33.5689811706543
84746700,2025,2025-07-07,3300,2025-06-25,1323,N8689,NA,3,5,6,3345,0,0,0,NA,0,022,WINEVILLE AV,BELLEGRAVE AV,0,NA,Y,A,-,N,NA,NA,NA,NA,NA,NA,NA,NA,NA,Y,3,0,1,2,A,-,12,21453,A,N,D,C,A,A,H,-,A,A,0,NA,NA,NA,NA,Y,NA,-,-,0,1,0,0,0,0,0,0,0,-,-,33.99385070800781,-117.54139709472656,RIVERSIDE,JURUPA VALLEY,-117.54141998291016,33.99382781982422
84748561,2025,2025-07-07,3300,2025-06-27,842,6571,NA,5,5,6,3394,0,0,0,NA,0,MV22,FREDERICK ST,ATLANTIC CIR,204,N,N,A,-,N,NA,NA,NA,NA,NA,NA,NA,NA,NA,Y,4,0,1,2,A,-,08,22107,NA,F,E,I,A,A,H,-,A,D,0,NA,NA,NA,NA,Y,NA,A,07,0,0,1,0,0,0,0,0,0,-,-,33.93320846557617,-117.26123046875,RIVERSIDE,MORENO VALLEY,-117.26133728027344,33.933589935302734
84749916,2025,2025-07-07,3300,2025-05-17,2043,N8101,NA,6,5,4,3312,0,0,0,NA,0,031,RAMONA EXPRESSWAY,EVANS RD,46,E,N,A,-,N,NA,NA,NA,NA,NA,NA,NA,NA,NA,N,4,0,1,2,A,-,03,22350,NA,N,C,C,A,A,H,-,C,A,0,NA,NA,NA,NA,Y,NA,A,01,0,0,1,0,0,0,0,0,0,-,-,33.8443717956543,-117.20861053466795,RIVERSIDE,PERRIS,-117.20858764648438,33.844642639160156
84750499,2025,2025-07-07,3300,2025-05-11,2035,N7114,NA,7,5,6,3345,0,0,0,NA,0,NA,VAN BUREN BL,CLAY ST,0,NA,Y,A,-,N,NA,NA,NA,NA,NA,NA,NA,NA,NA,N,3,0,4,3,A,-,12,21453,A,N,D,C,A,A,H,-,C,A,0,NA,NA,NA,NA,Y,NA,A,01,0,1,3,0,0,0,0,0,0,-,-,33.96731948852539,-117.46681213378906,RIVERSIDE,JURUPA VALLEY,-117.46662902832033,33.96714401245117
84752600,2025,2025-07-08,3300,2025-04-12,334,6433,NA,6,5,6,3394,0,0,0,NA,0,MV28,PATRICIA ST,DRACAEA AVE,349,S,N,A,-,N,NA,NA,NA,NA,NA,NA,NA,NA,NA,N,4,0,1,2,A,-,01,23152,A,N,C,E,A,A,H,-,C,A,0,NA,NA,Y,NA,Y,Y,C,06,0,0,1,0,0,0,0,0,1,-,-,33.92816162109375,-117.22193908691406,RIVERSIDE,MORENO VALLEY,-117.22200775146484,33.92720413208008
84752610,2025,2025-07-08,3300,2025-06-30,1629,5486,NA,1,5,6,3394,0,0,0,NA,0,MV32,PERRIS BLVD,CACTUS AVE,450,S,N,A,-,N,NA,NA,NA,NA,NA,NA,NA,NA,NA,N,4,0,1,2,A,-,03,22350,NA,N,C,C,A,A,H,-,A,D,0,NA,NA,NA,NA,Y,NA,A,01,0,0,1,0,0,0,0,0,0,-,-,33.909889221191406,-117.22640991210938,RIVERSIDE,MORENO VALLEY,-117.22630310058594,33.908817291259766
84752665,2025,2025-07-08,3308,2025-04-29,2,11089,NA,2,5,5,3308,0,0,0,NA,0,SOUTH,ACACIA AVE,SAN JACINTO ST,0,NA,Y,A,-,Y,NA,NA,NA,NA,NA,NA,NA,NA,NA,N,2,0,1,2,A,-,10,21950,A,F,G,B,B,A,H,-,C,A,0,Y,NA,NA,NA,Y,Y,-,99,1,0,0,0,1,0,0,0,0,-,-,NA,NA,RIVERSIDE,HEMET,-116.9586181640625,33.74396896362305
84752679,2025,2025-07-08,3308,2025-05-09,659,10877,NA,5,5,5,3308,0,0,0,NA,0,SOUTH,SANDERSON AVE,MUSTANG WAY,0,NA,Y,A,-,N,NA,NA,NA,NA,NA,NA,NA,NA,NA,Y,3,0,3,2,A,-,09,21801,A,N,D,C,A,A,H,-,A,A,0,NA,NA,NA,NA,Y,NA,A,01,0,3,0,0,0,0,0,0,0,-,-,33.718929290771484,-117.00331878662108,RIVERSIDE,HEMET,-117.00662994384766,33.7208137512207
84752681,2025,2025-07-08,3308,2025-05-10,1928,11022,NA,6,5,5,3308,0,0,0,NA,0,SOUTH,BUENA VISTA ST,ACACIA AVE,0,NA,Y,A,-,N,NA,NA,NA,NA,NA,NA,NA,NA,NA,Y,3,0,3,3,A,-,12,22450,A,N,D,C,A,A,H,-,A,A,0,NA,NA,NA,NA,Y,Y,A,01,0,1,2,0,0,0,0,0,0,-,-,NA,NA,RIVERSIDE,HEMET,-116.96730041503906,33.7439079284668
8475631,2017,2017-12-02,3300,2017-09-10,1820,4896,602D2,7,5,6,3394,0,0,0,NA,0,MV26,PERRIS BL,SUNNYMEAD BL,0,NA,Y,A,-,N,NA,NA,60,NA,NA,NA,NA,NA,NA,Y,3,0,2,2,A,-,08,22107,NA,N,D,C,A,A,H,-,A,D,0,NA,NA,NA,NA,Y,NA,A,01,0,1,1,0,0,0,0,0,0,-,-,33.93909,-117.22646,RIVERSIDE,MORENO VALLEY,-117.22637502,33.93962742
8475849,2017,2017-12-04,3315,2017-10-23,0739,11119,3C,1,5,6,3315,0,0,0,NA,0,NA,RIMPAU AV,FORD ST,0,NA,Y,A,-,N,NA,NA,NA,NA,NA,NA,NA,NA,NA,N,2,0,1,2,A,-,11,21954,A,N,G,B,D,A,H,-,A,A,0,Y,NA,NA,NA,Y,NA,N,60,1,0,0,0,1,0,0,0,0,-,-,33.87141,-117.55113,RIVERSIDE,CORONA,-117.55128005,33.87140004
8476783,2017,2017-10-20,3300,2017-09-11,0207,5002,601E1,1,5,6,3394,0,0,0,NA,0,016,DAVIS RD,GROVEN LN,0,NA,Y,A,-,N,NA,NA,NA,NA,NA,NA,NA,NA,NA,Y,4,0,1,2,A,-,01,23152,A,N,A,E,A,A,H,-,C,D,0,NA,NA,NA,NA,Y,Y,A,01,0,0,1,0,0,0,0,0,0,-,-,NA,NA,RIVERSIDE,MORENO VALLEY,-117.23959007,33.94888007
84769204,2025,2025-07-21,3315,2025-07-09,1845,004516,NA,3,5,6,3315,0,0,0,NA,0,002,CIRCLE CITY DR,PARK LN,115,W,N,A,-,N,NA,NA,NA,NA,NA,NA,NA,NA,NA,N,3,0,2,2,A,-,09,21804,A,N,D,C,A,A,H,-,A,D,0,NA,NA,NA,NA,Y,NA,A,01,0,1,1,0,0,0,0,0,0,-,-,33.87276840209961,-117.55651092529295,RIVERSIDE,CORONA,-117.5569076538086,33.87276840209961
8477030,2017,2017-11-07,3313,2017-09-13,1628,1883,1,3,5,7,3313,0,0,0,NA,0,3R16,CENTRAL AV,MAGNOLIA AV,48,E,N,A,-,N,NA,NA,NA,NA,NA,NA,NA,NA,NA,N,4,0,1,2,A,-,03,22350,NA,N,C,C,A,A,H,-,A,A,0,NA,NA,NA,NA,Y,NA,D,22,0,0,1,0,0,0,0,0,0,-,-,33.95364,-117.39631,RIVERSIDE,RIVERSIDE,-117.3963022,33.95352174
8477262,2017,2018-05-08,3300,2017-09-30,2115,N3605,4182,6,5,3,3392,0,0,0,NA,0,LA41,WASHINGTON ST,RT 111,0,NA,Y,A,-,N,NA,NA,NA,NA,NA,NA,NA,NA,NA,N,4,0,1,2,D,-,00,NA,NA,N,D,C,A,A,H,-,C,A,0,NA,NA,NA,NA,Y,NA,-,-,0,0,1,0,0,0,0,0,0,-,-,NA,NA,RIVERSIDE,LA QUINTA,-116.2949901,33.71528007
84773427,2025,2025-07-23,3300,2025-06-09,2204,N8604,NA,1,5,3,3392,0,0,0,NA,0,LA40,JEFFERSON ST,FRED WARING DR,0,NA,Y,A,-,N,NA,NA,NA,NA,NA,NA,NA,NA,NA,N,3,0,2,2,A,-,09,21453,C,N,D,C,A,A,H,-,C,A,0,NA,NA,NA,NA,Y,NA,A,07,0,2,0,0,0,0,0,0,0,-,-,NA,NA,RIVERSIDE,LA QUINTA,-116.26893615722656,33.72930908203125
8477344,2017,2017-11-29,3300,2017-10-11,0755,3290,916B,3,5,4,3312,0,0,0,NA,0,032,PERRIS BL,MILDRED ST,0,NA,Y,A,-,N,NA,NA,NA,NA,NA,NA,NA,NA,NA,Y,4,0,1,2,A,-,03,22350,NA,N,C,C,A,A,H,-,A,A,0,NA,NA,NA,NA,Y,NA,D,22,0,0,1,0,0,0,0,0,0,-,-,33.79569,-117.2262,RIVERSIDE,PERRIS,-117.22613011,33.795630009999996
84776335,2025,2025-07-25,3300,2025-05-24,2229,6613,NA,6,5,5,3335,0,0,0,NA,0,069,PECHANGA DR,MASTERS DR,0,NA,Y,A,-,N,NA,NA,NA,NA,NA,NA,NA,NA,NA,Y,4,0,1,2,A,-,01,23152,A,N,C,C,A,A,H,-,C,D,0,NA,NA,NA,NA,Y,Y,I,11,0,0,1,0,0,0,0,0,0,-,-,NA,NA,RIVERSIDE,TEMECULA,-117.12265014648438,33.47089385986328
84778599,2025,2025-07-28,3308,2025-06-16,1046,11124,NA,1,5,5,3308,0,0,0,NA,0,SOUTH,ACACIA AVE,HARVARD ST,0,NA,Y,A,-,N,NA,NA,NA,NA,NA,NA,NA,NA,NA,N,4,0,1,2,A,-,09,21801,A,N,D,C,A,A,H,-,A,A,0,NA,NA,NA,NA,Y,NA,A,01,0,0,1,0,0,0,0,0,0,-,-,NA,NA,RIVERSIDE,HEMET,-116.97057342529295,33.7439079284668
84778613,2025,2025-07-28,3308,2025-06-21,2041,11102,NA,6,5,5,3308,0,0,0,NA,0,SOUTH,ACACIA AVE,FLORIDA AVE,64,S,N,A,-,N,NA,NA,NA,NA,NA,NA,NA,NA,NA,Y,4,0,1,2,A,-,03,22350,NA,N,A,C,A,A,H,-,D,D,0,NA,NA,NA,NA,Y,NA,A,01,0,0,1,0,0,0,0,0,0,-,-,33.74251937866211,-117.01448822021484,RIVERSIDE,HEMET,-117.01772308349608,33.744110107421875
84778864,2025,2025-08-04,3315,2025-07-06,1740,005308,NA,7,5,6,3315,0,0,0,NA,0,002,SIXTH ST,MAGNOLIA AV (1),388,E,N,A,-,N,NA,NA,NA,NA,NA,NA,NA,NA,NA,Y,4,0,1,2,A,-,08,22107,NA,N,D,C,A,A,H,-,A,D,0,NA,NA,NA,NA,Y,NA,A,07,0,0,1,0,0,0,0,0,0,-,-,33.873321533203125,-117.53201293945313,RIVERSIDE,CORONA,-117.53083038330078,33.873451232910156
8477977,2017,2017-11-01,3300,2017-09-27,0644,3359,508B,3,5,5,3341,0,0,0,NA,0,058,SCOTT RD,ZEIDERS RD,237,E,N,A,-,N,NA,NA,NA,NA,NA,NA,NA,NA,NA,Y,4,0,1,2,A,-,08,22107,NA,N,D,C,A,A,H,-,A,A,0,NA,NA,NA,NA,Y,NA,A,01,0,0,1,0,0,0,0,0,0,-,-,NA,NA,RIVERSIDE,MENIFEE,-117.17484393,33.64155
84781892,2025,2025-07-30,3300,2025-07-20,1214,N7114,NA,7,5,6,3345,0,0,0,NA,0,024,LIMONITE AV,DOWNEY ST,177,W,N,A,-,N,NA,NA,NA,NA,NA,NA,NA,NA,NA,Y,4,0,1,2,A,-,07,21658,A,N,C,C,A,A,H,-,A,A,0,NA,NA,NA,NA,Y,NA,A,01,0,0,1,0,0,0,0,0,0,-,-,33.97589111328125,-117.48851776123048,RIVERSIDE,JURUPA VALLEY,-117.4890594482422,33.975528717041016
8478198,2017,2017-12-04,3300,2017-10-11,0755,N2646,602E2,3,5,6,3394,0,0,0,NA,0,028,MYERS AV,INDIAN ST,1212,E,N,A,-,N,NA,NA,NA,NA,NA,NA,NA,NA,NA,N,4,0,1,2,A,-,06,21750,NA,N,D,C,A,A,H,-,A,D,0,NA,NA,NA,NA,Y,NA,A,08,0,0,1,0,0,0,0,0,0,-,-,33.93361,-117.23502,RIVERSIDE,MORENO VALLEY,-117.23105697,33.93359324
8478223,2017,2017-11-30,3313,2017-10-19,1223,1686,3,4,5,7,3313,0,0,0,NA,0,T58,ALESSANDRO BL,ARLINGTON AV,28,S,N,A,-,N,NA,NA,NA,NA,NA,NA,NA,NA,NA,N,4,0,3,2,A,-,12,21453,A,N,B,C,A,A,H,-,A,A,0,NA,NA,NA,NA,Y,NA,-,-,0,0,3,0,0,0,0,0,0,-,-,33.94444,-117.35435,RIVERSIDE,RIVERSIDE,-117.3544598,33.94464753
84783544,2025,2025-07-31,3300,2025-07-24,1244,6595,NA,4,5,4,3312,0,0,0,NA,0,031,HARLEY KNOX BL,I 215 NB ONRP,0,NA,Y,A,-,Y,NA,NA,NA,NA,NA,NA,NA,NA,NA,Y,4,0,2,2,A,-,09,21453,C,N,D,C,A,A,H,-,A,A,0,NA,NA,NA,NA,Y,NA,A,01,0,0,2,0,0,0,0,0,0,-,-,33.86280059814453,-117.25820159912108,RIVERSIDE,PERRIS,-117.25955963134766,33.862579345703125
84783552,2025,2025-07-31,3300,2025-05-25,2128,5585,NA,7,5,6,3345,0,0,0,NA,0,016,DALY AV,37TH ST,60,N,N,A,-,N,NA,NA,NA,NA,NA,NA,NA,NA,NA,Y,3,0,1,2,A,-,08,22107,NA,N,B,E,A,A,H,-,D,D,0,NA,NA,NA,NA,Y,NA,A,01,0,1,0,0,0,0,0,0,0,-,-,33.99372100830078,-117.3988800048828,RIVERSIDE,JURUPA VALLEY,-117.39852142333984,33.993988037109375
84783579,2025,2025-07-31,3300,2025-07-13,1245,N7982,NA,7,5,6,3394,0,0,0,NA,0,MV24,HEACOCK ST,SH-60 EBOFF/R,0,NA,Y,A,-,N,NA,NA,NA,NA,NA,NA,NA,NA,NA,N,4,0,1,2,A,-,12,21453,A,N,D,C,A,A,H,-,A,A,0,NA,NA,NA,NA,Y,NA,D,22,0,0,1,0,0,0,0,0,0,-,-,33.940650939941406,-117.24375915527344,RIVERSIDE,MORENO VALLEY,NA,NA
84785530,2025,2025-08-04,3300,2025-07-07,1400,6326,NA,1,5,3,3392,0,0,0,NA,0,LA43,AVE 52,WASHINGTON ST,0,NA,Y,A,-,N,NA,NA,NA,NA,NA,NA,NA,NA,NA,N,2,0,1,2,C,-,18,NA,NA,N,D,C,A,A,H,-,A,A,0,NA,NA,NA,NA,Y,Y,-,-,1,0,0,0,0,0,0,0,0,-,-,33.674190521240234,-116.29482269287108,RIVERSIDE,LA QUINTA,-116.29506683349608,33.67436218261719
84790784,2025,2025-08-06,3300,2025-03-03,1400,6373,NA,1,5,4,3318,0,0,0,NA,0,T36,FRED WARING DR,FAIRHAVEN DR,0,NA,Y,A,-,Y,NA,NA,NA,NA,NA,NA,NA,NA,NA,Y,4,0,1,2,A,-,09,21801,A,N,D,C,A,A,H,-,A,D,0,NA,NA,NA,NA,Y,NA,D,22,0,0,1,0,0,0,0,0,0,-,-,33.72867965698242,-116.39559173583984,RIVERSIDE,PALM DESERT,-116.39560699462892,33.728599548339844
84790787,2025,2025-08-06,3300,2025-07-30,1010,N7551,NA,3,5,4,3318,0,0,0,NA,0,T38,GERALD FORD DR,REMBRANDT PKWY,43,W,N,A,-,N,NA,NA,NA,NA,NA,NA,NA,NA,NA,N,4,0,1,2,A,-,03,22350,NA,N,C,C,A,A,H,-,A,D,0,NA,NA,NA,NA,Y,NA,I,11,0,0,1,0,0,0,0,0,0,-,-,33.7871208190918,-116.3759307861328,RIVERSIDE,PALM DESERT,-116.37606811523438,33.78717041015625
84792468,2025,2025-08-07,3300,2025-07-28,1620,N7114,NA,1,5,6,3345,0,0,0,NA,0,024,VAN BUREN BL,CLAY ST,0,NA,Y,A,-,N,NA,NA,NA,NA,NA,NA,NA,NA,NA,N,4,0,2,2,A,-,04,21703,NA,N,C,C,A,A,H,-,A,A,0,NA,NA,NA,NA,Y,NA,D,22,0,0,2,0,0,0,0,0,0,-,-,33.96731948852539,-117.46681213378906,RIVERSIDE,JURUPA VALLEY,-117.46662902832033,33.96714401245117
84794384,2025,2025-08-08,3308,2025-06-13,2206,11102,NA,5,5,5,3308,0,0,0,NA,0,NORTH,FLORIDA AVE,SOBOBA ST,0,NA,Y,A,-,Y,NA,NA,NA,NA,NA,NA,NA,NA,NA,N,4,0,1,2,A,-,01,23152,A,N,C,C,A,A,H,-,C,A,0,NA,NA,NA,Y,Y,Y,F,26,0,0,1,0,0,0,0,0,0,-,-,NA,NA,RIVERSIDE,HEMET,-116.91950988769533,33.7478141784668
84798131,2025,2025-08-12,3300,2025-08-03,229,N4544,NA,7,5,6,3345,0,0,0,NA,0,026,PATS RANCH RD,SHEARWATER DR,80,N,N,A,-,N,NA,NA,NA,NA,NA,NA,NA,NA,NA,Y,3,0,1,1,A,-,01,23152,A,N,E,I,A,A,H,-,D,D,0,NA,NA,NA,NA,Y,Y,A,01,0,1,0,0,0,0,0,0,0,-,-,NA,NA,RIVERSIDE,JURUPA VALLEY,NA,NA
8480010,2017,2017-11-01,3311,2017-10-14,0207,16018,DESER,6,5,4,3311,0,0,0,NA,0,003,CALLE ENCILIA,ANDREAS RD,119,S,N,A,-,N,NA,NA,NA,NA,NA,NA,NA,NA,NA,Y,3,0,1,2,A,-,01,23152,A,N,C,E,A,A,H,-,C,A,0,NA,NA,NA,NA,Y,Y,A,01,0,1,0,0,0,0,0,0,0,-,-,33.82492,-116.54381,RIVERSIDE,PALM SPRINGS,-116.54375668,33.82455431
8480014,2017,2017-12-06,3313,2017-10-10,2135,1491,3,2,5,7,3313,0,0,0,NA,0,4R36,ALESSANDRO BL,MISSION GROVE PKWY N,0,NA,Y,A,-,N,NA,NA,NA,NA,NA,NA,NA,NA,NA,Y,4,0,2,2,D,-,00,NA,NA,N,D,C,A,A,H,-,C,A,0,NA,NA,NA,NA,Y,NA,-,-,0,0,2,0,0,0,0,0,0,-,-,33.91651,-117.3246,RIVERSIDE,RIVERSIDE,-117.32473001,33.91649009
8480022,2017,2017-11-01,3313,2017-10-11,1749,1884,5,3,5,7,3313,0,0,0,NA,0,T72,SKYLARK DR,ROYAL PALM BL,0,NA,Y,A,-,N,NA,NA,NA,NA,NA,NA,NA,NA,NA,N,4,0,1,2,A,-,05,21202,A,N,H,G,A,A,H,-,A,D,0,NA,Y,NA,NA,Y,NA,L,04,0,0,1,0,0,0,1,0,0,-,-,33.90016,-117.4786,RIVERSIDE,RIVERSIDE,-117.4786501,33.90028011
84801760,2025,2025-08-14,3300,2025-07-02,1518,N6635,NA,3,5,4,3344,0,0,0,NA,0,060,PHILADELPHIA AV,MILLIKEN AV,1100,E,N,A,-,N,NA,NA,NA,NA,NA,NA,NA,NA,NA,N,3,0,1,2,A,-,06,21755,A,N,B,C,A,A,H,-,A,D,0,NA,NA,NA,Y,Y,NA,A,01,0,1,0,0,0,0,0,0,0,-,-,34.03358840942383,-117.55767822265624,RIVERSIDE,EASTVALE,-117.55510711669922,34.0334587097168