CASE_ID,ACCIDENT_YEAR,PROC_DATE,JURIS,COLLISION_DATE,COLLISION_TIME,OFFICER_ID,REPORTING_DISTRICT,DAY_OF_WEEK,CHP_SHIFT,POPULATION,CNTY_CITY_LOC,SPECIAL_COND,BEAT_TYPE,CHP_BEAT_TYPE,CITY_DIVISION_LAPD,CHP_BEAT_CLASS,BEAT_NUMBER,PRIMARY_RD,SECONDARY_RD,DISTANCE,DIRECTION,INTERSECTION,WEATHER_1,WEATHER_2,STATE_HWY_IND,CALTRANS_COUNTY,CALTRANS_DISTRICT,STATE_ROUTE,ROUTE_SUFFIX,POSTMILE_PREFIX,POSTMILE,LOCATION_TYPE,RAMP_INTERSECTION,SIDE_OF_HWY,TOW_AWAY,COLLISION_SEVERITY,NUMBER_KILLED,NUMBER_INJURED,PARTY_COUNT,PRIMARY_COLL_FACTOR,PCF_CODE_OF_VIOL,PCF_VIOL_CATEGORY,PCF_VIOLATION,PCF_VIOL_SUBSECTION,HIT_AND_RUN,TYPE_OF_COLLISION,MVIW,PED_ACTION,ROAD_SURFACE,ROAD_COND_1,ROAD_COND_2,LIGHTING,CONTROL_DEVICE,CHP_ROAD_TYPE,PEDESTRIAN_ACCIDENT,BICYCLE_ACCIDENT,MOTORCYCLE_ACCIDENT,TRUCK_ACCIDENT,NOT_PRIVATE_PROPERTY,ALCOHOL_INVOLVED,STWD_VEHTYPE_AT_FAULT,CHP_VEHTYPE_AT_FAULT,COUNT_SEVERE_INJ,COUNT_VISIBLE_INJ,COUNT_COMPLAINT_PAIN,COUNT_PED_KILLED,COUNT_PED_INJURED,COUNT_BICYCLIST_KILLED,COUNT_BICYCLIST_INJURED,COUNT_MC_KILLED,COUNT_MC_INJURED,PRIMARY_RAMP,SECONDARY_RAMP,LATITUDE,LONGITUDE,COUNTY,CITY,POINT_X,POINT_Y
8566652,2018,2018-03-19,3300,2018-02-16,0850,N2988,603C2,5,5,6,3394,0,0,0,NA,0,MV36,LASSELLE ST,DELPHINIUM AV,0,NA,Y,A,-,N,NA,NA,NA,NA,NA,NA,NA,NA,NA,Y,4,0,1,2,A,-,09,21802,A,N,D,C,A,A,H,-,A,D,0,NA,NA,NA,NA,Y,NA,A,01,0,0,1,0,0,0,0,0,0,-,-,33.90650939941406,-117.20899963378906,RIVERSIDE,MORENO VALLEY,-117.2089614868164,33.90642166137695
8566688,2018,2018-03-19,3300,2018-02-02,1705,3775,603B1,5,5,6,3394,0,0,0,NA,0,MV34,INDIAN ST,GENTIAN AV,0,NA,Y,A,-,N,NA,NA,NA,NA,NA,NA,NA,NA,NA,N,3,0,2,2,A,-,12,22450,A,N,D,C,A,A,H,-,B,D,0,NA,NA,NA,NA,Y,NA,A,01,0,1,1,0,0,0,0,0,0,-,-,33.89556121826172,-117.23487854003906,RIVERSIDE,MORENO VALLEY,-117.23497772216795,33.8955192565918
8566695,2018,2018-03-14,3300,2018-01-25,1216,N3864,603B2,4,5,6,3394,0,0,0,NA,0,034,HEACOCK ST,IRIS AV,0,NA,Y,A,-,N,NA,NA,NA,NA,NA,NA,NA,NA,NA,Y,4,0,2,2,A,-,12,21453,A,N,D,C,A,A,H,-,A,A,0,NA,NA,NA,NA,Y,NA,A,01,0,0,2,0,0,0,0,0,0,-,-,33.88833999633789,-117.24365997314452,RIVERSIDE,MORENO VALLEY,-117.24346160888672,33.88827896118164
8566712,2018,2018-03-19,3300,2018-02-05,1717,4839,002C,1,5,6,3345,0,0,0,NA,0,020,BELLEGRAVE AV,UNION,60,E,N,A,-,N,NA,NA,NA,NA,NA,NA,NA,NA,NA,N,4,0,1,3,A,-,03,22350,NA,N,C,C,A,A,H,-,B,D,0,NA,NA,NA,NA,Y,NA,A,01,0,0,1,0,0,0,0,0,0,-,-,NA,NA,RIVERSIDE,JURUPA VALLEY,-117.4997787475586,34.0070686340332
8566806,2018,2018-03-13,3313,2018-02-19,1529,1499,4,1,5,7,3313,0,0,0,NA,0,T42,VICTORIA AV,GRACE ST,5,E,N,B,-,N,NA,NA,NA,NA,NA,NA,NA,NA,NA,Y,4,0,2,2,A,-,09,21802,A,N,D,C,A,A,H,-,A,A,0,NA,NA,NA,NA,Y,NA,D,22,0,0,2,0,0,0,0,0,0,-,-,NA,NA,RIVERSIDE,RIVERSIDE,-117.40044403076172,33.92378616333008
8566881,2018,2018-03-13,3313,2018-02-04,1616,1539,4,7,5,7,3313,0,0,0,NA,0,3R44,PIEDMONT DR,HAWARDEN DR,20,S,N,A,-,N,NA,NA,NA,NA,NA,NA,NA,NA,NA,N,3,0,1,1,A,-,08,22107,NA,N,E,I,A,A,H,-,A,C,0,NA,NA,Y,NA,Y,NA,C,02,0,1,0,0,0,0,0,0,1,-,-,33.94477081298828,-117.36715698242188,RIVERSIDE,RIVERSIDE,-117.36876678466795,33.94253158569336
8566913,2018,2018-03-13,3313,2018-02-20,0326,1884,2,2,5,7,3313,0,0,0,NA,0,1R23,CENTRAL AV,NOTTINGHAM RD,230,E,N,A,-,N,NA,NA,NA,NA,NA,NA,NA,NA,NA,N,3,0,1,1,A,-,08,22107,NA,N,E,I,A,A,H,-,C,A,0,NA,NA,NA,NA,Y,NA,A,01,0,1,0,0,0,0,0,0,0,-,-,33.953758239746094,-117.36663055419922,RIVERSIDE,RIVERSIDE,-117.36570739746094,33.95377731323242
8566925,2018,2018-03-13,3313,2018-02-16,2159,1455,W,5,5,7,3313,0,0,0,NA,0,3R40,ARLINGTON AV,NORCO SANTA ANA RIVER TRL,270,W,N,A,-,N,NA,NA,NA,NA,NA,NA,NA,NA,NA,Y,4,0,1,1,A,-,08,22107,NA,N,F,A,A,A,H,-,D,D,0,NA,NA,NA,NA,Y,NA,A,01,0,0,1,0,0,0,0,0,0,-,-,NA,NA,RIVERSIDE,RIVERSIDE,NA,NA
8567145,2018,2018-03-07,3300,2018-01-17,2113,N3864,602A4,3,5,6,3394,0,0,0,NA,0,022,EUCALYPTUS AV,ELSWORTH ST,0,NA,Y,A,-,N,NA,NA,NA,NA,NA,NA,NA,NA,NA,N,4,0,1,2,A,-,04,21703,NA,N,C,C,A,A,H,-,C,A,0,NA,NA,NA,NA,Y,NA,A,01,0,0,1,0,0,0,0,0,0,-,-,33.93170928955078,-117.2696533203125,RIVERSIDE,MORENO VALLEY,-117.26954650878906,33.93169021606445
8567857,2018,2018-03-21,3300,2018-03-01,1245,4713,910J,4,5,5,3335,0,0,0,NA,0,068,OLD TOWN FRONT ST,RANCHO CALIFORNIA RD,50,S,N,A,-,N,NA,NA,NA,NA,NA,NA,NA,NA,NA,N,4,0,2,4,A,-,03,22350,NA,F,C,C,A,A,H,-,A,A,0,NA,NA,NA,NA,Y,NA,A,01,0,0,2,0,0,0,0,0,0,-,-,NA,NA,RIVERSIDE,TEMECULA,-117.15381622314452,33.499019622802734
8568174,2018,2018-03-13,3313,2018-02-24,1329,1825,1,6,5,7,3313,0,0,0,NA,0,2R19,MERRILL AV,RIVERSIDE AV,490,W,N,A,-,N,NA,NA,NA,NA,NA,NA,NA,NA,NA,Y,3,0,2,2,A,-,09,21801,A,N,A,C,A,A,H,-,A,D,0,NA,NA,NA,NA,Y,NA,D,22,0,1,1,0,0,0,0,0,0,-,-,33.95663070678711,-117.38774871826172,RIVERSIDE,RIVERSIDE,-117.38954162597656,33.956539154052734
8568233,2018,2018-03-12,3313,2018-02-12,0752,1686,2,1,5,7,3313,0,0,0,NA,0,T58,UNIVERSITY AV,MULBERRY ST,257,E,N,B,-,N,NA,NA,NA,NA,NA,NA,NA,NA,NA,N,4,0,1,2,A,-,03,22350,NA,N,C,C,A,A,H,-,A,A,0,NA,NA,NA,NA,Y,NA,A,01,0,0,1,0,0,0,0,0,0,-,-,33.97983169555664,-117.36968231201172,RIVERSIDE,RIVERSIDE,-117.3690948486328,33.979400634765625
8568256,2018,2018-03-09,3313,2018-02-06,1501,1779,3,2,5,7,3313,0,0,0,NA,0,T49,ALESSANDRO BL,OLD 215 FRONTAGE RD,489,W,N,A,-,N,NA,NA,NA,NA,NA,NA,NA,NA,NA,N,4,0,1,2,A,-,12,21453,A,N,D,C,A,A,H,-,A,A,0,NA,NA,NA,NA,Y,NA,A,01,0,0,1,0,0,0,0,0,0,-,-,NA,NA,RIVERSIDE,RIVERSIDE,-117.2893295288086,33.91685104370117
8568327,2016,2018-03-17,3342,2016-10-24,0732,419,570,1,5,4,3342,0,0,0,NA,0,00E,WINCHESTER RD,HUNTER RD,57,N,N,C,-,Y,RIV,8,79,-,R,6.02,H,-,S,Y,4,0,1,2,A,-,03,22350,NA,N,C,C,A,B,H,-,A,A,0,NA,NA,NA,NA,Y,NA,A,01,0,0,1,0,0,0,0,0,0,-,-,33.56887,-117.13651,RIVERSIDE,MURRIETA,-117.13654926,33.56910114
8568473,2017,2018-03-13,3300,2017-12-16,0013,4837,901C,6,5,4,3310,0,0,0,NA,0,051,HAMNER AV,2ND ST,300,N,N,A,-,N,NA,NA,NA,NA,NA,NA,NA,NA,NA,N,4,0,1,1,A,-,01,23152,A,N,E,I,A,A,H,-,C,D,0,NA,NA,NA,NA,Y,NA,A,01,0,0,1,0,0,0,0,0,0,-,-,NA,NA,RIVERSIDE,NORCO,-117.56101306,33.91030414
8570263,2018,2018-03-29,3300,2018-03-15,0831,5229,910B,4,5,5,3335,0,0,0,NA,0,063,WINCHESTER RD,MARGARITA RD,150,E,N,B,-,N,NA,NA,NA,NA,NA,NA,NA,NA,NA,N,4,0,1,2,A,-,03,22350,NA,N,C,-,A,B,H,-,A,A,0,NA,NA,NA,NA,Y,NA,A,01,0,0,1,0,0,0,0,0,0,-,-,33.53092956542969,-117.151123046875,RIVERSIDE,TEMECULA,-117.15111541748048,33.53131103515625
8570788,2016,2018-03-06,3342,2016-04-27,1851,833,405,3,5,4,3342,0,0,0,NA,0,00D,IVY ST,1ST AV,0,NA,Y,A,-,N,NA,NA,NA,NA,NA,NA,NA,NA,NA,Y,2,0,1,2,A,-,01,23152,A,N,D,C,A,A,H,-,A,A,0,NA,NA,Y,NA,Y,NA,A,01,1,0,0,0,0,0,0,0,1,-,-,33.55038,-117.2122,RIVERSIDE,MURRIETA,-117.21213009,33.55027007
8570796,2016,2018-03-06,3342,2016-04-26,1957,658,495,2,5,4,3342,0,0,0,NA,0,00D,JEFFERSON AV,PEAR ST,0,NA,Y,A,-,N,NA,NA,NA,NA,NA,NA,NA,NA,NA,Y,4,0,2,2,A,-,01,23152,A,N,C,C,A,A,H,-,C,A,0,NA,NA,NA,NA,Y,Y,A,01,0,0,2,0,0,0,0,0,0,-,-,33.53101,-117.17662,RIVERSIDE,MURRIETA,-117.17651,33.53095003
8570879,2016,2018-03-08,3342,2016-05-17,0930,934,565,2,5,4,3342,0,0,0,NA,0,00E,MURRIETA HOT SPRINGS RD,VIA PRINCESSA EAST,60,W,N,A,-,N,NA,NA,NA,NA,NA,NA,NA,NA,NA,Y,4,0,1,3,A,-,04,21703,NA,N,C,C,A,A,H,-,A,A,0,NA,NA,NA,NA,Y,NA,A,01,0,0,1,0,0,0,0,0,0,-,-,NA,NA,RIVERSIDE,MURRIETA,-117.1605087,33.55685471
8570886,2016,2018-03-08,3342,2016-05-07,2208,943,260,6,5,4,3342,0,0,0,NA,0,00B,CALIFORNIA OAKS RD,JACKSON AV,1000,N,N,B,-,N,NA,NA,NA,NA,NA,NA,NA,NA,NA,N,4,0,1,2,B,-,22,NA,NA,N,D,C,A,A,H,-,C,D,0,NA,NA,NA,NA,Y,NA,A,01,0,0,1,0,0,0,0,0,0,-,-,33.57171,-117.20384,RIVERSIDE,MURRIETA,-117.20420077,33.5712764
8570898,2016,2018-03-08,3342,2016-05-04,2245,898,560,3,5,4,3342,0,0,0,NA,0,00E,MURRIETA HOT SPRINGS RD,MARGARITA RD,68,W,N,A,-,N,NA,NA,NA,NA,NA,NA,NA,NA,NA,Y,3,0,2,3,A,-,01,23152,A,N,C,C,A,A,H,-,C,A,0,NA,NA,NA,NA,Y,Y,A,01,0,1,1,0,0,0,0,0,0,-,-,33.55651,-117.15706,RIVERSIDE,MURRIETA,-117.15730317,33.55657329
8570999,2016,2018-03-09,3342,2016-09-16,1940,806,570,5,5,4,3342,0,0,0,NA,0,00E,WINCHESTER RD,HUNTER RD,232,N,N,A,-,N,NA,NA,NA,NA,NA,NA,NA,NA,NA,Y,4,0,1,2,A,-,03,22350,NA,N,C,C,A,A,H,-,C,A,0,NA,NA,Y,NA,Y,Y,C,02,0,0,1,0,0,0,0,0,1,-,-,33.56887,-117.13512,RIVERSIDE,MURRIETA,-117.13642216,33.56946975
8571005,2016,2018-03-09,3342,2016-08-18,0734,777,165,4,5,4,3342,0,0,0,NA,0,00A,NIGHTHAWK WY,WASHINGTON AV,729,W,N,A,-,N,NA,NA,NA,NA,NA,NA,NA,NA,NA,N,3,0,1,2,A,-,09,21804,A,N,G,B,B,A,H,-,A,A,0,Y,NA,NA,NA,Y,NA,A,01,0,1,0,0,1,0,0,0,0,-,-,33.56724,-117.22882,RIVERSIDE,MURRIETA,-117.23058382,33.56580464
8571035,2016,2018-03-09,3342,2016-09-09,1305,339,446,5,5,4,3342,0,0,0,NA,0,00D,MURRIETA HOT SPRINGS RD,HANCOCK AV,148,E,N,A,-,N,NA,NA,NA,NA,NA,NA,NA,NA,NA,Y,4,0,1,2,A,-,03,22350,NA,N,C,C,A,A,H,-,A,A,0,NA,NA,NA,NA,Y,NA,A,01,0,0,1,0,0,0,0,0,0,-,-,33.55599,-117.1841,RIVERSIDE,MURRIETA,-117.18378755,33.55613833
8571038,2016,2018-03-09,3342,2016-08-11,1611,777,300,4,5,4,3342,0,0,0,NA,0,00C,SCOTT RD,ANTELOPE RD,0,NA,Y,A,-,N,NA,NA,NA,NA,NA,NA,NA,NA,NA,Y,3,0,1,3,A,-,12,21453,A,N,D,C,A,A,H,-,A,A,0,NA,NA,NA,NA,Y,NA,A,01,0,1,0,0,0,0,0,0,0,-,-,33.64151,-117.16791,RIVERSIDE,MURRIETA,-117.16801005,33.64153004
8571984,2017,2018-03-14,3300,2017-10-21,0220,4449,002A2,6,5,6,3345,0,0,0,NA,0,020,COUNTRY VILLAGE RD,OAK LEAF WY,0,NA,Y,A,-,N,NA,NA,NA,NA,NA,NA,NA,NA,NA,Y,2,0,4,2,A,-,08,22107,NA,N,A,C,A,A,H,-,D,D,0,NA,NA,NA,NA,Y,Y,A,01,4,0,0,0,0,0,0,0,0,-,-,34.03176,-117.50643,RIVERSIDE,JURUPA VALLEY,-117.50691,34.03168007
8574840,2018,2018-04-23,3300,2018-04-03,1634,4713,NA,2,5,5,3335,0,0,0,NA,0,NA,YNEZ RD,PREECE LN,0,NA,Y,A,-,N,NA,NA,NA,NA,NA,NA,NA,NA,NA,N,4,0,3,3,A,-,03,22350,NA,N,C,C,A,A,H,-,A,D,0,NA,NA,NA,NA,Y,NA,J,48,0,0,3,0,0,0,0,0,0,-,-,NA,NA,RIVERSIDE,TEMECULA,-117.14147186279295,33.4975700378418
8574963,2016,2018-03-17,3342,2016-01-28,1512,777,217,4,5,4,3342,0,0,0,NA,0,00B,MCELWAIN RD,ORCHARD CTR,0,NA,Y,A,-,N,NA,NA,NA,NA,NA,NA,NA,NA,NA,Y,2,0,2,2,A,-,12,21453,A,N,D,C,A,A,H,-,A,A,0,NA,NA,NA,NA,Y,NA,A,07,1,0,1,0,0,0,0,0,0,-,-,NA,NA,RIVERSIDE,MURRIETA,-117.17704012,33.60061006
8575063,2016,2018-03-13,3342,2016-12-16,0252,665,196,5,5,4,3342,0,0,0,NA,0,00A,MADISON AV,KALMIA ST,0,NA,Y,C,-,N,NA,NA,NA,NA,NA,NA,NA,NA,NA,Y,4,0,1,1,A,-,01,23152,A,N,E,I,A,B,H,-,C,A,0,NA,NA,NA,NA,Y,Y,A,01,0,0,1,0,0,0,0,0,0,-,-,33.56382,-117.20813,RIVERSIDE,MURRIETA,-117.20809014,33.56389001
8575815,2018,2018-03-21,3300,2018-02-23,1235,3737,601D5,5,5,6,3394,0,0,0,NA,0,012,HEACOCK ST,HEMLOCK AV,194,S,N,A,-,N,NA,NA,NA,NA,NA,NA,NA,NA,NA,N,4,0,1,2,A,-,03,22350,NA,N,C,C,A,A,H,-,A,A,0,NA,NA,NA,Y,Y,NA,A,01,0,0,1,0,0,0,0,0,0,-,-,33.94266128540039,-117.24373626708984,RIVERSIDE,MORENO VALLEY,-117.24378967285156,33.94211959838867
8576665,2016,2018-03-19,3342,2016-07-08,2129,806,286,5,5,4,3342,0,0,0,NA,0,00B,CALIFORNIA OAKS RD,MONROE AV,0,NA,Y,A,-,N,NA,NA,NA,NA,NA,NA,NA,NA,NA,Y,4,0,5,3,A,-,12,21453,A,N,D,C,A,A,H,-,C,A,0,NA,NA,NA,NA,Y,NA,A,01,0,0,5,0,0,0,0,0,0,-,-,33.56882,-117.20544,RIVERSIDE,MURRIETA,-117.20559,33.56898004
8577363,2018,2018-03-22,3311,2018-03-01,1222,15648,NA,4,5,4,3311,0,0,0,NA,0,002,TAMARISK RD,ARQUILLA RD,0,NA,Y,A,-,N,NA,NA,NA,NA,NA,NA,NA,NA,NA,N,4,0,1,2,A,-,09,21801,A,N,A,C,A,A,H,-,A,A,0,NA,NA,NA,NA,Y,NA,A,07,0,0,1,0,0,0,0,0,0,-,-,33.833988189697266,-116.53473663330078,RIVERSIDE,PALM SPRINGS,-116.53472137451172,33.83393859863281
8579848,2018,2018-04-12,3300,2018-03-07,1912,4323,910K,3,5,5,3335,0,0,0,NA,0,064,YNEZ RD,RANCHO VISTA RD,100,S,N,A,-,N,NA,NA,NA,NA,NA,NA,NA,NA,NA,Y,4,0,4,4,A,-,03,22350,NA,N,C,C,A,A,H,-,C,A,0,NA,NA,NA,NA,Y,NA,A,01,0,0,4,0,0,0,0,0,0,-,-,NA,NA,RIVERSIDE,TEMECULA,-117.14212036132813,33.498016357421875
8581312,2018,2018-03-21,3308,2018-02-27,1845,10530,546,2,5,5,3308,0,0,0,NA,0,SOUTH,STETSON AV,PALM AV,63,E,N,B,-,N,NA,NA,NA,NA,NA,NA,NA,NA,NA,N,4,0,1,2,A,-,03,22350,NA,F,C,C,A,B,H,-,C,A,0,NA,NA,NA,NA,Y,NA,A,01,0,0,1,0,0,0,0,0,0,-,-,33.729488372802734,-116.98036193847656,RIVERSIDE,HEMET,-116.98012542724608,33.7293701171875
8581324,2018,2018-03-21,3308,2018-02-21,1716,10611,525,3,5,5,3308,0,0,0,NA,0,SOUTH,ACACIA AV,RAYMOND ST,295,W,N,A,-,N,NA,NA,NA,NA,NA,NA,NA,NA,NA,Y,4,0,1,2,A,-,09,21801,A,N,D,C,A,A,H,-,C,A,0,NA,NA,Y,NA,Y,NA,A,01,0,0,1,0,0,0,0,0,1,-,-,33.74388122558594,-116.99136352539063,RIVERSIDE,HEMET,-116.99222564697266,33.74380111694336
8581699,2018,2018-03-29,3306,2018-02-21,2155,146,3306,3,5,3,3306,0,0,0,NA,0,NA,PALM DR,CAMINO AVENTURA,0,NA,Y,A,G,N,NA,NA,NA,NA,NA,NA,NA,NA,NA,Y,4,0,1,2,A,-,09,21801,A,N,D,C,A,A,H,-,D,A,0,NA,NA,NA,NA,Y,NA,A,01,0,0,1,0,0,0,0,0,0,-,-,NA,NA,RIVERSIDE,DESERT HOT SPRINGS,-116.501708984375,33.93217086791992
8581820,2018,2018-04-06,3300,2018-02-05,1545,N5259,34E5,1,5,4,3318,0,0,0,NA,0,T34,HOVELY LN E,WASHINGTON ST,378,W,N,A,-,N,NA,NA,NA,NA,NA,NA,NA,NA,NA,N,4,0,1,2,A,-,09,21801,B,N,H,G,A,A,H,-,A,D,0,NA,Y,NA,NA,Y,NA,L,04,0,0,1,0,0,0,1,0,0,-,-,NA,NA,RIVERSIDE,PALM DESERT,-116.305186,33.743601
8582191,2017,2018-04-04,3306,2017-12-01,1718,140,DESER,5,5,3,3306,0,0,0,NA,0,NA,HACIENDA AV,TAMAR DR,0,NA,Y,A,-,N,NA,NA,NA,NA,NA,NA,NA,NA,NA,N,4,0,1,2,A,-,11,21956,NA,N,D,B,D,A,H,-,D,A,0,Y,NA,NA,NA,Y,NA,N,60,0,0,1,0,1,0,0,0,0,-,-,NA,NA,RIVERSIDE,DESERT HOT SPRINGS,-116.48816007,33.95413001
8582322,2018,2018-04-03,3300,2018-02-08,2240,N4575,916A,4,5,4,3312,0,0,0,NA,0,031,PERRIS BL,HARLEY KNOX BL,0,NA,Y,A,-,N,NA,NA,NA,NA,NA,NA,NA,NA,NA,Y,4,0,1,2,A,-,03,22350,NA,N,C,C,A,A,H,-,C,A,0,NA,NA,NA,NA,Y,NA,A,07,0,0,1,0,0,0,0,0,0,-,-,33.857269287109375,-117.2258529663086,RIVERSIDE,PERRIS,-117.22605895996094,33.8572998046875
8582338,2018,2018-04-03,3300,2018-02-09,2042,N4575,916A,5,5,4,3312,0,0,0,NA,0,031,RAMONA EXPWY,AVALON PKWY,485,E,N,A,-,N,NA,NA,NA,NA,NA,NA,NA,NA,NA,Y,3,0,2,2,A,-,07,21658,A,N,B,C,A,A,H,-,C,D,0,NA,NA,NA,NA,Y,NA,A,01,0,1,1,0,0,0,0,0,0,-,-,NA,NA,RIVERSIDE,PERRIS,-117.19841766357422,33.84457778930664
8585851,2018,2018-04-11,3313,2018-03-15,2005,1772,3,4,5,7,3313,0,0,0,NA,0,T45,VALLEY SPRINGS PKWY,CANYON CROSSING,568,S,N,A,-,N,NA,NA,NA,NA,NA,NA,NA,NA,NA,Y,4,0,3,2,A,-,09,21804,A,N,D,C,A,A,H,-,C,A,0,NA,NA,NA,NA,Y,NA,A,07,0,0,3,0,0,0,0,0,0,-,-,NA,NA,RIVERSIDE,RIVERSIDE,-117.28812408447266,33.938873291015625
8587364,2018,2018-06-29,3300,2018-03-24,0920,N6158,20C,6,5,3,3317,0,0,0,NA,0,S20,BOB HOPE DR,RT 111,0,NA,Y,A,-,N,NA,NA,NA,NA,NA,NA,NA,NA,NA,Y,4,0,2,3,A,-,12,21453,A,N,D,C,A,A,H,-,A,A,0,NA,NA,NA,NA,Y,NA,A,07,0,0,2,0,0,0,0,0,0,-,-,NA,NA,RIVERSIDE,RANCHO MIRAGE,-116.40927886962892,33.73731994628906
8587632,2017,2018-05-18,3342,2017-12-25,1553,419,245,1,5,4,3342,0,0,0,NA,0,00B,NUTMEG ST,CAMINO ASPIRANTE,0,NA,Y,A,-,N,NA,NA,NA,NA,NA,NA,NA,NA,NA,N,4,0,1,2,A,-,03,22350,NA,N,C,C,A,A,H,-,A,A,0,NA,NA,NA,NA,Y,NA,A,01,0,0,1,0,0,0,0,0,0,-,-,33.58984,-117.21196,RIVERSIDE,MURRIETA,-117.21208012,33.58979008
8587656,2017,2018-05-18,3342,2017-08-26,2044,898,560,6,5,4,3342,0,0,0,NA,0,00E,MURRIETA HOT SPRINGS RD,MARGARITA RD,107,W,N,A,-,N,NA,NA,NA,NA,NA,NA,NA,NA,NA,N,4,0,1,2,A,-,03,22350,NA,N,C,C,A,A,H,-,C,A,0,NA,NA,NA,NA,Y,NA,A,01,0,0,1,0,0,0,0,0,0,-,-,33.55651,-117.15706,RIVERSIDE,MURRIETA,-117.15742544,33.55660386
8588435,2018,2018-03-29,3313,2018-03-11,2153,1741,5,7,5,7,3313,0,0,0,NA,0,1R59,MONTGOMERY ST,WELLS AV,318,S,N,A,-,N,NA,NA,NA,NA,NA,NA,NA,NA,NA,Y,4,0,3,2,A,-,08,22107,NA,F,B,C,A,A,H,-,C,D,0,NA,NA,NA,NA,Y,NA,A,01,0,0,3,0,0,0,0,0,0,-,-,NA,NA,RIVERSIDE,RIVERSIDE,-117.45763397216795,33.93342971801758
8588639,2018,2018-04-05,3309,2018-03-13,1108,443,3309,2,5,4,3309,0,0,0,NA,0,002,JACKSON ST,KENNER AV,238,S,N,A,-,N,NA,NA,NA,NA,NA,NA,NA,NA,NA,N,3,0,1,2,A,-,09,21804,A,N,D,C,A,A,H,-,A,A,0,NA,NA,NA,NA,Y,NA,D,22,0,1,0,0,0,0,0,0,0,-,-,NA,NA,RIVERSIDE,INDIO,-116.21638488769533,33.73242950439453
8588644,2018,2018-04-03,3308,2018-03-15,1442,10671,506,4,5,5,3308,0,0,0,NA,0,NORTH,LYON AV,SAN VICENTE DR,0,NA,Y,A,-,N,NA,NA,NA,NA,NA,NA,NA,NA,NA,Y,3,0,2,2,A,-,09,21802,A,N,D,C,A,A,H,-,A,A,0,NA,NA,NA,NA,Y,NA,A,01,0,1,1,0,0,0,0,0,0,-,-,33.75653076171875,-116.98916625976563,RIVERSIDE,HEMET,-116.98918914794922,33.756431579589844
8589142,2018,2018-04-10,3300,2018-03-18,0239,5119,905M,7,5,4,3307,0,0,0,NA,0,L93,RIVERSIDE DR,RICHARD ST,0,NA,Y,A,-,N,NA,NA,NA,NA,NA,NA,NA,NA,NA,Y,4,0,2,2,A,-,09,21804,NA,N,D,C,A,A,H,-,D,A,0,NA,NA,NA,NA,Y,NA,A,01,0,0,2,0,0,0,0,0,0,-,-,NA,NA,RIVERSIDE,LAKE ELSINORE,-117.35759735107422,33.68864822387695
8589371,2018,2018-04-09,3300,2018-02-07,1123,N4225,905B,3,5,4,3307,0,0,0,NA,0,L90,RAILROAD CANYON RD,W TASSEL,220,E,N,A,-,N,NA,NA,NA,NA,NA,NA,NA,NA,NA,Y,4,0,1,2,A,-,03,22350,NA,N,C,C,A,A,H,-,A,A,0,NA,NA,NA,NA,Y,NA,A,01,0,0,1,0,0,0,0,0,0,-,-,NA,NA,RIVERSIDE,LAKE ELSINORE,NA,NA
8590787,2018,2018-08-09,3300,2018-03-18,1240,N4646,910P,7,5,5,3335,0,0,0,NA,0,NA,TEMECULA PKWY,LA PAZ RD,72,E,N,A,-,Y,RIV,8,79,-,-,3.15,H,-,N,Y,4,0,1,2,A,-,03,22350,NA,N,C,C,A,A,H,-,A,A,0,NA,NA,NA,NA,Y,NA,A,01,0,0,1,0,0,0,0,0,0,-,-,NA,NA,RIVERSIDE,TEMECULA,-116.87681579589844,33.44353103637695
8590926,2018,2018-04-12,3300,2018-02-27,2139,N3765,87B1,2,5,2,3316,0,0,0,NA,0,3J371,RT 111,DESERT HORIZONS DR,690,E,N,A,-,N,NA,NA,NA,NA,NA,NA,NA,NA,NA,Y,2,0,1,2,A,-,03,22350,NA,F,A,I,A,A,H,-,C,D,0,NA,NA,Y,NA,Y,Y,A,01,1,0,0,0,0,0,0,0,1,-,-,NA,NA,RIVERSIDE,INDIAN WELLS,-116.34538269042967,33.72150421142578
8590975,2018,2018-04-06,3300,2018-01-26,1540,4141,24D8,5,5,3,3317,0,0,0,NA,0,024,DA VALL DR,GERALD FORD DR,109,N,N,A,-,N,NA,NA,NA,NA,NA,NA,NA,NA,NA,Y,4,0,1,2,A,-,03,22350,NA,N,C,C,A,A,H,-,A,A,0,NA,NA,NA,NA,Y,NA,A,08,0,0,1,0,0,0,0,0,0,-,-,33.78697967529297,-116.44081115722656,RIVERSIDE,RANCHO MIRAGE,-116.44082641601563,33.78732681274414
8590983,2018,2018-04-06,3300,2018-01-30,1150,N1673,38F3,2,5,4,3318,0,0,0,NA,0,T38,COOK ST,MARKET PL,0,NA,Y,B,-,N,NA,NA,NA,NA,NA,NA,NA,NA,NA,N,3,0,1,2,A,-,09,21802,A,N,D,C,A,A,H,-,A,A,0,NA,NA,NA,NA,Y,NA,A,01,0,1,0,0,0,0,0,0,0,-,-,NA,NA,RIVERSIDE,PALM DESERT,-116.35626,33.76086
8592379,2018,2018-04-17,3300,2018-02-19,0310,4391,603A3,1,5,6,3394,0,0,0,NA,0,MV32,CACTUS AV,HEACOCK ST,0,NA,Y,A,-,N,NA,NA,NA,NA,NA,NA,NA,NA,NA,Y,2,0,2,2,A,-,01,23153,A,N,D,C,A,A,H,-,C,A,0,NA,NA,NA,NA,Y,Y,A,07,1,0,1,0,0,0,0,0,0,-,-,33.91017150878906,-117.24359130859376,RIVERSIDE,MORENO VALLEY,-117.24359130859376,33.91014099121094