CASE_ID,ACCIDENT_YEAR,PROC_DATE,JURIS,COLLISION_DATE,COLLISION_TIME,OFFICER_ID,REPORTING_DISTRICT,DAY_OF_WEEK,CHP_SHIFT,POPULATION,CNTY_CITY_LOC,SPECIAL_COND,BEAT_TYPE,CHP_BEAT_TYPE,CITY_DIVISION_LAPD,CHP_BEAT_CLASS,BEAT_NUMBER,PRIMARY_RD,SECONDARY_RD,DISTANCE,DIRECTION,INTERSECTION,WEATHER_1,WEATHER_2,STATE_HWY_IND,CALTRANS_COUNTY,CALTRANS_DISTRICT,STATE_ROUTE,ROUTE_SUFFIX,POSTMILE_PREFIX,POSTMILE,LOCATION_TYPE,RAMP_INTERSECTION,SIDE_OF_HWY,TOW_AWAY,COLLISION_SEVERITY,NUMBER_KILLED,NUMBER_INJURED,PARTY_COUNT,PRIMARY_COLL_FACTOR,PCF_CODE_OF_VIOL,PCF_VIOL_CATEGORY,PCF_VIOLATION,PCF_VIOL_SUBSECTION,HIT_AND_RUN,TYPE_OF_COLLISION,MVIW,PED_ACTION,ROAD_SURFACE,ROAD_COND_1,ROAD_COND_2,LIGHTING,CONTROL_DEVICE,CHP_ROAD_TYPE,PEDESTRIAN_ACCIDENT,BICYCLE_ACCIDENT,MOTORCYCLE_ACCIDENT,TRUCK_ACCIDENT,NOT_PRIVATE_PROPERTY,ALCOHOL_INVOLVED,STWD_VEHTYPE_AT_FAULT,CHP_VEHTYPE_AT_FAULT,COUNT_SEVERE_INJ,COUNT_VISIBLE_INJ,COUNT_COMPLAINT_PAIN,COUNT_PED_KILLED,COUNT_PED_INJURED,COUNT_BICYCLIST_KILLED,COUNT_BICYCLIST_INJURED,COUNT_MC_KILLED,COUNT_MC_INJURED,PRIMARY_RAMP,SECONDARY_RAMP,LATITUDE,LONGITUDE,COUNTY,CITY,POINT_X,POINT_Y
8812862,2019,2019-03-22,3313,2019-03-01,0556,1686,1,5,5,7,3313,0,0,0,NA,0,T58,MAGNOLIA AV,15TH ST,614,S,N,A,-,N,NA,NA,NA,NA,NA,NA,NA,NA,NA,Y,2,0,1,1,A,-,08,22107,NA,N,E,I,A,A,H,-,B,D,0,NA,NA,NA,NA,Y,NA,A,01,1,0,0,0,0,0,0,0,0,-,-,33.97509002685547,-117.38082122802734,RIVERSIDE,RIVERSIDE,-117.38229370117188,33.973934173583984
8813178,2019,2019-03-11,3313,2019-02-16,2006,1683,1,6,5,7,3313,0,0,0,NA,0,FT4,LIME ST,MISSION INN AV,104,N,N,B,-,N,NA,NA,NA,NA,NA,NA,NA,NA,NA,N,4,0,2,2,A,-,09,21804,A,N,D,C,A,A,H,-,C,D,0,NA,NA,NA,NA,Y,Y,A,01,0,0,2,0,0,0,0,0,0,-,-,33.98128128051758,-117.37045288085938,RIVERSIDE,RIVERSIDE,-117.37018585205078,33.98154067993164
8814736,2019,2019-03-08,3300,2019-02-16,1137,N5791,012F,6,5,4,3344,0,0,0,NA,0,064,CHANDLER ST,HALL AV,0,NA,Y,A,-,N,NA,NA,NA,NA,NA,NA,NA,NA,NA,Y,4,0,2,2,A,-,03,22350,NA,N,C,C,A,A,H,-,A,D,0,NA,NA,NA,NA,Y,NA,A,07,0,0,2,0,0,0,0,0,0,-,-,33.94635009765625,-117.60439300537108,RIVERSIDE,EASTVALE,-117.6044692993164,33.94622039794922
8815331,2019,2019-03-21,3313,2019-02-17,1755,1896,1,7,5,7,3313,0,0,0,NA,0,3R16,PALM AV,SIERRA ST,60,E,N,A,-,N,NA,NA,NA,NA,NA,NA,NA,NA,NA,N,4,0,1,1,A,-,08,22107,NA,N,E,I,A,A,H,-,C,D,0,NA,NA,NA,NA,Y,NA,A,01,0,0,1,0,0,0,0,0,0,-,-,33.95000076293945,-117.40097808837892,RIVERSIDE,RIVERSIDE,-117.4010772705078,33.949798583984375
8815702,2019,2019-03-13,3300,2019-02-25,1319,4713,910F,1,5,5,3335,0,0,0,NA,0,062,RANCHO CALIFORNIA RD,LYNDIE LN,0,NA,Y,A,-,N,NA,NA,NA,NA,NA,NA,NA,NA,NA,Y,3,0,2,2,A,-,12,21453,A,N,D,C,A,A,H,-,A,A,0,NA,NA,NA,NA,Y,NA,A,01,0,1,1,0,0,0,0,0,0,-,-,NA,NA,RIVERSIDE,TEMECULA,-117.14212799072266,33.50685119628906
8815930,2019,2019-03-15,3315,2019-02-28,1727,001874,12E`,4,5,6,3315,0,0,0,NA,0,003,MAIN ST,MAGNOLIA AV,0,NA,Y,A,-,N,NA,NA,NA,NA,NA,NA,NA,NA,NA,N,4,0,1,1,A,-,08,22107,NA,N,E,I,A,A,H,-,A,A,0,NA,NA,NA,NA,Y,NA,A,01,0,0,1,0,0,0,0,0,0,-,-,NA,NA,RIVERSIDE,CORONA,-117.5697021484375,33.85137939453125
8817523,2019,2019-03-19,3308,2019-02-11,1624,10610,295,1,5,5,3308,0,0,0,NA,0,NORTH,FRUITVALE AV,MILLIE DR,0,NA,Y,A,-,N,NA,NA,NA,NA,NA,NA,NA,NA,NA,Y,3,0,2,2,A,-,09,21801,A,N,D,C,A,A,H,-,A,A,0,NA,NA,NA,NA,Y,NA,A,01,0,1,1,0,0,0,0,0,0,-,-,33.76203918457031,-117.00418090820313,RIVERSIDE,HEMET,-117.00421142578124,33.761871337890625
8818155,2019,2019-04-04,3313,2019-03-02,1848,1867,5,6,5,7,3313,0,0,0,NA,0,3R50,LA SIERRA AV,INDIANA AV,330,N,N,B,-,N,NA,NA,NA,NA,NA,NA,NA,NA,NA,N,4,0,1,2,A,-,03,22350,NA,F,C,C,A,A,H,-,C,A,0,NA,NA,NA,NA,Y,NA,D,22,0,0,1,0,0,0,0,0,0,-,-,NA,NA,RIVERSIDE,RIVERSIDE,-117.47176361083984,33.89795684814453
8819462,2019,2019-04-16,3313,2019-02-15,1529,1475,4,5,5,7,3313,0,0,0,NA,0,M19,INDIANA AV,MADISON ST,121,E,N,B,-,N,NA,NA,NA,NA,NA,NA,NA,NA,NA,N,4,0,2,2,A,-,09,21804,A,N,D,C,A,A,H,-,A,A,0,NA,NA,NA,NA,Y,NA,A,07,0,0,2,0,0,0,0,0,0,-,-,33.93539047241211,-117.40444183349608,RIVERSIDE,RIVERSIDE,-117.40403747558594,33.935386657714844
8819730,2019,2019-03-18,3300,2019-02-22,1115,N5791,012C,5,5,4,3344,0,0,0,NA,0,065,SCHLEISMAN RD,SCHOLAR WY,0,NA,Y,A,-,N,NA,NA,NA,NA,NA,NA,NA,NA,NA,Y,4,0,2,2,A,-,12,21453,A,N,D,C,A,A,H,-,A,A,0,NA,NA,NA,NA,Y,NA,A,01,0,0,2,0,0,0,0,0,0,-,-,33.96083068847656,-117.56703948974608,RIVERSIDE,EASTVALE,-117.56706237792967,33.96072006225586
8819734,2019,2019-03-18,3300,2019-02-21,0857,2744,002C,4,5,6,3345,0,0,0,NA,0,020,VAN BUREN BL,BELLGRAVE AV,0,NA,Y,A,B,N,NA,NA,NA,NA,NA,NA,NA,NA,NA,Y,4,0,1,2,A,-,09,21453,C,N,D,C,A,A,H,-,A,A,0,NA,NA,NA,NA,Y,Y,-,NA,0,0,1,0,0,0,0,0,0,-,-,34.00614929199219,-117.50273895263672,RIVERSIDE,JURUPA VALLEY,-117.50287628173828,34.00611114501953
8820089,2019,2019-03-21,3308,2019-01-27,0749,10192,527,7,5,5,3308,0,0,0,NA,0,SOUTH,STATE ST,KIMBALL AV,0,NA,Y,A,-,N,NA,NA,NA,NA,NA,NA,NA,NA,NA,Y,4,0,2,2,A,-,09,21802,A,N,D,C,A,A,H,-,A,A,0,NA,NA,NA,NA,Y,NA,A,01,0,0,2,0,0,0,0,0,0,-,-,33.74563980102539,-116.97173309326172,RIVERSIDE,HEMET,-116.9716567993164,33.74568176269531
8820137,2019,2019-04-12,3300,2019-02-28,1338,N4544,603C2,4,5,6,3394,0,0,0,NA,0,036,PERRIS BL,BRODIAEA AV,34,S,N,B,-,N,NA,NA,NA,NA,NA,NA,NA,NA,NA,Y,4,0,1,2,A,-,03,22350,NA,N,C,C,A,A,H,-,A,A,0,NA,NA,NA,NA,Y,NA,I,11,0,0,1,0,0,0,0,0,0,-,-,33.94356155395508,-117.22641754150392,RIVERSIDE,MORENO VALLEY,-117.22633361816406,33.91352844238281
8821904,2019,2019-03-26,3300,2019-02-28,1737,4406,604C2,4,5,6,3394,0,0,0,NA,0,038,LASSELLE ST,GENTIAN AV,104,N,N,A,-,N,NA,NA,NA,NA,NA,NA,NA,NA,NA,N,3,0,1,3,A,-,03,22350,NA,N,C,C,A,A,H,-,C,A,0,NA,NA,NA,NA,Y,NA,A,01,0,1,0,0,0,0,0,0,0,-,-,33.895469665527344,-117.2092514038086,RIVERSIDE,MORENO VALLEY,-117.20887756347656,33.8957633972168
8822669,2018,2019-03-26,3300,2018-01-23,1516,4300,920E,2,5,4,3314,0,0,0,NA,0,072,RAMONA EXPWY,SAN JACINTO AV,98,W,N,A,-,N,NA,NA,NA,NA,NA,NA,NA,NA,NA,Y,4,0,3,6,A,-,01,23152,A,F,D,C,A,A,H,-,A,A,0,NA,NA,NA,NA,Y,NA,A,01,0,0,3,0,0,0,0,0,0,-,-,33.801490783691406,-116.95884704589844,RIVERSIDE,SAN JACINTO,-116.9590072631836,33.8013801574707
8823945,2019,2019-03-25,3300,2019-03-01,1010,N5069,34H1,5,5,4,3318,0,0,0,NA,0,T34,HOVELY LN E,WASHINGTON ST,65,W,N,A,-,N,NA,NA,NA,NA,NA,NA,NA,NA,NA,N,3,0,1,2,A,-,08,22107,NA,N,G,B,B,A,H,-,A,D,0,Y,NA,NA,NA,Y,NA,A,07,0,1,0,0,1,0,0,0,0,-,-,NA,NA,RIVERSIDE,PALM DESERT,-116.304153,33.74359
8825774,2019,2019-04-03,3300,2019-03-08,1812,4024,905F,5,5,4,3307,0,0,0,NA,0,092,MAIN ST,POTTERY ST,50,N,N,A,-,N,NA,NA,NA,NA,NA,NA,NA,NA,NA,Y,4,0,2,3,A,-,03,22350,NA,N,C,C,A,A,H,-,C,A,0,NA,NA,NA,NA,Y,NA,A,01,0,0,2,0,0,0,0,0,0,-,-,33.67314147949219,-117.32556915283205,RIVERSIDE,LAKE ELSINORE,-117.32553100585938,33.673458099365234
8826541,2019,2019-04-02,3313,2019-02-23,0030,1906,5,6,5,7,3313,0,0,0,NA,0,1R51,VAN BUREN BL,INDIANA AV,0,NA,Y,A,-,N,NA,NA,91,NA,NA,NA,NA,NA,NA,N,4,0,1,2,A,-,12,21453,A,N,D,C,A,A,H,-,C,A,0,NA,NA,NA,NA,Y,NA,A,01,0,0,1,0,0,0,0,0,0,-,-,33.91408920288086,-117.44165802001952,RIVERSIDE,RIVERSIDE,-117.44199371337892,33.914676666259766
8827237,2019,2019-03-28,3313,2019-03-18,1209,0623,3,1,5,7,3313,0,0,0,NA,0,M10,VAN BUREN CIR,ALTA CRESTA AV,67,W,N,A,-,N,NA,NA,NA,NA,NA,NA,NA,NA,NA,Y,2,0,1,2,A,-,03,22350,NA,N,C,C,A,A,H,-,A,A,0,NA,NA,Y,NA,Y,NA,C,02,1,0,0,0,0,0,0,0,1,-,-,NA,NA,RIVERSIDE,RIVERSIDE,-117.34890747070313,33.885982513427734
8827314,2019,2019-04-03,3300,2019-03-17,1118,2716,916D,7,5,4,3312,0,0,0,NA,0,035,ELLIS AV,CASE RD,0,NA,Y,A,-,N,NA,NA,NA,NA,NA,NA,NA,NA,NA,N,4,0,2,2,A,-,17,21701,NA,N,C,C,A,A,B,-,A,A,0,NA,NA,NA,NA,Y,NA,A,01,0,0,2,0,0,0,0,0,0,-,-,33.77199172973633,-117.21955871582033,RIVERSIDE,PERRIS,-117.2194366455078,33.77204895019531
8827366,2019,2019-04-03,3300,2019-02-18,1945,4209,506F,1,5,5,3341,0,0,0,NA,0,056,HAUN RD,NEWPORT RD,0,NA,Y,A,-,N,NA,NA,NA,NA,NA,NA,NA,NA,NA,N,4,0,1,2,A,-,08,22107,NA,F,G,B,E,A,H,-,C,A,0,Y,NA,NA,NA,Y,NA,A,01,0,0,1,0,1,0,0,0,0,-,-,33.685218811035156,-117.17556762695313,RIVERSIDE,MENIFEE,-117.17552185058594,33.68505859375
8827880,2019,2019-04-05,3315,2019-03-12,0740,001531,9A,2,5,6,3315,0,0,0,NA,0,NA,HIDDEN VALLEY PKWY,PARKRIDGE AV,90,W,N,B,-,N,NA,NA,NA,NA,NA,NA,NA,NA,NA,N,4,0,1,2,A,-,03,22350,NA,N,C,C,A,B,H,-,A,A,0,NA,NA,NA,NA,Y,NA,A,07,0,0,1,0,0,0,0,0,0,-,-,NA,NA,RIVERSIDE,CORONA,-117.5438995361328,33.898136138916016
8828060,2019,2019-04-24,3315,2019-03-06,1042,002847,10C,3,5,6,3315,0,0,0,NA,0,002,FLEETWOOD WY,BENTLEY DR,417,N,N,C,-,N,NA,NA,NA,NA,NA,NA,NA,NA,NA,N,4,0,1,3,A,-,05,21650,A,N,B,C,A,B,H,-,A,A,0,NA,NA,NA,NA,Y,NA,A,01,0,0,1,0,0,0,0,0,0,-,-,33.87562942504883,-117.53524780273438,RIVERSIDE,CORONA,-117.5359115600586,33.87664031982422
8829378,2019,2019-04-04,3300,2019-02-21,1632,3747,001C,4,5,6,3345,0,0,0,NA,0,010,RUBIDOUX BL,30TH ST,237,N,N,A,-,N,NA,NA,NA,NA,NA,NA,NA,NA,NA,Y,4,0,1,2,A,-,09,21804,A,N,D,C,A,A,H,-,A,D,0,NA,NA,NA,NA,Y,NA,A,01,0,0,1,0,0,0,0,0,0,-,-,34.005279541015625,-117.39974975585938,RIVERSIDE,JURUPA VALLEY,-117.40045928955078,34.00450897216797
8829386,2019,2019-04-11,3300,2019-02-28,1157,3831,011C,4,5,4,3344,0,0,0,NA,0,061,LIMONITE AV,RT 15,119,E,N,A,-,N,NA,NA,NA,NA,NA,NA,NA,NA,NA,N,4,0,2,2,A,-,04,21703,NA,N,C,C,A,A,H,-,A,A,0,NA,NA,NA,NA,Y,NA,A,08,0,0,2,0,0,0,0,0,0,-,SO,NA,NA,RIVERSIDE,EASTVALE,-117.54869079589844,33.97523880004883
8830170,2019,2019-03-29,3300,2019-02-25,0145,4430,22A4,1,5,3,3317,0,0,0,NA,0,1S24,GERALD FORD DR,STERLING ESTATES DR,328,E,N,B,-,N,NA,NA,NA,NA,NA,NA,NA,NA,NA,N,2,0,1,1,A,-,03,22350,NA,N,D,I,A,A,H,-,C,D,0,NA,NA,NA,NA,Y,NA,A,01,1,0,0,0,0,0,0,0,0,-,-,33.7869987487793,-116.42990112304688,RIVERSIDE,RANCHO MIRAGE,-116.42881774902344,33.78708267211914
8831050,2019,2019-04-26,3300,2019-02-10,0800,3774,603A4,7,5,6,3394,0,0,0,NA,0,MV32,PERRIS BL,CACTUS AV,250,S,N,A,-,N,NA,NA,60,NA,NA,NA,NA,NA,NA,Y,3,0,2,2,A,-,08,22100,B,N,D,C,A,A,H,-,A,D,0,NA,NA,NA,NA,Y,NA,D,22,0,1,1,0,0,0,0,0,0,-,-,33.9399299621582,-117.22644805908205,RIVERSIDE,MORENO VALLEY,-117.22647094726563,33.9398193359375
8831455,2019,2019-04-04,3300,2019-03-02,1845,4574,803A,6,5,3,3343,0,0,0,NA,0,083,PALOMAR RD,GRUWELL ST,0,NA,Y,A,-,N,NA,NA,NA,NA,NA,NA,NA,NA,NA,Y,4,0,2,2,A,-,09,21801,A,N,A,C,A,B,H,-,C,A,0,NA,NA,NA,NA,Y,NA,A,01,0,0,2,0,0,0,0,0,0,-,-,NA,NA,RIVERSIDE,WILDOMAR,-117.2764129638672,33.605960845947266
8831626,2019,2019-03-29,3300,2019-01-22,0200,3455,603C5,2,5,6,3394,0,0,0,NA,0,036,LASSELLE ST,LA BARRANCA RD,240,S,N,A,-,N,NA,NA,NA,NA,NA,NA,NA,NA,NA,Y,3,0,1,1,A,-,01,23152,A,N,E,I,A,A,H,-,C,D,0,NA,NA,NA,NA,Y,Y,A,07,0,1,0,0,0,0,0,0,0,-,-,33.89435958862305,-117.20913696289063,RIVERSIDE,MORENO VALLEY,NA,NA
8833262,2019,2019-04-09,3342,2019-01-18,2019,543,211,5,5,4,3342,0,0,0,NA,0,002,CLINTON KEITH RD,GREER RD,250,W,N,A,-,N,NA,NA,NA,NA,NA,NA,NA,NA,NA,Y,4,0,1,2,A,-,01,23152,A,N,C,C,A,A,H,-,C,A,0,NA,NA,NA,NA,Y,Y,A,01,0,0,1,0,0,0,0,0,0,-,-,NA,NA,RIVERSIDE,MURRIETA,-117.18753814697266,33.59645080566406
8833851,2019,2019-04-11,3313,2019-03-21,2100,1846,1,4,5,7,3313,0,0,0,NA,0,3R16,MARKET ST,3RD ST,0,NA,Y,A,-,N,NA,NA,NA,NA,NA,NA,NA,NA,NA,N,3,0,1,2,A,-,09,21801,A,N,D,C,A,A,H,-,C,A,0,NA,NA,NA,NA,Y,NA,A,01,0,1,0,0,0,0,0,0,0,-,-,NA,NA,RIVERSIDE,RIVERSIDE,-117.37248229980467,33.98733901977539
8833859,2019,2019-04-11,3313,2019-03-22,2104,1475,5,5,5,7,3313,0,0,0,NA,0,M19,COLLETT AV,JONES AV,171,E,N,A,-,N,NA,NA,NA,NA,NA,NA,NA,NA,NA,Y,3,0,3,2,A,-,01,23152,A,N,-,C,A,A,F,-,C,A,0,NA,NA,NA,NA,Y,Y,A,08,0,1,2,0,0,0,0,0,0,-,-,NA,NA,RIVERSIDE,RIVERSIDE,-117.47704315185548,33.91498947143555
8834725,2019,2019-05-14,3300,2019-03-15,1755,4406,602A1,5,5,6,3394,0,0,0,NA,0,022,OLD 215 FRONTAGE RD,COTTONWOOD AV,0,NA,Y,A,-,N,NA,NA,NA,NA,NA,NA,NA,NA,NA,Y,3,0,3,2,A,-,09,21802,A,N,D,C,A,A,H,-,A,D,0,NA,NA,NA,NA,Y,NA,A,01,0,1,2,0,0,0,0,0,0,-,-,33.92416000366211,-117.2861785888672,RIVERSIDE,MORENO VALLEY,-117.2864990234375,33.924068450927734
8834761,2019,2019-04-30,3309,2019-03-22,1415,283,3309,5,5,4,3309,0,0,0,NA,0,003,AVE 50,JACKSON ST,138,E,N,A,-,N,NA,NA,NA,NA,NA,NA,NA,NA,NA,N,4,0,1,3,A,-,03,22350,NA,N,C,C,A,A,H,-,A,A,0,NA,NA,NA,NA,Y,NA,D,22,0,0,1,0,0,0,0,0,0,-,-,NA,NA,RIVERSIDE,INDIO,-116.21605682373048,33.68547821044922
8835576,2019,2019-04-15,3313,2019-03-14,2002,1783,5,4,5,7,3313,0,0,0,NA,0,T40,VAN BUREN BL,WELLS AV,400,N,N,A,-,N,NA,NA,NA,NA,NA,NA,NA,NA,NA,N,3,0,1,2,A,-,05,21650,1,N,H,G,A,A,H,-,C,A,0,NA,Y,NA,NA,Y,NA,L,04,0,1,0,0,0,0,1,0,0,-,-,NA,NA,RIVERSIDE,RIVERSIDE,-117.4541015625,33.9354248046875
8835592,2019,2019-04-15,3300,2019-03-21,1926,4579,916D,4,5,4,3312,0,0,0,NA,0,035,4TH ST,PARK AV,0,NA,Y,B,-,N,NA,NA,NA,NA,NA,NA,NA,NA,NA,Y,2,0,2,2,A,-,03,22350,NA,N,D,C,A,B,H,-,C,D,0,NA,NA,NA,NA,Y,NA,A,01,1,0,1,0,0,0,0,0,0,-,-,NA,NA,RIVERSIDE,PERRIS,-117.23693084716795,33.78234100341797
8836268,2019,2019-05-06,3300,2019-02-16,1940,N3642,002Q,6,5,6,3345,0,0,0,NA,0,024,LIMONITE AV,VAN BUREN BL,0,NA,Y,A,-,N,NA,NA,NA,NA,NA,NA,NA,NA,NA,N,4,0,1,2,A,-,12,21453,A,N,D,C,A,A,H,-,C,A,0,NA,NA,NA,NA,Y,NA,-,-,0,0,1,0,0,0,0,0,0,-,-,33.975990295410156,-117.47618103027344,RIVERSIDE,JURUPA VALLEY,-117.47611236572266,33.975738525390625
8836532,2019,2019-04-18,3300,2019-03-29,1405,3359,508B,5,5,5,3341,0,0,0,NA,0,058,HAUN RD,SCOTT RD,510,N,N,A,-,N,NA,NA,NA,NA,NA,NA,NA,NA,NA,Y,4,0,1,2,A,-,03,22350,NA,N,C,C,A,A,H,-,A,A,0,NA,NA,NA,NA,Y,NA,A,01,0,0,1,0,0,0,0,0,0,-,-,33.64175033569336,-117.17563629150392,RIVERSIDE,MENIFEE,-117.17562866210938,33.64293670654297
8836742,2019,2019-04-19,3300,2019-03-12,1634,5178,506F,2,5,5,3341,0,0,0,NA,0,056,NEWPORT RD,HAUN RD,303,E,N,A,-,N,NA,NA,NA,NA,NA,NA,NA,NA,NA,N,4,0,2,2,A,-,04,21703,NA,N,C,C,A,A,H,-,A,A,0,NA,NA,NA,NA,Y,NA,A,01,0,0,2,0,0,0,0,0,0,-,-,33.685218811035156,-117.17549896240234,RIVERSIDE,MENIFEE,-117.17454528808594,33.68497848510742
8838773,2019,2019-04-11,3300,2019-03-17,0906,3481,920C,7,5,4,3314,0,0,0,NA,0,070,7TH ST,PALM AV,0,NA,Y,A,-,N,NA,NA,NA,NA,NA,NA,NA,NA,NA,Y,4,0,2,2,A,-,09,21802,A,N,D,C,A,A,H,-,A,A,0,NA,NA,NA,NA,Y,NA,A,01,0,0,2,0,0,0,0,0,0,-,-,33.78022003173828,-116.98058319091795,RIVERSIDE,SAN JACINTO,-116.9806900024414,33.7801513671875
8841539,2019,2019-04-16,3300,2019-03-01,1847,N6265,001G,5,5,6,3345,0,0,0,NA,0,014,LA RUE ST,SAMANTHA PL,0,NA,Y,A,-,N,NA,NA,NA,NA,NA,NA,NA,NA,NA,N,4,0,1,2,A,-,08,22107,NA,N,B,C,A,A,H,-,C,A,0,NA,NA,NA,NA,Y,NA,A,07,0,0,1,0,0,0,0,0,0,-,-,34.00408935546875,-117.41400909423828,RIVERSIDE,JURUPA VALLEY,-117.41388702392578,34.00407028198242
8843494,2019,2019-05-08,3315,2019-04-04,0935,002847,3E,4,5,6,3315,0,0,0,NA,0,001,LINCOLN AV,POMONA RD,36,S,N,B,-,N,NA,NA,NA,NA,NA,NA,NA,NA,NA,N,4,0,1,2,A,-,03,22350,NA,N,C,C,A,A,H,-,A,A,0,NA,NA,NA,NA,Y,NA,A,01,0,0,1,0,0,0,0,0,0,-,-,33.88370895385742,-117.58223724365234,RIVERSIDE,CORONA,-117.58226776123048,33.88361358642578
8843700,2019,2019-08-26,3311,2019-04-13,1158,16168,NA,6,5,4,3311,0,0,0,NA,0,NA,RT 111,FARRELL DR,0,NA,Y,A,-,Y,RIV,8,111,-,T,52.371,I,5,N,Y,3,0,3,2,A,-,09,21802,A,N,D,C,A,A,H,-,A,A,0,NA,NA,NA,NA,Y,NA,A,01,0,1,2,0,0,0,0,0,0,-,-,33.844940185546875,-116.51953887939452,RIVERSIDE,PALM SPRINGS,-116.51941680908205,33.84489059448242
8843840,2019,2019-04-18,3300,2019-04-01,1115,3854,910A,1,5,5,3335,0,0,0,NA,0,062,MARGARITA RD,HARVESTON  SCHOOL RD,0,NA,Y,A,-,N,NA,NA,NA,NA,NA,NA,NA,NA,NA,N,2,0,1,2,D,-,00,NA,NA,N,H,G,A,A,H,-,A,A,0,NA,Y,NA,NA,Y,NA,-,-,1,0,0,0,0,0,1,0,0,-,-,33.541690826416016,-117.15084075927734,RIVERSIDE,TEMECULA,-117.15086364746094,33.54153060913086
8844984,2019,2019-04-26,3300,2019-03-31,1339,4695,602A5,7,5,6,3394,0,0,0,NA,0,022,ALESSANDRO BL,DAY ST,0,NA,Y,A,-,N,NA,NA,NA,NA,NA,NA,NA,NA,NA,Y,3,0,1,3,A,-,12,21453,A,N,D,C,A,A,H,-,A,A,0,NA,NA,NA,NA,Y,NA,A,01,0,1,0,0,0,0,0,0,0,-,-,33.91691970825195,-117.27881622314452,RIVERSIDE,MORENO VALLEY,-117.27880096435548,33.91693115234375
8845044,2019,2019-05-01,3306,2019-02-19,1757,130,NA,2,5,3,3306,0,0,0,NA,0,NA,HACIENDA AV,TAMAR DR,0,NA,Y,A,-,N,NA,NA,NA,NA,NA,NA,NA,NA,NA,Y,4,0,2,2,A,-,09,21801,A,N,D,C,A,A,H,-,C,A,0,NA,NA,NA,NA,Y,NA,A,01,0,0,2,0,0,0,0,0,0,-,-,NA,NA,RIVERSIDE,DESERT HOT SPRINGS,-116.4881591796875,33.95412826538086
8845214,2019,2019-04-29,3300,2019-04-05,1220,4406,604E3,5,5,6,3394,0,0,0,NA,0,046,ALESSANDRO BL,THEODORE ST,114,W,N,A,-,N,NA,NA,NA,NA,NA,NA,NA,NA,NA,Y,3,0,1,1,D,-,00,NA,NA,N,E,I,A,A,H,-,A,D,0,NA,NA,NA,NA,Y,NA,-,-,0,1,0,0,0,0,0,0,0,-,-,NA,NA,RIVERSIDE,MORENO VALLEY,-117.13931274414063,33.919410705566406
8845309,2019,2019-04-30,3300,2019-01-20,0304,4661,501A,7,5,5,3341,0,0,0,NA,0,051,RT 74,TRADEWINDS DR,550,W,N,A,-,N,NA,NA,74,NA,NA,NA,NA,NA,NA,Y,2,0,1,1,A,-,01,23152,A,N,E,I,A,A,H,-,D,D,0,NA,NA,NA,NA,Y,Y,A,07,1,0,0,0,0,0,0,0,0,-,-,33.742950439453125,-117.1672821044922,RIVERSIDE,MENIFEE,-117.1672821044922,33.74298858642578
8845637,2019,2019-05-02,3300,2019-04-13,2124,5070,916A,6,5,4,3312,0,0,0,NA,0,031,PERRIS BL,RIDER ST,0,NA,Y,A,-,N,NA,NA,NA,NA,NA,NA,NA,NA,NA,Y,2,0,5,3,A,-,12,21453,A,N,D,C,A,A,H,-,C,A,0,NA,NA,NA,NA,Y,Y,D,22,2,0,3,0,0,0,0,0,0,-,-,33.83013153076172,-117.22617340087892,RIVERSIDE,PERRIS,-117.22606658935548,33.830081939697266
8846779,2019,2019-08-28,3308,2019-04-17,1444,10746,507,3,5,5,3308,0,0,0,NA,0,NORTH,SAN JACINTO ST,MENLO AV,148,S,N,A,-,Y,RIV,8,79,-,-,26.37,H,-,N,N,4,0,1,2,A,-,03,22350,NA,N,C,C,A,A,H,-,A,A,0,NA,NA,NA,NA,Y,NA,A,01,0,0,1,0,0,0,0,0,0,-,-,33.75838851928711,-116.95873260498048,RIVERSIDE,HEMET,-116.95870208740234,33.758079528808594
8847704,2019,2019-04-30,3313,2019-03-22,1838,1475,4,5,5,7,3313,0,0,0,NA,0,M19,STREETER AV,MOUNTAIN VIEW AV,0,S,N,B,-,N,NA,NA,NA,NA,NA,NA,NA,NA,NA,Y,4,0,1,3,A,-,01,23152,A,N,E,I,A,A,H,-,A,A,0,NA,NA,NA,NA,Y,Y,D,22,0,0,1,0,0,0,0,0,0,-,-,NA,NA,RIVERSIDE,RIVERSIDE,-117.41851806640624,33.960540771484375
8848807,2019,2019-05-01,3300,2019-04-02,0721,4312,905L,2,5,4,3307,0,0,0,NA,0,L93,MACHADO ST,LINCOLN ST,0,NA,Y,A,-,N,NA,NA,NA,NA,NA,NA,NA,NA,NA,Y,4,0,2,2,A,-,09,21801,A,N,D,C,A,A,H,-,A,A,0,NA,NA,NA,NA,Y,NA,A,01,0,0,2,0,0,0,0,0,0,-,-,33.680660247802734,-117.38118743896484,RIVERSIDE,LAKE ELSINORE,-117.3811264038086,33.68074035644531
8848930,2019,2019-05-03,3309,2019-04-17,2125,149,3309,3,5,4,3309,0,0,0,NA,0,002,JACKSON ST,SHOWCASE PKWY,1214,S,N,A,-,N,NA,NA,NA,NA,NA,NA,NA,NA,NA,Y,4,0,1,2,A,-,09,21801,A,N,D,C,A,A,H,-,C,A,0,NA,NA,NA,NA,Y,NA,A,01,0,0,1,0,0,0,0,0,0,-,-,NA,NA,RIVERSIDE,INDIO,-116.21656799316406,33.73879623413086