CASE_ID,ACCIDENT_YEAR,PROC_DATE,JURIS,COLLISION_DATE,COLLISION_TIME,OFFICER_ID,REPORTING_DISTRICT,DAY_OF_WEEK,CHP_SHIFT,POPULATION,CNTY_CITY_LOC,SPECIAL_COND,BEAT_TYPE,CHP_BEAT_TYPE,CITY_DIVISION_LAPD,CHP_BEAT_CLASS,BEAT_NUMBER,PRIMARY_RD,SECONDARY_RD,DISTANCE,DIRECTION,INTERSECTION,WEATHER_1,WEATHER_2,STATE_HWY_IND,CALTRANS_COUNTY,CALTRANS_DISTRICT,STATE_ROUTE,ROUTE_SUFFIX,POSTMILE_PREFIX,POSTMILE,LOCATION_TYPE,RAMP_INTERSECTION,SIDE_OF_HWY,TOW_AWAY,COLLISION_SEVERITY,NUMBER_KILLED,NUMBER_INJURED,PARTY_COUNT,PRIMARY_COLL_FACTOR,PCF_CODE_OF_VIOL,PCF_VIOL_CATEGORY,PCF_VIOLATION,PCF_VIOL_SUBSECTION,HIT_AND_RUN,TYPE_OF_COLLISION,MVIW,PED_ACTION,ROAD_SURFACE,ROAD_COND_1,ROAD_COND_2,LIGHTING,CONTROL_DEVICE,CHP_ROAD_TYPE,PEDESTRIAN_ACCIDENT,BICYCLE_ACCIDENT,MOTORCYCLE_ACCIDENT,TRUCK_ACCIDENT,NOT_PRIVATE_PROPERTY,ALCOHOL_INVOLVED,STWD_VEHTYPE_AT_FAULT,CHP_VEHTYPE_AT_FAULT,COUNT_SEVERE_INJ,COUNT_VISIBLE_INJ,COUNT_COMPLAINT_PAIN,COUNT_PED_KILLED,COUNT_PED_INJURED,COUNT_BICYCLIST_KILLED,COUNT_BICYCLIST_INJURED,COUNT_MC_KILLED,COUNT_MC_INJURED,PRIMARY_RAMP,SECONDARY_RAMP,LATITUDE,LONGITUDE,COUNTY,CITY,POINT_X,POINT_Y
8888130,2019,2019-07-16,3313,2019-06-21,2052,1637,5,5,5,7,3313,0,0,0,NA,0,M16,CREST AV,YELLOW BRICK RD,140,N,N,A,-,N,NA,NA,NA,NA,NA,NA,NA,NA,NA,NA,2,0,1,2,A,-,03,22350,NA,N,B,G,A,A,H,-,C,D,0,NA,Y,NA,NA,Y,Y,L,04,1,0,0,0,0,0,1,0,0,-,-,33.93967819213867,-117.47357940673828,RIVERSIDE,RIVERSIDE,-117.4733657836914,33.94017028808594
8888142,2019,2019-07-09,3313,2019-06-01,1842,1876,1,6,5,7,3313,0,0,0,NA,0,3R16,HOUGHTON AV,PINE ST,90,W,N,A,-,N,NA,NA,NA,NA,NA,NA,NA,NA,NA,Y,3,0,1,2,A,-,08,22107,NA,M,C,E,A,A,H,-,A,D,0,NA,NA,NA,NA,Y,NA,A,01,0,1,0,0,0,0,0,0,0,-,-,33.99359893798828,-117.37734222412108,RIVERSIDE,RIVERSIDE,-117.37763214111328,33.99366760253906
8888332,2019,2019-07-09,3313,2019-03-08,0959,1222,2,5,5,7,3313,0,0,0,NA,0,M36,ATLANTA AV,SPRUCE ST,0,NA,Y,B,-,N,NA,NA,NA,NA,NA,NA,NA,NA,NA,Y,2,0,2,2,A,-,09,21801,A,N,A,C,A,A,H,-,A,A,0,NA,NA,NA,NA,Y,NA,A,01,1,1,0,0,0,0,0,0,0,-,-,NA,NA,RIVERSIDE,RIVERSIDE,-117.34420013427734,33.99024963378906
8888985,2019,2019-07-09,3309,2019-05-30,1330,180,3309,4,5,4,3309,0,0,0,NA,0,005,JACKSON ST,RT 110,0,NA,Y,A,-,N,NA,NA,NA,NA,NA,NA,NA,NA,NA,N,4,0,3,2,A,-,09,21801,A,N,A,C,A,A,G,-,A,A,0,NA,NA,NA,NA,Y,NA,A,01,0,0,3,0,0,0,0,0,0,-,-,NA,NA,RIVERSIDE,INDIO,NA,NA
8889851,2019,2019-07-05,3313,2019-04-19,1730,1783,1,5,5,7,3313,0,0,0,NA,0,T40,LINDEN ST,CRANFORD AV,0,NA,Y,A,-,N,NA,NA,NA,NA,NA,NA,NA,NA,NA,NA,4,0,1,2,A,-,09,21802,A,N,B,C,A,A,H,-,A,A,0,NA,NA,NA,NA,Y,NA,A,01,0,0,1,0,0,0,0,0,0,-,-,33.97943878173828,-117.34442901611328,RIVERSIDE,RIVERSIDE,-117.34420013427734,33.97935104370117
8889973,2019,2019-07-05,3313,2019-05-13,1445,1971,2,1,5,7,3313,0,0,0,NA,0,3R20,IOWA AV,COLUMBIA AV,0,NA,Y,A,-,N,NA,NA,NA,NA,NA,NA,NA,NA,NA,Y,4,0,1,2,A,-,12,21453,A,N,D,C,A,A,H,-,A,A,0,NA,NA,NA,NA,Y,NA,A,01,0,0,1,0,0,0,0,0,0,-,-,33.999549865722656,-117.33917236328124,RIVERSIDE,RIVERSIDE,-117.33981323242188,34.00115966796875
8889994,2019,2019-07-08,3313,2019-04-20,1923,1814,4,6,5,7,3313,0,0,0,NA,0,3R44,ARLINGTON AV,TEXAS AV,570,W,N,A,-,N,NA,NA,NA,NA,NA,NA,NA,NA,NA,N,3,0,2,2,A,-,08,22107,NA,N,D,C,A,A,H,-,B,D,0,NA,NA,NA,NA,Y,NA,A,01,0,2,0,0,0,0,0,0,0,-,-,33.94585037231445,-117.43879699707033,RIVERSIDE,RIVERSIDE,-117.44082641601563,33.94590377807617
8890005,2019,2019-07-30,3313,2019-06-13,1256,1783,4,4,5,7,3313,0,0,0,NA,0,T40,ADAMS ST,INDIANA AV,145,N,N,A,-,N,NA,NA,NA,NA,NA,NA,NA,NA,NA,Y,4,0,1,2,A,-,12,21453,A,N,B,C,A,A,H,-,A,A,0,NA,NA,NA,NA,Y,NA,-,-,0,0,1,0,0,0,0,0,0,-,-,33.92586135864258,-117.41959381103516,RIVERSIDE,RIVERSIDE,-117.41948699951172,33.927101135253906
8890798,2019,2019-07-15,3315,2019-06-25,1022,001226,9B,2,5,6,3315,0,0,0,NA,0,NA,PROMENADE AV,AVONDALE DR,0,NA,Y,A,-,N,NA,NA,NA,NA,NA,NA,NA,NA,NA,Y,3,0,2,2,A,-,09,21802,A,N,D,C,A,A,H,-,A,A,0,NA,NA,NA,NA,Y,NA,A,01,0,1,1,0,0,0,0,0,0,-,-,33.88908004760742,-117.53106689453124,RIVERSIDE,CORONA,-117.53099822998048,33.88909149169922
8890905,2019,2020-09-18,3300,2019-05-15,1658,4024,905L,3,5,4,3307,0,0,0,NA,0,093,RIVERSIDE DR,GRAND AV,0,NA,Y,A,-,Y,RIV,8,74,-,-,12.453,I,5,W,Y,2,0,3,2,A,-,09,21802,A,N,D,C,A,A,H,-,A,A,0,NA,NA,NA,NA,Y,NA,A,01,2,0,1,0,0,0,0,0,0,-,-,NA,NA,RIVERSIDE,LAKE ELSINORE,-117.38414001464844,33.66410827636719
8892659,2019,2019-08-19,3300,2019-07-01,1431,3602,001A,1,5,6,3345,0,0,0,NA,0,010,WILSON ST,FLEETWOOD DR,25,E,N,A,-,N,NA,NA,NA,NA,NA,NA,NA,NA,NA,N,4,0,1,3,A,-,08,22107,NA,N,D,C,A,A,H,-,A,A,0,NA,NA,NA,NA,Y,NA,A,07,0,0,1,0,0,0,0,0,0,-,-,34.0190315246582,-117.37689208984376,RIVERSIDE,JURUPA VALLEY,-117.37689971923828,34.01934814453125
8893228,2019,2019-08-15,3311,2019-07-05,0344,15375,NA,5,5,4,3311,0,0,0,NA,0,006,CROSSLEY RD,DINAH SHORE DR,0,NA,Y,A,-,N,NA,NA,NA,NA,NA,NA,NA,NA,NA,Y,4,0,3,2,A,-,12,21453,A,N,D,C,A,A,H,-,C,A,0,NA,NA,NA,NA,Y,NA,A,01,0,0,3,0,0,0,0,0,0,-,-,33.80855178833008,-116.48416900634766,RIVERSIDE,PALM SPRINGS,-116.4842529296875,33.80854034423828
8893742,2019,2020-01-30,3308,2019-06-22,2133,10741,515,6,5,5,3308,0,0,0,NA,0,SOUTH,FLORIDA AV,KIRBY ST,641,W,N,A,-,Y,RIV,8,79,-,-,38.87,H,-,N,N,4,0,2,3,A,-,03,22350,NA,N,C,C,D,A,H,-,C,A,0,Y,NA,NA,NA,Y,NA,E,22,0,0,2,0,0,0,0,0,0,-,-,33.74755859375,-116.99784088134766,RIVERSIDE,HEMET,-116.98423004150392,33.90558624267578
8894535,2019,2019-11-16,3313,2019-07-02,1102,1389,5,2,5,7,3313,0,0,0,NA,0,T53,INDIANA AV,MYERS ST,195,E,N,A,-,N,NA,NA,NA,NA,NA,NA,NA,NA,NA,Y,3,0,1,2,A,-,01,23152,F,N,C,C,A,A,H,-,A,A,0,NA,NA,NA,NA,Y,NA,D,22,0,1,0,0,0,0,0,0,0,-,-,33.91205978393555,-117.44532012939452,RIVERSIDE,RIVERSIDE,-117.44457244873048,33.9123420715332
8895060,2019,2019-07-18,3300,2019-06-26,2100,N6217,38H1,3,5,4,3318,0,0,0,NA,0,T38,COUNTRY CLUB DR,COOK ST,0,NA,Y,A,-,N,NA,NA,NA,NA,NA,NA,NA,NA,NA,Y,4,0,3,3,A,-,09,21453,C,N,D,C,A,A,H,-,C,A,0,NA,NA,NA,NA,Y,NA,A,01,0,0,3,0,0,0,0,0,0,-,-,NA,NA,RIVERSIDE,PALM DESERT,-116.35633850097656,33.75811004638672
8895439,2019,2019-07-15,3325,2019-05-30,0200,2403,NA,4,5,4,3325,0,0,0,NA,0,003,LANDAU BL,VISTA CHINO,133,S,N,A,-,N,NA,NA,NA,NA,NA,NA,NA,NA,NA,Y,3,0,1,1,A,-,03,22350,A,N,A,I,A,A,H,-,C,A,0,NA,NA,NA,NA,Y,NA,A,01,0,1,0,0,0,0,0,0,0,-,-,NA,NA,RIVERSIDE,CATHEDRAL CITY,-116.4758758544922,33.844566345214844
8895950,2019,2019-07-19,3308,2019-05-27,1838,10514,573,1,5,5,3308,0,0,0,NA,0,SOUTH,DOMENIGONI PKWY,WARREN RD,3412,W,N,A,-,N,NA,NA,NA,NA,NA,NA,NA,NA,NA,Y,4,0,2,3,A,-,08,22107,NA,N,C,E,E,A,H,-,A,D,0,Y,NA,NA,NA,Y,NA,D,22,0,0,2,0,1,0,0,0,0,-,-,NA,NA,RIVERSIDE,HEMET,-117.04261779785156,33.69879150390625
8895958,2019,2019-07-24,3308,2019-06-06,1339,10610,516,4,5,5,3308,0,0,0,NA,0,SOUTH,PALM AV,FLORIDA AV,297,S,N,A,-,N,NA,NA,74,NA,NA,NA,NA,NA,NA,N,3,0,1,2,B,-,22,NA,NA,N,G,E,E,A,H,-,A,A,0,Y,NA,NA,NA,Y,NA,N,60,0,1,0,0,1,0,0,0,0,-,-,33.74755859375,-116.98046875,RIVERSIDE,HEMET,-116.98046875,33.74754333496094
8896213,2019,2020-01-30,3308,2019-06-18,1617,10743,515,2,5,5,3308,0,0,0,NA,0,SOUTH,FLORIDA AV,GILMORE ST,58,W,N,A,-,Y,RIV,8,74,-,-,39.23,H,-,E,Y,4,0,1,2,A,-,03,22350,NA,N,C,C,A,A,H,-,A,A,0,NA,NA,NA,NA,Y,NA,A,01,0,0,1,0,0,0,0,0,0,-,-,33.74753952026367,-116.99352264404295,RIVERSIDE,HEMET,-116.99359893798828,33.74737548828125
8899432,2019,2019-11-16,3313,2019-07-16,1145,1523,4,2,5,7,3313,0,0,0,NA,0,M22,VAN BUREN BL,VICTORIA AV,231,S,N,A,-,N,NA,NA,NA,NA,NA,NA,NA,NA,NA,N,4,0,1,2,A,-,03,22350,NA,N,C,C,A,A,H,-,A,A,0,NA,NA,NA,NA,Y,NA,E,22,0,0,1,0,0,0,0,0,0,-,-,33.90475845336914,-117.43366241455078,RIVERSIDE,RIVERSIDE,-117.43344116210938,33.90427017211914
8900111,2019,2019-08-02,3311,2019-07-05,0306,15931,NA,5,5,4,3311,0,0,0,NA,0,005,WARM SANDS DR,WARM SANDS DR 555,162,W,N,A,-,N,NA,NA,NA,NA,NA,NA,NA,NA,NA,Y,3,0,1,2,A,-,01,23152,A,N,C,E,A,A,H,-,C,D,0,NA,NA,NA,NA,Y,Y,A,01,0,1,0,0,0,0,0,0,0,-,-,33.81296157836914,-116.53629302978516,RIVERSIDE,PALM SPRINGS,NA,NA
8900284,2019,2019-07-26,3308,2019-06-16,1747,10620,516,7,5,5,3308,0,0,0,NA,0,NORTH,LATHAM AV,LAS LUNAS ST,92,W,N,A,-,N,NA,NA,NA,NA,NA,NA,NA,NA,NA,Y,4,0,1,1,A,-,03,22350,NA,N,E,J,A,A,H,-,A,D,0,NA,NA,NA,NA,Y,Y,A,01,0,0,1,0,0,0,0,0,0,-,-,33.74930953979492,-116.97718048095705,RIVERSIDE,HEMET,-116.97740173339844,33.74931716918945
8900473,2019,2019-07-29,3309,2019-06-28,2224,162,3309,5,5,4,3309,0,0,0,NA,0,003,JACKSON ST,CIVIC CTR,0,NA,Y,A,-,N,NA,NA,NA,NA,NA,NA,NA,NA,NA,Y,4,0,1,2,A,-,01,23152,A,M,A,C,A,A,H,-,C,A,0,NA,NA,NA,Y,Y,Y,F,21,0,0,1,0,0,0,0,0,0,-,-,NA,NA,RIVERSIDE,INDIO,-116.21617126464844,33.718650817871094
8902563,2019,2019-07-26,3309,2019-06-20,1645,180,3309,4,5,4,3309,0,0,0,NA,0,005,JEFFERSON ST,AVE 42,0,NA,Y,G,-,N,NA,NA,NA,NA,NA,NA,NA,NA,NA,N,3,0,3,2,A,-,17,22109,NA,N,C,C,A,A,H,-,A,A,0,NA,NA,NA,NA,Y,NA,A,01,0,1,2,0,0,0,0,0,0,-,-,NA,NA,RIVERSIDE,INDIO,-116.26487731933594,33.74094009399414
8903436,2019,2019-07-30,3306,2019-04-01,0734,134,3306,1,5,3,3306,0,0,0,NA,0,NA,PIERSON BL,LITTLE MORONGO RD,1815,W,N,A,-,N,NA,NA,NA,NA,NA,NA,NA,NA,NA,Y,3,0,2,3,A,-,03,22350,NA,N,C,C,A,A,H,-,A,D,0,NA,NA,NA,NA,Y,NA,A,01,0,2,0,0,0,0,0,0,0,-,-,NA,NA,RIVERSIDE,DESERT HOT SPRINGS,-116.53363037109376,33.96147155761719
8903483,2019,2019-07-31,3300,2019-06-07,2225,4900,002,5,5,6,3345,0,0,0,NA,0,024,JURUPA RD,AGATE ST,426,W,N,A,-,N,NA,NA,NA,NA,NA,NA,NA,NA,NA,N,4,0,1,2,A,-,03,22350,NA,N,C,C,A,A,H,-,C,D,0,NA,NA,NA,NA,Y,NA,A,01,0,0,1,0,0,0,0,0,0,-,-,NA,NA,RIVERSIDE,JURUPA VALLEY,-117.47241973876952,34.000179290771484
8903949,2019,2019-08-01,3342,2019-05-14,1552,1115,617,2,5,4,3342,0,0,0,NA,0,006,WRANGLER DR,SMOKEWOOD DR,250,N,N,A,-,N,NA,NA,NA,NA,NA,NA,NA,NA,NA,N,4,0,1,2,A,-,08,22103,NA,N,D,C,A,A,H,-,A,D,0,NA,NA,Y,NA,Y,NA,C,03,0,0,1,0,0,0,0,0,1,-,-,33.57360076904297,-117.15242767333984,RIVERSIDE,MURRIETA,-117.1524658203125,33.57426452636719
8904498,2019,2019-09-26,3315,2019-06-14,2015,11119,114,5,5,6,3315,0,0,0,NA,0,002,PROMENADE AV,MCKINLEY ST,0,NA,Y,A,-,N,NA,NA,NA,NA,NA,NA,NA,NA,NA,Y,4,0,1,2,B,-,22,NA,NA,N,A,C,A,A,H,-,B,A,0,NA,NA,NA,NA,Y,NA,J,48,0,0,1,0,0,0,0,0,0,-,-,33.89112854003906,-117.5218505859375,RIVERSIDE,CORONA,-117.5219497680664,33.891231536865234
8908170,2019,2019-08-02,3315,2019-07-10,0636,002504,8B,3,5,6,3315,0,0,0,NA,0,004,SERFAS CLUB DR,PALISADES DR,0,NA,Y,A,-,N,NA,NA,NA,NA,NA,NA,NA,NA,NA,Y,4,0,1,1,A,-,08,22107,NA,N,E,I,A,A,H,-,A,A,0,NA,NA,NA,NA,Y,NA,A,01,0,0,1,0,0,0,0,0,0,-,-,NA,NA,RIVERSIDE,CORONA,-117.61609649658205,33.87535858154297
8909362,2019,2019-08-09,3300,2019-07-20,1302,4243,34C3,6,5,4,3318,0,0,0,NA,0,T-34,WASHINGTON ST,COUNTRY CLUB DR,118,N,N,A,-,N,NA,NA,NA,NA,NA,NA,NA,NA,NA,Y,3,0,1,2,A,-,08,22107,NA,N,C,C,A,A,H,-,A,A,0,NA,NA,NA,NA,Y,NA,A,01,0,1,0,0,0,0,0,0,0,-,-,NA,NA,RIVERSIDE,PALM DESERT,-116.30252075195313,33.75807571411133
8910740,2019,2019-09-16,3308,2019-07-24,0935,10610,546,3,5,5,3308,0,0,0,NA,0,SOUTH,STETSON AV,SAPPHIRE PL,0,NA,Y,A,-,N,NA,NA,NA,NA,NA,NA,NA,NA,NA,Y,3,0,1,2,A,-,06,21755,NA,N,D,C,A,A,H,-,A,A,0,NA,NA,NA,Y,Y,NA,A,07,0,1,0,0,0,0,0,0,0,-,-,33.7294807434082,-116.9742431640625,RIVERSIDE,HEMET,-116.97415924072266,33.72938919067383
8911079,2020,2022-07-05,3313,2020-04-06,0943,1978,3,1,5,7,3313,0,0,0,NA,0,T75,CAMPUS PKWY,DAY ST,0,NA,Y,B,C,N,NA,NA,NA,NA,NA,NA,NA,NA,NA,Y,1,1,1,2,A,-,12,21453,A,N,D,C,A,B,H,-,A,A,0,NA,NA,NA,NA,Y,NA,A,01,0,0,1,0,0,0,0,0,0,-,-,33.937599182128906,-117.27887725830078,RIVERSIDE,RIVERSIDE,-117.27895355224608,33.937591552734375
8911148,2020,2020-06-09,3311,2020-04-14,1605,15842,NA,2,5,4,3311,0,0,0,NA,0,004,GENE AUTRY TRL,VIA ESCUELA,22,S,N,A,-,N,NA,NA,NA,NA,NA,NA,NA,NA,NA,Y,1,1,0,2,A,-,09,21453,B,N,D,G,A,A,H,-,A,A,0,NA,Y,NA,Y,Y,NA,L,04,0,0,0,0,0,1,0,0,0,-,-,33.84798812866211,-116.5060577392578,RIVERSIDE,PALM SPRINGS,-116.5058822631836,33.84844970703125
8911216,2020,2022-06-11,3300,2020-04-05,0421,3536,604D1,7,5,6,3394,0,0,0,NA,0,MV46,REDLANDS BL,DRACAEA AV,302,N,N,A,-,N,NA,NA,NA,NA,NA,NA,NA,NA,NA,N,1,1,0,2,A,-,11,21954,A,N,G,B,E,A,H,-,D,D,0,Y,NA,NA,NA,Y,Y,N,60,0,0,0,1,0,0,0,0,0,-,-,33.927581787109375,-117.15660095214844,RIVERSIDE,MORENO VALLEY,-117.15673065185548,33.9290885925293
8911389,2020,2020-08-07,3313,2020-07-06,2225,1863,4,1,5,7,3313,0,0,0,NA,0,3R40,MAGNOLIA AV,SHERMAN DR,325,W,N,A,-,N,NA,NA,NA,NA,NA,NA,NA,NA,NA,Y,1,1,2,2,A,-,11,21950,B,N,G,B,D,A,H,-,C,D,0,Y,NA,Y,NA,Y,NA,N,60,2,0,0,1,0,0,0,0,2,-,-,33.92544174194336,-117.4367218017578,RIVERSIDE,RIVERSIDE,-117.43724060058594,33.925716400146484
8911587,2020,2020-09-22,3308,2020-05-12,2016,10597,295,2,5,5,3308,0,0,0,NA,0,NORTH,KIRBY ST,FRUITVALE AV,192,S,N,A,-,N,NA,NA,NA,NA,NA,NA,NA,NA,NA,Y,1,1,1,1,A,-,08,22107,NA,N,E,I,A,A,H,-,C,A,0,NA,NA,NA,NA,Y,NA,A,01,0,1,0,0,0,0,0,0,0,-,-,33.76203155517578,-116.99787139892578,RIVERSIDE,HEMET,-116.99793243408205,33.7613639831543
8911744,2019,2020-10-28,3300,2019-12-18,1719,5323,22E4,3,5,3,3317,0,0,0,NA,0,022,RT 111,FRANK SINATRA DR,40,S,N,A,-,N,NA,NA,NA,NA,NA,NA,NA,NA,NA,Y,1,1,0,2,A,-,11,21954,A,N,G,B,D,A,H,-,C,A,0,Y,NA,NA,NA,Y,Y,N,60,0,0,0,1,0,0,0,0,0,-,-,33.772361755371094,-116.44731903076172,RIVERSIDE,RANCHO MIRAGE,-116.4473114013672,33.77223587036133
8911964,2020,2022-06-13,3311,2020-12-10,1831,15690,NA,4,5,4,3311,0,0,0,NA,0,001,INDIAN CANYON DR N,GARNET AV,639,S,N,A,G,N,NA,NA,NA,NA,NA,NA,NA,NA,NA,Y,1,1,0,2,A,-,11,21956,A,N,G,B,E,A,H,-,D,D,0,Y,NA,NA,NA,Y,Y,N,60,0,0,0,1,0,0,0,0,0,-,-,33.90224075317383,-116.5451431274414,RIVERSIDE,PALM SPRINGS,-116.54540252685548,33.90058135986328
8912440,2019,2019-08-19,3309,2019-07-16,1834,443,3309,2,5,4,3309,0,0,0,NA,0,003,AVE 48,VAN BUREN ST,0,NA,Y,A,-,N,NA,NA,NA,NA,NA,NA,NA,NA,NA,N,3,0,2,2,A,-,09,21802,A,N,D,C,A,A,H,-,A,A,0,NA,NA,NA,NA,Y,NA,D,22,0,1,1,0,0,0,0,0,0,-,-,NA,NA,RIVERSIDE,INDIO,-116.1990203857422,33.70038986206055
8913056,2019,2019-08-07,3313,2019-07-12,1015,1073,5,5,5,7,3313,0,0,0,NA,0,M31,MAGNOLIA AV,GOLDEN AV,9,E,N,A,-,N,NA,NA,NA,NA,NA,NA,NA,NA,NA,Y,3,0,1,2,A,-,08,22107,NA,N,B,C,A,A,H,-,A,A,0,NA,NA,NA,NA,Y,NA,A,01,0,1,0,0,0,0,0,0,0,-,-,33.900428771972656,-117.48065185546876,RIVERSIDE,RIVERSIDE,-117.48099517822266,33.90089416503906
8913930,2019,2019-08-13,3300,2019-07-25,1913,5372,Y83,4,5,3,3305,0,0,0,NA,0,0A1,AVE 50,CESAR CHAVEZ ST,0,NA,Y,A,-,N,NA,NA,NA,NA,NA,NA,NA,NA,NA,Y,3,0,3,2,A,-,12,21453,A,N,D,C,A,A,H,-,A,A,0,NA,NA,NA,NA,Y,NA,D,22,0,2,1,0,0,0,0,0,0,-,-,NA,NA,RIVERSIDE,COACHELLA,-116.18162,33.68545
8913946,2019,2019-08-19,3300,2019-07-25,1645,N4187,916D,4,5,4,3312,0,0,0,NA,0,035,GOETZ RD,MALBERT ST,436,N,N,A,-,N,NA,NA,NA,NA,NA,NA,NA,NA,NA,Y,4,0,2,3,A,-,03,22350,NA,N,C,C,A,A,H,-,A,D,0,NA,NA,NA,Y,Y,NA,F,27,0,0,2,0,0,0,0,0,0,-,-,33.76662063598633,-117.22374725341795,RIVERSIDE,PERRIS,-117.2236328125,33.76781463623047
8915057,2019,2019-08-19,3300,2019-07-07,2055,3536,601D5,7,5,6,3394,0,0,0,NA,0,MV14,PIGEON PASS RD,SUNNYMEAD BL,345,N,N,A,-,N,NA,NA,NA,NA,NA,NA,NA,NA,NA,Y,4,0,1,2,A,-,01,23152,A,N,B,C,A,A,H,-,C,D,0,NA,NA,NA,NA,Y,Y,A,01,0,0,1,0,0,0,0,0,0,-,-,NA,NA,RIVERSIDE,MORENO VALLEY,-117.26145935058594,33.940643310546875
8915783,2019,2019-08-13,3300,2019-07-21,1655,4713,910,7,5,5,3335,0,0,0,NA,0,00E,WINCHESTER RD,JEFFERSON AV,0,NA,Y,A,-,N,NA,NA,NA,NA,NA,NA,NA,NA,NA,N,4,0,1,2,A,-,07,21658,A,N,B,C,A,A,H,-,A,A,0,NA,NA,NA,NA,Y,NA,A,01,0,0,1,0,0,0,0,0,0,-,-,NA,NA,RIVERSIDE,TEMECULA,-117.16507720947266,33.52090072631836
8918888,2019,2019-08-19,3309,2019-07-27,2104,379,DESER,6,5,4,3309,0,0,0,NA,0,004,CLINTON ST,GRANADA ST,0,NA,Y,A,-,N,NA,NA,NA,NA,NA,NA,NA,NA,NA,Y,4,0,2,2,A,-,09,21801,A,N,D,C,A,A,H,-,C,A,0,NA,NA,NA,NA,Y,NA,A,01,0,0,2,0,0,0,0,0,0,-,-,NA,NA,RIVERSIDE,INDIO,-116.24263763427734,33.70957946777344
8918892,2019,2019-08-19,3309,2019-07-17,1635,283,2209,3,5,4,3309,0,0,0,NA,0,004,RT 111,GRANADA DR,377,W,N,A,-,N,NA,NA,NA,NA,NA,NA,NA,NA,NA,N,3,0,1,2,A,-,10,21952,NA,N,G,B,F,A,H,-,A,D,0,Y,NA,NA,NA,Y,NA,-,NA,0,1,0,0,1,0,0,0,0,-,-,NA,NA,RIVERSIDE,INDIO,-116.23989105224608,33.70940017700195
8920568,2019,2019-10-18,3313,2019-08-06,1541,1202,1,2,5,7,3313,0,0,0,NA,0,M30,MISSION INN AV,LOCUST ST,0,NA,Y,A,-,N,NA,NA,NA,NA,NA,NA,NA,NA,NA,Y,4,0,1,2,A,-,03,22350,NA,N,C,C,A,A,H,-,A,A,0,NA,NA,NA,NA,Y,NA,A,01,0,0,1,0,0,0,0,0,0,-,-,33.98569869995117,-117.37973022460938,RIVERSIDE,RIVERSIDE,-117.379638671875,33.985660552978516
8922506,2019,2019-09-10,3342,2019-07-27,1445,898,491,6,5,4,3342,0,0,0,NA,0,00D,CHERRY ST,JEFFERSON AV,260,W,N,A,-,N,NA,NA,NA,NA,NA,NA,NA,NA,NA,Y,4,0,1,2,A,-,03,22350,NA,N,C,C,A,A,H,-,A,A,0,NA,NA,NA,NA,Y,NA,A,01,0,0,1,0,0,0,0,0,0,-,-,33.526981353759766,-117.17237091064452,RIVERSIDE,MURRIETA,-117.17290496826172,33.52651596069336
8923983,2019,2019-12-17,3308,2019-07-09,1713,10636,517,2,5,5,3308,0,0,0,NA,0,SOUTH,FLORIDA AV,TAYLOR ST,83,E,N,A,-,Y,RIV,8,79,-,R,16.737,H,-,S,Y,3,0,2,3,A,-,03,22350,NA,N,C,C,A,A,H,-,A,A,0,NA,NA,NA,NA,Y,NA,A,01,0,1,1,0,0,0,0,0,0,-,-,33.747501373291016,-116.96399688720705,RIVERSIDE,HEMET,-117.0849151611328,33.70825958251953
8924062,2019,2019-10-30,3300,2019-06-25,1749,3673,507B,2,5,5,3341,0,0,0,NA,0,057,NEWPORT RD,RT 215,43,E,N,A,-,Y,RIV,8,215,-,R,18.28,R,4,N,Y,4,0,2,5,C,-,18,NA,NA,N,C,C,A,A,H,-,A,A,0,NA,NA,NA,Y,Y,NA,-,-,0,0,2,0,0,0,0,0,0,-,NF,NA,NA,RIVERSIDE,MENIFEE,-117.17075347900392,33.68165588378906
8924177,2019,2020-01-30,3300,2019-08-12,1819,4649,905L,1,5,4,3307,0,0,0,NA,0,093,GRAND AV,JAMIESON ST,155,N,N,A,-,Y,RIV,8,74,-,-,12.34,H,-,W,Y,3,0,2,2,A,-,08,22107,NA,N,A,C,A,A,H,-,A,D,0,NA,NA,NA,NA,Y,NA,A,07,0,1,1,0,0,0,0,0,0,-,-,33.662479400634766,-117.38249206542967,RIVERSIDE,LAKE ELSINORE,-117.38304901123048,33.66278839111328
8924803,2019,2019-08-27,3300,2019-08-12,1238,3491,910R,1,5,5,3335,0,0,0,NA,0,TE93,WINCHESTER RD,MARGARITA RD,560,W,N,A,-,N,NA,NA,NA,NA,NA,NA,NA,NA,NA,N,3,0,1,2,A,-,05,21650,NA,N,G,G,A,A,H,-,A,D,0,NA,Y,NA,NA,Y,NA,L,04,0,1,0,0,0,0,1,0,0,-,-,NA,NA,RIVERSIDE,TEMECULA,-117.15286254882813,33.5300407409668
8924967,2019,2019-08-30,3300,2019-08-06,1745,3613,508B,2,5,5,3341,0,0,0,NA,0,058,SCOTT RD,HOWARD RD,20,E,N,A,-,N,NA,NA,NA,NA,NA,NA,NA,NA,NA,N,4,0,2,2,A,-,03,22350,NA,M,C,C,A,A,H,-,A,D,0,NA,NA,NA,NA,Y,NA,D,22,0,0,2,0,0,0,0,0,0,-,-,33.641788482666016,-117.17996215820313,RIVERSIDE,MENIFEE,-117.17986297607422,33.64154815673828
8925238,2019,2019-09-09,3313,2019-08-17,1236,1827,5,6,5,7,3313,0,0,0,NA,0,T43,JONES AV,HOLE AV,0,NA,Y,A,-,N,NA,NA,NA,NA,NA,NA,NA,NA,NA,NA,4,0,1,2,A,-,08,22107,NA,N,A,C,A,A,H,-,A,A,0,NA,NA,NA,NA,Y,NA,A,01,0,0,1,0,0,0,0,0,0,-,-,33.917301177978516,-117.47830963134766,RIVERSIDE,RIVERSIDE,-117.47826385498048,33.917518615722656