CASE_ID,ACCIDENT_YEAR,PROC_DATE,JURIS,COLLISION_DATE,COLLISION_TIME,OFFICER_ID,REPORTING_DISTRICT,DAY_OF_WEEK,CHP_SHIFT,POPULATION,CNTY_CITY_LOC,SPECIAL_COND,BEAT_TYPE,CHP_BEAT_TYPE,CITY_DIVISION_LAPD,CHP_BEAT_CLASS,BEAT_NUMBER,PRIMARY_RD,SECONDARY_RD,DISTANCE,DIRECTION,INTERSECTION,WEATHER_1,WEATHER_2,STATE_HWY_IND,CALTRANS_COUNTY,CALTRANS_DISTRICT,STATE_ROUTE,ROUTE_SUFFIX,POSTMILE_PREFIX,POSTMILE,LOCATION_TYPE,RAMP_INTERSECTION,SIDE_OF_HWY,TOW_AWAY,COLLISION_SEVERITY,NUMBER_KILLED,NUMBER_INJURED,PARTY_COUNT,PRIMARY_COLL_FACTOR,PCF_CODE_OF_VIOL,PCF_VIOL_CATEGORY,PCF_VIOLATION,PCF_VIOL_SUBSECTION,HIT_AND_RUN,TYPE_OF_COLLISION,MVIW,PED_ACTION,ROAD_SURFACE,ROAD_COND_1,ROAD_COND_2,LIGHTING,CONTROL_DEVICE,CHP_ROAD_TYPE,PEDESTRIAN_ACCIDENT,BICYCLE_ACCIDENT,MOTORCYCLE_ACCIDENT,TRUCK_ACCIDENT,NOT_PRIVATE_PROPERTY,ALCOHOL_INVOLVED,STWD_VEHTYPE_AT_FAULT,CHP_VEHTYPE_AT_FAULT,COUNT_SEVERE_INJ,COUNT_VISIBLE_INJ,COUNT_COMPLAINT_PAIN,COUNT_PED_KILLED,COUNT_PED_INJURED,COUNT_BICYCLIST_KILLED,COUNT_BICYCLIST_INJURED,COUNT_MC_KILLED,COUNT_MC_INJURED,PRIMARY_RAMP,SECONDARY_RAMP,LATITUDE,LONGITUDE,COUNTY,CITY,POINT_X,POINT_Y
9002502,2019,2020-01-03,3300,2019-12-09,1710,3854,910A,1,5,5,3335,0,0,0,NA,0,062,MARGARITA RD,HARVESTON WY,98,N,N,A,-,N,NA,NA,NA,NA,NA,NA,NA,NA,NA,Y,4,0,1,2,A,-,03,22350,NA,N,C,C,A,A,H,-,C,A,0,NA,NA,NA,NA,Y,NA,A,01,0,0,1,0,0,0,0,0,0,-,-,33.53644943237305,-117.151611328125,RIVERSIDE,TEMECULA,-117.15145874023438,33.53656005859375
9002547,2019,2020-02-07,3300,2019-12-10,1303,5398,NA,2,5,5,3335,0,0,0,NA,0,NA,TEMECULA PKWY,LA PAZ RD,0,NA,Y,A,-,N,NA,NA,NA,NA,NA,NA,NA,NA,NA,N,4,0,2,2,A,-,12,21453,A,N,D,C,A,A,H,-,A,A,0,NA,NA,NA,NA,Y,NA,A,01,0,0,2,0,0,0,0,0,0,-,-,33.47835159301758,-117.1357192993164,RIVERSIDE,TEMECULA,-117.135737,33.478194
90025517,2015,2015-10-19,9840,2015-10-01,0845,014916,9840,4,1,6,3394,0,1,3,NA,2,025,SR-60 W/B,DAY ST.,200,E,N,A,-,Y,NA,NA,60,NA,NA,NA,NA,NA,W,Y,4,0,1,2,A,-,03,22350,NA,N,C,C,A,A,H,-,A,D,0,NA,NA,NA,NA,Y,NA,A,01,0,0,1,0,0,0,0,0,0,-,-,33.94279,-117.27779,RIVERSIDE,MORENO VALLEY,-117.27783176,33.94254157
90025873,2015,2015-10-19,9685,2015-09-25,0720,014267,NA,5,1,9,3300,0,2,4,NA,2,023,SCOTT ROAD,LEON ROAD,38,E,N,A,-,N,NA,NA,NA,NA,NA,NA,NA,NA,NA,Y,3,0,2,4,A,-,03,22350,NA,N,C,C,A,A,H,-,A,A,0,NA,NA,NA,NA,Y,NA,A,07,0,1,1,0,0,0,0,0,0,-,-,33.64174,-117.11935,RIVERSIDE,UNINCORPORATED,-117.11898557,33.64160115
90027190,2015,2015-10-19,9840,2015-09-14,1630,011368,River,1,2,4,3310,0,1,1,NA,2,011,I-15 (S/B),HIDDEN VALLEY,528,N,N,B,-,Y,NA,NA,15,NA,NA,NA,NA,NA,NA,Y,2,0,1,2,A,-,07,21658,A,N,B,C,A,A,H,-,A,D,0,NA,NA,Y,NA,Y,NA,A,01,1,0,0,0,0,0,0,0,1,-,-,33.90257,-117.56045,RIVERSIDE,NORCO,-117.56040788,33.90256759
90028097,2015,2015-10-19,9840,2015-10-03,0935,017169,NA,6,1,6,3315,0,1,3,NA,2,030,SR-91 W/B FROM GREEN RIVER ROAD,GREEN RIVER ROAD,1056,W,N,A,-,Y,NA,NA,91,NA,NA,NA,R,NA,W,Y,4,0,1,2,A,-,03,22350,NA,N,C,C,A,A,D,-,A,A,0,NA,NA,NA,NA,Y,NA,A,01,0,0,1,0,0,0,0,0,0,-,-,33.86929,-117.674,RIVERSIDE,CORONA,-117.674,33.86929
90031010,2015,2015-10-19,9685,2015-10-04,2225,015654,NA,7,3,9,3300,0,1,3,NA,1,026,SR-74,CORTRITE AVE,270,E,N,B,-,Y,NA,NA,74,NA,NA,NA,NA,NA,NA,Y,3,0,1,1,A,-,01,23152,A,N,E,I,A,B,H,-,D,D,0,NA,NA,NA,NA,Y,Y,D,22,0,1,0,0,0,0,0,0,0,-,-,33.73869,-117.08651,RIVERSIDE,UNINCORPORATED,-117.08651337,33.73882159
90031456,2015,2015-10-19,9685,2015-10-05,0740,014349,NA,1,1,9,3300,0,3,5,NA,2,003,LOS ALAMOS ROAD W/B,CRAWFORD CANYON ROAD,2640,E,N,B,-,N,NA,NA,NA,NA,NA,NA,NA,NA,NA,Y,2,0,1,1,A,-,08,22107,NA,N,E,I,A,A,H,-,A,D,0,NA,NA,NA,NA,Y,NA,A,01,1,0,0,0,0,0,0,0,0,-,-,33.59881,-117.13939,RIVERSIDE,UNINCORPORATED,-117.14306887,33.59847444
90032080,2015,2015-10-19,9685,2015-10-10,1640,015757,NA,6,2,5,3335,0,1,1,NA,2,030,I-15 S/B (TEMECULA VALLEY FWY),RANCHO CALIFORNIA RD,700,N,N,A,-,Y,NA,NA,15,NA,NA,NA,NA,NA,S,Y,4,0,1,2,A,-,03,22350,NA,N,C,C,A,A,H,-,A,D,0,NA,NA,NA,NA,Y,NA,A,01,0,0,1,0,0,0,0,0,0,-,-,33.50568,-117.15394,RIVERSIDE,TEMECULA,-117.15383859,33.50572608
90032228,2015,2015-10-19,9685,2015-10-13,1630,014349,NA,2,2,4,3342,0,1,1,NA,2,034,INTERSTATE 215 NORTHBOUND,SCOTT ROAD,1584,S,N,A,-,Y,NA,NA,215,NA,NA,NA,NA,NA,N,Y,3,0,1,2,A,-,07,21658,A,F,F,I,A,A,H,-,A,D,0,NA,NA,NA,NA,Y,NA,A,01,0,1,0,0,0,0,0,0,0,-,-,33.63447,-117.17102,RIVERSIDE,MURRIETA,-117.17104068,33.63446997
90033132,2015,2015-10-19,9655,2015-10-16,0010,019462,NA,5,3,9,3300,0,1,1,NA,2,206,I-10 E/B,HAUGEN-LEHMANN WAY,1362,W,N,C,-,Y,NA,NA,10,NA,NA,NA,NA,NA,E,Y,4,0,1,1,A,-,03,22350,NA,N,E,I,A,B,H,-,D,D,0,NA,NA,NA,Y,Y,NA,G,26,0,0,1,0,0,0,0,0,0,-,-,33.92448,-116.69201,RIVERSIDE,UNINCORPORATED,-116.69207619,33.92411768
90033221,2015,2015-10-19,9840,2015-09-20,2245,015744,NA,7,3,6,3345,0,1,1,NA,2,011,I-15 N/B,RIVERSIDE DR,1500,S,N,A,-,Y,NA,NA,15,NA,NA,NA,NA,NA,N,Y,4,0,1,1,A,-,08,22107,NA,N,E,I,A,A,H,-,C,D,0,NA,NA,NA,NA,Y,NA,A,01,0,0,1,0,0,0,0,0,0,-,-,34.01301,-117.55001,RIVERSIDE,JURUPA VALLEY,-117.55005973,34.01301039
90033400,2015,2015-10-19,9840,2015-09-19,1334,018248,NA,6,1,9,3300,0,3,5,NA,2,004,JUNIPER SPRINGS RD,JUNIPER FLATS RD,2112,W,N,A,-,N,NA,NA,NA,NA,NA,NA,NA,NA,NA,Y,2,0,2,1,A,-,16,24002,A,N,F,A,A,A,H,-,A,D,0,NA,NA,NA,NA,Y,NA,A,07,1,1,0,0,0,0,0,0,0,-,-,33.77224,-117.09176,RIVERSIDE,UNINCORPORATED,-117.08559,33.77221
90034421,2015,2015-10-20,9630,2015-10-09,2245,020445,NA,5,3,9,3300,0,1,3,NA,1,074,SR-74 W/B,VISTA POINT,14256,E,N,A,-,Y,NA,NA,74,NA,NA,NA,NA,NA,W,Y,2,0,1,1,A,-,01,23152,A,N,F,A,A,A,H,-,D,D,0,NA,NA,Y,NA,Y,Y,C,02,1,0,0,0,0,0,0,0,1,-,-,33.65816,-116.39985,RIVERSIDE,UNINCORPORATED,-116.39985014,33.65818062
90036190,2015,2015-10-22,9630,2015-10-12,2310,020445,NA,1,3,9,3300,0,3,5,NA,2,002,MONTEREY AVENUE,I-10 E/B FROM MONTEREY AVENUE,0,NA,Y,A,-,Y,NA,NA,NA,NA,NA,NA,NA,NA,NA,Y,3,0,1,2,A,-,01,23152,A,N,D,C,A,A,H,-,C,A,0,NA,NA,NA,Y,Y,Y,A,01,0,1,0,0,0,0,0,0,0,-,-,33.80549,-116.38799,RIVERSIDE,UNINCORPORATED,NA,NA
90036688,2015,2015-10-22,9840,2015-10-07,1605,013500,NA,3,2,7,3313,0,1,3,NA,2,020,SR-91 (W/B),LA SIERRA AVE.,150,E,N,A,-,Y,NA,NA,91,NA,NA,NA,NA,NA,NA,Y,3,0,1,4,A,-,03,22350,NA,N,C,C,A,A,H,-,A,A,0,NA,NA,Y,NA,Y,NA,C,02,0,1,0,0,0,0,0,0,1,-,-,33.90053,-117.47221,RIVERSIDE,RIVERSIDE,-117.47220996,33.90052985
90040474,2015,2015-11-05,9655,2015-10-19,1900,018336,NA,1,2,9,3300,0,1,3,NA,1,314,STATE ROUTE 74,DARTMOUTH ST,541,E,N,B,-,Y,NA,NA,74,NA,NA,NA,NA,NA,NA,Y,1,1,0,2,A,-,09,21801,A,N,D,C,A,A,H,-,C,D,0,NA,NA,Y,NA,Y,NA,A,07,0,0,0,0,0,0,0,1,0,-,-,33.74775,-116.93545,RIVERSIDE,UNINCORPORATED,-116.93544997,33.74772294
90041960,2015,2015-10-30,9630,2015-10-26,0605,012477,NA,1,1,9,3300,0,1,1,NA,2,302,I-10 E/B,EAGLE MOUNTAIN RD,17952,W,N,A,-,Y,NA,NA,10,NA,NA,NA,NA,NA,E,Y,3,0,3,2,A,-,03,22350,NA,N,C,C,A,A,H,-,B,D,0,NA,NA,NA,NA,Y,NA,A,01,0,1,2,0,0,0,0,0,0,-,-,33.6914,-115.503,RIVERSIDE,UNINCORPORATED,-115.50292606,33.69107173
90042066,2015,2015-11-02,9655,2015-10-24,0925,014421,NA,6,1,3,3302,0,1,1,NA,2,202,I-10 WESTBOUND,BEAUMONT AVE,700,E,N,A,-,Y,NA,NA,10,NA,NA,NA,NA,NA,W,Y,3,0,5,2,A,-,03,22350,NA,N,C,C,A,A,H,-,A,D,0,NA,NA,NA,NA,Y,NA,A,01,0,1,4,0,0,0,0,0,0,-,-,33.92711,-116.97332,RIVERSIDE,BEAUMONT,-116.97332414,33.92717681
90043356,2015,2015-11-03,9655,2015-10-29,2145,016607,NA,4,2,3,3302,0,1,1,NA,2,202,I-10 E/B TO HIGHLAND SPRINGS AVE.,HIGHLAND SPRINGS AVE,110,W,N,A,-,Y,NA,NA,10,NA,NA,NA,R,NA,E,N,4,0,1,2,A,-,03,22350,NA,N,C,C,A,A,H,-,C,A,0,NA,NA,NA,NA,Y,NA,A,01,0,0,1,0,0,0,0,0,0,-,-,33.92645,-116.94734,RIVERSIDE,BEAUMONT,-116.94734,33.92645
90043557,2015,2015-11-03,9655,2015-10-30,1711,019796,NA,5,2,9,3300,0,2,4,NA,2,322,STETSON AVE,SAN JACINTO ST,50,E,N,A,-,N,NA,NA,NA,NA,NA,NA,NA,NA,NA,N,4,0,1,2,A,-,03,22350,NA,N,C,C,A,A,H,-,A,D,0,NA,NA,NA,NA,Y,NA,A,01,0,0,1,0,0,0,0,0,0,-,-,33.72944,-116.95878,RIVERSIDE,UNINCORPORATED,-116.95838632,33.72944668
9004370,2019,2020-06-23,3308,2019-12-11,1511,10610,517,3,5,5,3308,0,0,0,NA,0,NORTH,FLORIDA AV,THOMPSON ST,0,NA,Y,A,-,Y,RIV,8,74,-,-,40.963,I,5,W,Y,3,0,8,4,A,-,03,22350,NA,N,C,C,A,A,H,-,A,A,0,NA,NA,NA,NA,Y,NA,A,01,0,1,7,0,0,0,0,0,0,-,-,33.747501373291016,-116.96520233154295,RIVERSIDE,HEMET,-116.96517181396484,33.74763870239258
90045572,2015,2015-11-05,9685,2015-11-01,0348,17285,NA,7,3,9,3300,0,1,3,NA,1,031,WINCHESTER ROAD,TECHNOLOGY DRIVE,114,N,N,A,-,Y,NA,NA,79,NA,NA,NA,NA,NA,NA,Y,3,0,1,1,A,-,01,23152,A,N,E,I,A,A,H,-,C,D,0,NA,NA,NA,NA,Y,Y,A,01,0,1,0,0,0,0,0,0,0,-,-,33.56099,-117.13846,RIVERSIDE,UNINCORPORATED,-117.13858725,33.56102374
90046753,2015,2015-11-09,9630,2015-11-04,2250,015876,NA,3,3,9,3300,0,3,5,NA,2,002,41ST AVENUE,CARTER LN,163,W,N,A,-,N,NA,NA,NA,NA,NA,NA,NA,NA,NA,Y,4,0,1,1,A,-,03,22350,NA,N,E,J,A,A,H,-,D,D,0,NA,NA,NA,NA,Y,NA,A,01,0,0,1,0,0,0,0,0,0,-,-,33.751220000000004,-116.29122,RIVERSIDE,UNINCORPORATED,-116.29245375,33.75096995
90051217,2015,2015-11-16,9630,2015-11-04,1605,015710,NA,3,2,9,3300,0,3,5,NA,2,005,52ND AVE.,VAN BUREN ST.,1584,W,N,A,-,N,NA,NA,NA,NA,NA,NA,NA,NA,NA,Y,4,0,1,3,A,-,03,22350,NA,N,C,C,A,A,H,-,A,D,0,NA,NA,NA,NA,Y,NA,A,01,0,0,1,0,0,0,0,0,0,-,-,33.6707,-116.2011,RIVERSIDE,UNINCORPORATED,-116.20425262,33.67087
90051261,2015,2015-11-16,9685,2015-11-08,1752,013925,NA,7,2,4,3342,0,1,1,NA,2,030,INTERSTATE 15 NORTHBOUND,CALIFORNIA OAKS ROAD,1500,N,N,A,-,Y,NA,NA,15,NA,NA,NA,NA,NA,N,Y,3,0,1,2,A,-,01,23152,A,N,C,C,A,A,H,-,D,D,0,NA,NA,Y,NA,Y,Y,C,02,0,1,0,0,0,0,0,0,1,-,-,33.57175,-117.21485,RIVERSIDE,MURRIETA,-117.214905,33.57167668
90051893,2015,2015-11-16,9685,2015-11-15,0935,013006,NA,7,1,5,3335,0,1,1,NA,2,030,I-15 NORTHBOUND,SAN DIEGO/RIVERSIDE COUNTY LINE,500,N,N,B,-,Y,NA,NA,NA,NA,NA,NA,NA,NA,NA,Y,4,0,1,1,A,-,08,22107,NA,N,E,I,A,A,H,-,A,D,0,NA,NA,NA,NA,Y,NA,A,01,0,0,1,0,0,0,0,0,0,-,-,NA,NA,RIVERSIDE,TEMECULA,NA,NA
90052213,2015,2015-11-17,9840,2015-10-26,1155,012075,NA,1,1,9,3300,0,3,5,NA,2,004,GAVILAN ROAD,MULTIVIEW DRIVE,1280,N,N,A,-,N,NA,NA,NA,NA,NA,NA,NA,NA,NA,Y,3,0,4,1,A,-,08,22107,NA,N,E,I,A,A,H,-,A,D,0,NA,NA,NA,NA,Y,NA,A,01,0,1,3,0,0,0,0,0,0,-,-,33.82309,-117.35994,RIVERSIDE,UNINCORPORATED,-117.35985011,33.8229849
90053290,2015,2015-11-18,9840,2015-10-29,1730,012608,NA,4,2,4,3344,0,1,1,NA,2,011,I-15 S/B,MISSION BLVD,500,N,N,A,-,Y,NA,NA,15,NA,NA,NA,NA,NA,S,N,4,0,1,2,A,-,03,22350,NA,N,C,C,A,A,H,-,A,D,0,NA,NA,NA,NA,Y,NA,A,01,0,0,1,0,0,0,0,0,0,-,-,34.02966,-117.5504,RIVERSIDE,EASTVALE,-117.55046073,34.02965957
90054866,2015,2015-11-19,9630,2015-11-08,2045,020840,NA,7,2,9,3300,0,1,3,NA,2,086,SR-86 N/B,84TH AVE,0,NA,Y,A,-,Y,NA,NA,NA,NA,NA,NA,NA,NA,NA,Y,3,0,1,2,A,-,09,21804,A,N,D,C,A,A,H,-,D,D,0,NA,NA,NA,Y,Y,NA,G,25,0,1,0,0,0,0,0,0,0,-,-,33.4075,-116.07413,RIVERSIDE,UNINCORPORATED,NA,NA
90057070,2015,2015-11-23,9655,2015-11-16,1645,015795,NA,1,2,9,3300,0,1,3,NA,2,315,SR-79 S/B,STOWE ROAD,25,N,N,B,-,Y,NA,NA,79,NA,NA,NA,NA,NA,S,Y,4,0,2,3,A,-,03,22350,NA,N,C,C,A,A,H,-,B,D,0,NA,NA,NA,NA,Y,NA,A,01,0,0,2,0,0,0,0,0,0,-,-,33.72247,-117.07664,RIVERSIDE,UNINCORPORATED,-117.07643238,33.72246972
90057259,2015,2015-11-23,9840,2015-11-18,1734,014335,NA,3,2,6,3345,0,1,3,NA,2,010,SR-60 WESTBOUND,I-15,1000,E,N,A,-,Y,NA,NA,NA,NA,NA,NA,NA,NA,NA,Y,4,0,1,2,A,-,03,22350,NA,N,C,C,A,A,H,-,C,D,0,NA,NA,NA,NA,Y,NA,A,01,0,0,1,0,0,0,0,0,0,-,-,NA,NA,RIVERSIDE,JURUPA VALLEY,-117.55009,34.02183
90058127,2015,2015-11-24,9840,2015-09-20,1824,019650,NA,7,2,9,3300,0,3,5,NA,2,003,PLUM ST.,TELFORD AVE.,1200,S,N,A,-,N,NA,NA,NA,NA,NA,NA,NA,NA,NA,Y,3,0,1,1,A,-,03,22350,NA,N,E,I,A,A,H,-,A,D,0,NA,NA,NA,NA,Y,NA,A,01,0,1,0,0,0,0,0,0,0,-,-,NA,NA,RIVERSIDE,UNINCORPORATED,-117.30281032,33.72452268
90058231,2015,2015-11-24,9655,2015-11-17,1415,012408,NA,2,2,9,3300,0,3,5,NA,2,003,TRUELSON AVE.,BESSEMER AVE.,9,S,N,A,-,N,NA,NA,NA,NA,NA,NA,NA,NA,NA,Y,4,0,1,1,A,-,08,22107,NA,N,E,I,A,A,H,-,A,D,0,NA,NA,NA,NA,Y,NA,A,01,0,0,1,0,0,0,0,0,0,-,-,33.74026,-117.07291,RIVERSIDE,UNINCORPORATED,-117.07285579,33.7401156
90059021,2015,2015-11-24,9840,2015-11-01,1730,017481,NA,7,2,7,3313,0,1,1,NA,2,022,I-215 S/B,COLUMBIA AVENUE,1000,N,N,A,-,Y,NA,NA,215,NA,NA,NA,NA,NA,S,Y,4,0,4,2,A,-,03,22350,NA,N,C,C,A,A,H,-,C,D,0,NA,NA,NA,NA,Y,NA,A,01,0,0,4,0,0,0,0,0,0,-,-,34.00666,-117.34867,RIVERSIDE,RIVERSIDE,-117.34859292,34.00660848
9005965,2019,2020-02-11,3300,2019-12-17,0900,4363,S20C7,2,5,3,3317,0,0,0,NA,0,M0829,BOB HOPE DR,HIGHWAY 111,12,N,N,A,-,N,NA,NA,NA,NA,NA,NA,NA,NA,NA,N,4,0,1,2,A,-,05,21650,NA,N,D,G,A,A,H,-,A,A,0,NA,Y,NA,NA,Y,NA,L,04,0,0,1,0,0,0,1,0,0,-,-,33.73733901977539,-116.4091567993164,RIVERSIDE,RANCHO MIRAGE,-116.40924072265624,33.73733139038086
90060027,2015,2015-11-25,9655,2015-11-25,1205,014829,NA,3,1,9,3300,0,3,5,NA,2,002,SAGEBRUSH DR.,HAUGEN-LEHMANN WAY,5280,E,N,A,G,N,NA,NA,NA,NA,NA,NA,NA,NA,NA,N,3,0,1,1,B,-,22,NA,NA,N,E,J,A,A,H,-,A,D,0,NA,NA,Y,NA,Y,NA,C,06,0,1,0,0,0,0,0,0,1,-,-,33.92504,-116.68453,RIVERSIDE,UNINCORPORATED,-116.68514,33.92727
90061111,2015,2015-11-30,9840,2015-10-29,1415,017817,NA,4,2,7,3313,0,1,3,NA,2,020,SR-91 W/B,JACKSON ST.,150,W,N,A,-,Y,NA,NA,91,NA,NA,NA,NA,NA,W,N,4,0,1,2,A,-,03,22350,NA,N,C,C,A,A,H,-,A,D,0,NA,NA,NA,NA,Y,NA,A,01,0,0,1,0,0,0,0,0,0,-,-,33.90853,-117.45333,RIVERSIDE,RIVERSIDE,-117.45328617,33.90845259
90064172,2015,2015-12-02,9840,2015-11-27,1425,017399,NA,5,2,4,3344,0,1,3,NA,2,010,SR-60 E/B TO I-15,MILLIKEN AVENUE,1,E,N,A,-,Y,NA,NA,60,NA,NA,NA,R,NA,E,N,4,0,1,3,A,-,03,22350,NA,N,C,C,A,A,H,-,A,D,0,NA,NA,NA,NA,Y,NA,D,22,0,0,1,0,0,0,0,0,0,-,-,34.0238,-117.55846,RIVERSIDE,EASTVALE,-117.55846,34.0238
90064586,2015,2015-12-03,9630,2015-11-22,0820,018451,NA,7,1,9,3300,0,1,3,NA,1,074,SR-74,RANDALL HENDERSON TRAIL,2640,S,N,A,-,Y,NA,NA,74,NA,NA,NA,NA,NA,NA,Y,2,0,1,2,A,-,05,21460,A,N,A,C,A,A,H,-,A,D,0,NA,NA,Y,NA,Y,NA,-,-,1,0,0,0,0,0,0,0,1,-,-,33.65926,-116.39941,RIVERSIDE,UNINCORPORATED,-116.39942555,33.65924201
90066527,2015,2015-12-07,9655,2015-11-26,1745,019440,NA,4,2,9,3300,0,3,5,NA,2,002,OAK GLEN RD,LAKEVIEW CT,150,S,N,A,-,N,NA,NA,NA,NA,NA,NA,NA,NA,NA,Y,4,0,2,2,A,-,09,21804,A,N,D,C,A,A,H,-,D,D,0,NA,NA,NA,NA,Y,NA,D,22,0,0,2,0,0,0,0,0,0,-,-,33.98227,-116.97339,RIVERSIDE,UNINCORPORATED,-116.97339092,33.98232142
90067788,2015,2015-12-08,9655,2015-12-04,1030,018320,NA,5,1,9,3300,0,1,3,NA,1,312,SR-74,SR-79,0,NA,Y,A,-,Y,NA,NA,74,NA,NA,NA,NA,NA,NA,Y,4,0,1,2,A,-,12,21453,A,N,D,C,A,A,H,-,A,A,0,NA,NA,NA,NA,Y,NA,D,22,0,0,1,0,0,0,0,0,0,-,-,33.73906,-117.07643,RIVERSIDE,UNINCORPORATED,-117.07643254,33.73901824
90067885,2015,2015-12-08,9840,2015-11-08,1340,017459,NA,7,1,7,3313,0,1,1,NA,2,022,"I-215, N/B",COLUMBIA AVENUE,150,S,N,A,-,Y,NA,NA,NA,NA,NA,NA,NA,NA,NA,Y,3,0,3,2,A,-,03,22350,NA,N,C,C,A,A,C,-,A,D,0,NA,NA,NA,NA,Y,NA,A,01,0,1,2,0,0,0,0,0,0,-,-,33.87883,-117.65825,RIVERSIDE,RIVERSIDE,-117.35210082,34.00095133
90068410,2015,2015-12-09,9840,2015-11-06,0340,019527,NA,5,3,9,3300,0,3,5,NA,2,001,OLD ELSINORE RD.,RIDER ST,615,S,N,A,-,N,NA,NA,NA,NA,NA,NA,NA,NA,NA,Y,3,0,1,1,A,-,01,23152,A,N,E,I,A,A,H,-,C,D,0,NA,NA,NA,NA,Y,Y,A,01,0,1,0,0,0,0,0,0,0,-,-,33.82898,-117.28542,RIVERSIDE,UNINCORPORATED,-117.28537806,33.82890686
90069021,2015,2015-12-09,9685,2015-11-30,1258,013148,NA,1,1,3,3343,0,1,1,NA,2,030,INTERSTATE 15,CLINTON KEITH ROAD,425,S,N,A,-,Y,NA,NA,15,NA,NA,NA,NA,NA,NA,Y,3,0,1,1,A,-,08,22107,NA,N,E,I,A,A,H,-,A,D,0,NA,NA,NA,NA,Y,NA,D,22,0,1,0,0,0,0,0,0,0,-,-,33.59358,-117.24335,RIVERSIDE,WILDOMAR,-117.24328556,33.59364017
90071192,2015,2015-12-11,9840,2015-11-08,0130,020124,NA,7,3,6,3315,0,1,3,NA,2,031,SR-91 W/B TO MCKINLEY ST. N/B,MCKINLEY ST,290,E,N,A,-,Y,NA,NA,91,NA,NA,NA,R,NA,W,Y,4,0,1,1,A,-,01,23152,A,N,E,I,A,A,H,-,E,D,0,NA,NA,NA,NA,Y,Y,A,07,0,0,1,0,0,0,0,0,0,-,-,33.88717,-117.51732,RIVERSIDE,CORONA,-117.51732,33.88717
90072602,2015,2015-12-14,9655,2015-12-04,0240,020963,NA,5,3,9,3300,0,3,5,NA,2,003,GILMAN SPRINGS RD,ALESSANDRO BLVD,7392,E,N,A,-,N,NA,NA,NA,NA,NA,NA,NA,NA,NA,Y,2,0,3,2,A,-,05,21460,A,N,A,C,A,A,H,-,D,D,0,NA,NA,NA,NA,Y,NA,A,01,1,2,0,0,0,0,0,0,0,-,-,33.90314,-117.08791,RIVERSIDE,UNINCORPORATED,-117.08836212,33.90431365
9007572,2019,2019-12-23,3342,2019-08-19,0807,419,373,1,5,4,3342,0,0,0,NA,0,003,CLINTON KEITH RD,MENIFEE RD,730,W,N,A,-,N,NA,NA,NA,NA,NA,NA,NA,NA,NA,Y,3,0,3,3,A,-,03,22350,NA,N,C,C,A,A,H,-,A,A,0,NA,NA,NA,NA,Y,NA,D,22,0,1,2,0,0,0,0,0,0,-,-,33.59788131713867,-117.1543426513672,RIVERSIDE,MURRIETA,-117.15668487548828,33.597900390625
90076152,2015,2015-12-17,9840,2015-11-21,1356,017481,NA,6,1,9,3300,0,3,5,NA,2,002,HIGHGROVE PLACE,CENTER STREET,75,W,N,A,-,N,NA,NA,NA,NA,NA,NA,NA,NA,NA,Y,4,0,1,1,C,-,18,NA,NA,N,E,I,A,A,H,-,A,D,0,NA,NA,NA,NA,Y,NA,-,-,0,0,1,0,0,0,0,0,0,-,-,NA,NA,RIVERSIDE,UNINCORPORATED,-117.34089,34.01561
90076266,2015,2015-12-17,9840,2015-11-23,1555,012191,9840,1,2,9,3300,0,2,4,NA,2,045,CAJALCO RD.,MEAD ST.,32,E,N,A,-,N,NA,NA,NA,NA,NA,NA,NA,NA,NA,Y,4,0,2,3,A,-,03,22350,NA,N,C,C,A,A,H,-,A,D,0,NA,NA,NA,NA,Y,NA,A,07,0,0,2,0,0,0,0,0,0,-,-,NA,NA,RIVERSIDE,UNINCORPORATED,-117.30063495,33.83708117
90079059,2015,2015-12-21,9655,2015-12-19,0840,017106,NA,6,1,3,3302,0,1,1,NA,2,202,I-10 E/B,BEAUMONT AVE,2000,E,N,A,-,Y,NA,NA,10,NA,NA,NA,NA,NA,E,Y,4,0,3,2,A,-,07,21658,A,N,C,C,A,A,H,-,A,D,0,NA,NA,NA,NA,Y,NA,A,01,0,0,3,0,0,0,0,0,0,-,-,33.92711,-116.96876,RIVERSIDE,BEAUMONT,-116.96876204,33.92716259
90080491,2015,2016-02-05,9685,2015-12-21,1435,013165,NA,1,2,4,3342,0,1,1,NA,2,034,INTERSTATE 215 SOUTHBOUND (S/B),LOS ALAMOS ROAD,1012,N,N,B,-,Y,NA,NA,NA,NA,NA,NA,NA,NA,NA,Y,3,0,3,1,A,-,08,22107,NA,N,E,I,A,A,H,-,A,D,0,NA,NA,NA,NA,Y,NA,A,01,0,3,0,0,0,0,0,0,0,-,-,NA,NA,RIVERSIDE,MURRIETA,-117.18100743,33.57562215
90081036,2015,2015-12-23,9660,2015-12-18,0521,019623,NA,5,3,9,3300,0,1,1,NA,2,030,I-10 E/B,DESERT CENTER RD.,21120,E,N,A,-,Y,NA,NA,10,NA,NA,NA,NA,NA,E,Y,3,0,1,1,A,-,08,22107,NA,N,F,A,A,A,H,-,D,A,0,NA,NA,NA,NA,Y,NA,A,07,0,1,0,0,0,0,0,0,0,-,-,33.70536,-115.34026,RIVERSIDE,UNINCORPORATED,-115.34025376,33.70540856
90081351,2015,2015-12-23,9840,2015-11-26,1920,020124,NA,4,2,6,3315,0,1,3,NA,2,031,SR-91 E/B,MAIN ST,1377,W,N,A,-,Y,NA,NA,91,NA,NA,NA,NA,NA,E,Y,4,0,2,3,A,-,03,22350,NA,N,C,C,A,A,E,-,C,D,0,NA,NA,NA,NA,Y,NA,A,07,0,0,2,0,0,0,0,0,0,-,-,33.88033,-117.56993,RIVERSIDE,CORONA,-117.56991885,33.88043323