CASE_ID,ACCIDENT_YEAR,PROC_DATE,JURIS,COLLISION_DATE,COLLISION_TIME,OFFICER_ID,REPORTING_DISTRICT,DAY_OF_WEEK,CHP_SHIFT,POPULATION,CNTY_CITY_LOC,SPECIAL_COND,BEAT_TYPE,CHP_BEAT_TYPE,CITY_DIVISION_LAPD,CHP_BEAT_CLASS,BEAT_NUMBER,PRIMARY_RD,SECONDARY_RD,DISTANCE,DIRECTION,INTERSECTION,WEATHER_1,WEATHER_2,STATE_HWY_IND,CALTRANS_COUNTY,CALTRANS_DISTRICT,STATE_ROUTE,ROUTE_SUFFIX,POSTMILE_PREFIX,POSTMILE,LOCATION_TYPE,RAMP_INTERSECTION,SIDE_OF_HWY,TOW_AWAY,COLLISION_SEVERITY,NUMBER_KILLED,NUMBER_INJURED,PARTY_COUNT,PRIMARY_COLL_FACTOR,PCF_CODE_OF_VIOL,PCF_VIOL_CATEGORY,PCF_VIOLATION,PCF_VIOL_SUBSECTION,HIT_AND_RUN,TYPE_OF_COLLISION,MVIW,PED_ACTION,ROAD_SURFACE,ROAD_COND_1,ROAD_COND_2,LIGHTING,CONTROL_DEVICE,CHP_ROAD_TYPE,PEDESTRIAN_ACCIDENT,BICYCLE_ACCIDENT,MOTORCYCLE_ACCIDENT,TRUCK_ACCIDENT,NOT_PRIVATE_PROPERTY,ALCOHOL_INVOLVED,STWD_VEHTYPE_AT_FAULT,CHP_VEHTYPE_AT_FAULT,COUNT_SEVERE_INJ,COUNT_VISIBLE_INJ,COUNT_COMPLAINT_PAIN,COUNT_PED_KILLED,COUNT_PED_INJURED,COUNT_BICYCLIST_KILLED,COUNT_BICYCLIST_INJURED,COUNT_MC_KILLED,COUNT_MC_INJURED,PRIMARY_RAMP,SECONDARY_RAMP,LATITUDE,LONGITUDE,COUNTY,CITY,POINT_X,POINT_Y
90081392,2015,2015-12-23,9840,2015-11-27,1600,017169,NA,5,2,6,3315,0,1,3,NA,2,030,SR-91 W/B,GREEN RIVER ROAD,1584,E,N,A,-,Y,NA,NA,91,NA,NA,NA,NA,NA,W,Y,4,0,1,1,A,-,08,22107,NA,N,E,J,A,A,D,-,A,D,0,NA,NA,NA,NA,Y,NA,A,01,0,0,1,0,0,0,0,0,0,-,-,33.88103,-117.65291,RIVERSIDE,CORONA,-117.65283473,33.88072474
90082811,2015,2015-12-28,9840,2015-12-06,1956,018727,NA,7,2,9,3300,0,2,4,NA,2,042,VAN BUREN BLVD,CONSTABLE RD,25,E,N,A,-,N,NA,NA,NA,NA,NA,NA,NA,NA,NA,Y,4,0,1,2,A,-,01,23152,A,N,C,C,A,A,H,-,C,A,0,NA,NA,NA,NA,Y,Y,A,01,0,0,1,0,0,0,0,0,0,-,-,NA,NA,RIVERSIDE,UNINCORPORATED,-117.39757822,33.88098629
90083524,2015,2015-12-28,9840,2015-11-27,1810,019527,NA,5,2,6,3315,0,1,1,NA,2,037,I-15 N/B,TEMESCAL CANYON RD,200,S,N,A,-,Y,NA,NA,NA,NA,NA,NA,NA,NA,NA,Y,4,0,1,2,A,-,03,22350,NA,N,C,C,A,A,H,-,C,D,0,NA,NA,NA,NA,Y,NA,A,01,0,0,1,0,0,0,0,0,0,-,-,33.77508,-117.48609,RIVERSIDE,CORONA,-117.48689064,33.77641229
90086110,2015,2015-12-31,9840,2015-12-01,1955,015957,NA,2,2,9,3300,0,1,3,NA,2,010,NUEVO RD,A ST,0,NA,Y,A,-,N,NA,NA,NA,NA,NA,NA,NA,NA,NA,Y,4,0,1,2,A,-,12,22450,A,N,D,C,A,A,H,-,C,A,0,NA,NA,NA,NA,Y,NA,A,01,0,0,1,0,0,0,0,0,0,-,-,NA,NA,RIVERSIDE,UNINCORPORATED,-117.23483013,33.80103008
90087953,2015,2016-01-05,9840,2015-12-04,1722,019719,NA,5,2,7,3313,0,1,1,NA,2,024,I-215 S/B,EUCALYPTUS AVENUE,1800,N,N,A,-,Y,NA,NA,NA,NA,NA,NA,NA,NA,NA,Y,4,0,2,3,A,-,03,22350,NA,N,B,C,A,A,H,-,C,D,0,NA,NA,NA,NA,Y,NA,A,01,0,0,2,0,0,0,0,0,0,-,-,NA,NA,RIVERSIDE,RIVERSIDE,-117.2892097,33.93285152
90088126,2015,2016-01-05,9840,2015-12-03,1405,019361,NA,4,2,6,3315,0,1,3,NA,2,030,SR-91 W/B,MAPLE STREET,200,E,N,A,-,Y,NA,NA,91,NA,NA,NA,NA,NA,W,Y,4,0,1,1,A,-,08,22107,NA,N,E,J,A,A,D,-,A,D,0,NA,NA,NA,NA,Y,NA,A,01,0,0,1,0,0,0,0,0,0,-,-,33.88039,-117.60377,RIVERSIDE,CORONA,-117.60374207,33.88021347
90091069,2015,2016-01-08,9840,2015-12-12,0205,017882,NA,6,3,7,3313,0,1,3,NA,2,025,SR-60 W/B,DAY ST.,600,W,N,A,-,Y,NA,NA,NA,NA,NA,NA,NA,NA,NA,Y,3,0,1,2,A,-,01,23152,A,N,C,C,A,A,H,-,C,D,0,NA,NA,NA,NA,Y,Y,A,01,0,1,0,0,0,0,0,0,0,-,-,33.92166,-117.41017,RIVERSIDE,RIVERSIDE,-117.2808826,33.94302767
90091248,2016,2016-01-08,9685,2016-01-02,1710,015360,NA,6,2,9,3300,0,1,3,NA,1,039,SAGE ROAD,COTTONWOOD SCHOOL RD.,5280,N,N,A,-,N,NA,NA,NA,NA,NA,NA,NA,NA,NA,Y,2,0,1,1,A,-,08,22107,NA,N,E,A,A,A,H,-,B,D,0,NA,NA,Y,NA,Y,NA,C,02,1,0,0,0,0,0,0,0,1,-,-,33.77455,-117.22375,RIVERSIDE,UNINCORPORATED,-116.90654918,33.49445151
90091519,2015,2016-01-08,9685,2015-12-28,0730,013148,NA,1,1,4,3307,0,1,1,NA,2,010,INTERSTATE 15,CENTRAL AVENUE,2640,S,N,A,-,Y,NA,NA,15,NA,NA,NA,NA,NA,NA,Y,4,0,1,1,A,-,08,22107,NA,N,E,I,A,A,H,-,A,D,0,NA,NA,NA,NA,Y,NA,A,01,0,0,1,0,0,0,0,0,0,-,-,33.68556,-117.33197,RIVERSIDE,LAKE ELSINORE,-117.3318837,33.6856397
9009184,2019,2020-02-13,3300,2019-12-13,1459,N6426,910K,5,5,5,3335,0,0,0,NA,0,064,PAUBA RD,MARGARITA RD,183,W,N,A,-,N,NA,NA,NA,NA,NA,NA,NA,NA,NA,Y,4,0,2,3,A,-,09,21801,A,N,D,C,A,A,H,-,A,D,0,NA,NA,NA,NA,Y,NA,A,07,0,0,2,0,0,0,0,0,0,-,-,33.49766159057617,-117.11611175537108,RIVERSIDE,TEMECULA,-117.11637115478516,33.49769973754883
90092364,2015,2016-01-11,9840,2015-12-01,0740,017037,NA,2,1,6,3315,1,4,S,NA,2,901,RIVER ROAD,LINCOLN AVE,25,W,N,A,-,N,NA,NA,NA,NA,NA,NA,NA,NA,NA,N,4,0,1,2,A,-,08,22107,NA,N,B,C,A,A,H,-,A,A,0,NA,NA,NA,NA,Y,NA,E,22,0,0,1,0,0,0,0,0,0,-,-,33.88951,-117.57491,RIVERSIDE,CORONA,-117.57481901,33.89948499
90093809,2015,2016-01-12,9840,2015-12-09,1224,017037,NA,3,1,7,3313,0,1,3,NA,2,021,SR-91 E/B,ADAMS ST,200,E,N,A,-,Y,NA,NA,91,NA,NA,NA,NA,NA,E,Y,4,0,1,2,A,-,03,22350,NA,N,C,C,A,A,H,-,A,D,0,NA,NA,NA,NA,Y,NA,A,01,0,0,1,0,0,0,0,0,0,-,-,33.92919,-117.41627,RIVERSIDE,RIVERSIDE,-117.41632933,33.92929427
90096348,2015,2016-01-15,9840,2015-11-11,0602,017817,NA,3,1,6,3394,0,1,3,NA,2,025,SR-60 E/B TO PERRIS BLVD.,PERRIS BLVD.,749,W,N,A,-,Y,NA,NA,60,NA,NA,NA,R,NA,E,Y,3,0,1,1,A,-,03,22350,NA,N,E,I,A,A,H,-,B,D,0,NA,NA,NA,NA,Y,NA,A,01,0,1,0,0,0,0,0,0,0,-,-,33.93963,-117.22847,RIVERSIDE,MORENO VALLEY,-117.22847,33.93963
90097584,2015,2016-01-19,9840,2015-12-13,1555,018383,NA,7,2,9,3300,0,1,1,NA,2,022,I 215 S/B,COLUMBIA AVE.,1500,N,N,A,-,Y,NA,NA,NA,NA,NA,NA,NA,NA,NA,N,4,0,1,2,A,-,03,22350,NA,N,C,C,A,A,H,-,A,D,0,NA,NA,NA,NA,Y,NA,A,01,0,0,1,0,0,0,0,0,0,-,-,34.00788,-117.34782,RIVERSIDE,UNINCORPORATED,NA,NA
90097633,2015,2016-01-19,9840,2015-12-22,0530,020220,NA,2,3,6,3315,0,1,3,NA,2,030,SR-91 E/B,GREEN RIVER RD,1000,E,N,B,C,Y,NA,NA,NA,NA,NA,NA,NA,NA,NA,Y,4,0,1,2,A,-,03,22350,NA,N,B,C,A,B,D,-,C,D,0,NA,NA,NA,NA,Y,NA,A,01,0,0,1,0,0,0,0,0,0,-,-,33.88222,-117.68541,RIVERSIDE,CORONA,-117.65479995,33.87988925
90099497,2015,2016-01-21,9840,2015-12-15,0710,016619,NA,2,1,7,3313,0,1,1,NA,2,023,I-215 N/B,UNIVERSITY AVE,300,S,N,A,-,Y,NA,NA,215,NA,NA,NA,NA,NA,N,Y,4,0,1,3,D,-,00,NA,NA,N,B,C,A,A,H,-,A,D,0,NA,NA,NA,NA,Y,NA,-,-,0,0,1,0,0,0,0,0,0,-,-,33.97475,-117.33435,RIVERSIDE,RIVERSIDE,-117.33425472,33.97484893
90101686,2015,2016-01-25,9840,2015-12-17,1725,015957,NA,4,2,6,3345,0,1,3,NA,2,010,SR-60 W/B,VALLEY WAY,3000,E,N,A,-,Y,NA,NA,60,NA,NA,NA,NA,NA,W,N,4,0,2,2,A,-,03,22350,NA,N,C,C,A,A,H,-,D,D,0,NA,NA,NA,NA,Y,NA,A,01,0,0,2,0,0,0,0,0,0,-,-,34.01248,-117.4354,RIVERSIDE,JURUPA VALLEY,-117.43544766,34.01227946
90102047,2016,2016-01-25,9685,2016-01-20,1135,012190,NA,3,1,9,3300,0,1,3,NA,1,031,SR-79 (WINCHESTER RD),KELLER RD,35,N,N,A,-,Y,NA,NA,NA,NA,NA,NA,NA,NA,NA,Y,4,0,1,2,A,-,03,22350,NA,N,C,C,A,A,H,-,A,D,0,NA,NA,NA,NA,Y,NA,A,01,0,0,1,0,0,0,0,0,0,-,-,33.37403,-117.5353,RIVERSIDE,UNINCORPORATED,NA,NA
90102560,2016,2016-01-26,9840,2016-01-16,0142,019874,NA,6,3,7,3313,0,1,1,NA,2,022,I-215 N/B,SR-60,940,N,N,A,-,Y,NA,NA,215,NA,NA,NA,NA,NA,N,Y,3,0,1,2,A,-,01,23152,A,N,D,C,A,A,H,-,C,D,0,NA,NA,NA,NA,Y,Y,A,01,0,1,0,0,0,0,0,0,0,-,-,33.99641,-117.35539,RIVERSIDE,RIVERSIDE,-117.35522772,33.99630315
90102924,2015,2016-01-26,9840,2015-12-22,0605,019219,NA,2,1,6,3345,0,1,3,NA,2,010,SR-60 EASTBOUND,CAMINO REAL,250,E,N,B,C,Y,NA,NA,60,NA,NA,NA,NA,NA,E,Y,4,0,2,3,A,-,08,22107,NA,N,E,I,A,B,H,-,C,D,0,NA,NA,NA,NA,Y,NA,A,01,0,0,2,0,0,0,0,0,0,-,-,34.01373,-117.44803,RIVERSIDE,JURUPA VALLEY,-117.44802873,34.01374138
90103764,2015,2016-01-27,9840,2015-12-23,0525,019361,NA,3,3,7,3313,0,1,1,NA,2,023,I-215 N/B,MARTIN LUTHER KING BOULEVARD,300,N,N,B,-,Y,NA,NA,215,NA,NA,NA,NA,NA,N,Y,4,0,1,4,A,-,03,22350,NA,F,C,C,A,A,H,-,D,D,0,NA,NA,NA,NA,Y,NA,D,22,0,0,1,0,0,0,0,0,0,-,-,33.97003,-117.32961,RIVERSIDE,RIVERSIDE,-117.32955852,33.9700796
90104399,2015,2016-01-28,9840,2015-12-10,2314,019017,NA,4,3,7,3313,0,1,3,NA,2,031,STATE ROUTE 91 EB,MAIN ST,1000,W,N,C,-,Y,NA,NA,NA,NA,NA,NA,NA,NA,NA,Y,4,0,1,2,A,-,03,22350,NA,N,C,C,A,B,D,E,C,D,0,NA,NA,NA,NA,Y,NA,A,01,0,0,1,0,0,0,0,0,0,-,-,33.88035,-117.56981,RIVERSIDE,RIVERSIDE,-117.56908811,33.88031381
90104501,2015,2016-01-28,9840,2015-12-25,2225,019017,NA,5,3,6,3315,0,1,3,NA,2,030,STATE ROUTE 91 WESTBOUND,ORANGE COUNTY LINE,450,E,N,A,-,Y,NA,NA,91,NA,NA,NA,NA,NA,W,N,4,0,2,3,A,-,03,22350,NA,F,C,C,A,A,H,-,C,D,0,NA,NA,NA,NA,Y,NA,-,99,0,0,2,0,0,0,0,0,0,-,-,33.87026,-117.67037,RIVERSIDE,CORONA,-117.67037465,33.87027402
90104607,2015,2016-01-28,9840,2015-11-26,2225,015663,NA,4,3,4,3344,0,1,1,NA,2,011,I-15 S/B,BELLEGRAVE AVE.,250,N,N,B,-,Y,NA,NA,15,NA,NA,NA,NA,NA,S,Y,1,2,0,1,A,-,08,22107,NA,N,E,I,A,B,H,-,D,D,0,NA,NA,NA,NA,Y,NA,A,01,0,0,0,0,0,0,0,0,0,-,-,33.99068,-117.55024,RIVERSIDE,EASTVALE,-117.55023856,33.99068021
9010494,2019,2019-12-27,3342,2019-09-13,1521,898,277,5,5,4,3342,0,0,0,NA,0,00B,CALIFORNIA OAKS RD,JACKSON AV,602,E,N,A,-,N,NA,NA,NA,NA,NA,NA,NA,NA,NA,Y,4,0,3,3,A,-,09,21801,A,M,D,C,A,A,H,-,A,A,0,NA,NA,NA,NA,Y,NA,A,01,0,0,3,0,0,0,0,0,0,-,-,33.57170867919922,-117.20384216308594,RIVERSIDE,MURRIETA,-117.20358276367188,33.572235107421875
90105428,2016,2016-01-29,9685,2016-01-28,0910,014488,NA,4,1,5,3335,0,1,1,NA,2,030,I-15 S/B,SANTIAGO RD O/C,1383,S,N,A,-,Y,NA,NA,15,NA,NA,NA,NA,NA,S,Y,4,0,1,2,A,-,03,22350,NA,N,C,C,A,A,H,-,A,D,0,NA,NA,NA,NA,Y,NA,D,22,0,0,1,0,0,0,0,0,0,-,-,33.48643,-117.14352,RIVERSIDE,TEMECULA,-117.14305188,33.48660296
90106506,2016,2016-02-01,9840,2016-01-03,0010,019017,NA,7,3,9,3300,0,1,1,NA,2,034,MAGNOLIA AVENUE,GRANT STREET,110,W,N,A,-,N,NA,NA,NA,NA,NA,NA,NA,NA,NA,Y,4,0,1,1,A,-,08,22107,NA,N,E,I,A,A,H,-,C,D,0,NA,NA,NA,NA,Y,NA,A,01,0,0,1,0,0,0,0,0,0,-,-,33.8781,-115.52112,RIVERSIDE,UNINCORPORATED,-117.52115099,33.87805315
90107443,2016,2016-02-02,9840,2016-01-05,1415,016285,9840,2,2,9,3300,0,3,5,NA,2,002,RECHE VISTA DRIVE,CREST ROAD,659,S,N,B,C,N,NA,NA,NA,NA,NA,NA,NA,NA,NA,Y,4,0,1,2,A,-,03,22350,NA,N,A,C,A,B,H,-,A,D,0,NA,NA,NA,NA,Y,NA,A,01,0,0,1,0,0,0,0,0,0,-,-,33.9873,-117.22868,RIVERSIDE,UNINCORPORATED,-117.22565095,33.98736776
90107699,2016,2016-02-02,9840,2016-01-06,1635,015705,NA,3,2,7,3313,0,1,3,NA,2,010,SR-60 E/B,MAIN ST.,1584,W,N,C,-,Y,NA,NA,NA,NA,NA,NA,NA,NA,NA,N,4,0,1,2,A,-,03,22350,NA,N,C,C,A,B,H,-,B,D,0,NA,NA,NA,NA,Y,NA,A,07,0,0,1,0,0,0,0,0,0,-,-,NA,NA,RIVERSIDE,RIVERSIDE,-117.36949705,33.9982884
90109147,2016,2016-02-04,9655,2016-01-31,1815,019871,NA,7,2,9,3300,0,1,3,NA,2,212,SR-60 W/B,JACK RABBIT TRL,10032,W,N,C,-,Y,NA,NA,60,NA,NA,NA,NA,NA,W,Y,4,0,1,2,A,-,03,22350,NA,N,B,C,A,B,H,-,D,D,0,NA,NA,NA,NA,Y,NA,A,07,0,0,1,0,0,0,0,0,0,-,-,33.94646,-117.06647,RIVERSIDE,UNINCORPORATED,-117.06646588,33.94643798
90109636,2015,2016-02-04,9685,2015-12-16,2320,017304,NA,3,3,5,3341,0,1,1,NA,2,020,I-215 SOUTHBOUND,ETHANAC ROAD,5280,S,N,A,-,Y,NA,NA,215,NA,NA,NA,NA,NA,S,Y,1,1,0,1,C,-,18,NA,NA,N,E,I,A,A,H,-,D,D,0,NA,NA,NA,NA,Y,NA,-,-,0,0,0,0,0,0,0,0,0,-,-,33.72921,-117.18956,RIVERSIDE,MENIFEE,-117.18942913,33.7292113
90110091,2016,2016-02-05,9840,2016-01-11,0443,018072,NA,1,3,7,3313,0,1,3,NA,2,010,SR-60 E/B,MAIN STREET,315,W,N,A,-,Y,NA,NA,60,NA,NA,NA,NA,NA,E,Y,4,0,2,4,A,-,08,22107,NA,N,C,C,E,A,H,-,D,D,0,Y,NA,NA,NA,Y,NA,A,01,0,0,2,0,2,0,0,0,0,-,-,33.99674,-117.36634,RIVERSIDE,RIVERSIDE,-117.36624582,33.99696896
90110835,2016,2016-02-08,9840,2016-01-05,1635,016619,NA,2,2,7,3313,0,1,1,NA,2,023,I-215 N/B,MARTIN LUTHER KING JR BLVD,100,S,N,C,-,Y,NA,NA,215,NA,NA,NA,NA,NA,N,Y,4,0,1,2,A,-,08,22107,NA,N,B,C,A,B,H,-,B,D,0,NA,NA,NA,Y,Y,NA,A,07,0,0,1,0,0,0,0,0,0,-,-,33.97613,-117.33454,RIVERSIDE,RIVERSIDE,-117.33507203,33.97552775
90111015,2016,2016-02-08,9840,2016-01-26,1735,019844,NA,2,2,6,3315,0,1,1,NA,2,034,I-15 S/B,CAJALCO RD,750,N,N,A,-,Y,NA,NA,15,NA,NA,NA,NA,NA,S,Y,4,0,1,3,A,-,03,22350,NA,N,C,C,A,A,H,-,D,D,0,NA,NA,NA,NA,Y,NA,A,01,0,0,1,0,0,0,0,0,0,-,-,33.82693,-117.5254,RIVERSIDE,CORONA,-117.52552608,33.82677988
90112440,2016,2016-02-10,9840,2016-01-06,0712,012608,NA,3,1,6,3345,0,1,3,NA,2,010,SR-60 W/B,MISSION BLVD,210,E,N,B,-,Y,NA,NA,60,NA,NA,NA,NA,NA,W,Y,3,0,1,2,A,-,03,22350,NA,N,C,C,A,A,H,-,A,D,0,NA,NA,NA,Y,Y,NA,F,26,0,1,0,0,0,0,0,0,0,-,-,34.01835,-117.52612,RIVERSIDE,JURUPA VALLEY,-117.52611973,34.01833901
90112648,2016,2016-02-10,9840,2016-01-27,0349,015663,NA,3,3,6,3345,0,1,1,NA,2,011,I-15 S/B TO SR-60 E/B,RIVERSIDE DR.,90,N,N,A,-,Y,NA,NA,NA,NA,NA,NA,NA,NA,NA,Y,3,0,1,1,A,-,01,23152,A,N,E,I,A,A,H,-,C,D,0,NA,NA,NA,NA,Y,Y,A,01,0,1,0,0,0,0,0,0,0,-,-,33.23422,-117.54741,RIVERSIDE,JURUPA VALLEY,-117.55051,34.01904663
90112939,2016,2016-02-10,9840,2016-02-03,1250,015444,NA,3,1,7,3313,0,1,1,NA,2,024,I-215 N/B,EUCALUPTUS DR,2112,N,N,A,-,Y,NA,NA,NA,NA,NA,NA,NA,NA,NA,Y,4,0,1,3,A,-,03,22350,NA,F,C,C,A,A,H,-,A,D,0,NA,NA,NA,NA,Y,NA,D,22,0,0,1,0,0,0,0,0,0,-,-,NA,NA,RIVERSIDE,RIVERSIDE,-117.28897849,33.93201892
90115516,2016,2016-02-16,9685,2016-02-06,1352,014349,NA,6,1,5,3335,0,1,1,NA,2,030,INTERSTATE 15 N/B,TEMECULA PARKWAY,10560,S,N,A,-,Y,NA,NA,15,NA,NA,NA,NA,NA,N,Y,4,0,1,2,A,-,03,22350,NA,N,C,C,A,A,H,-,A,D,0,NA,NA,NA,Y,Y,NA,A,01,0,0,1,0,0,0,0,0,0,-,-,33.45276,-117.13507,RIVERSIDE,TEMECULA,-117.13517691,33.45274988
90115916,2016,2016-02-16,9685,2016-02-05,1435,015050,NA,5,2,5,3335,0,1,1,NA,2,030,I-15 SOUTHBOUND,OVERLAND DR.,3168,S,N,A,-,Y,NA,NA,15,NA,NA,NA,NA,NA,S,Y,3,0,2,2,A,-,07,21658,A,N,E,I,A,A,H,-,A,A,0,NA,NA,NA,NA,Y,NA,A,01,0,1,1,0,0,0,0,0,0,-,-,33.51418,-117.15767,RIVERSIDE,TEMECULA,-117.15771744,33.51415738
90117117,2016,2016-02-18,9685,2016-02-08,0730,014488,NA,1,1,4,3307,0,1,1,NA,2,010,I-15 NORTHBOUND,RAILROAD CANYON RD,1584,N,N,A,-,Y,NA,NA,15,NA,NA,NA,NA,NA,N,Y,4,0,1,2,A,-,03,22350,NA,N,D,C,A,A,H,-,A,D,0,NA,NA,Y,NA,Y,NA,A,01,0,0,1,0,0,0,0,0,1,-,-,33.66554,-117.30255,RIVERSIDE,LAKE ELSINORE,-117.3024446,33.66567715
9011762,2019,2019-12-24,3300,2019-09-22,1522,5350,602E2,7,5,6,3394,0,0,0,NA,0,028,PERRIS BL,EUCALYPTUS AV,0,NA,Y,A,-,N,NA,NA,NA,NA,NA,NA,NA,NA,NA,Y,4,0,3,4,A,-,01,23152,A,N,C,C,A,A,H,-,A,A,0,NA,NA,NA,NA,Y,Y,D,22,0,0,3,0,0,0,0,0,0,-,-,33.93186950683594,-117.22621917724608,RIVERSIDE,MORENO VALLEY,-117.22628784179688,33.93178176879883
90118246,2016,2016-02-18,9840,2016-02-02,1325,016285,NA,2,1,6,3315,0,1,3,NA,2,030,STATE ROUTE 91 EASTBOUND,MAPLE AVENUE,950,E,N,A,-,Y,NA,NA,NA,NA,NA,NA,NA,NA,NA,Y,4,0,1,3,A,-,04,21703,NA,N,C,C,A,A,D,E,A,D,0,NA,NA,NA,NA,Y,NA,D,22,0,0,1,0,0,0,0,0,0,-,-,NA,NA,RIVERSIDE,CORONA,NA,NA
90118326,2016,2016-02-18,9685,2016-02-15,1145,014349,NA,1,1,9,3300,0,1,3,NA,1,040,STATE ROUTE 79 NORTHBOUND,SAGE ROAD,3168,S,N,A,-,Y,NA,NA,NA,NA,NA,NA,NA,NA,NA,Y,3,0,1,1,A,-,08,22107,NA,N,E,I,A,A,H,-,A,D,0,NA,NA,NA,NA,Y,Y,D,22,0,1,0,0,0,0,0,0,0,-,-,33.28139,-117.04913,RIVERSIDE,UNINCORPORATED,-116.90569516,33.45968124
9012019,2019,2020-01-09,3342,2019-08-16,1611,898,203,5,5,4,3342,0,0,0,NA,0,002,CLINTON KEITH RD,NUTMEG ST,0,NA,Y,A,-,N,NA,NA,NA,NA,NA,NA,NA,NA,NA,Y,4,0,1,2,A,-,12,21453,A,F,D,C,A,A,H,-,A,A,0,NA,NA,NA,NA,Y,NA,A,01,0,0,1,0,0,0,0,0,0,-,-,33.59587860107422,-117.20401763916016,RIVERSIDE,MURRIETA,-117.20398712158205,33.595909118652344
90120989,2016,2016-02-22,9630,2016-02-15,0350,020845,NA,1,3,4,3311,0,1,1,NA,2,010,I-10 E/B,NORTH INDIAN CANYON DR.,528,W,N,A,-,Y,NA,NA,10,NA,NA,NA,NA,NA,E,Y,3,0,1,1,A,-,01,23152,A,N,F,A,A,A,H,-,D,D,0,NA,NA,NA,NA,Y,Y,A,01,0,1,0,0,0,0,0,0,0,-,-,33.90466,-116.55411,RIVERSIDE,PALM SPRINGS,-116.55410958,33.90473057
90121218,2016,2016-02-23,9685,2016-02-18,1100,013562,NA,4,1,4,3342,0,1,1,NA,2,030,I-15 SOUTHBOUND TO MURRIETA HOT SPRINGS,MURRIETA HOT SPRINGS ROAD,112,N,N,B,-,Y,NA,NA,15,NA,NA,NA,R,NA,S,N,4,0,1,3,A,-,03,22350,NA,N,C,C,A,B,H,-,A,A,0,NA,NA,NA,NA,Y,NA,A,01,0,0,1,0,0,0,0,0,0,-,-,33.55492,-117.1944,RIVERSIDE,MURRIETA,-117.1944,33.55492
90121590,2016,2016-02-23,9660,2016-02-17,2012,021189,NA,3,2,9,3300,0,1,2,NA,2,038,SR-78 E/B,14TH AVE,53,N,N,A,-,Y,NA,NA,NA,NA,NA,NA,NA,NA,NA,Y,3,0,1,1,A,-,08,22107,NA,N,E,I,A,A,H,-,C,D,0,NA,NA,NA,NA,Y,Y,A,01,0,1,0,0,0,0,0,0,0,-,-,33.36107,-114.39276,RIVERSIDE,UNINCORPORATED,NA,NA
90122040,2016,2016-02-23,9840,2016-02-15,2008,020018,NA,1,2,7,3313,0,1,3,NA,2,030,SR-91 E/B,GREEN RIVER ROAD,1000,E,N,A,-,Y,NA,NA,NA,NA,NA,NA,NA,NA,NA,N,4,0,1,3,A,-,03,22350,NA,N,C,C,A,A,H,-,C,D,0,NA,NA,NA,NA,Y,NA,A,01,0,0,1,0,0,0,0,0,0,-,-,33.88424,-117.63527,RIVERSIDE,RIVERSIDE,-117.65479995,33.87988925
90122154,2016,2016-02-23,9840,2016-02-17,1340,015444,NA,3,1,6,3394,0,1,3,NA,2,025,SR-60 W/B,PIGEON PASS ROAD,175,E,N,A,-,Y,NA,NA,NA,NA,NA,NA,NA,NA,NA,Y,4,0,1,2,A,-,03,22350,NA,N,C,C,A,A,H,-,A,D,0,NA,NA,Y,NA,Y,NA,C,02,0,0,1,0,0,0,0,0,1,-,-,NA,NA,RIVERSIDE,MORENO VALLEY,-117.26088485,33.94090384
90123076,2016,2016-02-24,9840,2016-02-17,1540,013950,NA,3,2,9,3300,0,3,5,NA,2,003,HARLOW AVE,LINCOLN ST,20,E,N,B,-,N,NA,NA,NA,NA,NA,NA,NA,NA,NA,N,4,0,1,2,A,-,11,21950,B,F,G,B,D,A,H,-,A,A,0,Y,NA,NA,NA,Y,NA,N,60,0,0,1,0,1,0,0,0,0,-,-,NA,NA,RIVERSIDE,UNINCORPORATED,-117.50462525,33.88509031
90123842,2016,2016-02-25,9840,2016-02-16,0925,012191,9840,2,1,9,3300,0,1,1,NA,2,037,I-15 N/B,LAKE ST.,1534,N,N,A,-,Y,NA,NA,15,NA,NA,NA,NA,NA,N,Y,3,0,1,1,D,-,00,NA,NA,N,E,I,A,A,H,-,A,D,0,NA,NA,NA,NA,Y,NA,-,-,0,1,0,0,0,0,0,0,0,-,-,33.73078,-117.39821,RIVERSIDE,UNINCORPORATED,-117.39823352,33.73066723
90124743,2016,2016-02-26,9685,2016-02-22,2250,016347,NA,1,3,9,3300,0,3,5,NA,2,003,44375 DE LUZ ROAD (BLOCK 44000),VALPARISO LANE,215,W,N,A,-,N,NA,NA,NA,NA,NA,NA,NA,NA,NA,Y,4,0,1,1,A,-,08,22107,NA,N,E,I,A,A,H,-,D,D,0,NA,NA,NA,NA,Y,NA,A,07,0,0,1,0,0,0,0,0,0,-,-,33.50275,-117.23941,RIVERSIDE,UNINCORPORATED,-117.23941534,33.50266699
90126020,2016,2016-02-29,9685,2016-02-24,0140,016502,NA,3,3,5,3335,0,1,1,NA,2,030,I-15 N/B TO TEMECULA PKWY.,TEMECULA PARKWAY,550,S,N,A,-,Y,NA,NA,15,NA,NA,NA,R,NA,N,Y,3,0,1,2,A,-,03,22350,NA,N,C,C,A,A,H,-,C,D,0,NA,NA,NA,NA,Y,NA,A,01,0,1,0,0,0,0,0,0,0,-,-,33.47839,-117.13932,RIVERSIDE,TEMECULA,-117.13932,33.47839
90127154,2016,2016-03-01,9840,2016-02-23,1428,017037,NA,2,2,7,3313,0,1,3,NA,2,021,SR-91 E/B,MISSION INN AVE,100,W,N,A,-,Y,NA,NA,91,NA,NA,NA,NA,NA,E,Y,4,0,1,2,A,-,07,21658,A,N,B,C,A,A,H,-,A,D,0,NA,NA,NA,NA,Y,NA,A,01,0,0,1,0,0,0,0,0,0,-,-,33.97982,-117.37033,RIVERSIDE,RIVERSIDE,-117.37022332,33.97972766
90128036,2016,2016-03-02,9655,2016-02-29,2205,017720,NA,1,3,9,3300,0,1,1,NA,2,204,I-10 EASTBOUND,MAIN ST,2640,W,N,A,-,Y,NA,NA,10,NA,NA,NA,NA,NA,E,Y,3,0,2,1,A,-,08,22107,NA,N,F,I,A,A,H,-,D,D,0,NA,NA,NA,NA,Y,NA,A,01,0,2,0,0,0,0,0,0,0,-,-,33.91856,-116.78649,RIVERSIDE,UNINCORPORATED,-116.78649014,33.918644