CASE_ID,ACCIDENT_YEAR,PROC_DATE,JURIS,COLLISION_DATE,COLLISION_TIME,OFFICER_ID,REPORTING_DISTRICT,DAY_OF_WEEK,CHP_SHIFT,POPULATION,CNTY_CITY_LOC,SPECIAL_COND,BEAT_TYPE,CHP_BEAT_TYPE,CITY_DIVISION_LAPD,CHP_BEAT_CLASS,BEAT_NUMBER,PRIMARY_RD,SECONDARY_RD,DISTANCE,DIRECTION,INTERSECTION,WEATHER_1,WEATHER_2,STATE_HWY_IND,CALTRANS_COUNTY,CALTRANS_DISTRICT,STATE_ROUTE,ROUTE_SUFFIX,POSTMILE_PREFIX,POSTMILE,LOCATION_TYPE,RAMP_INTERSECTION,SIDE_OF_HWY,TOW_AWAY,COLLISION_SEVERITY,NUMBER_KILLED,NUMBER_INJURED,PARTY_COUNT,PRIMARY_COLL_FACTOR,PCF_CODE_OF_VIOL,PCF_VIOL_CATEGORY,PCF_VIOLATION,PCF_VIOL_SUBSECTION,HIT_AND_RUN,TYPE_OF_COLLISION,MVIW,PED_ACTION,ROAD_SURFACE,ROAD_COND_1,ROAD_COND_2,LIGHTING,CONTROL_DEVICE,CHP_ROAD_TYPE,PEDESTRIAN_ACCIDENT,BICYCLE_ACCIDENT,MOTORCYCLE_ACCIDENT,TRUCK_ACCIDENT,NOT_PRIVATE_PROPERTY,ALCOHOL_INVOLVED,STWD_VEHTYPE_AT_FAULT,CHP_VEHTYPE_AT_FAULT,COUNT_SEVERE_INJ,COUNT_VISIBLE_INJ,COUNT_COMPLAINT_PAIN,COUNT_PED_KILLED,COUNT_PED_INJURED,COUNT_BICYCLIST_KILLED,COUNT_BICYCLIST_INJURED,COUNT_MC_KILLED,COUNT_MC_INJURED,PRIMARY_RAMP,SECONDARY_RAMP,LATITUDE,LONGITUDE,COUNTY,CITY,POINT_X,POINT_Y
9048642,2020,2020-06-03,3300,2020-01-17,1013,2680,910E,5,5,5,3335,0,0,0,NA,0,061,JEFFERSON AV,VIA MONTEZUMA,358,S,N,B,-,N,NA,NA,NA,NA,NA,NA,NA,NA,NA,Y,4,0,1,2,A,-,09,21804,A,N,D,C,A,A,H,-,A,A,0,NA,NA,NA,NA,Y,NA,A,01,0,0,1,0,0,0,0,0,0,-,-,33.511348724365234,-117.15824127197266,RIVERSIDE,TEMECULA,-117.15728759765624,33.510719299316406
90487899,2017,2017-06-26,9630,2017-05-19,0722,018451,NA,5,1,9,3300,0,1,1,NA,2,301,INTERSTATE 10 WESTBOUND,ALL AMERICAN CANAL,5808,E,N,A,-,Y,NA,NA,NA,NA,NA,NA,NA,NA,NA,Y,1,1,1,1,A,-,01,23152,A,N,F,A,A,A,H,-,A,D,0,NA,NA,NA,NA,Y,Y,A,01,1,0,0,0,0,0,0,0,0,-,-,33.70366,-116.12905,RIVERSIDE,UNINCORPORATED,NA,NA
90488806,2017,2017-06-27,9840,2017-06-18,0234,021218,NA,7,3,7,3313,0,1,3,NA,2,020,SR-91 W/B,VAN BUREN BLVD,900,E,N,A,-,Y,NA,NA,91,NA,NA,NA,NA,NA,W,Y,3,0,1,2,A,-,01,23152,F,N,C,C,A,A,H,-,D,D,0,NA,NA,NA,Y,Y,NA,A,01,0,1,0,0,0,0,0,0,0,-,-,33.91777,-117.43687,RIVERSIDE,RIVERSIDE,-117.43689301,33.91781032
90489043,2017,2017-06-28,9840,2017-06-26,0715,017037,NA,1,1,6,3315,0,1,1,NA,2,034,I-15 S/B,HIDDEN VALLEY PKY,1000,S,N,A,-,Y,NA,NA,15,NA,NA,NA,NA,NA,S,Y,4,0,1,1,A,-,08,22107,NA,N,E,I,A,A,H,-,A,D,0,NA,NA,NA,NA,Y,NA,A,01,0,0,1,0,0,0,0,0,0,-,-,33.89242,-117.55588,RIVERSIDE,CORONA,-117.55610691,33.89220564
90489865,2017,2017-06-28,9840,2017-06-25,1555,019042,NA,7,2,9,3300,0,1,1,NA,2,034,I-15 N/B,CAJALCO RD.,2400,S,N,A,-,Y,NA,NA,NA,NA,NA,NA,NA,NA,NA,N,4,0,2,2,A,-,03,22350,NA,N,C,C,A,A,H,-,A,D,0,NA,NA,NA,NA,Y,NA,A,01,0,0,2,0,0,0,0,0,0,-,-,NA,NA,RIVERSIDE,UNINCORPORATED,-117.51253432,33.8162542
90490616,2017,2017-06-29,9840,2017-06-05,0230,020455,NA,1,3,6,3345,0,1,3,NA,2,010,SR-60 W/B,I-15,3500,E,N,A,-,Y,NA,NA,60,NA,NA,NA,NA,NA,W,Y,3,0,1,1,A,-,01,23152,A,M,E,I,A,A,H,-,C,D,0,NA,NA,NA,NA,Y,Y,A,01,0,1,0,0,0,0,0,0,0,-,-,34.01878,-117.53801,RIVERSIDE,JURUPA VALLEY,-117.53804525,34.01862051
90491593,2017,2017-06-30,9840,2017-06-27,1512,016853,NA,2,2,9,3300,0,3,5,NA,2,004,SANTA ROSA MINE RD,POST RD,2640,W,N,A,-,N,NA,NA,NA,NA,NA,NA,NA,NA,NA,Y,4,0,1,1,A,-,08,22107,NA,N,E,I,A,A,H,-,A,D,0,NA,NA,NA,NA,Y,NA,A,01,0,0,1,0,0,0,0,0,0,-,-,33.46765,-117.18144,RIVERSIDE,UNINCORPORATED,-117.303692,33.78057
90491859,2017,2017-06-30,9630,2017-06-20,2332,021288,NA,2,3,9,3300,0,2,S,NA,2,503,70TH AVE,PIERCE ST,0,NA,Y,A,-,N,NA,NA,NA,NA,NA,NA,NA,NA,NA,Y,3,0,1,1,A,-,01,23152,A,N,E,I,A,A,H,-,D,D,0,NA,NA,NA,NA,Y,Y,A,01,0,1,0,0,0,0,0,0,0,-,-,33.54,-116.1127,RIVERSIDE,UNINCORPORATED,-116.11287005,33.53994003
90492701,2017,2017-07-03,9630,2017-06-21,1638,016635,NA,3,2,4,3309,0,1,1,NA,2,021,I-10 E/B,JEFFERSON ST,110,W,N,A,-,Y,NA,NA,NA,NA,NA,NA,NA,NA,NA,Y,4,0,1,1,A,-,01,23152,A,N,E,I,A,A,H,-,A,D,0,NA,NA,NA,NA,Y,Y,A,01,0,0,1,0,0,0,0,0,0,-,-,33.44597,-116.16167,RIVERSIDE,INDIO,-116.27168577,33.74998744
90492925,2017,2017-07-03,9840,2017-06-22,2204,018072,NA,4,3,9,3300,0,3,5,NA,2,002,BOX SPRINGS ROAD,I-215,140,E,N,B,-,Y,NA,NA,NA,NA,NA,NA,NA,NA,NA,N,4,0,1,2,A,-,08,22101,D,N,B,C,A,A,H,-,C,A,0,NA,NA,NA,NA,Y,NA,A,01,0,0,1,0,0,0,0,0,0,-,-,33.94863,-117.3011,RIVERSIDE,UNINCORPORATED,-117.30099918,33.94855499
90493135,2017,2017-07-03,9685,2017-06-23,1905,017169,NA,5,2,5,3341,0,1,1,NA,2,020,I-215 N/B TO NEWPORT ROAD,NEWPORT ROAD,500,S,N,A,-,Y,NA,NA,NA,NA,NA,NA,NA,NA,NA,Y,3,0,1,2,A,-,01,23152,A,N,C,C,A,A,H,-,A,D,0,NA,NA,NA,NA,Y,Y,A,01,0,1,0,0,0,0,0,0,0,-,-,33.5112,-117.1608,RIVERSIDE,MENIFEE,-117.17097681,33.68378931
90493601,2017,2017-07-04,9655,2017-06-26,1505,014743,NA,1,2,9,3300,0,1,3,NA,2,213,SR-79 S/B,COUNTY LANDFILL ROAD,4224,S,N,A,-,Y,NA,NA,79,NA,NA,NA,NA,NA,S,Y,4,0,2,1,A,-,08,22107,NA,N,E,I,A,A,H,-,A,D,0,NA,NA,NA,NA,Y,NA,A,01,0,0,2,0,0,0,0,0,0,-,-,33.87263,-116.9939,RIVERSIDE,UNINCORPORATED,-116.99385648,33.87259573
90496523,2017,2017-08-11,9685,2017-06-27,0647,016944,NA,2,1,3,3343,0,1,1,NA,2,010,I-15 N/B,OLIVE ST.,150,S,N,A,-,Y,NA,NA,15,NA,NA,NA,NA,NA,N,Y,3,0,2,4,A,-,03,22350,NA,N,C,C,A,A,H,-,A,D,0,NA,NA,Y,NA,Y,NA,A,01,0,1,1,0,0,0,0,0,1,-,-,33.64122,-117.28277,RIVERSIDE,WILDOMAR,-117.28277665,33.64121576
90496533,2017,2017-07-10,9685,2017-06-27,0954,016944,NA,2,1,9,3300,0,1,3,NA,1,012,SR-74,HAMMACK AVE,0,NA,Y,A,-,Y,NA,NA,74,NA,NA,NA,NA,NA,NA,N,3,0,1,2,A,-,03,22350,NA,N,C,C,A,A,H,-,A,D,0,NA,NA,NA,Y,Y,NA,G,25,0,1,0,0,0,0,0,0,0,-,-,33.71517,-117.30345,RIVERSIDE,UNINCORPORATED,-117.30342942,33.71510599
90497715,2017,2017-07-11,9840,2017-07-04,1200,017162,NA,2,1,7,3313,0,1,3,NA,2,021,SR-91 W/B,14TH ST,528,W,N,A,-,Y,NA,NA,91,NA,NA,NA,NA,NA,W,Y,3,0,2,1,A,-,08,22107,NA,N,E,I,A,A,H,-,A,D,0,NA,NA,NA,NA,Y,NA,A,07,0,1,1,0,0,0,0,0,0,-,-,33.96539,-117.37749,RIVERSIDE,RIVERSIDE,-117.37750898,33.96539122
90497765,2017,2017-07-11,9840,2017-07-02,2005,019813,NA,7,2,6,3394,0,1,3,NA,2,025,SR-60 E/B,PERRIS BLVD,300,W,N,A,-,Y,NA,NA,60,NA,NA,NA,NA,NA,E,Y,4,0,2,1,A,-,08,22107,NA,N,E,I,A,A,H,-,D,D,0,NA,NA,NA,NA,Y,NA,A,07,0,0,2,0,0,0,0,0,0,-,-,33.94078,-117.23135,RIVERSIDE,MORENO VALLEY,-117.23136534,33.94069537
90498340,2017,2017-07-11,9655,2017-07-02,1700,020350,NA,7,2,9,3300,0,1,3,NA,1,119,SR-371,CRAMS CORNER DRIVE,352,E,N,A,-,Y,NA,NA,371,NA,NA,NA,NA,NA,NA,Y,4,0,1,2,A,-,09,21804,A,N,D,C,A,A,H,-,A,D,0,NA,NA,NA,NA,Y,NA,A,01,0,0,1,0,0,0,0,0,0,-,-,33.54506,-116.73026,RIVERSIDE,UNINCORPORATED,-116.73025947,33.54505818
90499621,2017,2017-07-13,9685,2017-06-30,2315,017304,NA,5,3,4,3312,0,1,1,NA,2,020,S/B I-215,SAN JACINTO RIVER OVR FLOW,40,N,N,A,-,Y,NA,NA,215,NA,NA,NA,NA,NA,NA,Y,3,0,1,1,A,-,08,22107,NA,N,E,I,A,A,H,-,D,D,0,NA,NA,NA,NA,Y,NA,D,22,0,1,0,0,0,0,0,0,0,-,-,33.77195,-117.1983,RIVERSIDE,PERRIS,-117.19822703,33.77205985
90500469,2017,2017-08-01,9840,2017-07-03,1550,013394,NA,1,2,7,3313,0,1,1,NA,2,022,I-215 S/B,CENTER ST,158,S,N,A,-,Y,NA,NA,215,NA,NA,NA,NA,NA,S,Y,3,0,3,2,A,-,03,22350,NA,N,C,C,A,A,H,-,A,D,0,NA,NA,NA,NA,Y,Y,A,01,0,1,2,0,0,0,0,0,0,-,-,34.00833,-117.34736,RIVERSIDE,RIVERSIDE,-117.34741609,34.0083672
90500472,2017,2017-07-14,9840,2017-07-06,1315,018611,NA,4,1,9,3300,0,2,4,NA,2,039,MAGNOLIA AVENUE,BYRON STREET,0,NA,Y,A,-,N,NA,NA,NA,NA,NA,NA,NA,NA,NA,N,4,0,5,2,A,-,12,21453,A,N,D,C,A,A,H,-,A,A,0,NA,NA,NA,NA,Y,NA,-,-,0,0,5,0,0,0,0,0,0,-,-,33.87434,-117.52092,RIVERSIDE,UNINCORPORATED,-117.52361003,33.8766501
90501115,2017,2017-07-14,9630,2017-07-06,0835,013022,NA,4,1,9,3300,0,1,1,NA,2,302,I-10 W/B TO SUMMIT RD.,SUMMIT RD.,15,E,N,A,-,Y,NA,NA,10,NA,NA,NA,R,NA,W,Y,4,0,1,2,A,-,03,22350,NA,N,C,C,A,A,H,-,A,D,0,NA,NA,NA,NA,Y,NA,A,07,0,0,1,0,0,0,0,0,0,-,-,33.66125,-115.72387,RIVERSIDE,UNINCORPORATED,-115.72387,33.66125
90501310,2017,2017-07-17,9840,2017-07-08,1431,018611,NA,6,2,6,3315,0,1,3,NA,2,031,SR-91 W/B,LINCOLN STREET,645,E,N,A,-,Y,NA,NA,NA,NA,NA,NA,NA,NA,NA,Y,3,0,1,2,A,-,03,22350,NA,N,C,C,A,A,H,-,A,D,0,NA,NA,NA,NA,Y,NA,A,01,0,1,0,0,0,0,0,0,0,-,-,33.88134,-117.87663,RIVERSIDE,CORONA,-117.58038643,33.88169487
90503557,2017,2017-07-19,9630,2017-07-07,1705,021652,NA,5,2,9,3300,0,2,S,NA,2,404,WASHINGTON ST,COYOTE SONG WAY,3696,N,N,A,-,N,NA,NA,NA,NA,NA,NA,NA,NA,NA,Y,3,0,1,1,A,-,01,23152,A,N,F,A,A,A,H,-,A,D,0,NA,NA,NA,NA,Y,Y,D,22,0,1,0,0,0,0,0,0,0,-,-,33.80885,-116.30142,RIVERSIDE,UNINCORPORATED,-116.301342,33.80843
90505517,2017,2017-07-21,9630,2017-07-12,1220,019310,NA,3,1,9,3300,0,1,3,NA,1,074,SR-74 E/B,BIGHORN DR,5808,E,N,A,-,Y,NA,NA,74,NA,NA,NA,NA,NA,E,Y,3,0,1,1,A,-,08,22107,NA,N,F,A,A,A,H,-,A,D,0,NA,NA,NA,NA,Y,NA,A,01,0,1,0,0,0,0,0,0,0,-,-,33.63285,-116.4039,RIVERSIDE,UNINCORPORATED,-116.40381464,33.63290926
90508207,2017,2017-07-25,9685,2017-07-21,0410,014676,NA,5,3,5,3335,0,1,1,NA,2,030,I-15 NORTHBOUND,WINCHESTER RD,150,N,N,B,-,Y,NA,NA,NA,NA,NA,NA,NA,NA,NA,Y,4,0,1,2,A,-,01,23152,A,N,E,I,A,A,H,-,C,D,0,NA,NA,NA,NA,Y,Y,A,01,0,0,1,0,0,0,0,0,0,-,-,33.52322,-117.1603,RIVERSIDE,TEMECULA,-117.16306218,33.52292732
90508692,2017,2017-07-26,9840,2017-07-24,1350,019361,NA,1,1,6,3394,0,1,3,NA,2,025,SR-60 E/B TO FREDERICK STREET,FREDERICK STREET,310,W,N,A,-,Y,NA,NA,60,NA,NA,NA,R,NA,E,Y,3,0,4,3,A,-,03,22350,NA,N,C,C,A,A,H,-,A,D,0,NA,NA,NA,NA,Y,NA,A,01,0,1,3,0,0,0,0,0,0,-,-,33.93987,-117.26244,RIVERSIDE,MORENO VALLEY,-117.26244,33.93987
90509501,2017,2017-07-27,9840,2017-07-19,1550,017504,NA,3,2,7,3313,0,1,1,NA,2,023,I-215 S/B,CANYON CREST DR.,800,N,N,A,-,Y,NA,NA,215,NA,NA,NA,NA,NA,S,Y,4,0,3,4,A,-,03,22350,NA,N,C,C,A,A,H,-,A,D,0,NA,NA,NA,NA,Y,NA,A,01,0,0,3,0,0,0,0,0,0,-,-,33.97146,-117.33122,RIVERSIDE,RIVERSIDE,-117.33119565,33.97148437
90512341,2017,2017-07-31,9840,2017-07-22,0813,017765,NA,6,1,6,3345,0,1,3,NA,2,010,SR-60 E/B,COUNTRY VILLAGE RD,2100,W,N,B,-,Y,NA,NA,60,NA,NA,NA,NA,NA,E,Y,3,0,2,3,A,-,03,22350,NA,N,C,C,A,A,H,-,A,D,0,NA,NA,NA,Y,Y,NA,A,01,0,2,0,0,0,0,0,0,0,-,-,34.01833,-117.51529,RIVERSIDE,JURUPA VALLEY,-117.51529339,34.01841102
90512563,2017,2017-07-31,9840,2017-07-11,2155,018983,NA,2,2,4,3344,0,1,3,NA,2,010,SR-60 E/B TO I-15 N/B,MILLIKEN AVENUE,600,E,N,A,-,Y,NA,NA,60,NA,NA,NA,R,NA,E,Y,3,0,1,1,A,-,08,22107,NA,N,E,I,A,A,H,-,C,D,0,NA,NA,NA,NA,Y,NA,A,07,0,1,0,0,0,0,0,0,0,-,-,34.02325,-117.55672,RIVERSIDE,EASTVALE,-117.55672,34.02325
90513162,2017,2017-07-31,9630,2017-07-20,1455,021162,NA,4,2,9,3300,0,1,1,NA,2,301,I-10 W/B,BOX CANYON RD,1584,E,N,A,-,Y,NA,NA,10,NA,NA,NA,NA,NA,W,Y,3,0,3,1,A,-,08,22107,NA,N,F,A,A,A,H,-,A,D,0,NA,NA,NA,NA,Y,NA,A,08,0,2,1,0,0,0,0,0,0,-,-,33.66047,-115.79245,RIVERSIDE,UNINCORPORATED,-115.79245002,33.66040804
90513509,2017,2017-08-01,9840,2017-07-22,0605,020723,NA,6,1,9,3300,0,3,5,NA,2,004,JUNIPER FLATS RD,SKY MESA RD,2000,S,N,A,-,Y,NA,NA,NA,NA,NA,NA,NA,NA,NA,Y,3,0,1,1,A,-,08,22107,NA,N,E,I,A,A,H,-,A,D,0,NA,NA,NA,NA,Y,NA,A,01,0,1,0,0,0,0,0,0,0,-,-,33.76417,-117.10751,RIVERSIDE,UNINCORPORATED,-117.1072113,33.76460667
90514059,2017,2017-08-01,9840,2017-07-25,2100,019893,NA,2,2,6,3315,0,1,3,NA,2,031,SR-91 W/B,PIERCE STREET,900,W,N,A,-,Y,NA,NA,NA,NA,NA,NA,NA,NA,NA,Y,4,0,1,1,A,-,08,22107,NA,N,E,I,A,A,H,-,A,D,0,NA,NA,NA,NA,Y,NA,A,01,0,0,1,0,0,0,0,0,0,-,-,33.89583,-117.49793,RIVERSIDE,CORONA,-117.49582084,33.89673305
90514180,2017,2017-08-01,9685,2017-07-23,2105,015050,NA,7,2,9,3300,0,3,5,NA,2,003,RANCHO CALIFORNIA RD.,VIA SANTA ROSA,1056,E,N,A,-,N,NA,NA,NA,NA,NA,NA,NA,NA,NA,N,4,0,2,1,A,-,08,22107,NA,N,E,I,A,A,H,-,D,A,0,NA,NA,NA,NA,Y,NA,A,01,0,0,2,0,0,0,0,0,0,-,-,33.49532,-117.17631,RIVERSIDE,UNINCORPORATED,-117.17620311,33.49503373
90518226,2017,2017-08-07,9685,2017-07-28,1040,012190,NA,5,1,5,3335,0,1,1,NA,2,030,I-15 S/B,RANCHO CALIFORNIA RD,3168,N,N,A,-,Y,NA,NA,NA,NA,NA,NA,NA,NA,NA,Y,4,0,3,3,A,-,03,22350,NA,N,C,C,A,A,H,-,A,D,0,NA,NA,NA,NA,Y,NA,A,08,0,0,3,0,0,0,0,0,0,-,-,33.30302,-117.91588,RIVERSIDE,TEMECULA,-117.15526043,33.50880094
90519135,2017,2017-08-08,9655,2017-08-02,2030,017582,NA,3,2,3,3302,0,1,3,NA,2,212,SR-60 W/B,JACK RABBIT TRL,3696,E,N,A,-,Y,NA,NA,60,NA,NA,NA,NA,NA,W,Y,3,0,1,1,A,-,08,22107,NA,N,E,I,A,A,H,-,D,D,0,NA,NA,NA,NA,Y,NA,A,01,0,1,0,0,0,0,0,0,0,-,-,33.93337,-117.02164,RIVERSIDE,BEAUMONT,-117.02163122,33.93333056
90519276,2017,2017-08-08,9630,2017-07-31,1812,021063,NA,1,2,9,3300,0,1,3,NA,1,074,SR-74 W/B,PALOWET DR,10560,W,N,A,-,Y,NA,NA,74,NA,NA,NA,NA,NA,W,Y,4,0,3,2,A,-,05,21460,A,N,A,C,A,A,H,-,A,D,0,NA,NA,NA,NA,Y,NA,A,01,0,0,3,0,0,0,0,0,0,-,-,33.65672,-116.40291,RIVERSIDE,UNINCORPORATED,-116.40291007,33.65671838
9051959,2020,2020-06-04,3300,2020-02-06,1235,N1673,30B1,4,5,4,3318,0,0,0,NA,0,T30,HIGHWAY 111,FRED WARING DR,8,N,N,A,-,N,NA,NA,NA,NA,NA,NA,NA,NA,NA,N,4,0,1,2,A,-,21,22106,NA,N,C,C,A,A,H,-,A,A,0,NA,NA,NA,NA,Y,NA,A,07,0,0,1,0,0,0,0,0,0,-,-,NA,NA,RIVERSIDE,PALM DESERT,-116.40302276611328,33.72863006591797
9052144,2020,2020-02-27,3300,2020-01-13,1145,5127,LA41,1,5,3,3392,0,0,0,NA,0,LA41,RT 111,PLAZA LA QUINTA,225,E,N,A,-,N,NA,NA,NA,NA,NA,NA,NA,NA,NA,N,4,0,3,2,A,-,03,22350,NA,N,C,C,A,A,H,-,A,A,0,NA,NA,NA,NA,Y,NA,A,01,0,0,3,0,0,0,0,0,0,-,-,33.71590042114258,-116.2980728149414,RIVERSIDE,LA QUINTA,-116.29579162597656,33.71562194824219
90524254,2017,2017-08-16,9840,2017-08-14,2108,019893,NA,1,2,6,3315,0,1,1,NA,2,034,I-15 S/B,WEIRICK ROAD,1600,N,N,A,-,Y,NA,NA,15,NA,NA,NA,NA,NA,S,Y,3,0,1,1,A,-,08,22107,NA,N,F,A,A,A,H,-,D,D,0,NA,NA,Y,NA,Y,NA,C,02,0,1,0,0,0,0,0,0,1,-,-,33.81848,-117.51526,RIVERSIDE,CORONA,-117.51527786,33.81845712
90524888,2017,2017-08-16,9630,2017-08-08,1554,021604,NA,2,2,9,3300,0,2,S,NA,2,504,MONTENEGRO DR,WOLFF DR,150,E,N,A,-,N,NA,NA,NA,NA,NA,NA,NA,NA,NA,N,4,0,1,2,A,-,21,22106,NA,N,D,C,A,A,H,-,A,D,0,NA,NA,NA,NA,Y,NA,A,01,0,0,1,0,0,0,0,0,0,-,-,33.5751,-116.06445,RIVERSIDE,UNINCORPORATED,-116.06498991,33.57502424
90526536,2017,2017-08-18,9685,2017-08-09,1615,013006,NA,3,2,5,3335,0,1,1,NA,2,030,I-15 SOUTHBOUND,WINCHESTER ROAD,1584,N,N,A,-,Y,NA,NA,NA,NA,NA,NA,NA,NA,NA,Y,4,0,3,2,A,-,03,22350,NA,N,C,C,A,A,H,-,A,D,0,NA,NA,NA,NA,Y,NA,A,01,0,0,3,0,0,0,0,0,0,-,-,33.31214,-117.09478,RIVERSIDE,TEMECULA,-117.16054287,33.5191693
90528509,2017,2017-08-22,9685,2017-08-12,1351,017285,NA,6,1,4,3342,0,1,1,NA,2,030,I-15 SOUTHBOUND,MURRIETA HOT SPRINGS ROAD,1620,N,N,A,-,Y,NA,NA,15,NA,NA,NA,NA,NA,S,Y,3,0,3,2,A,-,03,22350,NA,N,C,C,A,A,H,-,A,D,0,NA,NA,Y,NA,Y,NA,C,02,0,1,2,0,0,0,0,0,1,-,-,33.55812,-117.19712,RIVERSIDE,MURRIETA,-117.19730528,33.55787804
90529384,2017,2017-08-23,9660,2017-08-14,1300,017464,NA,1,1,9,3300,0,1,2,NA,2,038,US 95 NORTHBOUND,RANCHOS WAY,3696,N,N,A,-,Y,NA,NA,NA,NA,NA,NA,NA,NA,NA,Y,2,0,1,1,A,-,08,22107,NA,N,F,I,A,A,H,-,A,D,0,NA,NA,NA,Y,Y,NA,G,25,1,0,0,0,0,0,0,0,0,-,-,33.8187,-114.5332,RIVERSIDE,UNINCORPORATED,NA,NA
9053123,2020,2020-03-06,3300,2020-01-01,1718,N6426,910P,3,5,5,3335,0,0,0,NA,0,069,TEMECULA PKWY,PECHANGA PKWY,0,NA,Y,A,-,N,NA,NA,NA,NA,NA,NA,NA,NA,NA,Y,4,0,1,3,A,-,17,21451,A,N,C,C,A,A,H,-,C,A,0,NA,NA,NA,NA,Y,NA,A,01,0,0,1,0,0,0,0,0,0,-,-,33.475379943847656,-117.12953186035156,RIVERSIDE,TEMECULA,NA,NA
9053129,2020,2020-03-02,3311,2020-01-22,1511,15375,NA,3,5,4,3311,0,0,0,NA,0,005,PALM CANYON DR S,BELARDO RD,75,N,N,A,-,N,NA,NA,NA,NA,NA,NA,NA,NA,NA,NA,3,0,1,1,A,-,08,22107,NA,N,E,I,A,A,H,-,A,A,0,NA,NA,NA,NA,Y,NA,-,NA,0,1,0,0,0,0,0,0,0,-,-,33.802490234375,-116.5456085205078,RIVERSIDE,PALM SPRINGS,-116.54547119140624,33.802345275878906
9053218,2020,2020-05-22,3300,2020-02-06,1629,3100,802C,4,5,6,3345,0,0,0,NA,0,052,MCCALL BL,GROSSE POINT DR,0,NA,Y,A,-,N,NA,NA,NA,NA,NA,NA,NA,NA,NA,NA,3,0,1,2,A,-,12,22450,A,N,D,C,A,A,H,-,A,A,0,NA,NA,NA,NA,Y,NA,A,01,0,1,0,0,0,0,0,0,0,-,-,33.714111328125,-117.20181274414063,RIVERSIDE,JURUPA VALLEY,-117.20105743408205,33.714378356933594
9053250,2019,2020-03-10,3313,2019-11-27,1330,1993,2,3,5,7,3313,0,0,0,NA,0,T72,ALESSANDRO BL,ROYAL HILL DR,78,E,N,C,-,N,NA,NA,NA,NA,NA,NA,NA,NA,NA,N,4,0,1,1,A,-,03,22350,NA,N,E,I,A,B,H,-,A,A,0,NA,NA,NA,NA,Y,NA,A,07,0,0,1,0,0,0,0,0,0,-,-,33.94908905029297,-117.35858154296876,RIVERSIDE,RIVERSIDE,-117.35858917236328,33.949256896972656
9053268,2019,2020-03-03,3313,2019-12-30,1700,1736,5,1,5,7,3313,0,0,0,NA,0,T49,TYLER ST,SELKIRK AV,0,NA,Y,A,-,N,NA,NA,NA,NA,NA,NA,NA,NA,NA,N,4,0,1,2,A,-,03,22350,NA,N,C,C,A,A,H,-,C,D,0,NA,NA,NA,NA,Y,NA,A,07,0,0,1,0,0,0,0,0,0,-,-,33.91814041137695,-117.46672821044922,RIVERSIDE,RIVERSIDE,-117.46675872802734,33.91849136352539
9053273,2019,2020-03-03,3300,2019-12-30,1707,5508,601E5,1,5,6,3394,0,0,0,NA,0,MV16,PERRIS BL,ABBEY LN,200,S,N,A,-,N,NA,NA,NA,NA,NA,NA,NA,NA,NA,Y,3,0,1,2,A,-,09,21804,A,N,E,I,A,A,H,-,C,A,0,NA,NA,Y,NA,Y,NA,A,07,0,1,0,0,0,0,0,0,1,-,-,33.94499969482422,-117.22640228271484,RIVERSIDE,MORENO VALLEY,-117.22647094726563,33.944522857666016
9053277,2019,2020-03-04,3313,2019-12-06,0828,1016,4,5,5,7,3313,0,0,0,NA,0,M28,COLORADO AV,ADAMS ST,150,W,N,A,-,N,NA,NA,NA,NA,NA,NA,NA,NA,NA,N,4,0,1,3,A,-,11,21954,A,N,G,B,D,A,H,-,A,D,0,Y,NA,NA,NA,Y,NA,N,60,0,0,1,0,1,0,0,0,0,-,-,33.945350646972656,-117.43424987792967,RIVERSIDE,RIVERSIDE,-117.43486785888672,33.9452018737793
90534875,2017,2017-08-28,9630,2017-08-10,1430,019943,NA,4,2,9,3300,0,1,1,NA,2,020,I-10 W/B,MONTEREY AVE,3696,E,N,A,-,Y,NA,NA,10,NA,NA,NA,NA,NA,W,Y,4,0,2,3,A,-,08,22107,NA,F,B,C,A,A,H,-,A,D,0,NA,NA,NA,NA,Y,NA,-,99,0,0,2,0,0,0,0,0,0,-,-,33.8009,-116.3793,RIVERSIDE,UNINCORPORATED,-116.37934156,33.80082877
90536117,2017,2017-08-29,9685,2017-08-24,1655,015027,NA,4,2,9,3300,0,3,5,NA,2,003,BUTTERFIELD STAGE RG,AVENIDA LESTONNAC,0,NA,Y,A,-,N,NA,NA,NA,NA,NA,NA,NA,NA,NA,Y,4,0,1,2,A,-,09,21801,A,N,D,C,A,A,H,-,A,D,0,NA,NA,NA,NA,Y,NA,A,01,0,0,1,0,0,0,0,0,0,-,-,33.51613,-117.09145,RIVERSIDE,UNINCORPORATED,-117.0916695,33.515946
90537038,2017,2017-08-30,9685,2017-08-25,1615,015957,NA,5,2,4,3312,0,1,3,NA,1,026,SR-74 EB,RITTER AVE,116,E,N,A,-,Y,NA,NA,NA,NA,NA,NA,NA,NA,NA,Y,4,0,1,2,A,-,08,22107,NA,F,D,C,A,A,H,-,A,D,0,NA,NA,NA,NA,Y,NA,D,22,0,0,1,0,0,0,0,0,0,-,-,33.74334,-117.10913,RIVERSIDE,PERRIS,-117.10928968,33.74332
90538702,2017,2017-09-01,9685,2017-08-21,1550,013006,NA,1,2,5,3335,0,1,1,NA,2,030,I-15 NORTHBOUND,RANCHO CALIFORNIA ROAD,2640,N,N,A,-,Y,NA,NA,15,NA,NA,NA,NA,NA,N,N,3,0,1,2,D,-,00,NA,NA,N,B,C,A,A,H,-,A,D,0,NA,NA,Y,NA,Y,NA,-,-,0,1,0,0,0,0,0,0,1,-,-,33.50735,-117.15431,RIVERSIDE,TEMECULA,-117.15420797,33.5073962