CASE_ID,ACCIDENT_YEAR,PROC_DATE,JURIS,COLLISION_DATE,COLLISION_TIME,OFFICER_ID,REPORTING_DISTRICT,DAY_OF_WEEK,CHP_SHIFT,POPULATION,CNTY_CITY_LOC,SPECIAL_COND,BEAT_TYPE,CHP_BEAT_TYPE,CITY_DIVISION_LAPD,CHP_BEAT_CLASS,BEAT_NUMBER,PRIMARY_RD,SECONDARY_RD,DISTANCE,DIRECTION,INTERSECTION,WEATHER_1,WEATHER_2,STATE_HWY_IND,CALTRANS_COUNTY,CALTRANS_DISTRICT,STATE_ROUTE,ROUTE_SUFFIX,POSTMILE_PREFIX,POSTMILE,LOCATION_TYPE,RAMP_INTERSECTION,SIDE_OF_HWY,TOW_AWAY,COLLISION_SEVERITY,NUMBER_KILLED,NUMBER_INJURED,PARTY_COUNT,PRIMARY_COLL_FACTOR,PCF_CODE_OF_VIOL,PCF_VIOL_CATEGORY,PCF_VIOLATION,PCF_VIOL_SUBSECTION,HIT_AND_RUN,TYPE_OF_COLLISION,MVIW,PED_ACTION,ROAD_SURFACE,ROAD_COND_1,ROAD_COND_2,LIGHTING,CONTROL_DEVICE,CHP_ROAD_TYPE,PEDESTRIAN_ACCIDENT,BICYCLE_ACCIDENT,MOTORCYCLE_ACCIDENT,TRUCK_ACCIDENT,NOT_PRIVATE_PROPERTY,ALCOHOL_INVOLVED,STWD_VEHTYPE_AT_FAULT,CHP_VEHTYPE_AT_FAULT,COUNT_SEVERE_INJ,COUNT_VISIBLE_INJ,COUNT_COMPLAINT_PAIN,COUNT_PED_KILLED,COUNT_PED_INJURED,COUNT_BICYCLIST_KILLED,COUNT_BICYCLIST_INJURED,COUNT_MC_KILLED,COUNT_MC_INJURED,PRIMARY_RAMP,SECONDARY_RAMP,LATITUDE,LONGITUDE,COUNTY,CITY,POINT_X,POINT_Y
90863249,2018,2018-11-19,9840,2018-11-05,0745,017441,NA,1,1,6,3394,0,1,3,NA,2,025,SR-60 W/B,INDIAN ST,105,E,N,A,-,Y,NA,NA,60,NA,NA,NA,NA,NA,W,Y,3,0,4,2,A,-,03,22350,NA,N,C,C,A,A,H,-,A,D,0,NA,NA,NA,NA,Y,NA,A,01,0,1,3,0,0,0,0,0,0,-,-,33.94116973876953,-117.23468017578124,RIVERSIDE,MORENO VALLEY,-117.23468017578124,33.941200256347656
90867036,2018,2018-12-10,9630,2018-10-14,1415,020445,NA,7,2,9,3300,0,1,3,NA,2,086,STATE ROUTE 86 NORTHBOUND,85TH AVENUE,560,N,N,A,-,Y,NA,NA,86,NA,NA,NA,NA,NA,N,Y,1,1,4,1,A,-,08,22107,NA,N,E,I,A,A,H,-,A,D,0,NA,NA,NA,NA,Y,NA,A,07,0,2,2,0,0,0,0,0,0,-,-,33.43217086791992,-116.0659637451172,RIVERSIDE,UNINCORPORATED,-116.0658950805664,33.43224334716797
90868439,2018,2018-11-27,9840,2018-11-19,1331,019219,NA,1,1,7,3313,0,1,1,NA,2,023,I-215 SOUTHBOUND,MARTIN LUTHER KING BOULEVARD,1320,N,N,A,-,Y,NA,NA,215,NA,NA,NA,NA,NA,S,Y,4,0,2,2,A,-,03,22350,NA,N,C,C,A,A,H,-,A,D,0,NA,NA,NA,NA,Y,NA,A,01,0,0,2,0,0,0,0,0,0,-,-,33.96736145019531,-117.32778930664063,RIVERSIDE,RIVERSIDE,-117.32772827148438,33.96739196777344
90868464,2018,2018-11-27,9840,2018-11-19,1032,017802,NA,1,1,6,3394,0,1,3,NA,2,025,SR-60 E/B,NASON ST.,2200,W,N,A,-,Y,NA,NA,NA,NA,NA,NA,NA,NA,NA,Y,3,0,1,1,A,-,08,22107,NA,N,F,I,A,A,H,-,A,D,0,NA,NA,NA,NA,Y,NA,A,01,0,1,0,0,0,0,0,0,0,-,-,33.93191909790039,-117.19905090332033,RIVERSIDE,MORENO VALLEY,-117.19879150390624,33.93915939331055
9086939,2020,2020-06-16,3315,2020-03-01,1207,003718,13F,7,5,6,3315,0,0,0,NA,0,003,FOOTHILL PKWY,RIMPAU AV,0,NA,Y,B,-,N,NA,NA,NA,NA,NA,NA,NA,NA,NA,Y,4,0,1,4,A,-,12,21453,A,N,D,C,A,A,H,-,A,A,0,NA,NA,NA,NA,Y,NA,A,01,0,0,1,0,0,0,0,0,0,-,-,33.83353042602539,-117.55050659179688,RIVERSIDE,CORONA,-117.5498275756836,33.83462905883789
90870570,2018,2018-11-29,9655,2018-11-23,1700,019484,NA,5,2,3,3302,0,1,1,NA,2,202,I-10 E/B FROM BEAUMONT AVE,BEAUMONT AVE,475,E,N,A,-,Y,NA,NA,10,NA,NA,NA,R,NA,E,Y,4,0,2,2,A,-,03,22350,NA,N,C,C,A,A,H,-,D,A,0,NA,NA,NA,NA,Y,NA,A,01,0,0,2,0,0,0,0,0,0,-,-,33.926719665527344,-116.97557067871094,RIVERSIDE,BEAUMONT,-116.97557067871094,33.926719665527344
90874049,2018,2018-12-03,9840,2018-11-26,1753,020220,NA,1,2,7,3313,0,1,3,NA,2,010,SR-60 W/B,MAIN ST,400,W,N,A,-,Y,NA,NA,60,NA,NA,NA,NA,NA,W,Y,3,0,2,2,A,-,03,22350,NA,N,C,C,A,A,H,-,D,D,0,NA,NA,NA,NA,Y,NA,A,01,0,1,1,0,0,0,0,0,0,-,-,33.997310638427734,-117.36624145507813,RIVERSIDE,RIVERSIDE,-117.36628723144533,33.99720001220703
90875888,2018,2018-12-05,9685,2018-11-21,1747,017285,NA,3,2,4,3342,0,1,1,NA,2,030,I-15 N/B,WINCHESTER ROAD,8976,N,N,A,-,Y,NA,NA,15,NA,NA,NA,NA,NA,N,Y,4,0,3,2,A,-,07,21658,A,N,C,C,A,A,H,-,D,D,0,NA,NA,NA,NA,Y,NA,A,01,0,0,3,0,0,0,0,0,0,-,-,33.5430793762207,-117.17630004882813,RIVERSIDE,MURRIETA,-117.17639923095705,33.54301071166992
90876150,2018,2018-12-05,9840,2018-11-26,0555,017893,NA,1,3,9,3300,0,3,5,NA,2,003,EL CERRITIO RD,I-15 N/B,66,E,N,A,-,Y,NA,NA,NA,NA,NA,NA,NA,NA,NA,Y,3,0,2,2,A,-,12,21453,A,N,A,C,A,A,H,-,B,A,0,NA,NA,NA,NA,Y,NA,D,22,0,1,1,0,0,0,0,0,0,-,-,33.83219909667969,-117.529296875,RIVERSIDE,UNINCORPORATED,NA,NA
90876470,2018,2018-12-05,9655,2018-11-29,1254,017000,NA,4,1,9,3300,0,3,5,NA,2,002,BONITA AVE.,MAGNOLIA AVE.,379,E,N,B,C,N,NA,NA,NA,NA,NA,NA,NA,NA,NA,Y,3,0,2,1,A,-,08,22107,NA,N,F,A,A,B,H,-,A,D,0,NA,NA,NA,NA,Y,NA,A,07,0,2,0,0,0,0,0,0,0,-,-,33.914180755615234,-116.79897308349608,RIVERSIDE,UNINCORPORATED,-116.7990264892578,33.9141960144043
90876754,2018,2018-12-06,9840,2018-11-27,1520,021198,NA,2,2,9,3300,0,3,5,NA,2,003,KNABE RD,GARDENIA DR,50,N,N,A,-,N,NA,NA,NA,NA,NA,NA,NA,NA,NA,N,4,0,1,2,A,-,03,22350,NA,N,C,C,A,A,H,-,C,D,0,NA,NA,NA,NA,Y,NA,D,22,0,0,1,0,0,0,0,0,0,-,-,33.78097915649414,-117.50269317626952,RIVERSIDE,UNINCORPORATED,-117.5025634765625,33.7808723449707
90878629,2018,2018-12-10,9840,2018-11-30,1708,015444,NA,5,2,6,3345,0,1,1,NA,2,011,I-15 N/B,LIMONITE AVENUE,40,S,N,A,-,Y,NA,NA,15,NA,NA,NA,NA,NA,N,N,4,0,1,2,A,-,08,22107,NA,N,B,C,A,A,H,-,B,D,0,NA,NA,NA,Y,Y,NA,G,25,0,0,1,0,0,0,0,0,0,-,-,33.9752197265625,-117.54866790771484,RIVERSIDE,JURUPA VALLEY,-117.54875183105467,33.9752197265625
90878773,2018,2018-12-10,9840,2018-11-30,2055,021298,NA,5,2,6,3394,0,1,3,NA,2,025,SR-60 W/B,PERRIS BLVD,3379,E,N,A,-,Y,NA,NA,60,NA,NA,NA,NA,NA,W,Y,3,0,1,1,A,-,08,22107,NA,N,E,I,A,A,H,-,D,D,0,NA,NA,NA,NA,Y,NA,A,01,0,1,0,0,0,0,0,0,0,-,-,33.93925094604492,-117.21504974365234,RIVERSIDE,MORENO VALLEY,-117.21504974365234,33.939308166503906
9087966,2020,2020-11-13,3300,2020-05-20,0550,4097,002,3,5,6,3345,0,0,0,NA,0,010,JURUPA RD,VAN BUREN BL,982,E,N,B,-,N,NA,NA,NA,NA,NA,NA,NA,NA,NA,N,4,0,1,2,A,-,08,22107,NA,N,A,C,A,A,H,-,B,D,0,NA,NA,NA,NA,Y,NA,D,22,0,0,1,0,0,0,0,0,0,-,-,33.997169494628906,-117.48551940917967,RIVERSIDE,JURUPA VALLEY,-117.48239135742188,33.997802734375
90879983,2018,2018-12-11,9840,2018-12-02,0059,018849,NA,7,3,4,3344,0,1,3,NA,2,010,SR-60 E/B,MILIKEN AVE.,255,E,N,A,-,Y,NA,NA,60,NA,NA,NA,NA,NA,E,Y,2,0,2,1,A,-,08,22107,NA,N,E,I,A,A,H,-,C,D,0,NA,NA,NA,NA,Y,NA,A,07,2,0,0,0,0,0,0,0,0,-,-,34.02326965332031,-117.55699920654295,RIVERSIDE,EASTVALE,-117.5569305419922,34.02350616455078
90881235,2018,2018-12-12,9685,2018-12-03,1112,017535,NA,1,1,5,3341,0,1,1,NA,2,020,I215 SOUTHBOUND,SR-74 (LOWER),200,N,N,A,-,Y,NA,NA,NA,NA,NA,NA,NA,NA,NA,N,4,0,1,3,A,-,03,22350,NA,N,C,C,A,A,H,-,A,D,0,NA,NA,NA,NA,Y,NA,A,08,0,0,1,0,0,0,0,0,0,-,-,33.75614929199219,-117.18913269042967,RIVERSIDE,MENIFEE,-117.18917846679688,33.75471878051758
90881502,2018,2018-12-12,9685,2018-12-03,0630,015757,NA,1,1,9,3300,0,1,3,NA,1,012,SR-74,WASSON CANYON RD,400,W,N,A,-,Y,NA,NA,74,NA,NA,NA,NA,NA,NA,N,4,0,1,2,A,-,03,22350,NA,F,C,C,A,A,H,-,B,A,0,NA,NA,NA,NA,Y,NA,A,01,0,0,1,0,0,0,0,0,0,-,-,33.71574020385742,-117.30158996582033,RIVERSIDE,UNINCORPORATED,-117.30159759521484,33.715763092041016
90881890,2018,2018-12-13,9840,2018-12-04,0920,017893,NA,2,1,6,3315,0,1,1,NA,2,034,I-15 N/B,TEMESCAL CANYON RD,4170,N,N,A,-,Y,NA,NA,NA,NA,NA,NA,NA,NA,NA,Y,4,0,1,4,A,-,03,22350,NA,N,C,C,A,A,H,-,A,D,0,NA,NA,NA,NA,Y,NA,A,01,0,0,1,0,0,0,0,0,0,-,-,33.78670120239258,-117.493896484375,RIVERSIDE,CORONA,-117.49375915527344,33.78691101074219
90882985,2018,2018-12-14,9840,2018-12-11,1819,019719,NA,2,2,6,3345,0,1,1,NA,2,011,I-15 N/B,RIVERSIDE DR,361,N,N,A,-,Y,NA,NA,15,NA,NA,NA,NA,NA,N,N,4,0,3,3,A,-,03,22350,NA,N,C,C,A,A,H,-,C,D,0,NA,NA,NA,NA,Y,NA,A,07,0,0,3,0,0,0,0,0,0,-,-,34.019771575927734,-117.550048828125,RIVERSIDE,JURUPA VALLEY,-117.55006408691406,34.019771575927734
90883113,2018,2018-12-14,9685,2018-12-07,1950,016185,NA,5,2,9,3300,0,3,5,NA,2,002,LEON ROAD,CRAIG AVENUE,781,S,N,A,-,N,NA,NA,NA,NA,NA,NA,NA,NA,NA,Y,3,0,2,1,A,-,01,23152,A,N,E,I,A,A,H,-,D,D,0,NA,NA,NA,NA,Y,Y,D,22,0,2,0,0,0,0,0,0,0,-,-,33.6609992980957,-117.19290161132813,RIVERSIDE,UNINCORPORATED,-117.11930084228516,33.66115951538086
90884151,2018,2018-12-17,9685,2018-12-06,0830,015906,NA,4,1,9,3300,0,3,5,NA,2,003,WASHINGTON STREET,COTTONWOOD ROAD,0,NA,Y,B,C,N,NA,NA,NA,NA,NA,NA,NA,NA,NA,Y,4,0,1,2,A,-,12,21453,A,N,D,C,A,B,H,-,A,A,0,NA,NA,NA,NA,Y,NA,D,22,0,0,1,0,0,0,0,0,0,-,-,33.617000579833984,-117.08788299560548,RIVERSIDE,UNINCORPORATED,-117.08780670166016,33.616920471191406
90884762,2018,2018-12-17,9840,2018-12-07,1646,014335,NA,5,2,9,3300,0,3,5,NA,2,004,SANTA ROSA MINE RD,LAKE MATHEWS DR,0,NA,Y,A,-,N,NA,NA,NA,NA,NA,NA,NA,NA,NA,Y,4,0,1,3,A,-,09,21801,A,N,D,C,A,A,H,-,C,A,0,NA,NA,NA,NA,Y,NA,A,01,0,0,1,0,0,0,0,0,0,-,-,33.79288864135742,-117.35904693603516,RIVERSIDE,UNINCORPORATED,-117.359047,33.792888
90884867,2018,2018-12-18,9840,2018-12-07,1349,018611,NA,5,1,9,3300,0,1,3,NA,1,038,SR-71 S/B,SANTA ANA RIVER,7030,N,N,A,-,Y,NA,NA,71,NA,NA,NA,NA,NA,S,Y,4,0,1,2,A,-,07,21658,A,N,B,C,A,A,H,-,A,D,0,NA,NA,Y,NA,Y,NA,A,01,0,0,1,0,0,0,0,0,1,-,-,33.90393829345703,-117.64808654785156,RIVERSIDE,UNINCORPORATED,-117.64763641357422,33.90409469604492
90885185,2018,2018-12-18,9655,2018-12-07,2310,019267,NA,5,3,9,3300,0,3,5,NA,2,003,STETSON AVE,SAN JACINTO ST,0,NA,Y,A,-,N,NA,NA,NA,NA,NA,NA,NA,NA,NA,Y,3,0,2,2,A,-,12,21453,A,M,D,C,A,A,H,-,C,A,0,NA,NA,NA,NA,Y,Y,A,07,0,1,1,0,0,0,0,0,0,-,-,33.72949981689453,-116.9585189819336,RIVERSIDE,UNINCORPORATED,-116.95854949951172,33.72943878173828
90886313,2018,2018-12-19,9840,2018-12-09,0350,018072,NA,7,3,4,3310,0,1,1,NA,2,011,I-15 S/B,HIDDEN VALLEY PKY,1200,N,N,A,-,Y,NA,NA,15,NA,NA,NA,NA,NA,S,Y,4,0,1,2,A,-,01,23152,A,N,C,D,A,A,D,-,D,D,0,NA,NA,NA,NA,Y,Y,A,01,0,0,1,0,0,0,0,0,0,-,-,33.9049186706543,-117.5600814819336,RIVERSIDE,NORCO,-117.55998992919922,33.90489959716797
90886658,2018,2018-12-19,9655,2018-12-11,1140,013757,NA,2,1,9,3300,0,1,3,NA,1,314,SR-74,MPM 50.5,200,E,N,A,-,Y,NA,NA,74,NA,NA,NA,NA,NA,NA,Y,2,0,1,1,A,-,08,22107,NA,N,F,A,A,A,H,-,A,D,0,NA,NA,Y,NA,Y,NA,C,02,1,0,0,0,0,0,0,0,1,-,-,33.724700927734375,-116.8046875,RIVERSIDE,UNINCORPORATED,-116.80467987060548,33.724708557128906
90886762,2018,2018-12-20,9630,2018-12-13,1645,019860,NA,4,2,9,3300,0,2,S,NA,2,404,RAMON RD,THOUSAND PALMS CANYON RD,20,W,N,A,-,N,NA,NA,NA,NA,NA,NA,NA,NA,NA,Y,4,0,1,2,A,-,09,21801,A,N,D,C,A,A,H,-,B,D,0,NA,NA,NA,NA,Y,Y,A,01,0,0,1,0,0,0,0,0,0,-,-,33.81663131713867,-116.32682800292967,RIVERSIDE,UNINCORPORATED,-116.326828,33.816609
90886927,2018,2018-12-20,9660,2018-12-14,2043,19456,NA,5,2,9,3300,0,1,S,NA,2,177,RT 177,COXCOMB MONUMENT ROAD,25344,S,N,A,-,Y,NA,NA,177,NA,NA,NA,NA,NA,NA,Y,2,0,2,1,A,-,08,22107,NA,N,F,A,A,A,H,-,D,D,0,NA,NA,NA,Y,Y,NA,G,25,1,0,1,0,0,0,0,0,0,-,-,33.83803176879883,-115.25592041015624,RIVERSIDE,UNINCORPORATED,-115.25601196289063,33.83806228637695
90887202,2018,2018-12-20,9840,2018-12-18,0455,014366,NA,2,3,4,3307,0,1,1,NA,2,037,I-15 S/B,SR-74,1056,N,N,A,-,Y,NA,NA,15,NA,NA,NA,NA,NA,S,Y,3,0,1,2,A,-,08,22107,NA,N,C,C,A,A,H,-,D,D,0,NA,NA,NA,Y,Y,NA,F,26,0,1,0,0,0,0,0,0,0,-,-,33.69940185546875,-117.34784698486328,RIVERSIDE,LAKE ELSINORE,-117.34783935546876,33.69941711425781
90887555,2018,2018-12-21,9840,2018-12-13,0440,020210,NA,4,3,4,3310,0,1,1,NA,2,011,I-15 N/B,SIXTH ST,2000,S,N,A,-,Y,NA,NA,15,NA,NA,NA,NA,NA,N,N,4,0,1,3,A,-,03,22350,NA,F,C,C,A,A,D,-,D,D,0,NA,NA,NA,NA,Y,NA,-,99,0,0,1,0,0,0,0,0,0,-,-,33.93301010131836,-117.5559310913086,RIVERSIDE,NORCO,-117.55591583251952,33.93301010131836
90887857,2018,2018-12-21,9685,2018-12-16,0750,016502,NA,7,1,9,3300,0,1,3,NA,2,011,SR-74,GRAND AVE.,5808,W,N,A,-,Y,NA,NA,74,NA,NA,NA,NA,NA,NA,Y,2,0,1,1,A,-,08,22107,NA,N,E,I,A,A,H,-,A,D,0,NA,NA,Y,NA,Y,NA,C,02,1,0,0,0,0,0,0,0,1,-,-,33.647300720214844,-117.37249755859376,RIVERSIDE,UNINCORPORATED,-117.37248229980467,33.647335052490234
90887969,2018,2018-12-21,9630,2018-12-11,0900,020996,NA,2,1,4,3309,0,1,1,NA,2,021,I-10 W/B,JEFFERSON STREET,1584,W,N,B,-,Y,NA,NA,10,NA,NA,NA,NA,NA,W,Y,3,0,1,1,A,-,08,22107,NA,N,E,I,A,A,H,-,A,D,0,NA,NA,NA,NA,Y,NA,A,01,0,1,0,0,0,0,0,0,0,-,-,33.751678466796875,-116.27684783935548,RIVERSIDE,INDIO,-116.27686309814452,33.75164794921875
90889088,2018,2018-12-24,9630,2018-12-21,1520,020445,NA,5,2,9,3300,0,2,S,NA,2,504,66TH AVENUE,MARTINEZ ROAD,3168,E,N,A,-,N,NA,NA,NA,NA,NA,NA,NA,NA,NA,N,4,0,1,2,A,-,03,22350,NA,N,B,C,A,A,H,-,A,D,0,NA,NA,NA,NA,Y,NA,A,07,0,0,1,0,0,0,0,0,0,-,-,33.56925964355469,-116.1443328857422,RIVERSIDE,UNINCORPORATED,-116.14403533935548,33.56922149658203
90891281,2018,2018-12-27,9685,2018-12-22,1609,017285,NA,6,2,9,3300,0,3,5,NA,2,003,ORCHID DRIVE,JASPER STREET,0,NA,Y,A,-,N,NA,NA,NA,NA,NA,NA,NA,NA,NA,N,3,0,1,2,A,-,12,22450,A,N,D,G,A,A,H,-,A,A,0,NA,Y,NA,NA,Y,NA,L,04,0,1,0,0,0,0,1,0,0,-,-,33.61043930053711,-117.09957122802734,RIVERSIDE,UNINCORPORATED,-117.099609375,33.610408782958984
90891654,2018,2018-12-27,9840,2018-12-18,1030,012208,NA,2,1,7,3313,0,1,3,NA,2,010,SR-60 W/B {RIVERSIDE FREEWAY},MAIN ST,1006,W,N,B,-,Y,NA,NA,NA,NA,NA,NA,NA,NA,NA,Y,4,0,1,4,A,-,07,21658,A,N,C,C,A,A,H,-,A,D,0,NA,NA,NA,NA,Y,NA,D,22,0,0,1,0,0,0,0,0,0,-,-,33.99776077270508,-117.35784912109376,RIVERSIDE,RIVERSIDE,NA,NA
90891737,2018,2018-12-27,9630,2018-12-14,2010,022177,NA,5,2,9,3300,0,1,3,NA,2,015,STATE ROUTE 62 W/B (29 PALMS HIGHWAY),HESS BOULEVARD,5808,W,N,A,-,Y,NA,NA,NA,NA,NA,NA,NA,NA,NA,Y,2,0,2,3,A,-,01,23152,A,N,A,C,A,A,H,-,D,D,0,NA,NA,NA,NA,Y,Y,A,01,1,0,1,0,0,0,0,0,0,-,-,34.03041076660156,-116.59024810791016,RIVERSIDE,UNINCORPORATED,NA,NA
90893171,2018,2018-12-28,9685,2018-12-23,0145,016724,NA,7,3,9,3300,0,1,3,NA,1,012,SR-74 WESTBOUND,PEACH ST,360,E,N,A,-,Y,NA,NA,74,NA,NA,NA,NA,NA,W,Y,2,0,1,1,A,-,08,22107,NA,N,E,J,A,A,H,-,D,D,0,NA,NA,NA,NA,Y,NA,A,01,1,0,0,0,0,0,0,0,0,-,-,33.72111129760742,-117.29460906982422,RIVERSIDE,UNINCORPORATED,-117.29473876953124,33.72121047973633
90893565,2018,2018-12-28,9840,2018-12-16,1725,021298,NA,7,2,9,3300,0,1,1,NA,2,023,I-215 N/B,CENTRAL AVE,200,S,N,A,-,Y,NA,NA,215,NA,NA,NA,NA,NA,N,Y,4,0,1,2,A,-,08,22107,NA,F,B,C,A,A,H,-,D,D,0,NA,NA,Y,NA,Y,NA,-,99,0,0,1,0,0,0,0,0,1,-,-,33.95819854736328,-117.30840301513672,RIVERSIDE,UNINCORPORATED,-117.3083724975586,33.95823287963867
90894682,2018,2018-12-31,9840,2018-12-20,1303,017504,NA,4,1,9,3300,0,3,5,NA,2,004,MURAL ST.,UNA ST.,182,W,N,A,-,N,NA,NA,NA,NA,NA,NA,NA,NA,NA,N,3,0,1,2,A,-,09,21804,A,N,A,C,A,A,H,-,A,D,0,NA,Y,NA,NA,Y,NA,L,04,0,1,0,0,0,0,1,0,0,-,-,33.83333969116211,-117.31011199951172,RIVERSIDE,UNINCORPORATED,-117.31005096435548,33.83332443237305
90894932,2018,2018-12-31,9840,2018-12-19,1750,019527,NA,3,2,7,3313,0,1,3,NA,2,020,SR-91 W/B,LA SIERRA AVE,900,E,N,A,-,Y,NA,NA,91,NA,NA,NA,NA,NA,W,Y,4,0,1,2,A,-,03,22350,NA,N,C,C,A,A,H,-,C,D,0,NA,NA,NA,NA,Y,NA,A,01,0,0,1,0,0,0,0,0,0,-,-,33.900909423828125,-117.47042083740234,RIVERSIDE,RIVERSIDE,-117.47042846679688,33.90095901489258
90897896,2018,2019-01-04,9840,2018-12-19,1750,014335,NA,3,2,9,3300,0,3,5,NA,2,002,IOWA AVE,LA CADENA EAST,0,NA,Y,A,-,N,NA,NA,NA,NA,NA,NA,NA,NA,NA,Y,4,0,1,2,A,-,09,21802,A,N,D,C,A,A,H,-,C,A,0,NA,NA,NA,NA,Y,NA,A,01,0,0,1,0,0,0,0,0,0,-,-,34.0181999206543,-117.33989715576172,RIVERSIDE,UNINCORPORATED,-117.3397216796875,34.018760681152344
90898542,2018,2019-01-07,9840,2018-12-28,2150,020262,NA,5,2,9,3300,0,3,5,NA,2,004,MARTIN ST.,DECKER RD,115,E,N,A,-,N,NA,NA,NA,NA,NA,NA,NA,NA,NA,Y,4,0,1,1,A,-,08,22107,NA,N,F,A,A,A,H,-,D,D,0,NA,NA,NA,NA,Y,NA,D,22,0,0,1,0,0,0,0,0,0,-,-,33.844539642333984,-117.26651763916016,RIVERSIDE,UNINCORPORATED,-117.2677001953125,33.84454345703125
90898834,2018,2019-01-07,9655,2018-12-28,2250,021008,NA,5,3,3,3302,0,1,3,NA,2,212,STATE ROUTE 60 WESTBOUND,INTERSTATE 10,838,W,N,A,-,Y,NA,NA,60,NA,NA,NA,NA,NA,W,Y,4,0,2,1,A,-,07,21658,A,N,E,I,A,A,H,-,C,D,0,NA,NA,NA,NA,Y,NA,A,01,0,0,2,0,0,0,0,0,0,-,-,33.9334716796875,-116.9969482421875,RIVERSIDE,BEAUMONT,-116.99695587158205,33.933406829833984
9090017,2019,2020-05-14,3308,2019-12-04,1113,10610,515,3,5,5,3308,0,0,0,NA,0,NORTH,DEVONSHIRE AV,KIRBY ST,40,E,N,C,-,N,NA,NA,NA,NA,NA,NA,NA,NA,NA,Y,4,0,1,2,A,-,03,22350,NA,F,C,C,A,B,H,-,A,A,0,NA,NA,NA,NA,Y,NA,A,01,0,0,1,0,0,0,0,0,0,-,-,33.75115966796875,-116.99781799316406,RIVERSIDE,HEMET,-116.99769592285156,33.75102233886719
90901210,2019,2019-01-09,9685,2019-01-02,1435,015957,NA,3,2,9,3300,0,3,5,NA,2,003,WILLOWS ST,CARDIFF AVE,25,W,N,A,-,N,NA,NA,NA,NA,NA,NA,NA,NA,NA,Y,4,0,1,2,A,-,03,22350,NA,N,C,C,A,A,H,-,A,A,0,NA,NA,NA,NA,Y,NA,A,01,0,0,1,0,0,0,0,0,0,-,-,33.54431915283203,-117.13516235351563,RIVERSIDE,UNINCORPORATED,-117.13525390625,33.544281005859375
90902349,2019,2019-01-11,9655,2019-01-08,1250,018336,NA,2,1,9,3300,0,3,5,NA,2,003,DARTMOUTH ST,JOHNSTON AVE,235,N,N,A,-,N,NA,NA,NA,NA,NA,NA,NA,NA,NA,Y,3,0,3,2,A,-,03,22350,NA,N,E,I,A,A,H,-,A,D,0,NA,NA,NA,NA,Y,NA,A,01,0,1,2,0,0,0,0,0,0,-,-,33.73405075073242,-116.93695068359376,RIVERSIDE,UNINCORPORATED,-116.93682861328124,33.733821868896484
90904145,2019,2019-01-14,9655,2019-01-06,1055,020963,NA,7,1,9,3300,0,1,3,NA,2,212,SR-60 E/B,JACK RABBIT TRAIL,10560,W,N,B,-,Y,NA,NA,60,NA,NA,NA,NA,NA,E,Y,4,0,1,1,A,-,08,22107,NA,N,E,I,A,A,H,-,A,D,0,NA,NA,NA,NA,Y,NA,A,07,0,0,1,0,0,0,0,0,0,-,-,33.946449279785156,-117.06613159179688,RIVERSIDE,UNINCORPORATED,-117.0661163330078,33.946380615234375
90904622,2018,2019-01-15,9840,2018-08-11,2055,021298,NA,6,2,9,3300,0,2,4,NA,2,045,LA SIERRA AVE,CAJALCO RD,5808,N,N,A,-,N,NA,NA,NA,NA,NA,NA,NA,NA,NA,Y,1,1,1,1,A,-,01,23152,A,N,E,I,A,A,H,-,D,D,0,NA,NA,NA,NA,Y,Y,A,01,1,0,0,0,0,0,0,0,0,-,-,33.844200134277344,-117.46402740478516,RIVERSIDE,UNINCORPORATED,-117.46400451660156,33.843711853027344
90905440,2019,2019-01-16,9840,2019-01-11,1855,018564,NA,5,2,9,3300,0,1,3,NA,1,038,SR-71 S/B,SANTA ANA RIVER,6547,N,N,B,-,N,NA,NA,71,NA,NA,NA,NA,NA,S,Y,4,0,3,2,A,-,03,22350,NA,N,C,C,A,A,H,-,D,D,0,NA,NA,NA,NA,Y,NA,D,22,0,0,3,0,0,0,0,0,0,-,-,33.901100158691406,-117.64681243896484,RIVERSIDE,UNINCORPORATED,-117.6467514038086,33.90110778808594
90906381,2019,2019-01-17,9840,2019-01-14,1335,017802,NA,1,1,7,3313,0,1,1,NA,2,023,I-215 N/B,CENTRAL AVE,3000,N,N,C,-,Y,NA,NA,215,NA,NA,NA,NA,NA,N,N,4,0,1,2,A,-,03,22350,NA,N,C,C,A,B,H,-,A,D,0,NA,NA,NA,NA,Y,NA,A,01,0,0,1,0,0,0,0,0,0,-,-,33.96133041381836,-117.3198013305664,RIVERSIDE,RIVERSIDE,-117.31970977783205,33.96159744262695