CASE_ID,ACCIDENT_YEAR,PROC_DATE,JURIS,COLLISION_DATE,COLLISION_TIME,OFFICER_ID,REPORTING_DISTRICT,DAY_OF_WEEK,CHP_SHIFT,POPULATION,CNTY_CITY_LOC,SPECIAL_COND,BEAT_TYPE,CHP_BEAT_TYPE,CITY_DIVISION_LAPD,CHP_BEAT_CLASS,BEAT_NUMBER,PRIMARY_RD,SECONDARY_RD,DISTANCE,DIRECTION,INTERSECTION,WEATHER_1,WEATHER_2,STATE_HWY_IND,CALTRANS_COUNTY,CALTRANS_DISTRICT,STATE_ROUTE,ROUTE_SUFFIX,POSTMILE_PREFIX,POSTMILE,LOCATION_TYPE,RAMP_INTERSECTION,SIDE_OF_HWY,TOW_AWAY,COLLISION_SEVERITY,NUMBER_KILLED,NUMBER_INJURED,PARTY_COUNT,PRIMARY_COLL_FACTOR,PCF_CODE_OF_VIOL,PCF_VIOL_CATEGORY,PCF_VIOLATION,PCF_VIOL_SUBSECTION,HIT_AND_RUN,TYPE_OF_COLLISION,MVIW,PED_ACTION,ROAD_SURFACE,ROAD_COND_1,ROAD_COND_2,LIGHTING,CONTROL_DEVICE,CHP_ROAD_TYPE,PEDESTRIAN_ACCIDENT,BICYCLE_ACCIDENT,MOTORCYCLE_ACCIDENT,TRUCK_ACCIDENT,NOT_PRIVATE_PROPERTY,ALCOHOL_INVOLVED,STWD_VEHTYPE_AT_FAULT,CHP_VEHTYPE_AT_FAULT,COUNT_SEVERE_INJ,COUNT_VISIBLE_INJ,COUNT_COMPLAINT_PAIN,COUNT_PED_KILLED,COUNT_PED_INJURED,COUNT_BICYCLIST_KILLED,COUNT_BICYCLIST_INJURED,COUNT_MC_KILLED,COUNT_MC_INJURED,PRIMARY_RAMP,SECONDARY_RAMP,LATITUDE,LONGITUDE,COUNTY,CITY,POINT_X,POINT_Y
91059804,2019,2019-08-26,9655,2019-08-18,0415,019462,NA,7,3,9,3300,0,1,1,NA,2,206,I-10 E/B,MAIN STREET,10032,E,N,A,-,Y,NA,NA,10,NA,NA,NA,NA,NA,E,Y,4,0,1,2,A,-,07,21658,A,N,B,C,A,A,H,-,D,D,0,NA,NA,NA,NA,Y,NA,A,01,0,0,1,0,0,0,0,0,0,-,-,33.92148971557617,-116.7466278076172,RIVERSIDE,UNINCORPORATED,-116.7466278076172,33.92148208618164
91061106,2019,2019-08-28,9840,2019-08-08,1307,019874,NA,4,1,7,3313,0,1,3,NA,2,025,SR-60 W/B,DAY ST.,50,W,N,A,-,Y,NA,NA,60,NA,NA,NA,NA,NA,W,N,4,0,2,2,A,-,04,21703,NA,N,C,C,A,A,H,-,A,D,0,NA,NA,NA,NA,Y,NA,A,01,0,0,2,0,0,0,0,0,0,-,-,33.94287872314453,-117.27951049804688,RIVERSIDE,RIVERSIDE,-117.2795181274414,33.94282150268555
91061285,2019,2019-08-28,9840,2019-08-18,1335,017037,NA,7,1,7,3313,0,1,3,NA,2,020,SR-91 E/B,BUCHANAN ST,1000,E,N,A,-,Y,NA,NA,91,NA,NA,NA,NA,NA,E,Y,3,0,1,2,A,-,03,22350,NA,N,C,C,A,A,H,-,A,D,0,NA,NA,NA,NA,Y,NA,A,01,0,1,0,0,0,0,0,0,0,-,-,33.89548873901367,-117.498779296875,RIVERSIDE,RIVERSIDE,-117.49868774414063,33.895286560058594
91062495,2019,2019-08-29,9685,2019-08-20,1847,015957,NA,2,2,9,3300,0,1,3,NA,1,031,WINCHESTER RD,THOMPSON RD,1000,S,N,A,-,Y,NA,NA,79,NA,NA,NA,NA,NA,NA,Y,4,0,1,2,A,-,03,22350,NA,N,C,C,A,A,H,-,A,A,0,NA,NA,NA,NA,Y,NA,A,01,0,0,1,0,0,0,0,0,0,-,-,33.597511291503906,-117.11888885498048,RIVERSIDE,UNINCORPORATED,-117.1189193725586,33.5975341796875
91065062,2019,2019-09-02,9685,2019-08-23,1855,015957,NA,5,2,9,3300,0,1,3,NA,1,031,WINCHESTER RD,MURRIETA HOT SPRINGS RD,20,N,N,A,-,Y,NA,NA,79,NA,NA,NA,NA,NA,NA,N,4,0,1,2,A,-,10,21950,A,N,G,B,B,A,H,-,B,A,0,Y,NA,NA,NA,Y,NA,A,01,0,0,1,0,1,0,0,0,0,-,-,33.552818298339844,-117.14024353027344,RIVERSIDE,UNINCORPORATED,-117.1403350830078,33.55284118652344
9106508,2020,2020-07-01,3313,2020-02-21,0010,1526,4,5,5,7,3313,0,0,0,NA,0,1R45,MAGNOLIA AV,OVERLAND ST,0,NA,Y,A,-,N,NA,NA,NA,NA,NA,NA,NA,NA,NA,Y,4,0,2,2,A,-,12,21453,A,N,D,C,A,A,H,-,C,A,0,NA,NA,NA,NA,Y,NA,-,-,0,0,2,0,0,0,0,0,0,-,-,33.9269905090332,-117.43475341796876,RIVERSIDE,RIVERSIDE,-117.43473815917967,33.92713928222656
9106510,2020,2020-06-17,3300,2020-02-25,1535,5550,012C,2,5,4,3344,0,0,0,NA,0,065,CARROLLTON PL,CITRUS ST,8,N,N,A,-,N,NA,NA,NA,NA,NA,NA,NA,NA,NA,NA,4,0,1,2,A,-,09,21802,A,N,D,G,A,A,H,-,A,A,0,NA,Y,NA,NA,Y,NA,A,01,0,0,1,0,0,0,1,0,0,-,-,33.95140838623047,-117.5619888305664,RIVERSIDE,EASTVALE,-117.56215667724608,33.95184326171875
9106564,2020,2020-09-18,3313,2020-06-25,1820,1716,1,4,5,7,3313,0,0,0,NA,0,1R13,ARLINGTON AV,INDIANA AV,0,NA,Y,A,-,Y,RIV,8,91,-,-,17.964,R,4,E,NA,4,0,3,2,A,-,03,22350,NA,F,C,C,A,A,H,-,B,A,0,NA,NA,NA,NA,Y,NA,A,01,0,0,3,0,0,0,0,0,0,-,-,33.94512176513672,-117.38744354248048,RIVERSIDE,RIVERSIDE,-117.38709259033205,33.94758224487305
9106568,2020,2020-09-21,3313,2020-06-01,1157,1666,4,1,5,7,3313,0,0,0,NA,0,2R41,MAGNOLIA AV,JACKSON ST,0,NA,Y,A,-,N,NA,NA,NA,NA,NA,NA,NA,NA,NA,Y,3,0,2,3,A,-,12,21453,A,N,D,C,A,A,H,-,A,A,0,NA,NA,NA,NA,Y,NA,A,01,0,1,1,0,0,0,0,0,0,-,-,33.92451858520508,-117.439208984375,RIVERSIDE,RIVERSIDE,-117.43917846679688,33.92461013793945
91066029,2019,2019-09-03,9840,2019-08-23,2106,021194,NA,5,2,7,3313,0,1,3,NA,2,020,SR-91 E/B,ADAMS STREET,330,W,N,A,-,Y,NA,NA,91,NA,NA,NA,NA,NA,E,N,4,0,1,2,A,-,03,22350,NA,N,C,C,A,A,H,-,D,D,0,NA,NA,NA,NA,Y,NA,A,01,0,0,1,0,0,0,0,0,0,-,-,33.92683029174805,-117.42063903808594,RIVERSIDE,RIVERSIDE,-117.42063903808594,33.926822662353516
91066747,2019,2019-09-04,9840,2019-08-25,0450,017546,NA,7,3,4,3310,0,1,1,NA,2,011,I-15 S/B,DETROIT ST.,250,S,N,A,-,Y,NA,NA,15,NA,NA,NA,NA,NA,S,Y,2,0,1,1,A,-,03,22350,NA,N,E,J,A,A,C,D,C,D,0,NA,NA,Y,NA,Y,NA,C,02,1,0,0,0,0,0,0,0,1,-,-,33.94131088256836,-117.55594635009766,RIVERSIDE,NORCO,-117.55581665039063,33.9412956237793
91068699,2019,2019-09-05,9685,2019-09-01,2132,015957,NA,7,2,9,3300,0,1,3,NA,1,026,SR-74,OLSON AVE,125,E,N,A,-,Y,NA,NA,74,NA,NA,NA,NA,NA,NA,Y,4,0,1,2,A,-,07,21658,A,M,C,C,A,A,H,-,D,D,0,NA,NA,NA,NA,Y,NA,A,01,0,0,1,0,0,0,0,0,0,-,-,33.74277114868164,-117.10379028320313,RIVERSIDE,UNINCORPORATED,-117.1037826538086,33.7427978515625
91070227,2019,2019-09-09,9840,2019-08-25,1438,020535,NA,7,2,9,3300,0,3,5,NA,2,004,MARKHAM ST,CARROLL ST,372,W,N,A,-,N,NA,NA,NA,NA,NA,NA,NA,NA,NA,Y,3,0,1,1,A,-,01,23152,A,N,E,I,A,A,H,-,A,D,0,NA,NA,NA,NA,Y,Y,A,08,0,1,0,0,0,0,0,0,0,-,-,33.85177993774414,-117.28456878662108,RIVERSIDE,UNINCORPORATED,-117.28450012207033,33.85182189941406
91074089,2019,2019-09-13,9840,2019-09-05,0805,018550,NA,4,1,7,3313,0,1,1,NA,2,023,I-215 N/B,BLAINE ST,1901,S,N,A,-,Y,NA,NA,215,NA,NA,NA,NA,NA,N,N,4,0,1,2,A,-,03,22350,NA,N,C,C,A,A,H,-,A,D,0,NA,NA,NA,NA,Y,NA,A,07,0,0,1,0,0,0,0,0,0,-,-,33.97883987426758,-117.33837127685548,RIVERSIDE,RIVERSIDE,-117.33838653564452,33.97882080078125
91074281,2019,2019-09-13,9840,2019-09-11,1345,014571,NA,3,1,9,3300,0,2,4,NA,2,043,RAMONA EXPRESSWAY E/B,RIDER ST.,3696,E,N,A,-,N,NA,NA,NA,NA,NA,NA,NA,NA,NA,Y,4,0,1,2,A,-,03,22350,NA,N,C,C,A,A,H,-,A,D,0,NA,NA,NA,NA,Y,NA,A,01,0,0,1,0,0,0,0,0,0,-,-,33.82659912109375,-117.1697998046875,RIVERSIDE,UNINCORPORATED,-117.16950225830078,33.82681655883789
91074917,2019,2019-09-16,9840,2019-09-11,1500,021297,NA,3,2,4,3310,0,1,1,NA,2,011,I-15 N/B,SECOND ST,1500,S,N,A,-,Y,NA,NA,15,NA,NA,NA,NA,NA,N,Y,3,0,1,2,A,-,03,22350,NA,N,C,C,A,A,H,-,A,D,0,NA,NA,NA,NA,Y,NA,A,08,0,1,0,0,0,0,0,0,0,-,-,33.904178619384766,-117.55970764160156,RIVERSIDE,NORCO,-117.55977630615234,33.904197692871094
91076423,2019,2019-09-17,9685,2019-09-02,1015,014267,NA,1,1,9,3300,0,3,5,NA,2,003,RANCHO CALIFORNIA ROAD,ANZA ROAD,0,NA,Y,A,-,N,NA,NA,NA,NA,NA,NA,NA,NA,NA,N,4,0,1,2,A,-,09,21803,A,N,C,G,A,A,H,-,A,A,0,NA,Y,NA,NA,Y,NA,A,07,0,0,1,0,0,0,1,0,0,-,-,33.53401184082031,-117.05613708496094,RIVERSIDE,UNINCORPORATED,-117.056137,33.534012
91078847,2019,2019-09-19,9655,2019-09-10,1426,018383,NA,2,2,3,3302,0,1,1,NA,2,202,I-10 W/B TO SR-60,VEILE AVE,1400,W,N,A,-,Y,NA,NA,10,NA,NA,NA,R,NA,W,Y,4,0,1,2,A,-,09,21804,A,N,C,C,A,A,H,-,A,D,0,NA,NA,NA,NA,Y,NA,A,01,0,0,1,0,0,0,0,0,0,-,-,33.933048248291016,-116.98925018310548,RIVERSIDE,BEAUMONT,-116.98925018310548,33.933048248291016
91079404,2019,2019-09-20,9655,2019-09-13,1355,018677,NA,5,1,9,3300,0,1,1,NA,2,202,I-10 W/B,SINGLETON AVE,700,E,N,A,-,Y,NA,NA,NA,NA,NA,NA,NA,NA,NA,Y,4,0,3,2,A,-,03,22350,NA,N,C,C,A,A,H,-,A,D,0,NA,NA,NA,NA,Y,NA,D,22,0,0,3,0,0,0,0,0,0,-,-,33.974281311035156,-117.0436782836914,RIVERSIDE,UNINCORPORATED,-117.04877471923828,33.977394104003906
91082483,2019,2019-10-14,9840,2019-09-23,1020,019874,NA,1,1,7,3313,0,1,3,NA,2,021,SR-91 W/B,MADISON ST,60,E,N,A,-,Y,NA,NA,91,NA,NA,NA,NA,NA,W,Y,3,0,4,4,A,-,03,22350,NA,N,C,C,A,A,H,-,A,D,0,NA,NA,NA,NA,Y,NA,A,01,0,1,3,0,0,0,0,0,0,-,-,33.93626022338867,-117.40422058105467,RIVERSIDE,RIVERSIDE,-117.40424346923828,33.93629455566406
91082647,2019,2019-09-25,9685,2019-08-27,0710,015165,NA,2,1,9,3300,0,3,5,NA,2,003,POURROY ROAD,BUENA VENTURA ROAD,0,NA,Y,A,-,N,NA,NA,NA,NA,NA,NA,NA,NA,NA,Y,3,0,2,2,A,-,12,21453,A,N,D,C,A,A,H,-,A,A,0,NA,NA,NA,NA,Y,NA,A,01,0,2,0,0,0,0,0,0,0,-,-,33.57603073120117,-117.10131072998048,RIVERSIDE,UNINCORPORATED,-117.10131072998048,33.5760498046875
9108373,2020,2020-11-13,3313,2020-05-26,1824,1736,5,2,5,7,3313,0,0,0,NA,0,T49,LA SIERRA AV,MINER AV,0,NA,Y,A,-,N,NA,NA,NA,NA,NA,NA,NA,NA,NA,Y,4,0,1,2,-,-,-,NA,A,N,D,C,A,A,H,-,A,A,0,NA,NA,NA,NA,Y,NA,A,01,0,0,1,0,0,0,0,0,0,-,-,33.91530990600586,-117.48602294921876,RIVERSIDE,RIVERSIDE,-117.48592376708984,33.91545867919922
91084151,2019,2019-09-26,9840,2019-09-16,1814,015663,NA,1,2,6,3345,0,1,3,NA,2,010,SR-60 E/B,ETIWANDA AVE,1630,E,N,A,-,Y,NA,NA,NA,NA,NA,NA,NA,NA,NA,Y,4,0,2,3,A,-,08,22107,NA,N,B,C,A,A,H,-,B,D,0,NA,NA,NA,Y,Y,NA,D,22,0,0,2,0,0,0,0,0,0,-,-,33.01824188232422,-117.51892852783205,RIVERSIDE,JURUPA VALLEY,-117.51914215087892,34.018272399902344
91086119,2019,2019-09-30,9630,2019-09-23,0955,020061,NA,1,1,9,3300,0,1,1,NA,2,020,I-10 E/B,PALM DR,200,E,N,A,-,Y,NA,NA,NA,NA,NA,NA,NA,NA,NA,Y,4,0,2,2,A,-,03,22350,NA,N,C,C,A,A,H,-,A,D,0,NA,NA,NA,Y,Y,NA,A,01,0,0,2,0,0,0,0,0,0,-,-,33.878318786621094,-116.50237274169922,RIVERSIDE,UNINCORPORATED,-116.97108459472656,33.93556594848633
91088417,2019,2019-10-02,9630,2019-09-24,0608,018647,NA,2,1,9,3300,0,3,5,NA,2,505,70TH AVE,CLEVELAND ST,2112,W,N,A,-,N,NA,NA,NA,NA,NA,NA,NA,NA,NA,Y,2,0,2,2,A,-,03,22350,NA,N,C,C,A,A,H,-,B,D,0,NA,NA,NA,NA,Y,NA,D,22,1,1,0,0,0,0,0,0,0,-,-,33.54018020629883,-115.98101806640624,RIVERSIDE,UNINCORPORATED,-115.98104858398438,33.5401496887207
91090393,2019,2019-10-04,9840,2019-09-24,0740,014868,NA,2,1,4,3310,0,1,1,NA,2,011,I-15 N/B,FOURTH ST,28,N,N,A,-,Y,NA,NA,15,NA,NA,NA,NA,NA,N,Y,3,0,2,3,A,-,03,22350,NA,N,C,C,A,A,D,-,A,D,0,NA,NA,NA,NA,Y,NA,A,01,0,1,1,0,0,0,0,0,0,-,-,33.924659729003906,-117.55657958984376,RIVERSIDE,NORCO,-117.5563507080078,33.92464828491211
91090438,2019,2019-10-04,9655,2019-09-27,0310,019440,NA,5,3,4,3301,0,1,3,NA,2,213,SR-79 S/B,COUNTY LANDFILL RD,6864,S,N,A,-,N,NA,NA,NA,NA,NA,NA,NA,NA,NA,Y,4,0,1,1,A,-,08,22107,NA,N,E,I,A,B,H,-,C,D,0,NA,NA,NA,NA,Y,NA,A,01,0,0,1,0,0,0,0,0,0,-,-,33.8684196472168,-117.00180053710938,RIVERSIDE,BANNING,-117.00142669677734,33.86842346191406
9109064,2020,2020-11-05,3300,2020-05-17,1500,3536,601C6,7,5,6,3394,0,0,0,NA,0,MV14,PIGEON PASS RD,IRONWOOD AV,280,N,N,A,-,N,NA,NA,NA,NA,NA,NA,NA,NA,NA,N,4,0,2,3,A,-,03,22350,NA,N,C,C,A,A,H,-,A,A,0,NA,NA,NA,NA,Y,NA,A,01,0,0,2,0,0,0,0,0,0,-,-,33.94660949707031,-117.26141357421876,RIVERSIDE,MORENO VALLEY,-117.26148986816406,33.947357177734375
9109071,2020,2020-10-28,3308,2020-05-05,1436,10610,527,2,5,5,3308,0,0,0,NA,0,SOUTH,MAYBERRY AV,SAN JACINTO ST,0,NA,Y,A,-,N,NA,NA,NA,NA,NA,NA,NA,NA,NA,N,3,0,2,2,A,-,09,21802,A,N,D,C,A,A,H,-,A,A,0,NA,NA,NA,NA,Y,NA,A,01,0,1,1,0,0,0,0,0,0,-,-,33.74026870727539,-116.95855712890624,RIVERSIDE,HEMET,-116.95860290527344,33.74034881591797
91090875,2019,2019-10-04,9685,2019-09-25,2050,015360,NA,3,2,5,3335,0,1,1,NA,2,030,I-15 NORTHBOUND,TEMECULA PARKWAY,100,N,N,A,-,Y,NA,NA,NA,NA,NA,NA,NA,NA,NA,Y,4,0,2,2,A,-,03,22350,NA,N,C,C,A,A,H,-,D,D,0,NA,NA,NA,NA,Y,NA,A,01,0,0,2,0,0,0,0,0,0,-,-,33.31267166137695,-117.12676239013672,RIVERSIDE,TEMECULA,NA,NA
91091366,2019,2019-10-07,9630,2019-10-03,1800,021556,NA,4,2,9,3300,0,3,5,NA,2,504,5TH ST,BROWN ST,0,NA,Y,A,-,N,NA,NA,NA,NA,NA,NA,NA,NA,NA,N,4,0,2,2,A,-,09,21802,A,N,D,C,A,A,H,-,A,A,0,NA,NA,NA,NA,Y,NA,A,07,0,0,2,0,0,0,0,0,0,-,-,33.57299041748047,-116.0722885131836,RIVERSIDE,UNINCORPORATED,-117.29591369628906,33.86970901489258
9109222,2020,2020-11-09,3300,2020-05-15,2200,5680,603B1,5,5,6,3394,0,0,0,NA,0,MV34,JOHN F KENNEDY DR,VINEHILL ST,0,NA,Y,A,-,N,NA,NA,NA,NA,NA,NA,NA,NA,NA,NA,3,0,1,1,A,-,08,22103,NA,N,F,A,A,A,H,-,C,D,0,NA,NA,Y,NA,Y,NA,C,02,0,1,0,0,0,0,0,0,1,-,-,33.90266036987305,-117.22959136962892,RIVERSIDE,MORENO VALLEY,-117.22940063476563,33.90275955200195
91092984,2019,2019-10-08,9840,2019-09-12,1040,012208,NA,4,1,9,3300,0,2,4,NA,2,045,CAJALCO ROAD,WOOD ROAD,679,W,N,A,-,N,NA,NA,NA,NA,NA,NA,NA,NA,NA,Y,4,0,1,2,A,-,08,22107,NA,N,D,C,A,A,H,-,A,D,0,NA,NA,NA,NA,Y,NA,A,01,0,0,1,0,0,0,0,0,0,-,-,33.836509704589844,-117.33341979980467,RIVERSIDE,UNINCORPORATED,-117.33334350585938,33.836483001708984
91093564,2019,2019-10-09,9655,2019-09-29,1625,021048,NA,7,2,9,3300,0,3,5,NA,2,003,MOUNTAIN AVE,FLORIDA AVE,111,N,N,A,-,N,NA,NA,NA,NA,NA,NA,NA,NA,NA,Y,4,0,1,2,A,-,01,23152,F,N,C,C,A,A,H,-,A,D,0,NA,NA,NA,NA,Y,NA,D,22,0,0,1,0,0,0,0,0,0,-,-,33.748321533203125,-116.90090942382813,RIVERSIDE,UNINCORPORATED,-116.900733,33.74811
91094147,2019,2019-10-09,9685,2019-09-28,0950,015906,NA,6,1,9,3300,0,1,3,NA,1,039,SR-79,ANZA ROAD,1056,S,N,B,-,Y,NA,NA,79,NA,NA,NA,NA,NA,NA,Y,4,0,2,3,A,-,03,22350,NA,N,C,C,A,A,H,-,A,D,0,NA,NA,NA,NA,Y,NA,D,22,0,0,2,0,0,0,0,0,0,-,-,33.4875602722168,-117.0518035888672,RIVERSIDE,UNINCORPORATED,-117.0518035888672,33.4875602722168
91094573,2019,2019-10-10,9840,2019-10-01,1645,019527,NA,2,2,7,3313,0,1,3,NA,2,201,SR-91 W/B,LA SIERRA AVE,150,W,N,A,-,Y,NA,NA,91,NA,NA,NA,NA,NA,W,N,4,0,1,2,A,-,03,22350,NA,N,C,C,A,A,H,-,A,D,0,NA,NA,NA,NA,Y,NA,A,01,0,0,1,0,0,0,0,0,0,-,-,33.8998908996582,-117.47411346435548,RIVERSIDE,RIVERSIDE,-117.4740982055664,33.89986801147461
91095031,2019,2019-10-10,9840,2019-10-03,2145,019017,NA,4,2,6,3315,0,1,3,NA,2,031,SR-91 E/B TO I-15 N/B,PARKRIDGE AVENUE,1177,N,N,A,-,Y,NA,NA,NA,NA,NA,NA,NA,NA,NA,Y,4,0,1,4,A,-,03,22350,NA,N,C,C,A,A,D,-,D,D,0,NA,NA,NA,NA,Y,NA,A,01,0,0,1,0,0,0,0,0,0,-,-,33.88895034790039,-117.55240631103516,RIVERSIDE,CORONA,NA,NA
91095234,2019,2019-10-11,9840,2019-09-29,1530,021831,NA,7,2,7,3313,0,1,1,NA,2,023,I-215 NB,MARTIN LUTHER KING JR BLVD,2000,S,N,A,-,Y,NA,NA,215,NA,NA,NA,NA,NA,N,Y,2,0,1,3,A,-,03,22350,NA,N,B,C,A,A,H,-,A,D,0,NA,NA,Y,NA,Y,NA,C,02,1,0,0,0,0,0,0,0,1,-,-,33.964481353759766,-117.32560729980467,RIVERSIDE,RIVERSIDE,-117.32563018798828,33.964454650878906
91095332,2019,2019-10-11,9840,2019-10-03,0728,018949,NA,4,1,6,3394,0,1,3,NA,2,025,SR-60 W/B,FREDERICK ST,600,E,N,A,-,Y,NA,NA,60,NA,NA,NA,NA,NA,W,Y,4,0,1,2,A,-,03,22350,NA,N,B,C,A,A,H,-,A,D,0,NA,NA,Y,NA,Y,NA,C,02,0,0,1,0,0,0,0,0,1,-,-,33.941009521484375,-117.2593994140625,RIVERSIDE,MORENO VALLEY,-117.2593994140625,33.9409294128418
91098023,2019,2019-10-15,9840,2019-09-23,1235,017459,NA,1,1,7,3313,0,1,3,NA,2,101,SR-60 W/B,MARKET STREET,100,W,N,A,-,Y,NA,NA,60,NA,NA,NA,NA,NA,W,Y,3,0,4,2,A,-,07,21658,A,N,C,C,A,A,H,-,A,D,0,NA,NA,NA,NA,Y,NA,D,22,0,2,2,0,0,0,0,0,0,-,-,34.00230026245117,-117.37860107421876,RIVERSIDE,RIVERSIDE,-117.37857818603516,34.002349853515625
91098442,2019,2019-10-16,9685,2019-09-22,0140,017013,NA,7,3,9,3300,0,3,5,NA,2,001,GREENWALD AVENUE,SENOLA AVENUE,396,S,N,A,-,N,NA,NA,NA,NA,NA,NA,NA,NA,NA,N,3,0,1,1,A,-,01,23152,A,N,F,A,A,A,H,-,D,D,0,NA,NA,Y,NA,Y,Y,C,02,0,1,0,0,0,0,0,0,1,-,-,33.72323989868164,-117.29251098632813,RIVERSIDE,UNINCORPORATED,-117.29241943359376,33.723243713378906
91099718,2019,2019-10-17,9685,2019-10-06,2027,013925,NA,7,2,5,3335,0,1,1,NA,2,030,INTERSTATE 15 SOUTHBOUND,WARM SPRING CREEK UC,100,S,N,A,-,Y,NA,NA,15,NA,NA,NA,NA,NA,S,Y,3,0,1,1,A,-,01,23152,A,N,E,C,A,A,H,-,D,D,0,NA,NA,NA,NA,Y,Y,A,01,0,1,0,0,0,0,0,0,0,-,-,33.537620544433594,-117.17317199707033,RIVERSIDE,TEMECULA,-117.17324829101563,33.537567138671875
91099726,2019,2019-10-17,9685,2019-10-06,2325,016986,NA,7,3,9,3300,0,3,5,NA,2,003,SAGE RD.,TNT RANCH RD.,240,S,N,A,-,N,NA,NA,NA,NA,NA,NA,NA,NA,NA,Y,4,0,1,1,A,-,01,23152,A,N,H,A,A,A,H,-,D,D,0,NA,NA,NA,NA,Y,Y,A,01,0,0,1,0,0,0,0,0,0,-,-,33.625,-117.9371337890625,RIVERSIDE,UNINCORPORATED,-116.937117,33.625025
91100244,2019,2019-10-18,9840,2019-10-05,0250,019874,NA,6,3,7,3313,0,1,1,NA,2,023,I-215 N/B,CENTRAL AVE,2300,S,N,A,-,Y,NA,NA,215,NA,NA,NA,NA,NA,N,Y,3,0,1,2,A,-,01,23152,A,N,C,C,A,A,H,-,C,D,0,NA,NA,NA,NA,Y,Y,A,01,0,1,0,0,0,0,0,0,0,-,-,33.95402908325195,-117.3044891357422,RIVERSIDE,RIVERSIDE,-117.30449676513672,33.95402145385742
91102547,2019,2019-10-22,9840,2019-10-13,1045,017893,NA,7,1,6,3315,0,1,3,NA,2,030,SR-91 W/B,SR-71,2480,W,N,A,-,Y,NA,NA,NA,NA,NA,NA,NA,NA,NA,Y,4,0,1,2,A,-,03,22350,NA,N,C,C,A,A,H,-,A,D,0,NA,NA,NA,NA,Y,NA,D,22,0,0,1,0,0,0,0,0,0,-,-,36.88159942626953,-117.64869689941406,RIVERSIDE,CORONA,-117.6487045288086,33.88164520263672
91103442,2019,2019-10-23,9840,2019-09-18,1515,017504,NA,3,2,9,3300,0,3,5,NA,2,004,ANTELOPE RD.,ELLIS AVE.,318,S,N,A,-,N,NA,NA,NA,NA,NA,NA,NA,NA,NA,Y,4,0,2,2,A,-,03,22350,NA,N,D,C,A,A,H,-,A,D,0,NA,NA,NA,NA,Y,NA,D,22,0,0,2,0,0,0,0,0,0,-,-,33.77151870727539,-117.1706085205078,RIVERSIDE,UNINCORPORATED,-117.17089080810548,33.77168655395508
9110569,2020,2020-11-10,3313,2020-05-09,0415,1860,4,6,5,7,3313,0,0,0,NA,0,1R47,VAN BUREN BL,RUDICILL ST,28,N,N,A,-,N,NA,NA,NA,NA,NA,NA,NA,NA,NA,Y,3,0,1,2,A,-,11,21955,NA,N,G,B,D,A,H,-,C,A,0,Y,NA,NA,NA,Y,NA,N,60,0,1,0,0,1,0,0,0,0,-,-,33.91252136230469,-117.44042205810548,RIVERSIDE,RIVERSIDE,-117.44031524658205,33.91252899169922
91106897,2019,2019-10-25,9840,2019-10-19,1300,016356,NA,6,1,6,3315,0,1,3,NA,2,031,SR-91 E/B,MAIN ST,1500,W,N,A,-,Y,NA,NA,91,NA,NA,NA,NA,NA,E,Y,4,0,1,2,A,-,03,22350,NA,N,C,C,A,A,H,-,A,D,0,NA,NA,NA,NA,Y,NA,A,07,0,0,1,0,0,0,0,0,0,-,-,33.88005065917969,-117.56928253173828,RIVERSIDE,CORONA,-117.56924438476563,33.8803596496582
91108883,2019,2019-10-29,9840,2019-10-13,1835,020455,NA,7,2,6,3315,0,1,3,NA,2,031,SR-91 E/B TO I-15 N/B,E GRAND BLVD,4224,E,N,A,-,Y,NA,NA,91,NA,NA,NA,R,NA,E,Y,3,0,1,1,A,-,01,23152,A,N,E,I,A,A,D,-,C,D,0,NA,NA,NA,NA,Y,Y,A,01,0,1,0,0,0,0,0,0,0,-,-,33.8836784362793,-117.54750061035156,RIVERSIDE,CORONA,-117.54750061035156,33.8836784362793
91110990,2019,2019-10-31,9840,2019-10-28,0725,017893,NA,1,1,9,3300,0,1,3,NA,2,030,SR-91 W/B,SR-71,2000,W,N,A,-,Y,NA,NA,91,NA,NA,NA,NA,NA,W,N,4,0,1,2,A,-,03,22350,NA,F,C,C,A,A,H,-,A,D,0,NA,NA,NA,NA,Y,NA,A,01,0,0,1,0,0,0,0,0,0,-,-,33.88090133666992,-117.65160369873048,RIVERSIDE,UNINCORPORATED,-117.65162658691406,33.881019592285156
91113516,2019,2019-11-05,9655,2019-10-25,2323,021017,NA,5,3,9,3300,0,1,3,NA,2,213,STATE ROUTE 79 SOUTHBOUND,GILMAN SPRINGS ROAD,6336,N,N,A,-,Y,NA,NA,79,NA,NA,NA,NA,NA,S,Y,2,0,2,2,A,-,01,23152,A,N,A,C,A,A,H,-,D,D,0,NA,NA,NA,NA,Y,Y,A,01,2,0,0,0,0,0,0,0,0,-,-,33.861148834228516,-117.0084991455078,RIVERSIDE,UNINCORPORATED,-117.00850677490234,33.86115264892578