CASE_ID,ACCIDENT_YEAR,PROC_DATE,JURIS,COLLISION_DATE,COLLISION_TIME,OFFICER_ID,REPORTING_DISTRICT,DAY_OF_WEEK,CHP_SHIFT,POPULATION,CNTY_CITY_LOC,SPECIAL_COND,BEAT_TYPE,CHP_BEAT_TYPE,CITY_DIVISION_LAPD,CHP_BEAT_CLASS,BEAT_NUMBER,PRIMARY_RD,SECONDARY_RD,DISTANCE,DIRECTION,INTERSECTION,WEATHER_1,WEATHER_2,STATE_HWY_IND,CALTRANS_COUNTY,CALTRANS_DISTRICT,STATE_ROUTE,ROUTE_SUFFIX,POSTMILE_PREFIX,POSTMILE,LOCATION_TYPE,RAMP_INTERSECTION,SIDE_OF_HWY,TOW_AWAY,COLLISION_SEVERITY,NUMBER_KILLED,NUMBER_INJURED,PARTY_COUNT,PRIMARY_COLL_FACTOR,PCF_CODE_OF_VIOL,PCF_VIOL_CATEGORY,PCF_VIOLATION,PCF_VIOL_SUBSECTION,HIT_AND_RUN,TYPE_OF_COLLISION,MVIW,PED_ACTION,ROAD_SURFACE,ROAD_COND_1,ROAD_COND_2,LIGHTING,CONTROL_DEVICE,CHP_ROAD_TYPE,PEDESTRIAN_ACCIDENT,BICYCLE_ACCIDENT,MOTORCYCLE_ACCIDENT,TRUCK_ACCIDENT,NOT_PRIVATE_PROPERTY,ALCOHOL_INVOLVED,STWD_VEHTYPE_AT_FAULT,CHP_VEHTYPE_AT_FAULT,COUNT_SEVERE_INJ,COUNT_VISIBLE_INJ,COUNT_COMPLAINT_PAIN,COUNT_PED_KILLED,COUNT_PED_INJURED,COUNT_BICYCLIST_KILLED,COUNT_BICYCLIST_INJURED,COUNT_MC_KILLED,COUNT_MC_INJURED,PRIMARY_RAMP,SECONDARY_RAMP,LATITUDE,LONGITUDE,COUNTY,CITY,POINT_X,POINT_Y
91501605,2021,2021-06-21,9685,2021-06-12,1300,016347,NA,6,1,9,3300,0,3,5,NA,2,003,RANCHO CALIFORNIA ROAD,ANZA ROAD,257,W,N,A,-,N,NA,NA,NA,NA,NA,NA,NA,NA,NA,Y,4,0,1,2,A,-,08,22107,NA,N,D,C,A,A,H,-,A,D,0,NA,NA,NA,NA,Y,NA,A,01,0,0,1,0,0,0,0,0,0,-,-,33.533241271972656,-117.05690002441406,RIVERSIDE,UNINCORPORATED,-117.05567169189452,33.53396987915039
91501618,2021,2021-06-21,9840,2021-06-14,0235,019844,NA,1,3,6,3345,0,1,3,NA,2,010,SR-60 E/B,ETIWANDA AVE,1000,E,N,A,-,Y,NA,NA,60,NA,NA,NA,NA,NA,E,Y,2,0,1,2,A,-,08,22107,NA,N,C,D,A,A,H,-,C,D,0,NA,NA,NA,Y,Y,NA,A,07,1,0,0,0,0,0,0,0,0,-,-,34.017669677734375,-117.51775360107422,RIVERSIDE,JURUPA VALLEY,-117.5177764892578,34.018306732177734
91502136,2021,2021-06-21,9840,2021-06-09,1015,014868,NA,3,1,6,3345,0,1,1,NA,2,011,I-15 N/B,CANTU-GALLEANO RANCH ROAD,25,S,N,A,-,Y,NA,NA,NA,NA,NA,NA,NA,NA,NA,Y,4,0,1,1,A,-,08,22107,NA,N,E,I,A,A,H,-,A,D,0,NA,NA,NA,NA,Y,NA,A,01,0,0,1,0,0,0,0,0,0,-,-,34.00238037109375,-117.54894256591795,RIVERSIDE,JURUPA VALLEY,-117.55016326904295,34.00224304199219
91503926,2021,2021-06-23,9840,2021-05-28,2210,021950,NA,5,3,7,3313,0,1,3,NA,2,031,SR-91 W/B,S. PROMENADE AVE.,1500,W,N,A,-,Y,NA,NA,NA,NA,NA,NA,NA,NA,NA,Y,3,0,1,1,A,-,01,23152,A,N,F,A,A,A,H,-,C,D,0,NA,NA,NA,NA,Y,Y,A,07,0,1,0,0,0,0,0,0,0,-,-,33.88330841064453,-117.5408172607422,RIVERSIDE,RIVERSIDE,-117.54178619384766,33.88318634033203
91504151,2021,2021-06-23,9685,2021-06-18,1430,015360,NA,5,2,9,3300,0,2,S,NA,2,301,WINCHESTER RD.,WILLOWS RD,1000,N,N,A,-,N,NA,NA,NA,NA,NA,NA,NA,NA,NA,N,4,0,2,2,A,-,03,22350,NA,N,C,C,A,A,H,-,A,D,0,NA,NA,NA,NA,Y,NA,A,01,0,0,2,0,0,0,0,0,0,-,-,33.53644943237305,-117.86757659912108,RIVERSIDE,UNINCORPORATED,-117.1410675048828,33.5499267578125
91505055,2021,2021-06-24,9840,2021-06-21,2245,022180,NA,1,3,4,3310,0,1,1,NA,2,011,I-15 N/B,LIMONITE AVE,1500,S,N,A,-,Y,NA,NA,NA,NA,NA,NA,NA,NA,NA,Y,3,0,3,2,A,-,03,22350,NA,N,C,C,A,A,H,-,C,D,0,NA,NA,NA,NA,Y,NA,A,01,0,3,0,0,0,0,0,0,0,-,-,33.96815872192383,-117.54888916015624,RIVERSIDE,NORCO,-117.54885864257813,33.97529602050781
91505239,2021,2021-06-24,9685,2021-06-21,1640,013925,NA,1,2,9,3300,0,1,3,NA,1,026,STATE ROUTE 74,LEON ROAD,360,E,N,A,-,N,NA,NA,74,NA,NA,NA,NA,NA,NA,N,4,0,1,3,A,-,03,22350,NA,N,C,C,A,A,H,-,A,D,0,NA,NA,NA,NA,Y,NA,A,08,0,0,1,0,0,0,0,0,0,-,-,33.74375915527344,-117.11769104003906,RIVERSIDE,UNINCORPORATED,-117.11768341064452,33.74329376220703
91505396,2021,2021-10-08,9630,2021-06-13,1303,018647,NA,7,1,9,3300,0,1,1,NA,2,302,I-10 W/B,WEST OF HAYFIELD RD,5280,W,N,A,-,Y,NA,NA,10,NA,NA,NA,NA,NA,W,Y,4,0,1,3,A,-,03,22350,NA,N,C,C,A,A,H,-,A,D,0,NA,NA,NA,NA,Y,NA,A,07,0,0,1,0,0,0,0,0,0,-,-,33.66712188720703,-115.67286682128906,RIVERSIDE,UNINCORPORATED,-115.67286682128906,33.667083740234375
91507345,2021,2021-06-28,9655,2021-06-20,0000,020704,NA,7,3,9,3300,0,3,5,NA,2,003,SAN JACINTO ST,NEWPORT RD,420,S,N,A,-,N,NA,NA,NA,NA,NA,NA,NA,NA,NA,Y,4,0,1,1,A,-,01,23152,A,N,E,I,A,A,H,-,D,D,0,NA,NA,NA,NA,Y,Y,A,01,0,0,1,0,0,0,0,0,0,-,-,33.684669494628906,-116.95816802978516,RIVERSIDE,UNINCORPORATED,-116.95813751220705,33.68463897705078
91507808,2021,2021-06-28,9840,2021-06-13,2342,020766,NA,7,3,6,3315,0,1,3,NA,2,031,SR-91 EASTBOUND,MCKINLEY ST,1000,E,N,A,-,Y,NA,NA,91,NA,NA,NA,NA,NA,E,Y,3,0,1,2,A,-,03,22350,NA,N,C,C,A,A,H,-,C,D,0,NA,NA,NA,NA,Y,NA,A,01,0,1,0,0,0,0,0,0,0,-,-,33.887569427490234,-117.51476287841795,RIVERSIDE,CORONA,-117.51477813720705,33.88760757446289
91509578,2021,2021-06-30,9840,2021-06-19,1728,019527,NA,6,2,6,3315,0,1,3,NA,2,031,SR-91 E/B,BUENA VISTA AVE.,250,W,N,A,-,Y,NA,NA,91,NA,NA,NA,NA,NA,E,Y,2,0,4,3,A,-,07,21658,A,N,C,C,A,A,H,-,A,D,0,NA,NA,NA,NA,Y,NA,A,07,1,2,1,0,0,0,0,0,0,-,-,33.88113021850586,-117.577880859375,RIVERSIDE,CORONA,-117.57786560058594,33.881263732910156
91510739,2021,2021-07-01,9630,2021-04-25,2129,021908,NA,7,2,9,3300,0,1,1,NA,2,020,I-10 E/B,DATE PALM DR,1056,W,N,A,-,Y,NA,NA,NA,NA,NA,NA,NA,NA,NA,Y,2,0,1,2,A,-,01,23152,G,N,B,C,A,A,H,-,D,D,0,NA,NA,NA,NA,Y,Y,D,22,1,0,0,0,0,0,0,0,0,-,-,33.850921630859375,-116.46125793457033,RIVERSIDE,UNINCORPORATED,-116.45834350585938,33.84901428222656
91510917,2021,2021-07-01,9655,2021-06-24,0039,020704,NA,4,3,9,3300,0,1,1,NA,2,204,I-10 WESTBOUND,MORONGO TRAIL,2640,E,N,A,-,Y,NA,NA,10,NA,NA,NA,NA,NA,W,Y,3,0,1,2,A,-,03,22350,NA,N,C,D,A,A,H,-,D,D,0,NA,NA,NA,Y,Y,NA,G,25,0,1,0,0,0,0,0,0,0,-,-,33.9188117980957,-116.78987121582033,RIVERSIDE,UNINCORPORATED,-116.78987121582033,33.91890335083008
91511273,2021,2021-07-01,9840,2021-07-01,0535,014571,NA,4,3,6,3394,0,1,3,NA,2,025,SR-60 W/B,INDIAN AVE,250,E,N,A,-,Y,NA,NA,60,NA,NA,NA,NA,NA,W,Y,3,0,1,1,A,-,08,22107,NA,N,E,I,A,A,H,-,B,D,0,NA,NA,NA,NA,Y,NA,D,22,0,1,0,0,0,0,0,0,0,-,-,33.940738677978516,-117.23375701904295,RIVERSIDE,MORENO VALLEY,-117.23374938964844,33.9411735534668
91511972,2021,2021-07-02,9840,2021-06-23,1052,014335,NA,3,1,4,3307,0,1,1,NA,2,037,I-15 NORTHBOUND,NICHOLS ROAD,1300,N,N,A,B,Y,NA,NA,NA,NA,NA,NA,NA,NA,NA,Y,3,0,1,2,A,-,08,22107,NA,N,C,E,A,A,H,-,A,D,0,NA,NA,NA,Y,Y,NA,A,01,0,1,0,0,0,0,0,0,0,-,-,33.71126937866211,-117.36083221435548,RIVERSIDE,LAKE ELSINORE,-117.3595962524414,33.710289001464844
91515100,2021,2021-07-07,9685,2021-07-01,2024,016096,NA,4,2,9,3300,0,2,4,NA,2,016,GRAND AVENUE,SKYLARK LANE,120,N,N,A,-,N,NA,NA,NA,NA,NA,NA,NA,NA,NA,Y,2,0,3,7,A,-,03,22350,NA,N,C,C,A,A,H,-,D,D,0,NA,NA,NA,NA,Y,NA,A,01,2,1,0,0,0,0,0,0,0,-,-,33.62057876586914,-117.31481170654295,RIVERSIDE,UNINCORPORATED,-117.31391143798828,33.619972229003906
91515496,2021,2021-07-08,9840,2021-06-16,0118,019893,NA,3,3,7,3313,0,1,1,NA,2,023,I-215 S/B,MARTIN LUTHER KING BLVD,2661,S,N,A,-,Y,NA,NA,215,NA,NA,NA,NA,NA,S,Y,4,0,2,1,A,-,03,22350,NA,N,E,I,A,A,H,-,D,D,0,NA,NA,NA,NA,Y,NA,A,01,0,0,2,0,0,0,0,0,0,-,-,33.96242904663086,-117.32247161865234,RIVERSIDE,RIVERSIDE,-117.32247161865234,33.96242904663086
91516136,2021,2021-07-08,9630,2021-07-05,1235,019466,NA,1,1,9,3300,0,1,3,NA,2,111,SR-111,CORVINA BEACH ENTRANCE,600,N,N,A,-,Y,NA,NA,111,NA,NA,NA,NA,NA,NA,Y,3,0,3,1,A,-,08,22107,NA,N,E,I,A,A,H,-,A,D,0,NA,NA,NA,NA,Y,NA,A,07,0,1,2,0,0,0,0,0,0,-,-,33.47779083251953,-115.8899383544922,RIVERSIDE,UNINCORPORATED,-115.88970947265624,33.47796630859375
9151614,2020,2020-10-05,3313,2020-07-26,1004,1427,2,7,5,7,3313,0,0,0,NA,0,2R29,MASSACHUSETTS AV,IOWA AV,0,NA,Y,A,-,N,NA,NA,NA,NA,NA,NA,NA,NA,NA,Y,4,0,2,2,A,-,03,22350,NA,N,C,C,A,A,H,-,A,A,0,NA,NA,NA,NA,Y,NA,A,01,0,0,2,0,0,0,0,0,0,-,-,33.98667907714844,-117.33998107910156,RIVERSIDE,RIVERSIDE,-117.3398895263672,33.986629486083984
91516170,2021,2021-07-08,9685,2021-07-02,0850,017285,NA,5,1,9,3300,0,3,5,NA,2,003,DE PORTOLA ROAD,CAMINO DEL VINO,25,W,N,A,F,N,NA,NA,NA,NA,NA,NA,NA,NA,NA,Y,2,0,2,1,A,-,08,22107,NA,N,E,I,A,A,H,-,A,D,0,NA,NA,NA,NA,Y,NA,A,08,2,0,0,0,0,0,0,0,0,-,-,33.52024841308594,-117.0200424194336,RIVERSIDE,UNINCORPORATED,-117.02011108398438,33.52037811279297
91519362,2021,2021-07-13,9655,2021-07-03,2240,020774,NA,6,3,9,3300,0,1,3,NA,2,213,SR-79 N/B,LAIRD RD,1584,N,N,A,-,Y,NA,NA,79,NA,NA,NA,NA,NA,N,Y,4,0,1,2,A,-,07,21658,A,M,B,C,A,A,H,-,D,D,0,NA,NA,NA,NA,Y,NA,-,99,0,0,1,0,0,0,0,0,0,-,-,33.9157600402832,-116.97747802734376,RIVERSIDE,UNINCORPORATED,-116.9775390625,33.9157829284668
91520037,2021,2021-07-14,9685,2021-07-10,1756,017903,NA,6,2,9,3300,0,3,5,NA,2,003,RANCHO CALIFORNIA ROAD,BUTTERFIELD STAGE ROAD,265,E,N,A,-,N,NA,NA,NA,NA,NA,NA,NA,NA,NA,Y,4,0,1,3,A,-,03,22350,NA,N,C,C,A,A,H,-,A,A,0,NA,NA,NA,NA,Y,NA,A,07,0,0,1,0,0,0,0,0,0,-,-,33.519718170166016,-117.09368133544922,RIVERSIDE,UNINCORPORATED,-117.09368133544922,33.519649505615234
91521744,2021,2021-07-16,9840,2021-07-04,2003,022028,NA,7,2,6,3315,0,1,1,NA,2,034,I-15 NB FROM MAGNOLIA AVE EASTBOUND,MAGNOLIA AVENUE,488,S,N,A,-,Y,NA,NA,15,NA,NA,NA,R,NA,N,Y,3,0,1,1,A,-,01,23152,A,M,F,A,A,A,H,-,B,D,0,NA,NA,NA,NA,Y,Y,A,01,0,1,0,0,0,0,0,0,0,-,-,33.86539840698242,-117.54100036621094,RIVERSIDE,CORONA,-117.54100036621094,33.86539840698242
91522434,2021,2021-07-16,9840,2021-07-11,1855,021481,NA,7,2,7,3313,0,1,3,NA,2,021,SR-91 E/B TO CENTRAL AVE,CENTRAL AVE,55,W,N,A,-,Y,NA,NA,91,NA,NA,NA,R,NA,E,N,4,0,1,2,A,-,03,22350,NA,N,C,C,A,A,H,-,A,A,0,NA,NA,NA,NA,Y,NA,A,08,0,0,1,0,0,0,0,0,0,-,-,33.953369140625,-117.38343811035156,RIVERSIDE,RIVERSIDE,-117.38343811035156,33.953369140625
91523846,2021,2021-07-19,9840,2021-07-11,0507,019844,NA,7,3,9,3300,0,1,1,NA,2,034,I-15 S/B,DOS LAGOS DR.,3025,S,N,A,-,Y,NA,NA,15,NA,NA,NA,NA,NA,S,Y,3,0,2,3,C,-,18,NA,NA,N,B,C,E,A,H,-,D,D,0,Y,NA,NA,NA,Y,NA,-,-,0,2,0,0,1,0,0,0,0,-,-,33.798248291015625,-117.50250244140624,RIVERSIDE,UNINCORPORATED,-117.50249481201172,33.79825210571289
9152648,2020,2020-11-23,3313,2020-09-12,0832,19785,5,6,5,7,3313,0,0,0,NA,0,2R57,CALIFORNIA AV,TYLER ST,930,E,N,A,-,N,NA,NA,NA,NA,NA,NA,NA,NA,NA,Y,3,0,1,1,-,-,-,NA,NA,N,E,I,A,A,H,-,A,D,0,NA,NA,NA,NA,Y,NA,-,NA,0,1,0,0,0,0,0,0,0,-,-,33.92015838623047,-117.46835327148438,RIVERSIDE,RIVERSIDE,-117.46559143066406,33.92115783691406
91526762,2021,2021-07-22,9840,2021-07-13,1430,018611,NA,2,2,9,3300,0,1,3,NA,2,030,SR-91 E/B,GREEN RIVER ROAD,3750,W,N,A,-,Y,NA,NA,91,NA,NA,NA,NA,NA,E,Y,4,0,1,2,A,-,03,22350,NA,N,C,C,A,A,H,-,A,D,0,NA,NA,NA,NA,Y,NA,A,01,0,0,1,0,0,0,0,0,0,-,-,33.87041091918945,-117.66928100585938,RIVERSIDE,UNINCORPORATED,-117.66928100585938,33.87042236328125
91527899,2021,2021-07-23,9840,2021-07-12,1912,022028,NA,1,2,9,3300,0,1,1,NA,2,041,I-215 SB FROM CAJALCO EXWY,CAJALCO EXWY,10,S,N,A,-,Y,NA,NA,215,NA,NA,NA,R,NA,S,N,4,0,2,2,A,-,09,21453,B,N,B,C,A,A,H,-,A,D,0,NA,NA,NA,NA,Y,NA,A,01,0,0,2,0,0,0,0,0,0,-,-,33.84354019165039,-117.25145721435548,RIVERSIDE,UNINCORPORATED,-117.25145721435548,33.84354019165039
91527906,2021,2021-07-23,9840,2021-07-17,1810,021873,NA,6,2,6,3315,0,1,S,NA,2,310,SR-91 E/B,MAIN ST,250,E,N,A,-,Y,NA,NA,91,NA,NA,NA,NA,NA,E,N,3,0,1,2,A,-,03,22350,NA,N,C,C,A,A,H,-,A,D,0,NA,NA,Y,NA,Y,NA,C,02,0,1,0,0,0,0,0,0,1,-,-,33.8797607421875,-117.56455230712892,RIVERSIDE,CORONA,-117.56453704833984,33.87983703613281
91531672,2021,2021-07-29,9840,2021-07-22,0508,018949,NA,4,3,6,3315,0,1,3,NA,2,031,SR-91 W/B,MAIN ST,815,E,N,A,-,Y,NA,NA,91,NA,NA,NA,NA,NA,W,Y,4,0,1,2,A,-,07,21658,A,F,B,C,A,A,H,-,C,D,0,NA,NA,Y,NA,Y,NA,-,99,0,0,1,0,0,0,0,0,1,-,-,33.88011932373047,-117.56265258789063,RIVERSIDE,CORONA,-117.56268310546876,33.879817962646484
91533352,2021,2021-07-30,9840,2021-07-21,0710,018221,NA,3,1,6,3315,0,1,3,NA,2,031,SR 91 WB TO MAIN ST.,MAIN ST.,3700,E,N,A,-,Y,NA,NA,91,NA,NA,NA,R,NA,W,Y,4,0,1,3,A,-,03,22350,NA,N,C,C,A,A,H,-,A,D,0,NA,NA,NA,NA,Y,NA,D,22,0,0,1,0,0,0,0,0,0,-,-,33.880550384521484,-117.55287933349608,RIVERSIDE,CORONA,-117.55287933349608,33.880550384521484
9153414,2020,2020-11-07,3300,2020-09-11,1800,N6235,901B,5,5,4,3310,0,0,0,NA,0,050,6TH ST,SIERRA AV,0,NA,Y,A,-,N,NA,NA,NA,NA,NA,NA,NA,NA,NA,NA,3,0,3,2,A,-,03,22350,NA,N,C,C,A,A,H,-,B,A,0,NA,NA,NA,NA,Y,NA,A,01,0,2,1,0,0,0,0,0,0,-,-,33.938411712646484,-117.55402374267578,RIVERSIDE,NORCO,-117.5542221069336,33.93838119506836
91535187,2021,2021-08-02,9840,2021-07-21,1602,021297,NA,3,2,9,3300,0,2,4,NA,2,043,RAMONA EXPRESSWAY,LAKEVIEW AVENUE,7233,W,N,A,-,N,NA,NA,NA,NA,NA,NA,NA,NA,NA,Y,4,0,2,2,A,-,08,22107,NA,N,C,E,A,A,H,-,A,D,0,NA,NA,NA,NA,Y,NA,A,01,0,0,2,0,0,0,0,0,0,-,-,33.83884048461914,-117.13011932373048,RIVERSIDE,UNINCORPORATED,-117.14666748046876,33.84070587158203
91535215,2021,2021-08-02,9630,2021-07-26,0419,021897,NA,1,3,9,3300,0,1,1,NA,2,010,I-10 E/B,WALL ROAD OC,217,W,N,B,C,Y,NA,NA,10,NA,NA,NA,NA,NA,E,Y,2,0,1,1,A,-,03,22350,NA,N,F,A,A,B,H,-,D,D,0,NA,NA,NA,NA,Y,NA,A,01,1,0,0,0,0,0,0,0,0,-,-,33.91041946411133,-116.586181640625,RIVERSIDE,UNINCORPORATED,-116.5861358642578,33.91062927246094
91535217,2021,2021-08-02,9630,2021-07-26,1247,018451,NA,1,1,9,3300,0,3,5,NA,2,002,BOB HOPE DR,RAMON RD,528,S,N,B,-,N,NA,NA,NA,NA,NA,NA,NA,NA,NA,Y,4,0,2,2,A,-,03,22350,NA,N,C,C,A,A,D,-,A,A,0,NA,NA,NA,NA,Y,NA,D,22,0,0,2,0,0,0,0,0,0,-,-,33.813480377197266,-116.41015625,RIVERSIDE,UNINCORPORATED,-116.41056823730467,33.814945220947266
91537196,2021,2021-08-05,9840,2021-07-25,1545,022457,NA,7,2,6,3315,0,1,1,NA,2,034,I-15 S/B,CAJALCO RD,1145,S,N,A,-,Y,NA,NA,15,NA,NA,NA,NA,NA,S,Y,3,0,3,4,A,-,03,22350,NA,N,C,C,A,A,H,-,A,D,0,NA,NA,NA,NA,Y,NA,A,01,0,2,1,0,0,0,0,0,0,-,-,33.818870544433594,-117.51576995849608,RIVERSIDE,CORONA,-117.51578521728516,33.818851470947266
91537212,2021,2021-08-05,9840,2021-07-27,1022,019874,NA,2,1,7,3313,0,1,3,NA,2,021,SR-91 E/B,CENTRAL AVENUE,75,E,N,A,-,Y,NA,NA,91,NA,NA,NA,NA,NA,E,N,4,0,1,2,A,-,07,21658,A,N,B,C,A,A,H,-,A,D,0,NA,NA,NA,NA,Y,NA,A,01,0,0,1,0,0,0,0,0,0,-,-,33.9539909362793,-117.38327026367188,RIVERSIDE,RIVERSIDE,-117.38327026367188,33.95399475097656
91537391,2021,2021-08-05,9840,2021-07-25,0715,019042,NA,7,1,7,3313,0,1,3,NA,2,020,SR-91 W/B,PIERCE ST.,1260,W,N,A,-,Y,NA,NA,91,NA,NA,NA,NA,NA,W,Y,3,0,1,1,A,-,08,22107,NA,N,E,I,A,A,H,-,A,D,0,NA,NA,NA,NA,Y,NA,A,01,0,1,0,0,0,0,0,0,0,-,-,33.89625930786133,-117.49700927734376,RIVERSIDE,RIVERSIDE,-117.49701690673828,33.89626693725586
9153756,2020,2020-10-26,3313,2020-08-30,1437,0282,1,7,5,7,3313,0,0,0,NA,0,T48,MISSION INN AV,CHESTNUT ST,0,NA,Y,A,-,N,NA,NA,NA,NA,NA,NA,NA,NA,NA,Y,3,0,2,2,A,-,09,21802,A,N,D,C,A,A,H,-,A,A,0,NA,NA,NA,NA,Y,NA,D,22,0,1,1,0,0,0,0,0,0,-,-,33.984619140625,-117.37744903564452,RIVERSIDE,RIVERSIDE,-117.37737274169922,33.98460006713867
9153870,2020,2020-10-13,3313,2020-07-17,1049,1389,1,5,5,7,3313,0,0,0,NA,0,T53,14TH ST,LIME ST,62,E,N,A,-,N,NA,NA,91,NA,NA,NA,NA,NA,NA,N,4,0,1,3,A,-,08,22107,NA,N,A,C,A,A,H,-,A,A,0,NA,NA,NA,NA,Y,NA,A,01,0,0,1,0,0,0,0,0,0,-,-,33.973228454589844,-117.37457275390624,RIVERSIDE,RIVERSIDE,-117.37397003173828,33.97282409667969
91539053,2021,2021-08-06,9685,2021-07-30,1410,016185,NA,5,2,9,3300,0,3,5,NA,2,003,DE LUZ ROAD,CARRANCHO ROAD,590,N,N,A,-,N,NA,NA,NA,NA,NA,NA,NA,NA,NA,Y,3,0,1,1,A,-,08,22107,NA,N,E,J,A,A,H,-,A,D,0,NA,NA,NA,NA,Y,NA,A,07,0,1,0,0,0,0,0,0,0,-,-,33.49776840209961,-117.23970794677734,RIVERSIDE,UNINCORPORATED,-117.23983001708984,33.49769592285156
91543260,2021,2021-08-12,9840,2021-08-01,0050,022180,NA,7,3,4,3310,0,1,1,NA,2,011,I-15 S/B,HIDDEN VALLEY PARKWAY,1000,N,N,A,-,Y,NA,NA,15,NA,NA,NA,NA,NA,S,Y,3,0,1,1,A,-,08,22107,NA,N,E,8,A,A,H,-,C,D,0,NA,NA,NA,NA,Y,NA,A,07,0,1,0,0,0,0,0,0,0,-,-,33.90092086791992,-117.560546875,RIVERSIDE,NORCO,-117.56043243408205,33.90092849731445
91543667,2021,2021-08-12,9630,2021-08-03,0339,021604,NA,2,3,9,3300,0,1,1,NA,2,020,I-10 W/B,DATE PALM DRIVE,650,E,N,A,-,Y,NA,NA,NA,NA,NA,NA,NA,NA,NA,N,2,0,1,2,A,-,03,22350,NA,N,D,C,A,A,H,-,D,D,0,NA,NA,NA,NA,Y,NA,A,01,1,0,0,0,0,0,0,0,0,-,-,33.84730911254883,-116.45462799072266,RIVERSIDE,UNINCORPORATED,-116.45807647705078,33.84931945800781
91543768,2021,2021-08-12,9630,2021-08-03,0340,021604,NA,2,3,9,3300,0,1,1,NA,2,020,I-10 W/B,DATE PALM DRIVE,675,E,N,A,-,Y,NA,NA,NA,NA,NA,NA,NA,NA,NA,Y,2,0,2,3,C,-,18,NA,NA,N,G,1,E,A,H,-,D,D,0,Y,NA,NA,NA,Y,NA,-,-,1,1,0,0,1,0,0,0,0,-,-,33.84730911254883,-116.45462799072266,RIVERSIDE,UNINCORPORATED,-116.45807647705078,33.84931945800781
91543990,2021,2021-08-13,9840,2021-08-01,0040,021261,NA,7,3,7,3313,0,1,1,NA,2,023,I-215 S/B,UNIVERSITY AVE,450,N,N,A,-,Y,NA,NA,215,NA,NA,NA,NA,NA,S,Y,3,0,1,4,A,-,03,22350,NA,N,C,C,A,A,H,-,D,D,0,NA,NA,NA,Y,Y,NA,A,01,0,1,0,0,0,0,0,0,0,-,-,33.976680755615234,-117.3364715576172,RIVERSIDE,RIVERSIDE,-117.33650970458984,33.97664260864258
9154412,2020,2021-01-26,3313,2020-09-06,0441,1809,5,7,5,7,3313,0,0,0,NA,0,1R57,INDIANA AV,BUCHANAN ST,450,W,N,A,-,N,NA,NA,NA,NA,NA,NA,NA,NA,NA,Y,3,0,1,1,A,-,08,22107,NA,N,E,J,A,A,H,-,C,D,0,NA,NA,NA,NA,Y,NA,A,01,0,1,0,0,0,0,0,0,0,-,-,33.886390686035156,-117.49494934082033,RIVERSIDE,RIVERSIDE,-117.49514770507813,33.88469314575195
9154416,2020,2021-01-26,3313,2020-09-08,1637,1736,4,2,5,7,3313,0,0,0,NA,0,T49,ARLINGTON AV,MAGNOLIA AV,15,W,N,A,-,N,NA,NA,NA,NA,NA,NA,NA,NA,NA,N,4,0,1,2,A,-,03,22350,NA,M,C,C,A,A,H,-,A,A,0,NA,NA,NA,NA,Y,NA,A,07,0,0,1,0,0,0,0,0,0,-,-,33.946380615234375,-117.40103912353516,RIVERSIDE,RIVERSIDE,-117.4011459350586,33.946224212646484
9154419,2020,2021-01-26,3300,2020-09-05,1729,5059,601B1,6,5,6,3394,0,0,0,NA,0,MV12,SUNNYMEAD RANCH PKWY,OLD LAKE DR,0,NA,Y,A,-,N,NA,NA,NA,NA,NA,NA,NA,NA,NA,N,3,0,1,2,A,-,10,21950,A,N,G,B,B,A,H,-,A,B,0,Y,NA,NA,NA,Y,NA,A,01,0,1,0,0,1,0,0,0,0,-,-,33.96979904174805,-117.25308990478516,RIVERSIDE,MORENO VALLEY,-117.25334167480467,33.969791412353516
91546987,2021,2021-08-17,9840,2021-08-10,0735,012208,NA,2,1,9,3300,0,2,4,NA,2,045,CAJALCO ROAD,HAINES STREET,0,NA,Y,A,-,N,NA,NA,NA,NA,NA,NA,NA,NA,NA,Y,3,0,1,2,A,-,06,21755,A,N,D,C,A,A,H,-,A,D,0,NA,NA,Y,NA,Y,NA,C,02,0,1,0,0,0,0,0,0,1,-,-,33.83720016479492,-117.2920379638672,RIVERSIDE,UNINCORPORATED,-117.29199981689452,33.83718490600586
91547201,2021,2021-08-17,9840,2021-08-12,1510,017546,NA,4,2,9,3300,0,1,1,NA,2,041,I-215 S/B,CAJALCO EXPRESSWAY,2500,S,N,A,-,Y,NA,NA,215,NA,NA,NA,NA,NA,S,Y,4,0,2,2,A,-,03,22350,NA,N,C,C,A,A,H,-,A,D,0,NA,NA,NA,NA,Y,NA,A,01,0,0,2,0,0,0,0,0,0,-,-,33.83707809448242,-117.24867248535156,RIVERSIDE,UNINCORPORATED,-117.24869537353516,33.837066650390625