CASE_ID,ACCIDENT_YEAR,PROC_DATE,JURIS,COLLISION_DATE,COLLISION_TIME,OFFICER_ID,REPORTING_DISTRICT,DAY_OF_WEEK,CHP_SHIFT,POPULATION,CNTY_CITY_LOC,SPECIAL_COND,BEAT_TYPE,CHP_BEAT_TYPE,CITY_DIVISION_LAPD,CHP_BEAT_CLASS,BEAT_NUMBER,PRIMARY_RD,SECONDARY_RD,DISTANCE,DIRECTION,INTERSECTION,WEATHER_1,WEATHER_2,STATE_HWY_IND,CALTRANS_COUNTY,CALTRANS_DISTRICT,STATE_ROUTE,ROUTE_SUFFIX,POSTMILE_PREFIX,POSTMILE,LOCATION_TYPE,RAMP_INTERSECTION,SIDE_OF_HWY,TOW_AWAY,COLLISION_SEVERITY,NUMBER_KILLED,NUMBER_INJURED,PARTY_COUNT,PRIMARY_COLL_FACTOR,PCF_CODE_OF_VIOL,PCF_VIOL_CATEGORY,PCF_VIOLATION,PCF_VIOL_SUBSECTION,HIT_AND_RUN,TYPE_OF_COLLISION,MVIW,PED_ACTION,ROAD_SURFACE,ROAD_COND_1,ROAD_COND_2,LIGHTING,CONTROL_DEVICE,CHP_ROAD_TYPE,PEDESTRIAN_ACCIDENT,BICYCLE_ACCIDENT,MOTORCYCLE_ACCIDENT,TRUCK_ACCIDENT,NOT_PRIVATE_PROPERTY,ALCOHOL_INVOLVED,STWD_VEHTYPE_AT_FAULT,CHP_VEHTYPE_AT_FAULT,COUNT_SEVERE_INJ,COUNT_VISIBLE_INJ,COUNT_COMPLAINT_PAIN,COUNT_PED_KILLED,COUNT_PED_INJURED,COUNT_BICYCLIST_KILLED,COUNT_BICYCLIST_INJURED,COUNT_MC_KILLED,COUNT_MC_INJURED,PRIMARY_RAMP,SECONDARY_RAMP,LATITUDE,LONGITUDE,COUNTY,CITY,POINT_X,POINT_Y
91549758,2021,2021-08-19,9660,2021-08-13,1654,021189,NA,5,2,9,3300,0,3,5,NA,2,003,28TH AVENUE,ARROWHEAD BLVD.,528,E,N,A,-,N,NA,NA,NA,NA,NA,NA,NA,NA,NA,Y,3,0,1,1,A,-,08,22107,NA,N,E,I,A,A,H,-,A,D,0,NA,NA,NA,NA,Y,NA,D,22,0,1,0,0,0,0,0,0,0,-,-,33.50687026977539,-114.6364974975586,RIVERSIDE,UNINCORPORATED,-114.63681030273438,33.50696563720703
91552068,2021,2021-08-23,9840,2021-08-08,0655,019042,NA,7,1,9,3300,0,3,5,NA,2,002,RECHE CANYON RD,WOODSON RD,4200,N,N,A,-,N,NA,NA,NA,NA,NA,NA,NA,NA,NA,Y,4,0,1,1,A,-,08,22107,NA,N,E,I,A,A,H,-,A,D,0,NA,NA,NA,NA,Y,NA,D,22,0,0,1,0,0,0,0,0,0,-,-,34.00651168823242,-117.2549285888672,RIVERSIDE,UNINCORPORATED,-117.25516510009766,34.00651931762695
91553605,2021,2021-11-02,9685,2021-08-06,1900,015957,NA,5,2,9,3300,0,3,5,NA,2,003,JEAN NICHOLAS RD,KOODEN RD,0,NA,Y,A,-,N,NA,NA,NA,NA,NA,NA,NA,NA,NA,Y,3,0,1,2,A,-,12,22450,A,N,D,C,A,A,H,-,A,A,0,NA,NA,NA,NA,Y,NA,-,-,0,1,0,0,0,0,0,0,0,-,-,33.6125602722168,-117.1143035888672,RIVERSIDE,UNINCORPORATED,-117.11424255371094,33.61251449584961
91553643,2021,2021-08-25,9685,2021-08-07,0210,014338,NA,6,3,4,3342,0,1,1,NA,2,034,I-215 S/B TO I-15 S/B,MURRIETA HOT SPRINGS ROAD,5280,S,N,A,-,Y,NA,NA,215,NA,NA,NA,R,NA,S,Y,3,0,1,1,A,-,08,22107,NA,N,E,I,A,A,H,-,C,D,0,NA,NA,NA,NA,Y,NA,A,01,0,1,0,0,0,0,0,0,0,-,-,33.541229248046875,-117.1760025024414,RIVERSIDE,MURRIETA,-117.1760025024414,33.541229248046875
91553826,2021,2021-09-17,9840,2021-08-07,1810,019361,NA,6,2,6,3345,0,1,1,NA,2,011,I-15 (N/B),CANTU-GALLEANO RANCH ROAD,2700,N,N,A,-,Y,NA,NA,15,NA,NA,NA,NA,NA,NA,N,4,0,1,2,A,-,03,22350,NA,N,C,C,A,A,H,-,A,D,0,NA,NA,NA,NA,Y,NA,D,22,0,0,1,0,0,0,0,0,0,-,-,34.00975036621094,-117.55011749267578,RIVERSIDE,JURUPA VALLEY,-117.55008697509766,34.00975036621094
91554282,2021,2021-08-25,9630,2021-08-13,1050,019860,NA,5,1,9,3300,0,3,5,NA,2,504,54TH AVENUE,JACKSON ST,0,NA,Y,A,-,N,NA,NA,NA,NA,NA,NA,NA,NA,NA,Y,4,0,1,2,A,-,09,21800,A,N,D,C,A,A,H,-,A,A,0,NA,NA,NA,NA,Y,NA,A,01,0,0,1,0,0,0,0,0,0,-,-,33.656620025634766,-116.21661376953124,RIVERSIDE,UNINCORPORATED,-116.21662139892578,33.6566162109375
91554446,2021,2021-08-26,9655,2021-08-23,2040,019440,NA,1,2,9,3300,0,1,1,NA,2,204,I-10,MORONGO TRAIL,5,E,N,A,-,Y,NA,NA,10,NA,NA,NA,NA,NA,NA,Y,4,0,1,1,C,-,18,NA,NA,N,E,I,A,A,D,-,D,D,0,NA,NA,NA,NA,Y,NA,-,-,0,0,1,0,0,0,0,0,0,-,-,33.920989990234375,-116.80608367919922,RIVERSIDE,UNINCORPORATED,-116.80606842041016,33.9210205078125
91555096,2021,2021-08-26,9655,2021-08-20,0700,014743,NA,5,1,9,3300,0,1,3,NA,2,212,SR-60 E/B,GILMAN SPRINGS ROAD,16368,E,N,B,-,Y,NA,NA,60,NA,NA,NA,NA,NA,E,Y,3,0,1,3,A,-,03,22350,NA,N,C,C,A,A,D,-,A,D,0,NA,NA,NA,NA,Y,NA,A,01,0,1,0,0,0,0,0,0,0,-,-,33.94337844848633,-117.07508087158205,RIVERSIDE,UNINCORPORATED,-117.07508850097656,33.94320297241211
91556926,2021,2021-08-27,9840,2021-07-31,0250,019017,NA,6,3,9,3300,0,3,5,NA,2,002,LA SIERRA AVENUE,CARRARA CT,0,NA,Y,A,-,N,NA,NA,NA,NA,NA,NA,NA,NA,NA,Y,3,0,1,1,A,-,01,23152,A,N,E,I,A,A,H,-,C,D,0,NA,NA,NA,NA,Y,Y,A,01,0,1,0,0,0,0,0,0,0,-,-,33.87691116333008,-117.4556884765625,RIVERSIDE,UNINCORPORATED,-117.4556884765625,33.87689208984375
91556952,2021,2021-08-27,9840,2021-08-19,0112,018849,NA,4,3,6,3315,0,1,1,NA,2,034,I-15 N/B,EL CERRITO RD.,2100,S,N,A,-,Y,NA,NA,15,NA,NA,NA,NA,NA,N,Y,4,0,1,1,A,-,08,22107,NA,N,F,A,A,A,H,-,D,D,0,NA,NA,NA,NA,Y,NA,D,22,0,0,1,0,0,0,0,0,0,-,-,33.82720947265625,-117.52549743652344,RIVERSIDE,CORONA,-117.52552032470705,33.827186584472656
91556965,2021,2021-08-27,9685,2021-08-21,1415,017285,NA,6,2,4,3342,0,1,1,NA,2,034,I-215 S/B,LOS ALAMOS ROAD,2112,N,N,A,-,Y,NA,NA,NA,NA,NA,NA,NA,NA,NA,Y,4,0,1,2,A,-,03,22350,NA,N,C,C,A,A,H,-,A,D,0,NA,NA,NA,NA,Y,NA,A,01,0,0,1,0,0,0,0,0,0,-,-,33.347190856933594,-117.10856628417967,RIVERSIDE,MURRIETA,-117.18100738525392,33.5767936706543
91557311,2021,2021-08-27,9630,2021-08-22,1727,020845,NA,7,2,9,3300,0,1,3,NA,1,074,SR-74,BIG HORN DR,12672,E,N,A,-,Y,NA,NA,74,NA,NA,NA,NA,NA,NA,Y,2,0,1,1,A,-,08,22107,NA,N,E,I,A,A,H,-,A,D,0,NA,NA,NA,NA,Y,NA,A,07,1,0,0,0,0,0,0,0,0,-,-,33.64921951293945,-116.4010009765625,RIVERSIDE,UNINCORPORATED,-116.40097808837892,33.64908981323242
91558154,2021,2021-08-30,9660,2021-08-21,0927,021509,NA,6,1,9,3300,0,1,1,NA,2,030,I-10 E/B,THE CORN SPRINGS ROAD O/C,9504,E,N,A,-,Y,NA,NA,10,NA,NA,NA,NA,NA,E,Y,4,0,1,3,A,-,07,21658,A,N,B,C,A,A,H,-,A,D,0,NA,NA,NA,Y,Y,NA,G,25,0,0,1,0,0,0,0,0,0,-,-,33.67266082763672,-115.21192932128906,RIVERSIDE,UNINCORPORATED,-115.21187591552734,33.67283630371094
91558762,2021,2021-08-30,9840,2021-08-16,2200,021943,NA,1,3,9,3300,0,3,5,NA,2,004,ELLIS AVENUE,BURTON ROAD,30,E,N,A,-,N,NA,NA,NA,NA,NA,NA,NA,NA,NA,Y,3,0,1,2,A,-,03,22350,NA,F,C,C,A,A,H,-,D,D,0,NA,NA,NA,NA,Y,NA,A,01,0,1,0,0,0,0,0,0,0,-,-,33.77199172973633,-117.25653076171876,RIVERSIDE,UNINCORPORATED,-117.25662231445313,33.772010803222656
91560241,2021,2021-09-01,9630,2021-08-17,2020,019228,NA,2,2,9,3300,0,3,5,NA,2,504,66TH AVENUE,LINCOLN ST,1100,W,N,A,-,N,NA,NA,NA,NA,NA,NA,NA,NA,NA,Y,3,0,1,3,A,-,08,22107,NA,N,B,C,A,A,D,-,D,D,0,NA,NA,NA,NA,Y,NA,A,08,0,1,0,0,0,0,0,0,0,-,-,33.56937026977539,-116.0825424194336,RIVERSIDE,UNINCORPORATED,-116.08251953125,33.5693244934082
91563874,2021,2021-09-07,9840,2021-08-29,0028,021261,NA,7,3,7,3313,0,1,1,NA,2,022,I-215 S/B TO COLUMBIA AVE,COLUMBIA AVE,526,N,N,A,-,Y,NA,NA,215,NA,NA,NA,R,NA,S,Y,3,0,2,1,A,-,03,22350,NA,N,E,I,A,A,H,-,C,D,0,NA,NA,NA,NA,Y,Y,A,01,0,1,1,0,0,0,0,0,0,-,-,34.00273895263672,-117.35128784179688,RIVERSIDE,RIVERSIDE,-117.35128784179688,34.00273895263672
91564132,2021,2021-09-07,9655,2021-08-31,0327,018708,NA,2,3,4,3301,0,1,1,NA,2,204,INTERSTATE 10 EASTBOUND,HARGRAVE STREET,173,W,N,A,-,Y,NA,NA,10,NA,NA,NA,NA,NA,E,Y,3,0,1,1,A,-,08,22107,NA,N,E,I,A,A,D,-,D,D,0,NA,NA,NA,Y,Y,NA,G,25,0,1,0,0,0,0,0,0,0,-,-,33.924068450927734,-116.86858367919922,RIVERSIDE,BANNING,-116.86858367919922,33.92417526245117
91564898,2021,2021-09-08,9840,2021-08-22,0520,021950,NA,7,3,7,3313,0,1,1,NA,2,024,INTERSTATE 215 S/B,EUCAPLYPTUS AVENUE,3300,N,N,B,-,Y,NA,NA,215,NA,NA,NA,NA,NA,S,Y,3,0,1,1,A,-,01,23152,A,N,E,8,A,A,H,-,D,D,0,NA,NA,NA,NA,Y,Y,A,01,0,1,0,0,0,0,0,0,0,-,-,33.940521240234375,-117.2918701171875,RIVERSIDE,RIVERSIDE,-117.2915496826172,33.94058609008789
91566367,2021,2021-09-09,9840,2021-08-28,0313,021042,NA,6,3,7,3313,0,1,1,NA,2,023,I-215 S/B TO FAIR ISLE DR.,FAIR ISLE DR.,442,S,N,A,-,Y,NA,NA,215,NA,NA,NA,R,NA,S,Y,3,0,1,1,A,-,03,22350,NA,N,E,I,A,C,H,-,C,D,0,NA,NA,Y,NA,Y,NA,C,02,0,1,0,0,0,0,0,0,1,-,-,33.94691848754883,-117.3007583618164,RIVERSIDE,RIVERSIDE,-117.3007583618164,33.94691848754883
91566511,2021,2021-09-09,9655,2021-09-02,0201,019449,NA,4,3,9,3300,0,1,1,NA,2,204,I-10 E/B,HARGRAVE ST,4224,E,N,A,-,Y,NA,NA,NA,NA,NA,NA,NA,NA,NA,Y,3,0,1,1,A,-,01,23152,A,N,E,0,A,D,D,-,E,D,0,NA,NA,NA,NA,Y,Y,A,01,0,1,0,0,0,0,0,0,0,-,-,33.9256706237793,-116.85368347167967,RIVERSIDE,UNINCORPORATED,-116.85520935058594,33.925331115722656
91567275,2021,2021-09-10,9685,2021-07-29,0840,016765,NA,4,1,5,3335,0,1,1,NA,2,030,I-15 NORTHBOUND,SANTIAGO RD,1553,N,N,A,-,Y,NA,NA,15,NA,NA,NA,NA,NA,N,Y,3,0,1,2,A,-,08,22107,NA,N,C,C,A,A,H,-,A,D,0,NA,NA,NA,NA,Y,NA,D,22,0,1,0,0,0,0,0,0,0,-,-,33.494239807128906,-117.14581298828124,RIVERSIDE,TEMECULA,-117.14583587646484,33.494224548339844
91567543,2021,2021-11-02,9840,2021-09-09,0818,020455,NA,4,1,6,3315,0,1,1,NA,2,034,I-15 N/B EXPRESS LANES,MAGNOLIA AVE,2500,S,N,A,-,Y,NA,NA,15,NA,NA,NA,NA,NA,N,Y,3,0,1,3,A,-,08,22107,NA,N,B,C,A,A,H,-,A,D,0,NA,NA,NA,NA,Y,NA,-,-,0,1,0,0,0,0,0,0,0,-,-,33.859779357910156,-117.53650665283205,RIVERSIDE,CORONA,-117.5363998413086,33.85983657836914
91567641,2021,2021-09-10,9840,2021-09-03,1655,022028,NA,5,2,9,3300,0,1,1,NA,2,040,I-215 SB,CACTUS AVE,500,N,N,A,-,Y,NA,NA,215,NA,NA,NA,NA,NA,S,N,4,0,1,2,A,-,03,22350,NA,N,C,C,A,A,H,-,A,D,0,NA,NA,NA,NA,Y,NA,A,01,0,0,1,0,0,0,0,0,0,-,-,33.91006851196289,-117.28208160400392,RIVERSIDE,UNINCORPORATED,-117.28211212158205,33.91004180908203
91570762,2021,2021-09-15,9840,2021-09-03,2227,021037,NA,5,3,7,3313,0,1,3,NA,2,021,SR-91 E/B TO I-215 S/B,SPRUCE ST.,140,E,N,A,-,Y,NA,NA,91,NA,NA,NA,R,NA,E,Y,4,0,1,1,A,-,01,23152,A,N,E,I,A,A,H,-,D,D,0,NA,NA,NA,NA,Y,Y,A,01,0,0,1,0,0,0,0,0,0,-,-,33.991241455078125,-117.35830688476563,RIVERSIDE,RIVERSIDE,-117.35830688476563,33.991241455078125
91570874,2021,2021-09-15,9840,2021-09-12,1220,017882,NA,7,1,6,3394,0,1,3,NA,2,025,SR-60 E/B,PERRIS BLVD,1000,E,N,A,-,Y,NA,NA,60,NA,NA,NA,NA,NA,E,Y,4,0,1,2,A,-,08,22107,NA,N,B,C,A,A,H,-,A,D,0,NA,NA,NA,NA,Y,NA,A,01,0,0,1,0,0,0,0,0,0,-,-,33.93912887573242,-117.20803833007813,RIVERSIDE,MORENO VALLEY,-117.20803833007813,33.93913650512695
9157185,2020,2020-11-16,3300,2020-09-17,1941,5397,905K,4,5,4,3307,0,0,0,NA,0,094,LAKESHORE DR,FRASER DR,0,NA,Y,A,-,N,NA,NA,NA,NA,NA,NA,NA,NA,NA,Y,3,0,1,2,-,-,-,NA,A,N,D,A,A,-,H,-,C,D,0,NA,NA,NA,Y,Y,NA,F,26,0,1,0,0,0,0,0,0,0,-,-,33.68695068359375,-117.36688995361328,RIVERSIDE,LAKE ELSINORE,-117.36737823486328,33.685001373291016
91572227,2021,2021-09-16,9685,2021-09-02,2030,015743,NA,4,2,9,3300,0,1,3,NA,1,045,I-15 SOUTHBOUND,TEMECULA PARKWAY,3108,S,N,A,-,Y,NA,NA,NA,NA,NA,NA,NA,NA,NA,N,3,0,4,2,A,-,03,22350,NA,N,C,C,A,A,D,-,C,A,0,NA,NA,NA,NA,Y,NA,A,01,0,4,0,0,0,0,0,0,0,-,-,33.472450256347656,-117.13804626464844,RIVERSIDE,UNINCORPORATED,-117.13873291015624,33.47452926635742
91572263,2021,2021-09-16,9685,2021-09-04,0101,015906,NA,6,3,9,3300,0,1,3,NA,1,026,SR-74 WESTBOUND,JUNIPER FLATS,50,E,N,A,-,Y,NA,NA,74,NA,NA,NA,NA,NA,W,Y,2,0,2,3,A,-,01,23152,A,N,C,C,A,A,D,-,C,A,0,NA,NA,NA,NA,Y,Y,A,01,1,0,1,0,0,0,0,0,0,-,-,33.743408203125,-117.11460876464844,RIVERSIDE,UNINCORPORATED,-117.11460876464844,33.74332809448242
91572936,2021,2021-09-17,9655,2021-09-07,2330,019449,NA,2,3,9,3300,0,1,3,NA,2,311,SR-79 S/B,CALIFORNIA AVE,4224,S,N,A,-,Y,NA,NA,79,NA,NA,NA,NA,NA,S,Y,3,0,1,1,A,-,01,23152,A,N,E,8,A,A,H,-,D,D,0,NA,NA,NA,NA,Y,Y,A,01,0,1,0,0,0,0,0,0,0,-,-,33.89971923828125,-116.98695373535156,RIVERSIDE,UNINCORPORATED,-116.98682403564452,33.89958190917969
91574126,2021,2021-09-29,9655,2021-09-10,0800,020669,NA,5,1,9,3300,0,1,3,NA,1,115,SR-243,BALDY ROAD,350,S,N,A,-,Y,NA,NA,243,NA,NA,NA,NA,NA,NA,Y,3,0,1,1,A,-,08,22107,NA,N,E,I,A,A,H,-,A,D,0,NA,NA,NA,NA,Y,NA,A,08,0,1,0,0,0,0,0,0,0,-,-,33.765541076660156,-116.73951721191406,RIVERSIDE,UNINCORPORATED,-116.739501953125,33.76558303833008
91574217,2021,2021-09-20,9655,2021-09-13,0110,021908,NA,1,3,9,3300,0,3,5,NA,2,002,BELLFLOWER AVE,DEADWOOD TIR,300,S,N,A,-,N,NA,NA,NA,NA,NA,NA,NA,NA,NA,Y,3,0,1,2,A,-,08,22107,NA,N,A,E,A,A,E,-,C,D,0,NA,NA,NA,NA,Y,Y,A,01,0,1,0,0,0,0,0,0,0,-,-,33.97256851196289,-116.95075988769533,RIVERSIDE,UNINCORPORATED,-116.95076751708984,33.97224807739258
91575993,2021,2021-09-21,9840,2021-09-20,0630,012208,NA,1,1,4,3312,0,1,1,NA,2,041,INTERSTATE-215 N/B {ESCONDIDO FREEWAY},'D' STREET,738,S,N,A,-,Y,NA,NA,215,NA,NA,NA,NA,NA,N,Y,4,0,2,4,A,-,03,22350,NA,N,C,C,A,A,H,-,A,D,0,NA,NA,NA,NA,Y,NA,D,22,0,0,2,0,0,0,0,0,0,-,-,33.789161682128906,-117.22406768798828,RIVERSIDE,PERRIS,-117.22405242919922,33.78919219970703
9157665,2020,2021-02-23,3300,2020-09-08,1135,4468,905L,2,5,4,3307,0,0,0,NA,0,093,JOY ST,MACHADO ST,653,E,N,A,-,N,NA,NA,NA,NA,NA,NA,NA,NA,NA,NA,4,0,1,1,B,-,22,NA,NA,M,E,I,A,A,H,-,A,A,0,NA,NA,NA,NA,Y,NA,A,01,0,0,1,0,0,0,0,0,0,-,-,33.684200286865234,-117.37808990478516,RIVERSIDE,LAKE ELSINORE,-117.37640380859376,33.68300247192383
91576724,2021,2021-09-22,9685,2021-09-11,1432,017903,NA,6,2,4,3307,0,1,1,NA,2,010,INTERSTATE 15 SOUTHBOUND,CENTRAL AVENUE UNDER CROSSING,100,S,N,A,-,Y,NA,NA,15,NA,NA,NA,NA,NA,S,Y,4,0,1,2,A,-,03,22350,NA,N,C,C,A,A,H,-,A,A,0,NA,NA,NA,NA,Y,NA,A,07,0,0,1,0,0,0,0,0,0,-,-,33.69169998168945,-117.33738708496094,RIVERSIDE,LAKE ELSINORE,-117.33740234375,33.691688537597656
91577819,2021,2021-09-23,9685,2021-09-08,2249,014338,NA,3,3,9,3300,0,1,3,NA,1,012,SR-74,BETTY ROAD,200,W,N,A,-,Y,NA,NA,NA,NA,NA,NA,NA,NA,NA,Y,3,0,1,2,D,-,00,NA,NA,N,C,C,A,A,H,-,D,D,0,NA,NA,NA,NA,Y,NA,-,-,0,1,0,0,0,0,0,0,0,-,-,33.75873947143555,-117.22049713134766,RIVERSIDE,UNINCORPORATED,-117.27044677734376,33.75876235961914
91578341,2021,2021-09-23,9840,2021-09-18,1505,021481,NA,6,2,7,3313,0,1,3,NA,2,021,SR-91 E/B,ARLINGTON AVE,2640,W,N,A,-,Y,NA,NA,91,NA,NA,NA,NA,NA,E,N,4,0,1,2,A,-,03,22350,NA,N,C,C,A,A,H,-,A,D,0,NA,NA,NA,NA,Y,NA,A,01,0,0,1,0,0,0,0,0,0,-,-,33.94105911254883,-117.39579010009766,RIVERSIDE,RIVERSIDE,-117.39583587646484,33.941123962402344
91580215,2021,2021-09-27,9655,2021-09-20,1859,021177,NA,1,2,9,3300,0,1,1,NA,2,204,INTERSTATE 10 W/B,MAIN STREET,4488,W,N,A,-,Y,NA,NA,10,NA,NA,NA,NA,NA,W,Y,3,0,1,1,A,-,01,23152,F,N,E,I,A,A,D,-,D,D,0,NA,NA,NA,NA,Y,NA,D,22,0,1,0,0,0,0,0,0,0,-,-,33.918739318847656,-116.79203033447266,RIVERSIDE,UNINCORPORATED,-116.79203033447266,33.91890335083008
91580474,2021,2021-09-27,9685,2021-09-18,0935,016347,NA,6,1,5,3335,0,1,1,NA,2,030,I-15 S/B,SR-79 (WICHESTER ROAD),6336,N,N,A,-,Y,NA,NA,15,NA,NA,NA,NA,NA,S,Y,3,0,1,2,A,-,03,22350,NA,N,C,C,A,A,H,-,A,D,0,NA,NA,Y,NA,Y,NA,C,02,0,1,0,0,0,0,0,0,1,-,-,33.537689208984375,-117.17346954345705,RIVERSIDE,TEMECULA,-117.17337036132813,33.53775405883789
9158090,2020,2020-10-27,3308,2020-08-20,1305,10610,564,4,5,5,3308,0,0,0,NA,0,SOUTH,MUIRFIELD WY,CREEKSIDE DR,0,NA,Y,A,-,N,NA,NA,NA,NA,NA,NA,NA,NA,NA,Y,3,0,1,2,A,-,09,21802,A,N,D,C,A,A,H,-,A,A,0,NA,NA,NA,NA,Y,NA,A,01,0,1,0,0,0,0,0,0,0,-,CO,33.717689514160156,-117.01814270019533,RIVERSIDE,HEMET,NA,NA
91581136,2021,2021-09-28,9840,2021-09-23,0807,012208,NA,4,1,9,3300,0,2,4,NA,2,045,CAJALCO ROAD {E/B},LAKE MATHEWS DRIVE,0,NA,Y,A,-,N,NA,NA,NA,NA,NA,NA,NA,NA,NA,Y,4,0,3,2,A,-,09,21802,A,N,D,C,A,A,H,-,A,A,0,NA,NA,NA,NA,Y,NA,D,22,0,0,3,0,0,0,0,0,0,-,-,33.82514953613281,-117.41502380371094,RIVERSIDE,UNINCORPORATED,-117.4150619506836,33.82517623901367
91581494,2021,2021-09-28,9655,2021-09-20,1845,019630,NA,1,2,9,3300,0,1,3,NA,2,213,STATE ROUTE 79,CALIFORNIA AVENUE,0,NA,Y,A,-,Y,NA,NA,79,NA,NA,NA,NA,NA,NA,Y,3,0,3,3,A,-,09,21801,A,N,A,C,A,A,H,-,D,A,0,NA,NA,Y,NA,Y,NA,A,07,0,1,2,0,0,0,0,0,1,-,-,33.91107177734375,-116.98063659667967,RIVERSIDE,UNINCORPORATED,-116.98056030273438,33.91101837158203
9158361,2020,2020-11-20,3311,2020-09-20,0623,15495,NA,7,5,4,3311,0,0,0,NA,0,004,KIRK DOUGLAS WY,AIRPORT CENTER DR,865,N,N,A,-,N,NA,NA,NA,NA,NA,NA,NA,NA,NA,Y,3,0,1,1,B,-,22,NA,NA,N,E,I,A,A,H,-,B,D,0,NA,NA,NA,NA,Y,NA,A,01,0,1,0,0,0,0,0,0,0,-,-,33.817691802978516,-116.49886322021484,RIVERSIDE,PALM SPRINGS,-116.50234222412108,33.818878173828125
9158402,2020,2020-11-17,3300,2020-09-10,1945,5059,603D2,4,5,6,3394,0,0,0,NA,0,MV38,PERRIS BL,SAN MICHELE RD,408,N,N,A,-,N,NA,NA,NA,NA,NA,NA,NA,NA,NA,NA,4,0,2,2,A,-,04,21703,NA,N,C,C,A,A,H,-,A,D,0,NA,NA,NA,NA,Y,NA,D,22,0,0,2,0,0,0,0,0,0,-,-,33.87004089355469,-117.22601318359376,RIVERSIDE,MORENO VALLEY,-117.22621917724608,33.871177673339844
91585739,2021,2021-10-01,9840,2021-09-29,0730,017546,NA,3,1,4,3344,0,1,3,NA,2,010,SR-60 E/B,MILLIKEN AVENUE,115,E,N,A,-,Y,NA,NA,60,NA,NA,NA,NA,NA,E,Y,2,0,1,2,C,-,18,NA,NA,N,E,9,A,A,H,-,A,D,0,NA,NA,Y,NA,Y,NA,-,-,1,0,0,0,0,0,0,0,1,-,-,34.02384948730469,-117.557861328125,RIVERSIDE,EASTVALE,-117.5578842163086,34.023773193359375
91585772,2021,2021-10-01,9685,2021-09-19,2330,015906,NA,7,3,3,3343,0,1,1,NA,2,020,I-15 SOUTHBOUND,CLINTON KEITH ROAD OVERCROSSING,600,S,N,A,-,Y,NA,NA,15,NA,NA,NA,NA,NA,S,Y,4,0,1,2,A,-,03,22350,NA,N,B,C,A,A,H,-,C,D,0,NA,NA,NA,NA,Y,NA,A,01,0,0,1,0,0,0,0,0,0,-,-,33.593868255615234,-117.24353790283205,RIVERSIDE,WILDOMAR,-117.24351501464844,33.59389114379883
91588024,2021,2021-11-03,9840,2021-09-04,0307,021218,NA,6,3,9,3300,0,1,1,NA,2,037,S/B I-15,HORSETHIEF RD,100,N,N,A,-,Y,NA,NA,15,NA,NA,NA,NA,NA,NA,Y,4,0,1,2,A,-,08,22107,NA,N,B,C,A,A,H,-,D,D,0,NA,NA,NA,NA,Y,NA,-,-,0,0,1,0,0,0,0,0,0,-,-,33.739479064941406,-117.4288330078125,RIVERSIDE,UNINCORPORATED,-117.42884063720705,33.73946762084961
91588805,2021,2021-10-05,9630,2021-09-28,0703,018647,NA,2,1,9,3300,0,1,1,NA,2,302,I-10 E/B,BOX CANYON RD,300,E,N,A,-,Y,NA,NA,10,NA,NA,NA,NA,NA,E,Y,4,0,1,2,A,-,03,22350,NA,N,B,C,A,A,H,-,A,D,0,NA,NA,NA,Y,Y,NA,A,01,0,0,1,0,0,0,0,0,0,-,-,33.660301208496094,-115.79955291748048,RIVERSIDE,UNINCORPORATED,-115.79955291748048,33.65999984741211
91590266,2021,2021-10-07,9840,2021-09-25,0524,018949,NA,6,3,9,3300,0,1,1,NA,2,034,INTERSTATE 15 S/B,DOS LAGOS DR,6000,S,N,A,-,Y,NA,NA,15,NA,NA,NA,NA,NA,S,Y,4,0,1,2,A,-,03,22350,NA,N,C,C,A,A,H,-,C,D,0,NA,NA,NA,NA,Y,NA,A,01,0,0,1,0,0,0,0,0,0,-,-,33.79243087768555,-117.49835968017578,RIVERSIDE,UNINCORPORATED,-117.49842834472656,33.79237747192383
91593127,2021,2021-10-11,9685,2021-10-01,0026,017304,NA,5,3,9,3300,0,1,3,NA,1,031,SR-79 N/B (WINCHESTER ROAD),ABELIA STREET,111,N,N,A,-,N,NA,NA,79,NA,NA,NA,NA,NA,N,Y,3,0,1,2,A,-,03,22350,NA,F,C,C,A,A,H,-,C,D,0,NA,NA,NA,NA,Y,NA,A,01,0,1,0,0,0,0,0,0,0,-,-,33.620670318603516,-117.09906768798828,RIVERSIDE,UNINCORPORATED,-117.09910583496094,33.620704650878906