CASE_ID,ACCIDENT_YEAR,PROC_DATE,JURIS,COLLISION_DATE,COLLISION_TIME,OFFICER_ID,REPORTING_DISTRICT,DAY_OF_WEEK,CHP_SHIFT,POPULATION,CNTY_CITY_LOC,SPECIAL_COND,BEAT_TYPE,CHP_BEAT_TYPE,CITY_DIVISION_LAPD,CHP_BEAT_CLASS,BEAT_NUMBER,PRIMARY_RD,SECONDARY_RD,DISTANCE,DIRECTION,INTERSECTION,WEATHER_1,WEATHER_2,STATE_HWY_IND,CALTRANS_COUNTY,CALTRANS_DISTRICT,STATE_ROUTE,ROUTE_SUFFIX,POSTMILE_PREFIX,POSTMILE,LOCATION_TYPE,RAMP_INTERSECTION,SIDE_OF_HWY,TOW_AWAY,COLLISION_SEVERITY,NUMBER_KILLED,NUMBER_INJURED,PARTY_COUNT,PRIMARY_COLL_FACTOR,PCF_CODE_OF_VIOL,PCF_VIOL_CATEGORY,PCF_VIOLATION,PCF_VIOL_SUBSECTION,HIT_AND_RUN,TYPE_OF_COLLISION,MVIW,PED_ACTION,ROAD_SURFACE,ROAD_COND_1,ROAD_COND_2,LIGHTING,CONTROL_DEVICE,CHP_ROAD_TYPE,PEDESTRIAN_ACCIDENT,BICYCLE_ACCIDENT,MOTORCYCLE_ACCIDENT,TRUCK_ACCIDENT,NOT_PRIVATE_PROPERTY,ALCOHOL_INVOLVED,STWD_VEHTYPE_AT_FAULT,CHP_VEHTYPE_AT_FAULT,COUNT_SEVERE_INJ,COUNT_VISIBLE_INJ,COUNT_COMPLAINT_PAIN,COUNT_PED_KILLED,COUNT_PED_INJURED,COUNT_BICYCLIST_KILLED,COUNT_BICYCLIST_INJURED,COUNT_MC_KILLED,COUNT_MC_INJURED,PRIMARY_RAMP,SECONDARY_RAMP,LATITUDE,LONGITUDE,COUNTY,CITY,POINT_X,POINT_Y
91747768,2022,2022-04-14,9655,2022-04-08,1459,017263,NA,5,2,9,3300,0,1,3,NA,2,311,GILMAN SPRINGS RD,BRIDGE ST,2640,E,N,A,-,N,NA,NA,NA,NA,NA,NA,NA,NA,NA,Y,4,0,1,2,A,-,08,22107,NA,N,E,I,A,A,H,-,A,D,0,NA,NA,NA,NA,Y,NA,A,01,0,0,1,0,0,0,0,0,0,-,-,33.86650085449219,-117.03617095947266,RIVERSIDE,UNINCORPORATED,-117.06288909912108,33.88456726074219
9174783,2020,2020-12-08,3300,2020-10-23,0954,3359,916A,5,5,4,3312,0,0,0,NA,0,031,ORANGE AV,KINGMAN ST,205,W,N,A,-,N,NA,NA,NA,NA,NA,NA,NA,NA,NA,Y,4,0,1,2,A,-,03,22350,NA,N,C,C,A,A,H,-,A,D,0,NA,NA,NA,NA,Y,NA,A,01,0,0,1,0,0,0,0,0,0,-,-,33.815650939941406,-117.22242736816406,RIVERSIDE,PERRIS,-117.22322082519533,33.815616607666016
91748306,2022,2022-04-14,9655,2022-04-09,1604,019466,NA,6,2,9,3300,0,1,1,NA,2,206,I-10 WESTBOUND,MAIN STREET,9504,E,N,A,-,Y,RIV,NA,10,NA,R,21.207,H,NA,L,Y,3,0,2,3,A,-,03,22350,NA,N,C,C,A,A,D,E,A,D,0,NA,NA,NA,NA,Y,NA,D,22,0,1,1,0,0,0,0,0,0,-,-,33.92182159423828,-116.74588012695313,RIVERSIDE,UNINCORPORATED,-116.74596405029295,33.92198944091797
91748456,2022,2022-04-14,9630,2022-04-03,1710,021570,NA,7,2,9,3300,0,1,1,NA,2,021,I-10 W/B TO JEFFERSON STREET,JEFFERSON STREET,400,E,N,A,-,Y,NA,NA,NA,NA,NA,NA,NA,NA,NA,Y,3,0,1,1,A,-,08,22107,NA,N,F,A,A,A,H,-,A,D,0,NA,NA,NA,Y,Y,NA,G,25,0,1,0,0,0,0,0,0,0,-,-,33.75054931640625,-116.26743316650392,RIVERSIDE,UNINCORPORATED,-116.2689971923828,33.74964141845703
91752248,2022,2022-04-20,9840,2022-03-02,0923,018248,NA,3,1,9,3300,0,1,1,NA,2,023,I-215 N/B FROM FAIR ISLE DR,FAIR ISLE DR,26,N,N,A,-,Y,NA,NA,NA,NA,NA,NA,NA,NA,NA,N,4,0,1,2,A,-,03,22350,NA,F,G,B,E,A,H,-,A,D,0,Y,NA,NA,NA,Y,NA,-,99,0,0,1,0,1,0,0,0,0,-,-,33.94874954223633,-117.30110168457033,RIVERSIDE,UNINCORPORATED,-117.30110168457033,33.94874954223633
9175351,2020,2021-02-11,3300,2020-11-01,1100,4323,910L,7,5,5,3335,0,0,0,NA,0,064,MEADOWS PKWY,RANCHO VISTA DR,0,NA,Y,A,-,N,NA,NA,NA,NA,NA,NA,NA,NA,NA,Y,4,0,1,2,A,-,12,21453,A,N,D,C,A,A,H,-,A,A,0,NA,NA,NA,NA,Y,NA,A,01,0,0,1,0,0,0,0,0,0,-,-,NA,NA,RIVERSIDE,TEMECULA,-117.09945678710938,33.51198959350586
91753784,2022,2022-04-21,9840,2022-04-06,1750,021198,NA,3,2,7,3313,0,3,5,NA,2,004,WASHINGTON ST,VAN BUREN BLVD,310,N,N,A,-,N,NA,NA,NA,NA,NA,NA,NA,NA,NA,Y,3,0,3,2,A,-,09,21801,A,N,D,C,A,A,H,-,A,D,0,NA,NA,NA,NA,Y,NA,A,01,0,3,0,0,0,0,0,0,0,-,-,33.88335037231445,-117.3660888671875,RIVERSIDE,RIVERSIDE,-117.36614227294922,33.883216857910156
9175483,2020,2020-12-30,3300,2020-10-26,1521,4323,910F,1,5,5,3335,0,0,0,NA,0,062,YNEZ RD,PALM PLAZA NORTH,100,N,N,A,-,N,NA,NA,NA,NA,NA,NA,NA,NA,NA,Y,4,0,1,2,A,-,03,22350,NA,N,C,C,A,A,H,-,A,A,0,NA,NA,NA,NA,Y,NA,A,01,0,0,1,0,0,0,0,0,0,-,-,NA,NA,RIVERSIDE,TEMECULA,-117.15872955322266,33.523162841796875
91755266,2022,2022-04-25,9840,2022-04-16,1920,021297,NA,6,2,5,3341,0,3,5,NA,2,004,MENIFEE RD,MAPES RD,0,NA,Y,A,-,N,NA,NA,NA,NA,NA,NA,NA,NA,NA,Y,4,0,2,2,A,-,09,21802,A,N,D,C,A,A,H,-,D,A,0,NA,NA,NA,NA,Y,NA,A,01,0,0,2,0,0,0,0,0,0,-,-,33.75748825073242,-117.15425872802734,RIVERSIDE,MENIFEE,-117.15415191650392,33.7575798034668
91755668,2022,2022-04-25,9630,2022-04-18,1437,021128,NA,1,2,9,3300,0,3,5,NA,2,404,VARNER RD,RAMON RD,100,E,N,A,-,N,NA,NA,NA,NA,NA,NA,NA,NA,NA,Y,4,0,1,2,A,-,09,21804,A,N,D,C,A,A,H,-,A,D,0,NA,NA,NA,NA,Y,NA,A,01,0,0,1,0,0,0,0,0,0,-,-,33.81602096557617,-116.40090942382813,RIVERSIDE,UNINCORPORATED,-116.40104675292967,33.816131591796875
91757120,2022,2022-04-26,9655,2022-04-17,0630,019630,NA,7,1,9,3300,0,3,5,NA,2,003,DARTMOUTH STREET,MARINE DRIVE,30,N,N,A,-,N,NA,NA,NA,NA,NA,NA,NA,NA,NA,Y,4,0,1,4,A,-,08,22107,NA,N,B,C,A,A,H,-,A,D,0,NA,NA,NA,NA,Y,NA,D,22,0,0,1,0,0,0,0,0,0,-,-,33.746490478515625,-116.93699645996094,RIVERSIDE,UNINCORPORATED,-116.93691253662108,33.74643325805664
91758083,2022,2022-04-27,9685,2022-04-19,1930,015757,NA,2,2,4,3342,0,1,1,NA,2,030,I-15 N/B (TEMECULA VALLEY FWY),MURRIETA HOT SPRINGS RD,200,N,N,A,-,Y,RIV,NA,15,NA,NA,9.529,H,NA,R,N,4,0,1,2,A,-,08,22107,NA,F,F,A,A,A,H,-,D,D,0,NA,NA,Y,NA,Y,NA,-,99,0,0,1,0,0,0,0,0,1,-,-,33.555320739746094,-117.19277954101563,RIVERSIDE,MURRIETA,-117.1927490234375,33.55535888671875
91758765,2022,2022-04-28,9840,2022-04-26,1730,016619,NA,2,2,7,3313,0,1,3,NA,2,010,SR-60 W/B,MARKET STREET,250,W,N,A,-,Y,RIV,NA,60,NA,NA,10.963,H,NA,L,Y,4,0,2,5,A,-,03,22350,NA,M,C,C,A,A,H,-,A,D,0,NA,NA,NA,NA,Y,NA,A,01,0,0,2,0,0,0,0,0,0,-,-,34.00170135498047,-117.37682342529295,RIVERSIDE,RIVERSIDE,-117.37687683105467,34.001609802246094
91759165,2022,2022-04-28,9840,2022-04-25,0640,014335,NA,1,1,9,3300,0,1,3,NA,2,030,SR-91 WESTBOUND,SR-71,4752,E,N,A,-,Y,RIV,NA,91,NA,R,2.962,H,NA,L,N,4,0,1,3,A,-,03,22350,NA,N,C,C,A,A,H,-,A,D,0,NA,NA,NA,NA,Y,NA,D,22,0,0,1,0,0,0,0,0,0,-,-,33.88343048095703,-117.62564086914063,RIVERSIDE,UNINCORPORATED,-117.62574005126952,33.883216857910156
9175965,2020,2021-02-03,3300,2020-11-01,2027,5382,602E3,7,5,6,3394,0,0,0,NA,0,MV28,BAY AV,FLAIMING ARROW DR,0,NA,Y,A,-,N,NA,NA,NA,NA,NA,NA,NA,NA,NA,N,2,0,1,2,A,-,09,21800,A,N,D,G,A,A,H,-,C,D,0,NA,Y,NA,NA,Y,NA,L,04,1,0,0,0,0,0,1,0,0,-,-,33.9208984375,-117.22241973876952,RIVERSIDE,MORENO VALLEY,-117.22238159179688,33.9209098815918
91764172,2022,2022-05-04,9685,2022-04-27,1930,015757,NA,3,2,9,3300,0,3,5,NA,2,003,VIA HORCA,VIA SANTA ROSA,3538,N,N,A,-,N,NA,NA,NA,NA,NA,NA,NA,NA,NA,Y,4,0,2,1,A,-,17,21662,A,N,E,I,A,A,H,-,D,D,0,NA,NA,NA,NA,Y,NA,A,01,0,0,2,0,0,0,0,0,0,-,-,33.48057174682617,-117.15912628173828,RIVERSIDE,UNINCORPORATED,-117.15904998779295,33.48053741455078
9176455,2020,2021-02-11,3313,2020-11-01,1219,0282,2,7,5,7,3313,0,0,0,NA,0,T48,CHICAGO AV,SPRUCE ST,1236,N,N,A,-,N,NA,NA,NA,NA,NA,NA,NA,NA,NA,Y,4,0,3,2,A,-,08,22107,NA,N,B,C,A,A,H,-,A,D,0,NA,NA,NA,NA,Y,NA,A,01,0,0,3,0,0,0,0,0,0,-,-,33.990421295166016,-117.34853363037108,RIVERSIDE,RIVERSIDE,-117.3485107421875,33.99369430541992
91764690,2022,2022-05-04,9630,2022-04-25,0725,017467,NA,1,1,9,3300,0,1,1,NA,2,021,I-10 W/B,WASHINGTON ST,530,E,N,A,-,Y,RIV,NA,10,NA,NA,50.582,H,NA,L,N,4,0,1,2,A,-,08,22107,NA,N,C,C,A,A,H,-,A,D,0,NA,NA,NA,NA,Y,NA,A,07,0,0,1,0,0,0,0,0,0,-,-,33.759700775146484,-116.2993392944336,RIVERSIDE,UNINCORPORATED,-116.2992935180664,33.759769439697266
91765633,2022,2022-05-05,9685,2022-03-12,1350,017399,NA,6,1,9,3300,0,3,5,NA,2,003,BRIGGS ROAD,PAT ROAD,42,S,N,A,-,N,NA,NA,NA,NA,NA,NA,NA,NA,NA,N,4,0,2,2,A,-,03,22350,NA,N,C,C,A,A,H,-,A,A,0,NA,NA,NA,NA,Y,NA,D,22,0,0,2,0,0,0,0,0,0,-,-,33.61920166015625,-117.1362075805664,RIVERSIDE,UNINCORPORATED,-117.13202667236328,33.619651794433594
91766378,2022,2022-05-06,9840,2022-05-05,1542,018611,NA,4,2,6,3315,0,1,3,NA,2,031,SR-91 W/B,PROMENADE AVENUE,730,W,N,A,-,Y,RIV,NA,91,NA,NA,7.919,H,NA,L,Y,4,0,1,1,A,-,08,22107,NA,N,E,I,A,A,H,-,A,D,0,NA,NA,NA,NA,Y,NA,A,01,0,0,1,0,0,0,0,0,0,-,-,33.883399963378906,-117.53936004638672,RIVERSIDE,CORONA,-117.53936004638672,33.883419036865234
91767655,2022,2022-05-09,9685,2022-05-08,0740,016347,NA,7,1,9,3300,0,1,3,NA,1,031,SR-79 (WINCHESTER RD) S/B,KELLER ROAD,50,N,N,B,-,Y,RIV,NA,79,NA,R,10.97,H,NA,L,Y,3,0,6,3,A,-,03,22350,NA,N,C,C,A,A,H,-,A,A,0,NA,NA,NA,NA,Y,Y,A,01,0,1,5,0,0,0,0,0,0,-,-,33.627498626708984,-117.09336853027344,RIVERSIDE,UNINCORPORATED,-117.09337615966795,33.62750244140625
91768133,2022,2022-05-09,9655,2022-05-07,0820,019630,NA,6,1,9,3300,0,1,3,NA,2,315,STATE ROUTE 79,PATTERSON AVENUE,450,S,N,A,-,Y,RIV,NA,79,NA,R,17.435,H,NA,R,N,4,0,4,3,A,-,03,22350,NA,N,C,C,A,A,D,-,A,D,0,NA,NA,NA,NA,Y,NA,A,07,0,0,4,0,0,0,0,0,0,-,-,33.71480941772461,-117.07827758789063,RIVERSIDE,UNINCORPORATED,-117.07826995849608,33.71480178833008
91768623,2022,2022-05-10,9840,2022-05-01,2244,021862,NA,7,3,6,3315,0,1,1,NA,2,034,I-15 S/B,TEMESCAL CANYON RD.,800,N,N,A,-,Y,RIV,NA,15,NA,NA,32.042,H,NA,L,Y,4,0,1,2,A,-,01,23152,A,N,C,2,A,A,H,-,C,D,0,NA,NA,NA,NA,Y,Y,A,01,0,0,1,0,0,0,0,0,0,-,-,33.763179779052734,-117.47411346435548,RIVERSIDE,CORONA,-117.4740982055664,33.76319122314453
91769143,2022,2022-05-10,9660,2022-04-01,0304,022508,NA,5,3,9,3300,0,1,3,NA,1,034,SR-78,35TH AVE.,280,S,N,A,-,Y,RIV,NA,78,NA,NA,1.48,H,NA,R,Y,1,1,0,1,A,-,08,22107,NA,N,F,A,A,A,H,-,D,D,0,NA,NA,NA,NA,Y,NA,D,22,0,0,0,0,0,0,0,0,0,-,-,33.4550895690918,-114.73088073730467,RIVERSIDE,UNINCORPORATED,-114.73069763183594,33.4550895690918
91769528,2022,2022-05-11,9840,2022-05-10,0850,017546,NA,2,1,7,3313,0,1,1,NA,2,023,I-215 N/B,CENTRAL AVENUE,80,N,N,A,-,Y,RIV,NA,215,NA,NA,39.519,H,NA,R,N,4,0,1,2,A,-,03,22350,NA,F,C,C,A,A,H,-,A,D,0,NA,NA,NA,NA,Y,NA,-,99,0,0,1,0,0,0,0,0,0,-,-,33.95922088623047,-117.30970001220705,RIVERSIDE,RIVERSIDE,-117.3096923828125,33.959224700927734
91771752,2022,2022-05-13,9840,2022-05-10,1810,018564,NA,2,2,6,3315,0,1,1,NA,2,034,I-15 S/B,EL CERRITO ROAD,345,S,N,A,-,Y,RIV,NA,15,NA,NA,37.76,H,NA,L,Y,4,0,1,2,A,-,07,21658,A,N,B,C,A,A,A,H,A,D,0,NA,NA,Y,NA,Y,NA,A,01,0,0,1,0,0,0,0,0,1,-,-,33.83100128173828,-117.52935028076172,RIVERSIDE,CORONA,-117.52932739257813,33.83100891113281
91772389,2022,2022-05-16,9685,2022-05-06,0235,017833,NA,5,3,5,3341,0,1,1,NA,2,020,I-215 NORTHBOUND,MCCALL BLVD,1056,N,N,A,-,Y,RIV,NA,215,NA,NA,21.31,H,NA,R,Y,4,0,1,2,C,-,18,NA,NA,N,D,C,A,A,H,-,D,D,0,NA,NA,NA,NA,Y,NA,-,-,0,0,1,0,0,0,0,0,0,-,-,33.721900939941406,-117.18898010253906,RIVERSIDE,MENIFEE,-117.18898010253906,33.721900939941406
91772731,2022,2022-05-16,9840,2022-05-05,1803,021080,NA,4,2,7,3313,0,1,3,NA,2,020,SR-91 W/B,TYLER ST.,200,E,N,A,-,Y,RIV,NA,91,NA,NA,13.092,H,NA,L,Y,4,0,2,3,A,-,03,22350,NA,N,C,C,A,A,H,-,A,D,0,NA,NA,NA,NA,Y,NA,D,22,0,0,2,0,0,0,0,0,0,-,-,33.9067497253418,-117.45623779296876,RIVERSIDE,RIVERSIDE,-117.45624542236328,33.906761169433594
91772952,2022,2022-05-16,9840,2022-05-07,0330,021862,NA,6,3,7,3313,0,1,1,NA,2,034,I-215 S/B,CENTRAL AVE,2000,N,N,A,-,Y,RIV,NA,215,NA,NA,39.952,H,NA,L,Y,3,0,2,2,A,-,07,21658,A,N,C,C,A,A,H,-,C,D,0,NA,NA,NA,NA,Y,Y,A,07,0,2,0,0,0,0,0,0,0,-,-,33.960628509521484,-117.31678771972656,RIVERSIDE,RIVERSIDE,-117.31678771972656,33.96068572998047
91773872,2022,2022-05-17,9840,2022-05-10,2004,020455,NA,2,2,9,3300,0,3,5,NA,2,002,FAIR ISLE DR,I-215 NORTHBOUND,50,E,N,A,-,N,NA,NA,NA,NA,NA,NA,NA,NA,NA,Y,3,0,2,2,A,-,08,22107,NA,N,A,C,A,A,H,-,C,A,0,NA,NA,NA,NA,Y,NA,A,01,0,2,0,0,0,0,0,0,0,-,-,33.94850158691406,-117.30108642578124,RIVERSIDE,UNINCORPORATED,-117.30077362060548,33.948760986328125
91774441,2022,2022-05-17,9630,2022-05-11,2158,020645,NA,3,2,9,3300,0,3,5,NA,2,002,RAMON RD,BOB HOPE DR,20,W,N,A,-,N,NA,NA,NA,NA,NA,NA,NA,NA,NA,N,4,0,1,2,A,-,08,22107,NA,N,C,C,A,A,H,-,C,D,0,NA,NA,NA,NA,Y,NA,A,01,0,0,1,0,0,0,0,0,0,-,-,33.816219329833984,-116.41082000732422,RIVERSIDE,UNINCORPORATED,-116.41070556640624,33.81639099121094
91778871,2022,2022-05-24,9840,2022-05-12,0301,019893,NA,4,3,4,3310,0,1,1,NA,2,011,I-15 S/B,4TH STREET,535,S,N,A,-,Y,RIV,NA,15,NA,NA,44.569,H,NA,L,Y,3,0,1,2,A,-,01,23152,A,N,C,2,A,A,H,-,C,D,0,NA,NA,NA,NA,Y,Y,A,01,0,1,0,0,0,0,0,0,0,-,-,33.92293167114258,-117.5568389892578,RIVERSIDE,NORCO,-117.55680084228516,33.92292785644531
9177957,2020,2021-01-30,3300,2020-11-03,1959,N4588,2K,2,5,6,3345,0,0,0,NA,0,022,RIVERSIDE DR,EDISON POLE 1939917E,36,E,N,A,-,N,NA,NA,NA,NA,NA,NA,NA,NA,NA,Y,3,0,1,2,A,-,03,22350,NA,N,D,C,A,A,H,-,C,A,0,NA,NA,NA,NA,Y,NA,A,01,0,1,0,0,0,0,0,0,0,-,-,NA,NA,RIVERSIDE,JURUPA VALLEY,NA,NA
91779781,2022,2022-05-25,9840,2022-05-14,2255,019650,NA,6,3,7,3313,0,1,3,NA,2,020,SR-91 W/B TO MAGNOLIA AVE,MAGNOLIA AVE.,295,N,N,A,-,Y,NA,NA,NA,NA,NA,NA,NA,NA,NA,N,3,0,1,1,A,-,08,22107,NA,N,F,A,A,A,H,-,C,D,0,NA,NA,Y,NA,Y,NA,C,02,0,1,0,0,0,0,0,0,1,-,-,33.897769927978516,-117.48831176757813,RIVERSIDE,RIVERSIDE,-117.48831176757813,33.897769927978516
91780040,2022,2022-05-25,9685,2022-05-13,1250,015906,NA,5,1,4,3342,0,1,1,NA,2,034,I-215 NORTHBOUND,MURRIETA HOT SPRINGS ROAD O/C,790,N,N,A,-,Y,RIV,NA,215,NA,R,9.666,H,NA,R,Y,2,0,2,2,A,-,03,22350,NA,N,C,C,A,A,H,-,A,D,0,NA,NA,Y,NA,Y,NA,C,02,1,0,1,0,0,0,0,0,1,-,-,33.55854034423828,-117.18073272705078,RIVERSIDE,MURRIETA,-117.18074798583984,33.55854034423828
91783106,2022,2022-05-27,9685,2022-05-19,0235,017833,NA,4,3,5,3335,0,1,1,NA,2,030,I-15 SOUTHBOUND,TEMECULA PKWY,10032,S,N,A,-,Y,RIV,NA,15,NA,R,1.518,H,NA,L,Y,3,0,1,2,A,-,03,22350,NA,N,C,C,A,A,H,-,D,D,0,NA,NA,NA,NA,Y,NA,A,01,0,1,0,0,0,0,0,0,0,-,-,33.453208923339844,-117.13559722900392,RIVERSIDE,TEMECULA,-117.13559722900392,33.453208923339844
91783548,2022,2022-05-27,9685,2022-05-21,1036,015295,NA,6,1,9,3300,0,3,5,NA,2,003,SAGE ROAD,STATE ROUTE 79,7392,N,N,A,-,N,NA,NA,NA,NA,NA,NA,NA,NA,NA,Y,3,0,1,1,A,-,03,22350,NA,N,F,A,A,A,H,-,A,D,0,NA,NA,Y,NA,Y,NA,C,02,0,1,0,0,0,0,0,0,1,-,-,33.480308532714844,-116.91127777099608,RIVERSIDE,UNINCORPORATED,-116.91262817382813,33.48295211791992
9178422,2020,2020-12-22,3308,2020-10-13,1345,10610,546,2,5,5,3308,0,0,0,NA,0,SOUTH,JOHNSTON AV,CAMINO DEL SOL,16,W,N,A,-,N,NA,NA,NA,NA,NA,NA,NA,NA,NA,Y,3,0,1,1,A,-,08,22107,NA,N,E,I,A,A,H,-,A,A,0,NA,NA,NA,NA,Y,NA,A,01,0,1,0,0,0,0,0,0,0,-,-,33.733070373535156,-116.98285675048828,RIVERSIDE,HEMET,-116.98283386230467,33.73299789428711
91788109,2022,2022-06-03,9655,2022-05-27,2030,020669,NA,5,2,9,3300,0,1,3,NA,1,118,SR-74,CARRIZO RD,1056,W,N,A,-,Y,RIV,NA,74,NA,NA,83.637,H,NA,R,Y,4,0,1,1,A,-,08,22107,NA,N,E,I,A,A,H,-,D,D,0,NA,NA,NA,NA,Y,NA,A,01,0,0,1,0,0,0,0,0,0,-,-,33.60358810424805,-116.41915893554688,RIVERSIDE,UNINCORPORATED,-116.41909790039063,33.60359191894531
91788908,2022,2022-06-06,9660,2022-05-27,0430,022114,NA,5,3,9,3300,0,1,1,NA,2,030,INTERSTATE 10 E/B,CORN SPRINGS RD. O/C.,24130,E,N,A,-,Y,RIV,NA,10,NA,R,119.023,H,NA,R,Y,4,0,1,1,A,-,03,22350,NA,N,E,J,A,A,D,-,D,A,0,NA,NA,NA,Y,Y,NA,G,25,0,0,1,0,0,0,0,0,0,-,-,33.65985870361328,-115.16799926757813,RIVERSIDE,UNINCORPORATED,-115.1679916381836,33.659873962402344
91790142,2022,2022-06-24,9840,2022-06-02,0540,016284,NA,4,3,7,3313,0,1,1,NA,2,022,I-215 S/B TO SR-60 W/B,COLUMBIA AVENUE,2080,S,N,A,-,Y,RIV,NA,215,NA,R,43.419,H,NA,L,Y,2,0,1,2,A,-,03,22350,NA,N,C,C,A,A,H,-,B,D,0,NA,NA,Y,NA,Y,NA,C,02,1,0,0,0,0,0,0,0,1,-,-,33.99639892578125,-117.35561370849608,RIVERSIDE,RIVERSIDE,-117.3557357788086,33.99645233154297
91791369,2022,2022-06-08,9840,2022-05-20,2145,021042,NA,5,2,9,3300,0,2,4,NA,2,039,MCKINLEY ST.,HARLOW AVE.,0,NA,Y,A,-,N,NA,NA,NA,NA,NA,NA,NA,NA,NA,N,4,0,1,2,A,-,03,22350,NA,N,D,C,A,A,H,-,C,D,0,NA,NA,NA,NA,Y,NA,A,01,0,0,1,0,0,0,0,0,0,-,-,33.88058853149414,-117.51204681396484,RIVERSIDE,UNINCORPORATED,-117.51195526123048,33.88051986694336
9179200,2020,2020-12-30,3313,2020-10-23,1431,1489,4,5,5,7,3313,0,0,0,NA,0,T44,MADISON ST,ORCHARD ST,6,N,N,A,-,N,NA,NA,NA,NA,NA,NA,NA,NA,NA,N,4,0,1,2,A,-,03,22350,NA,M,C,C,A,A,H,-,A,D,0,NA,NA,NA,NA,Y,NA,A,01,0,0,1,0,0,0,0,0,0,-,-,33.93851089477539,-117.4069366455078,RIVERSIDE,RIVERSIDE,-117.40688323974608,33.93828201293945
91792536,2022,2022-06-10,9685,2022-06-01,2155,015880,NA,3,2,4,3342,0,1,1,NA,2,030,INTERSTATE 15 S/B,MURRIETA HOT SPRINGS RD,1680,S,N,A,-,Y,RIV,NA,15,NA,NA,9.139,H,NA,L,Y,4,0,1,2,A,-,03,22350,NA,N,C,C,A,A,D,-,D,D,0,NA,NA,NA,NA,Y,NA,A,01,0,0,1,0,0,0,0,0,0,-,-,33.55216979980469,-117.18742370605467,RIVERSIDE,MURRIETA,-117.18743896484376,33.55214309692383
9179321,2020,2021-01-21,3308,2020-08-16,1651,10515,286,7,5,5,3308,0,0,0,NA,0,NORTH,ESPLANADE AV,PALM AV,333,W,N,A,-,N,NA,NA,NA,NA,NA,NA,NA,NA,NA,Y,1,1,2,2,A,-,03,22350,NA,N,A,C,A,A,H,-,A,A,0,NA,NA,NA,NA,Y,NA,A,01,2,0,0,0,0,0,0,0,0,-,-,33.772911071777344,-116.98045349121094,RIVERSIDE,HEMET,-116.98165893554688,33.77288818359375
91794092,2022,2022-06-13,9655,2022-05-28,1750,021908,NA,6,2,9,3300,0,3,5,NA,2,003,DOMENIGONI PKWY,SR-79,20,W,N,A,-,N,NA,NA,NA,NA,NA,NA,NA,NA,NA,N,4,0,1,3,A,-,08,22100,A,N,D,C,A,A,H,-,A,D,0,NA,NA,NA,NA,Y,NA,A,01,0,0,1,0,0,0,0,0,0,-,-,33.69628143310547,-117.0849609375,RIVERSIDE,UNINCORPORATED,-117.08486938476563,33.69627380371094
91794546,2022,2022-06-14,9840,2022-05-19,0935,017882,NA,4,1,9,3300,0,3,5,NA,2,002,RECHE CANYON RD.,MANTON RD.,850,N,N,A,-,N,NA,NA,NA,NA,NA,NA,NA,NA,NA,Y,3,0,1,1,A,-,08,22107,NA,N,F,A,A,A,H,-,A,D,0,NA,NA,NA,NA,Y,NA,A,01,0,1,0,0,0,0,0,0,0,-,-,33.997520446777344,-117.23179626464844,RIVERSIDE,UNINCORPORATED,-117.23191833496094,33.99747848510742
91795998,2022,2022-06-15,9840,2022-06-08,1038,019527,NA,3,1,7,3313,0,1,3,NA,2,010,SR-60 E/B,HALL AVE.,2000,E,N,A,-,Y,RIV,NA,60,NA,NA,10.351,H,NA,R,Y,4,0,1,2,A,-,03,22350,NA,N,C,C,A,A,H,-,A,D,0,NA,NA,NA,Y,Y,NA,G,25,0,0,1,0,0,0,0,0,0,-,-,34.00471115112305,-117.38671875,RIVERSIDE,RIVERSIDE,-117.38670349121094,34.0047721862793
91796102,2022,2022-06-15,9630,2022-06-03,1816,019228,NA,5,2,9,3300,0,1,1,NA,2,302,I-10 W/B,EAGLE MOUNTAIN RD,5280,E,N,B,-,Y,RIV,NA,10,NA,R,103.363,H,NA,L,Y,3,0,1,2,A,-,08,22107,NA,N,E,8,A,A,H,-,A,D,0,NA,NA,NA,Y,Y,NA,A,01,0,1,0,0,0,0,0,0,0,-,-,33.707401275634766,-115.4299087524414,RIVERSIDE,UNINCORPORATED,-115.42989349365234,33.707340240478516
91796548,2021,2022-06-16,9840,2021-09-14,0355,021862,NA,2,3,6,3315,0,1,1,NA,2,034,INTERSTATE 15 S/B,EL CERRITO RD.,13,N,N,A,-,Y,NA,NA,15,NA,NA,NA,NA,NA,S,N,1,1,0,2,A,-,00,21954,NA,F,G,B,E,A,H,-,C,D,0,Y,NA,NA,Y,Y,NA,N,60,0,0,0,1,0,0,0,0,0,-,-,33.832061767578125,-117.53002166748048,RIVERSIDE,CORONA,-117.52993011474608,33.83211135864258