CASE_ID,ACCIDENT_YEAR,PROC_DATE,JURIS,COLLISION_DATE,COLLISION_TIME,OFFICER_ID,REPORTING_DISTRICT,DAY_OF_WEEK,CHP_SHIFT,POPULATION,CNTY_CITY_LOC,SPECIAL_COND,BEAT_TYPE,CHP_BEAT_TYPE,CITY_DIVISION_LAPD,CHP_BEAT_CLASS,BEAT_NUMBER,PRIMARY_RD,SECONDARY_RD,DISTANCE,DIRECTION,INTERSECTION,WEATHER_1,WEATHER_2,STATE_HWY_IND,CALTRANS_COUNTY,CALTRANS_DISTRICT,STATE_ROUTE,ROUTE_SUFFIX,POSTMILE_PREFIX,POSTMILE,LOCATION_TYPE,RAMP_INTERSECTION,SIDE_OF_HWY,TOW_AWAY,COLLISION_SEVERITY,NUMBER_KILLED,NUMBER_INJURED,PARTY_COUNT,PRIMARY_COLL_FACTOR,PCF_CODE_OF_VIOL,PCF_VIOL_CATEGORY,PCF_VIOLATION,PCF_VIOL_SUBSECTION,HIT_AND_RUN,TYPE_OF_COLLISION,MVIW,PED_ACTION,ROAD_SURFACE,ROAD_COND_1,ROAD_COND_2,LIGHTING,CONTROL_DEVICE,CHP_ROAD_TYPE,PEDESTRIAN_ACCIDENT,BICYCLE_ACCIDENT,MOTORCYCLE_ACCIDENT,TRUCK_ACCIDENT,NOT_PRIVATE_PROPERTY,ALCOHOL_INVOLVED,STWD_VEHTYPE_AT_FAULT,CHP_VEHTYPE_AT_FAULT,COUNT_SEVERE_INJ,COUNT_VISIBLE_INJ,COUNT_COMPLAINT_PAIN,COUNT_PED_KILLED,COUNT_PED_INJURED,COUNT_BICYCLIST_KILLED,COUNT_BICYCLIST_INJURED,COUNT_MC_KILLED,COUNT_MC_INJURED,PRIMARY_RAMP,SECONDARY_RAMP,LATITUDE,LONGITUDE,COUNTY,CITY,POINT_X,POINT_Y
91844377,2022,2022-08-19,9840,2022-08-17,1728,018611,NA,3,2,7,3313,0,1,3,NA,2,021,SR-91 E/B,MISSION INN AVENUE,1200,E,N,A,-,Y,RIV,NA,91,NA,NA,20.805,H,NA,R,N,4,0,1,2,A,-,03,22350,NA,N,C,C,A,A,H,-,A,D,0,NA,NA,NA,NA,Y,NA,A,01,0,0,1,0,0,0,0,0,0,-,-,33.98360061645508,-117.36605834960938,RIVERSIDE,RIVERSIDE,-117.36607360839844,33.983604431152344
91844493,2022,2022-08-19,9840,2022-08-05,2335,021311,NA,5,3,4,3307,0,1,1,NA,2,037,I-15 S/B,CENTRAL AVE,3400,N,N,A,-,Y,RIV,NA,15,NA,NA,22.934,H,NA,L,Y,4,0,1,2,A,-,01,23152,A,N,C,C,A,A,H,-,D,D,0,NA,NA,NA,NA,Y,Y,A,07,0,0,1,0,0,0,0,0,0,-,-,33.69826126098633,-117.34619140625,RIVERSIDE,LAKE ELSINORE,-117.3461456298828,33.698307037353516
91845979,2022,2022-08-22,9840,2022-08-10,1727,021037,NA,3,2,7,3313,0,1,1,NA,2,023,I-215 N/B,CHICAGO AVE.,1300,S,N,A,-,Y,RIV,NA,215,NA,NA,42.566,H,NA,R,N,4,0,1,3,A,-,03,22350,NA,N,C,C,A,A,H,-,A,D,0,NA,NA,NA,NA,Y,NA,A,07,0,0,1,0,0,0,0,0,0,-,-,33.98754119873047,-117.34725189208984,RIVERSIDE,RIVERSIDE,-117.34732818603516,33.987483978271484
91846854,2022,2022-08-23,9685,2022-08-11,1645,017919,NA,4,2,9,3300,0,3,5,NA,2,003,I-15 FWY. NORTHBOUND,TEMECULA PKWY.,1705,N,N,A,-,Y,RIV,NA,15,NA,NA,3.78,H,NA,R,N,4,0,1,2,A,-,07,21658,A,N,B,C,A,A,H,-,A,D,0,NA,NA,Y,NA,Y,NA,A,07,0,0,1,0,0,0,0,0,1,-,-,33.48530960083008,-117.14228057861328,RIVERSIDE,UNINCORPORATED,-117.14221954345705,33.48532485961914
91847682,2022,2022-08-24,9840,2022-08-17,2056,014868,NA,3,2,7,3313,0,1,1,NA,2,023,I-215 S/B TO SR-91 E/B,SR-91 E/B,50,S,N,A,-,Y,RIV,NA,91,NA,NA,21.718,H,NA,R,Y,3,0,1,1,A,-,03,22350,NA,N,F,A,A,A,H,-,C,A,0,NA,NA,NA,Y,Y,NA,G,25,0,1,0,0,0,0,0,0,0,-,-,33.99277114868164,-117.35768127441406,RIVERSIDE,RIVERSIDE,-117.35758972167967,33.992733001708984
9184799,2020,2021-02-04,3300,2020-11-08,2144,5029,603C2,7,5,6,3394,0,0,0,NA,0,MV36,CACTUS AV,REDWING DR,0,NA,Y,A,-,N,NA,NA,NA,NA,NA,NA,NA,NA,NA,Y,3,0,2,2,A,-,09,21800,A,N,D,C,A,A,H,-,C,D,0,NA,NA,NA,NA,Y,NA,A,07,0,1,1,0,0,0,0,0,0,-,-,33.939849853515625,-117.2138900756836,RIVERSIDE,MORENO VALLEY,-117.21376037597656,33.91007995605469
91848977,2022,2022-10-28,9655,2022-07-15,2117,021177,NA,5,2,9,3300,0,3,5,NA,2,003,ACACIA AVENUE,NEW CHICAGO AVENUE,165,W,N,A,-,N,NA,NA,NA,NA,NA,NA,NA,NA,NA,Y,1,1,0,2,A,-,01,23152,A,N,F,A,A,A,H,-,D,D,0,NA,NA,Y,NA,Y,Y,C,02,0,0,0,0,0,0,0,1,0,-,-,33.74415969848633,-116.90576171875,RIVERSIDE,UNINCORPORATED,-116.90583801269533,33.74415588378906
9184986,2020,2021-01-04,3308,2020-10-05,2112,10686,546,1,5,5,3308,0,0,0,NA,0,SOUTH,STETSON AV,GILBERT ST,256,E,N,A,-,N,NA,NA,NA,NA,NA,NA,NA,NA,NA,N,2,0,4,2,A,-,09,21801,A,N,D,C,A,A,H,-,C,D,0,NA,NA,NA,NA,Y,NA,A,01,1,0,3,0,0,0,0,0,0,-,-,33.729488372802734,-116.97595977783205,RIVERSIDE,HEMET,-116.97504425048828,33.72938919067383
91851781,2022,2022-08-29,9840,2022-08-18,1550,021297,NA,4,2,9,3300,0,2,4,NA,2,045,CAJALCO ROAD,LA SIERRA AVE,1500,E,N,A,-,N,NA,NA,NA,NA,NA,NA,NA,NA,NA,Y,4,0,1,2,A,-,06,21750,A,N,B,C,A,A,H,-,A,D,0,NA,NA,NA,NA,Y,NA,A,01,0,0,1,0,0,0,0,0,0,-,-,33.82896041870117,-117.45796966552734,RIVERSIDE,UNINCORPORATED,-117.45549011230467,33.82882308959961
91853177,2022,2022-08-30,9840,2022-08-25,1745,021080,NA,4,2,9,3300,0,3,5,NA,2,004,LAKEVIEW AVE (29000 BLOCK),12TH ST,10,S,N,A,-,N,NA,NA,NA,NA,NA,NA,NA,NA,NA,Y,4,0,2,2,A,-,03,22350,NA,N,C,C,A,A,H,-,A,D,0,NA,NA,NA,NA,Y,NA,A,01,0,0,2,0,0,0,0,0,0,-,-,33.81298065185547,-117.14054107666016,RIVERSIDE,UNINCORPORATED,-117.14053344726563,33.81297302246094
91854165,2022,2022-08-31,9655,2022-08-27,0156,021177,NA,6,3,4,3301,0,1,1,NA,2,204,INTERSTATE 10 E/B,HIGHLAND SPRINGS AVENUE,2640,E,N,A,-,Y,RIV,NA,10,NA,NA,9.834,H,NA,R,Y,3,0,2,2,A,-,08,22107,NA,M,C,C,A,A,D,-,D,D,0,NA,NA,NA,Y,Y,NA,A,01,0,2,0,0,0,0,0,0,0,-,-,33.92639923095703,-116.93785095214844,RIVERSIDE,BANNING,-116.93785095214844,33.92643356323242
91854989,2022,2022-09-01,9840,2022-08-23,1321,017504,NA,2,1,6,3345,0,1,3,NA,2,010,SR-60 W/B,VALLEY WAY,18,E,N,A,-,Y,RIV,NA,60,NA,NA,7.542,H,NA,L,Y,3,0,1,1,C,-,18,NA,NA,N,E,8,A,A,H,-,A,D,0,NA,NA,NA,NA,Y,NA,-,-,0,1,0,0,0,0,0,0,0,-,-,34.01192092895508,-117.43374633789063,RIVERSIDE,JURUPA VALLEY,-117.43378448486328,34.01184844970703
91856195,2022,2022-09-02,9840,2022-08-30,0730,019219,NA,2,1,6,3345,0,1,3,NA,2,010,SR-60 WESTBOUND,RUBIDOUX BOULEVARD,150,W,N,A,-,Y,RIV,NA,60,NA,NA,9.554,H,NA,L,Y,4,0,1,2,A,-,03,22350,NA,N,C,C,A,A,H,-,A,D,0,NA,NA,NA,NA,Y,NA,A,01,0,0,1,0,0,0,0,0,0,-,-,34.004661560058594,-117.40033721923828,RIVERSIDE,JURUPA VALLEY,-117.4003448486328,34.00468444824219
91858862,2022,2022-09-07,9840,2022-09-02,1530,021080,NA,5,2,6,3315,0,1,3,NA,2,031,SR-91 E/B,MCKINLEY ST,3168,W,N,A,-,Y,RIV,NA,91,NA,NA,8.56,H,NA,R,N,4,0,1,2,A,-,03,22350,NA,N,C,C,A,A,H,-,A,D,0,NA,NA,NA,NA,Y,NA,A,01,0,0,1,0,0,0,0,0,0,-,-,33.8838005065918,-117.52812957763672,RIVERSIDE,CORONA,-117.52812957763672,33.883785247802734
91858875,2021,2022-09-07,9660,2021-10-18,0207,022580,NA,1,3,9,3300,0,1,1,NA,2,031,I-10 E/B,WILEYS WELL RD,18480,E,N,A,-,Y,NA,NA,10,NA,NA,NA,NA,NA,E,Y,1,1,1,2,A,-,03,22350,NA,N,D,C,A,A,H,-,D,D,0,NA,NA,NA,Y,Y,NA,D,22,1,0,0,0,0,0,0,0,0,-,-,33.60955047607422,-114.84085845947266,RIVERSIDE,UNINCORPORATED,-114.84085845947266,33.609615325927734
91858891,2022,2022-09-07,9655,2022-09-02,0200,016658,NA,5,3,9,3300,0,1,1,NA,2,206,I-10 E/B,MAIN ST. O/C,6336,E,N,A,-,Y,RIV,NA,10,NA,R,20.621,H,NA,R,N,4,0,1,1,A,-,08,22107,NA,N,E,I,A,A,D,-,D,D,0,NA,NA,NA,NA,Y,NA,A,01,0,0,1,0,0,0,0,0,0,-,-,33.92089080810547,-116.7558364868164,RIVERSIDE,UNINCORPORATED,-116.75582885742188,33.920745849609375
91859049,2022,2022-09-07,9685,2022-09-02,1944,015957,NA,5,2,9,3300,0,1,3,NA,1,026,SR-74,HOMELAND AVE,0,NA,Y,A,-,Y,RIV,NA,74,NA,NA,32.182,H,NA,R,N,4,0,1,3,A,-,09,21801,A,N,D,C,A,A,H,-,D,D,0,NA,NA,NA,NA,Y,NA,A,01,0,0,1,0,0,0,0,0,0,-,-,33.74332046508789,-117.11244201660156,RIVERSIDE,UNINCORPORATED,-117.11244201660156,33.74327087402344
91859176,2022,2022-09-07,9840,2022-09-06,1505,021481,NA,2,2,7,3313,0,1,1,NA,2,022,I-215 N/B,COLUMBIA AVE,1056,S,N,A,-,Y,RIV,NA,215,NA,NA,43.682,H,NA,R,N,4,0,3,3,A,-,03,22350,NA,N,C,2,A,A,H,-,A,D,0,NA,NA,NA,NA,Y,NA,A,07,0,0,3,0,0,0,0,0,0,-,-,33.99856948852539,-117.35365295410156,RIVERSIDE,RIVERSIDE,-117.35370635986328,33.99859619140625
91859636,2022,2022-09-08,9685,2022-08-25,0800,015295,NA,4,1,4,3342,0,1,1,NA,2,030,INTERSTATE 15 SOUTHBOUND,YODER WASH BRIDGE,220,S,N,A,-,Y,NA,NA,NA,NA,NA,NA,NA,NA,NA,Y,3,0,1,1,A,-,08,22107,NA,N,F,A,A,A,H,-,A,D,0,NA,NA,NA,NA,Y,NA,A,07,0,1,0,0,0,0,0,0,0,-,-,33.556888580322266,-117.19670104980467,RIVERSIDE,MURRIETA,-117.19644927978516,33.557220458984375
91859787,2022,2022-09-08,9685,2022-09-03,1853,017285,NA,6,2,9,3300,0,3,5,NA,2,004,TRIPP FLATS ROAD,SUNSHINE HILLS ROAD,20,N,N,A,-,N,NA,NA,NA,NA,NA,NA,NA,NA,NA,N,3,0,2,2,A,-,09,21801,A,N,D,C,A,A,H,-,A,D,0,NA,NA,NA,NA,Y,NA,A,01,0,1,1,0,0,0,0,0,0,-,-,33.51856994628906,-116.74659729003906,RIVERSIDE,UNINCORPORATED,-116.74657440185548,33.578548431396484
91859945,2022,2022-09-08,9655,2022-08-28,2020,021784,NA,7,2,9,3300,0,3,5,NA,2,002,SEMINOLE DR.,MAIN STREET,6125,W,N,A,-,N,NA,NA,NA,NA,NA,NA,NA,NA,NA,N,4,0,1,2,A,-,09,21801,A,N,A,C,A,A,H,-,C,D,0,NA,NA,NA,NA,Y,NA,D,22,0,0,1,0,0,0,0,0,0,-,-,33.919288635253906,-116.7972412109375,RIVERSIDE,UNINCORPORATED,-116.77455902099608,33.91952896118164
91860768,2022,2022-09-09,9655,2022-09-01,1808,019049,NA,4,2,9,3300,0,1,3,NA,2,212,SR-60 W/B,WESTERN KNOLLS AVE,1584,E,N,A,-,Y,RIV,NA,60,NA,NA,30.325,H,NA,L,Y,3,0,1,2,A,-,07,21658,A,N,B,C,A,A,H,-,A,D,0,NA,NA,NA,Y,Y,NA,G,25,0,1,0,0,0,0,0,0,0,-,-,33.93326950073242,-116.99314880371094,RIVERSIDE,UNINCORPORATED,-116.99314880371094,33.93327713012695
91860997,2022,2022-09-09,9655,2022-08-27,1805,019466,NA,6,2,2,3336,0,1,1,NA,2,202,I-10 WESTBOUND,BROOKSIDE AVENUE,1584,E,N,A,-,Y,RIV,NA,10,NA,R,4.233,H,NA,L,Y,3,0,1,2,A,-,03,22350,NA,N,C,2,A,A,H,-,A,D,0,NA,NA,NA,Y,Y,NA,A,01,0,1,0,0,0,0,0,0,0,-,-,33.95769119262695,-117.01954650878906,RIVERSIDE,CALIMESA,-117.01954650878906,33.95769500732422
91862343,2022,2022-09-12,9840,2022-09-01,2357,018849,NA,4,3,6,3315,0,1,1,NA,2,011,I-15 N/B,SR-91,1000,S,N,A,-,Y,RIV,NA,15,NA,NA,41.172,H,NA,R,N,4,0,2,2,A,-,03,22350,NA,N,C,C,A,A,H,-,C,D,0,NA,NA,NA,NA,Y,NA,A,08,0,0,2,0,0,0,0,0,0,-,-,33.877201080322266,-117.54573059082033,RIVERSIDE,CORONA,-117.54573822021484,33.877197265625
91862623,2022,2022-09-12,9840,2022-09-05,1218,020455,NA,1,1,6,3315,0,1,3,NA,2,031,SR-91 W/B (COLLECTOR ROAD),MAIN ST,2000,E,N,A,-,Y,NA,NA,NA,NA,NA,NA,NA,NA,NA,Y,4,0,1,2,D,-,00,NA,NA,N,C,C,A,A,H,-,A,D,0,NA,NA,NA,NA,Y,NA,-,-,0,0,1,0,0,0,0,0,0,-,-,33.87976837158203,-117.55899810791016,RIVERSIDE,CORONA,-117.5590362548828,33.87947463989258
9186326,2020,2020-12-29,3300,2020-10-26,2208,5382,601B8,1,5,6,3394,0,0,0,NA,0,MV12,PERRIS BL,MANZANITA AV,0,NA,Y,A,-,N,NA,NA,NA,NA,NA,NA,NA,NA,NA,Y,4,0,1,1,A,-,01,23152,NA,N,E,I,A,-,H,-,C,A,0,NA,NA,NA,NA,Y,NA,A,01,0,0,1,0,0,0,0,0,0,-,-,33.96403884887695,-117.23001861572266,RIVERSIDE,MORENO VALLEY,-117.23023223876952,33.96393966674805
91865141,2022,2022-09-15,9840,2022-09-09,0700,014916,NA,5,1,9,3300,0,2,4,NA,2,045,CAJALCO EXPRESSWAY,I-215,270,W,N,B,-,N,NA,NA,NA,NA,NA,NA,NA,NA,NA,N,2,0,1,2,C,-,18,NA,NA,N,C,C,A,A,H,-,A,A,0,NA,NA,NA,NA,Y,NA,-,-,1,0,0,0,0,0,0,0,0,-,-,33.84342956542969,-117.25196075439452,RIVERSIDE,UNINCORPORATED,-117.2518310546875,33.843505859375
91867753,2022,2022-09-19,9840,2022-09-07,2020,021297,NA,3,2,9,3300,0,2,4,NA,2,043,RAMONA EXPRESSWAY,LAKEVIEW AVE,0,NA,Y,A,-,N,NA,NA,NA,NA,NA,NA,NA,NA,NA,Y,4,0,2,2,A,-,09,21453,C,N,B,C,A,A,H,-,C,A,0,NA,NA,NA,NA,Y,NA,A,01,0,0,2,0,0,0,0,0,0,-,-,33.83763885498047,-117.12370300292967,RIVERSIDE,UNINCORPORATED,-117.12374877929688,33.83768844604492
91868579,2022,2022-09-20,9840,2022-09-11,1635,021481,NA,7,2,9,3300,0,1,1,NA,2,034,I-15  N/B,DOS LAGOS DR,1584,S,N,C,-,Y,RIV,NA,15,NA,NA,35.282,H,NA,R,N,4,0,1,4,A,-,03,22350,NA,N,E,I,A,B,H,-,A,D,0,NA,NA,NA,NA,Y,NA,D,22,0,0,1,0,0,0,0,0,0,-,-,33.802181243896484,-117.50464630126952,RIVERSIDE,UNINCORPORATED,-117.50467681884766,33.80216979980469
91870894,2022,2022-09-22,9840,2022-08-23,2328,019492,NA,2,3,6,3315,0,1,S,NA,2,300,SR-91 E/B,GREEN RIVER RD.,2300,W,N,A,-,Y,RIV,NA,91,NA,R,0.702,H,NA,R,N,3,0,2,3,A,-,03,22350,NA,N,C,B,E,A,H,-,C,D,0,Y,NA,NA,NA,Y,NA,A,07,0,2,0,0,1,0,0,0,0,-,-,33.87519836425781,-117.66177368164063,RIVERSIDE,CORONA,-117.66170501708984,33.875152587890625
91871351,2022,2022-09-22,9630,2022-09-10,1014,021409,NA,6,1,9,3300,0,1,1,NA,2,301,I-10 W/B,BOX CANYON RD,10560,W,N,B,C,Y,RIV,NA,10,NA,R,79.474,H,NA,L,Y,3,0,1,1,A,-,08,22107,NA,N,E,I,A,B,H,-,A,D,0,NA,NA,NA,NA,Y,NA,A,07,0,1,0,0,0,0,0,0,0,-,-,33.662349700927734,-115.83804321289063,RIVERSIDE,UNINCORPORATED,-115.83805084228516,33.662269592285156
91871998,2022,2022-09-23,9630,2022-09-13,1928,019807,NA,2,2,9,3300,0,3,5,NA,2,502,AIRPORT BLVD,PALM ST,0,NA,Y,A,-,N,NA,NA,NA,NA,NA,NA,NA,NA,NA,Y,4,0,1,2,D,-,00,NA,NA,N,D,C,A,A,H,-,C,A,0,NA,NA,NA,NA,Y,NA,-,-,0,0,1,0,0,0,0,0,0,-,-,33.642269134521484,-116.14322662353516,RIVERSIDE,UNINCORPORATED,-116.14331817626952,33.64219665527344
91874430,2022,2022-09-27,9660,2022-09-18,1930,021994,NA,7,2,9,3300,0,1,3,NA,1,034,STATE ROUTE 78 (BEN HULSE HIGHWAY),35TH AVENUE,528,S,N,A,-,N,NA,NA,NA,NA,NA,NA,NA,NA,NA,Y,3,0,2,1,A,-,08,22107,NA,N,F,A,A,A,H,-,D,D,0,NA,NA,NA,NA,Y,NA,-,-,0,1,1,0,0,0,0,0,0,-,-,33.45396041870117,-114.73076629638672,RIVERSIDE,UNINCORPORATED,-114.73070526123048,33.45396041870117
91875544,2022,2022-09-28,9840,2022-09-20,0729,017504,NA,2,1,6,3315,0,1,3,NA,2,031,SR-91 W/B,I-15,390,E,N,B,-,Y,RIV,NA,91,NA,NA,7.539,H,NA,L,N,4,0,1,3,A,-,08,22107,NA,N,B,C,A,A,H,-,A,D,0,NA,NA,Y,NA,Y,NA,C,02,0,0,1,0,0,0,0,0,1,-,-,33.88233947753906,-117.54580688476563,RIVERSIDE,CORONA,-117.54582214355467,33.88236999511719
91875945,2022,2022-09-28,9685,2022-09-22,1633,016885,NA,4,2,5,3335,0,1,1,NA,2,030,I-15 N/B,RANCHO CALIFORNIA ROAD,1000,N,N,A,-,Y,RIV,NA,15,NA,NA,5.179,H,NA,R,N,4,0,1,2,A,-,03,22350,NA,N,B,C,A,A,H,-,A,D,0,NA,NA,Y,NA,Y,NA,C,02,0,0,1,0,0,0,0,0,1,-,-,33.503658294677734,-117.15255737304688,RIVERSIDE,TEMECULA,-117.15249633789063,33.50368118286133
91880727,2022,2022-10-03,9840,2022-09-25,1034,018248,NA,7,1,6,3315,0,1,3,NA,2,031,SR-91 W/B,MCKINLEY ST,3010,W,N,A,-,Y,RIV,NA,91,NA,NA,8.609,H,NA,L,Y,4,0,2,3,A,-,03,22350,NA,F,C,C,A,A,H,-,A,D,0,NA,NA,NA,NA,Y,NA,-,99,0,0,2,0,0,0,0,0,0,-,-,33.8840217590332,-117.52739715576172,RIVERSIDE,CORONA,-117.52740478515624,33.884033203125
91880907,2022,2022-10-03,9840,2022-09-26,0541,017504,NA,1,3,6,3394,0,1,3,NA,2,025,SR-60 W/B,PIGEON PASS RD.,1826,W,N,A,-,Y,RIV,NA,60,NA,NA,13.985,H,NA,L,N,4,0,1,2,A,-,03,22350,NA,F,C,C,A,A,H,-,A,D,0,NA,NA,NA,NA,Y,NA,-,99,0,0,1,0,0,0,0,0,0,-,-,33.94089126586914,-117.2676010131836,RIVERSIDE,MORENO VALLEY,-117.2676010131836,33.94091033935547
91880941,2022,2022-10-03,9840,2022-09-23,1242,018248,NA,5,1,9,3300,0,1,1,NA,2,034,I-15 N/B,DOS LAGOS DR,1478,S,N,A,-,Y,RIV,NA,15,NA,NA,35.932,H,NA,R,Y,4,0,2,2,A,-,03,22350,NA,N,C,C,A,A,H,-,A,D,0,NA,NA,NA,NA,Y,NA,A,01,0,0,2,0,0,0,0,0,0,-,-,33.81079864501953,-117.50923919677734,RIVERSIDE,UNINCORPORATED,-117.50916290283205,33.810829162597656
91880992,2022,2022-10-03,9840,2022-09-29,1720,017546,NA,4,2,6,3315,0,1,3,NA,2,031,SR-91 W/B,SERFAS CLUB DR,1450,W,N,A,-,Y,RIV,NA,91,NA,R,3.431,H,NA,L,Y,4,0,3,3,A,-,08,22107,NA,N,C,C,A,A,H,-,A,D,0,NA,NA,NA,Y,Y,NA,A,01,0,0,3,0,0,0,0,0,0,-,-,33.88142013549805,-117.61797332763672,RIVERSIDE,CORONA,-117.6179656982422,33.88146209716797
91883029,2022,2022-10-05,9840,2022-10-01,2030,021037,NA,6,2,6,3345,0,1,1,NA,2,011,I-15 NORTHBOUND,68TH ST.,1500,S,N,A,-,Y,RIV,NA,15,NA,NA,47.214,H,NA,R,N,4,0,1,2,A,-,03,22350,NA,M,C,C,A,A,H,-,A,D,0,NA,NA,NA,NA,Y,NA,-,99,0,0,1,0,0,0,0,0,0,-,-,33.96009063720703,-117.54871368408205,RIVERSIDE,JURUPA VALLEY,-117.54873657226563,33.96009063720703
91883411,2022,2022-10-05,9685,2022-10-04,0745,016743,NA,2,1,4,3342,0,1,1,NA,2,034,I-215 S/B,LOS ALAMOS,1056,S,N,A,-,Y,RIV,NA,215,NA,R,10.488,H,NA,L,Y,4,0,1,4,A,-,03,22350,NA,M,C,C,A,A,H,-,A,D,0,NA,NA,NA,NA,Y,NA,D,22,0,0,1,0,0,0,0,0,0,-,-,33.57046127319336,-117.18102264404295,RIVERSIDE,MURRIETA,-117.18099975585938,33.57046127319336
91887025,2022,2022-10-11,9685,2022-10-04,0900,016743,NA,2,1,9,3300,0,3,5,NA,2,003,BRIGGS ROAD,MONTELEONE MEADOWS DRIVE,98,N,N,A,-,N,NA,NA,NA,NA,NA,NA,NA,NA,NA,N,3,0,1,2,A,-,05,21202,A,N,D,G,A,A,H,-,A,A,0,NA,Y,NA,NA,Y,NA,L,04,0,1,0,0,0,0,1,0,0,-,-,33.609161376953125,-117.1288833618164,RIVERSIDE,UNINCORPORATED,-117.12876892089844,33.60920333862305
91888029,2022,2022-10-12,9685,2022-10-03,0555,015757,NA,1,3,4,3342,0,1,1,NA,2,034,I-215 S/B TO I-15 S/B TRANSITION RD,I-215 O/C,3960,S,N,A,-,Y,NA,NA,NA,NA,NA,NA,NA,NA,NA,N,4,0,1,2,A,-,03,22350,NA,N,C,C,A,A,H,-,B,D,0,NA,NA,NA,NA,Y,NA,D,22,0,0,1,0,0,0,0,0,0,-,-,33.51097869873047,-117.16085815429688,RIVERSIDE,MURRIETA,-117.18080139160156,33.587257385253906
9188808,2020,2020-12-07,3300,2020-10-22,1637,N5101,80C5,4,5,3,3305,0,0,0,NA,0,Y80,CALHOUN ST,48TH AV,38,N,N,A,-,N,NA,NA,NA,NA,NA,NA,NA,NA,NA,N,4,0,3,2,A,-,17,21451,A,N,D,C,A,A,H,-,A,A,0,NA,NA,NA,NA,Y,NA,A,01,0,0,3,0,0,0,0,0,0,-,-,33.70030975341797,-116.20767211914063,RIVERSIDE,COACHELLA,-116.20768737792967,33.700443267822266
91888370,2022,2022-12-01,9655,2022-09-30,2240,022062,NA,5,3,4,3301,0,1,1,NA,2,204,I-10 E/B,8TH ST,1320,W,N,A,-,Y,RIV,NA,10,NA,NA,12.605,H,NA,R,N,3,0,1,2,A,-,07,21658,A,N,C,C,A,A,H,-,D,D,0,NA,NA,NA,NA,Y,NA,A,07,0,1,0,0,0,0,0,0,0,-,-,33.924171447753906,-116.889892578125,RIVERSIDE,BANNING,-116.889892578125,33.924163818359375
91888406,2022,2022-10-12,9840,2022-10-04,1525,018512,NA,2,2,9,3300,0,3,5,NA,2,004,WOOD RD,AVENUE B,5,S,N,A,-,N,NA,NA,NA,NA,NA,NA,NA,NA,NA,N,4,0,1,2,A,-,03,22350,NA,N,C,C,A,A,H,-,A,D,0,NA,NA,NA,NA,Y,NA,A,01,0,0,1,0,0,0,0,0,0,-,-,33.854801177978516,-117.33245849609376,RIVERSIDE,UNINCORPORATED,-117.331298828125,33.854515075683594
91891886,2022,2022-10-17,9840,2022-10-17,0915,014335,NA,1,1,9,3300,0,1,1,NA,2,037,I-15 NB,TEMESCAL CANYON ROAD,400,S,N,A,-,Y,RIV,NA,15,NA,NA,33.232,H,NA,R,N,4,0,1,2,A,-,03,22350,NA,N,C,C,A,A,H,-,A,D,0,NA,NA,NA,NA,Y,NA,D,22,0,0,1,0,0,0,0,0,0,-,-,33.77648162841797,-117.487060546875,RIVERSIDE,UNINCORPORATED,-117.48693084716795,33.77653503417969
91892495,2022,2022-10-18,9685,2022-10-17,1613,018223,NA,1,2,4,3342,0,1,1,NA,2,034,I-215 SB,CLINTON KEITH RD,850,S,N,A,-,Y,RIV,NA,215,NA,R,12.345,H,NA,L,N,4,0,1,3,A,-,07,21658,A,M,B,C,A,A,H,-,A,D,0,NA,NA,NA,NA,Y,NA,D,22,0,0,1,0,0,0,0,0,0,-,-,33.59653854370117,-117.1760482788086,RIVERSIDE,MURRIETA,-117.17615509033205,33.59659957885742
91892679,2022,2022-10-18,9685,2022-10-04,1220,016743,NA,2,1,9,3300,0,1,3,NA,1,039,SR-79 SOUTHBOUND,ANZA ROAD,1056,S,N,A,-,Y,RIV,NA,79,NA,NA,14.802,H,NA,L,Y,2,0,3,2,A,-,05,21460,A,N,A,C,A,A,H,-,A,D,0,NA,NA,NA,NA,Y,NA,A,01,3,0,0,0,0,0,0,0,0,-,-,33.491241455078125,-117.0591278076172,RIVERSIDE,UNINCORPORATED,-117.0591278076172,33.49123001098633
91892780,2022,2022-10-18,9840,2022-10-09,0248,021042,NA,7,3,7,3313,0,1,3,NA,2,021,SR-91 E/B,SPRUCE ST.,135,E,N,A,-,Y,RIV,NA,91,NA,NA,21.53,H,NA,R,N,3,0,2,1,A,-,01,23152,A,N,E,I,A,A,H,-,C,D,0,NA,NA,NA,NA,Y,Y,A,01,0,1,1,0,0,0,0,0,0,-,-,33.99121856689453,-117.35829925537108,RIVERSIDE,RIVERSIDE,-117.35849761962892,33.991302490234375