CASE_ID,ACCIDENT_YEAR,PROC_DATE,JURIS,COLLISION_DATE,COLLISION_TIME,OFFICER_ID,REPORTING_DISTRICT,DAY_OF_WEEK,CHP_SHIFT,POPULATION,CNTY_CITY_LOC,SPECIAL_COND,BEAT_TYPE,CHP_BEAT_TYPE,CITY_DIVISION_LAPD,CHP_BEAT_CLASS,BEAT_NUMBER,PRIMARY_RD,SECONDARY_RD,DISTANCE,DIRECTION,INTERSECTION,WEATHER_1,WEATHER_2,STATE_HWY_IND,CALTRANS_COUNTY,CALTRANS_DISTRICT,STATE_ROUTE,ROUTE_SUFFIX,POSTMILE_PREFIX,POSTMILE,LOCATION_TYPE,RAMP_INTERSECTION,SIDE_OF_HWY,TOW_AWAY,COLLISION_SEVERITY,NUMBER_KILLED,NUMBER_INJURED,PARTY_COUNT,PRIMARY_COLL_FACTOR,PCF_CODE_OF_VIOL,PCF_VIOL_CATEGORY,PCF_VIOLATION,PCF_VIOL_SUBSECTION,HIT_AND_RUN,TYPE_OF_COLLISION,MVIW,PED_ACTION,ROAD_SURFACE,ROAD_COND_1,ROAD_COND_2,LIGHTING,CONTROL_DEVICE,CHP_ROAD_TYPE,PEDESTRIAN_ACCIDENT,BICYCLE_ACCIDENT,MOTORCYCLE_ACCIDENT,TRUCK_ACCIDENT,NOT_PRIVATE_PROPERTY,ALCOHOL_INVOLVED,STWD_VEHTYPE_AT_FAULT,CHP_VEHTYPE_AT_FAULT,COUNT_SEVERE_INJ,COUNT_VISIBLE_INJ,COUNT_COMPLAINT_PAIN,COUNT_PED_KILLED,COUNT_PED_INJURED,COUNT_BICYCLIST_KILLED,COUNT_BICYCLIST_INJURED,COUNT_MC_KILLED,COUNT_MC_INJURED,PRIMARY_RAMP,SECONDARY_RAMP,LATITUDE,LONGITUDE,COUNTY,CITY,POINT_X,POINT_Y
94715170,2025,2025-06-05,9840,2025-05-29,1205,023114,NA,4,1,7,3313,0,1,1,NA,2,023,I 215 S/B,SR-91,400,N,N,A,-,Y,RIV,NA,60,NA,NA,12.299,H,NA,R,N,4,0,1,2,A,-,03,22350,NA,N,C,C,A,A,H,-,A,D,0,NA,NA,NA,NA,Y,NA,A,01,0,0,1,0,0,0,0,0,0,-,-,33.99266815185547,-117.35605621337892,RIVERSIDE,RIVERSIDE,-117.3560791015625,33.99264144897461
94715215,2025,2025-06-05,9840,2025-05-25,1420,023550,NA,7,2,6,3315,0,1,3,NA,2,030,SR-91 E/B,GREEN RIVER ROAD,3764,W,N,A,-,Y,RIV,NA,91,NA,R,0.31,H,NA,R,Y,4,0,1,2,A,-,03,22350,NA,N,C,C,A,A,H,-,A,D,0,NA,NA,NA,NA,Y,NA,A,01,0,0,1,0,0,0,0,0,0,-,-,33.871299743652344,-117.66670989990234,RIVERSIDE,CORONA,-117.66673278808594,33.871337890625
94718025,2025,2025-06-09,9655,2025-04-27,20,023963,NA,7,3,4,3301,0,1,1,NA,2,204,I-10 W/B,8TH ST,650,W,N,C,-,Y,RIV,NA,10,NA,NA,12.769,H,NA,L,Y,3,0,1,1,A,-,07,21658,A,M,E,8,A,B,H,-,D,A,0,NA,NA,NA,NA,Y,NA,A,01,0,1,0,0,0,0,0,0,0,-,-,33.92435836791992,-116.88703918457033,RIVERSIDE,BANNING,-116.88703918457033,33.92438507080078
94719854,2025,2025-06-10,9630,2025-05-26,420,023474,NA,1,3,9,3300,0,3,5,NA,2,404,COOK ST,I-10 E/B FROM COOK ST,40,S,N,A,-,Y,NA,NA,NA,NA,NA,NA,NA,NA,NA,Y,4,0,1,2,A,-,01,23152,A,N,C,C,A,A,H,-,B,A,0,NA,NA,NA,NA,Y,Y,A,07,0,0,1,0,0,0,0,0,0,-,-,33.785560607910156,-116.3548583984375,RIVERSIDE,UNINCORPORATED,-116.35337066650392,33.79460144042969
94725773,2025,2025-06-16,9840,2025-06-08,1055,022357,NA,7,1,7,3313,0,1,3,NA,2,020,SR-91 W/B (RIVERSIDE FREEWAY),MAGNOLIA AVE,100,W,N,A,-,Y,RIV,NA,91,NA,NA,11.077,H,NA,L,N,4,0,3,3,A,-,03,22350,NA,N,C,C,A,A,H,-,A,D,0,NA,NA,NA,NA,Y,NA,D,22,0,0,3,0,0,0,0,0,0,-,-,33.89725112915039,-117.48835754394533,RIVERSIDE,RIVERSIDE,-117.48834991455078,33.897281646728516
94727342,2025,2025-06-16,9685,2025-06-14,2238,020704,NA,6,3,5,3335,0,1,1,NA,2,030,I-15 NORTHBOUND,RANCHO CALIFORNIA ROAD,2112,N,N,A,-,Y,RIV,NA,15,NA,NA,5.411,H,NA,R,N,3,0,2,2,A,-,03,22350,NA,N,C,C,A,A,H,-,D,D,0,NA,NA,NA,NA,Y,NA,A,01,0,1,1,0,0,0,0,0,0,-,-,33.50687026977539,-117.1539306640625,RIVERSIDE,TEMECULA,-117.15396881103516,33.506858825683594
9472959,2022,2022-08-02,3300,2022-05-15,1953,3786,001G,7,5,6,3345,0,0,0,NA,0,014,AVALON ST,36TH ST,5,E,N,A,-,N,NA,NA,NA,NA,NA,NA,NA,NA,NA,N,2,0,1,2,A,-,12,22450,A,F,D,G,A,A,H,-,B,A,0,NA,Y,NA,NA,Y,NA,L,04,1,0,0,0,0,0,1,0,0,-,-,34.00077819824219,-117.40763092041016,RIVERSIDE,JURUPA VALLEY,-117.40750122070313,34.00082015991211
9473019,2022,2022-08-04,3313,2022-06-03,1206,1641,4,5,5,7,3313,0,0,0,NA,0,T55,INDIANA AV,ARLINGTON AV,0,NA,Y,A,-,N,NA,NA,NA,NA,NA,NA,NA,NA,NA,Y,3,0,1,2,A,-,03,22350,NA,N,C,C,A,A,H,-,A,A,0,NA,NA,NA,NA,Y,NA,A,01,0,1,0,0,0,0,0,0,0,-,-,33.94512176513672,-117.38744354248048,RIVERSIDE,RIVERSIDE,-117.38794708251952,33.9462890625
94732245,2025,2025-06-19,9840,2025-06-09,1031,019893,NA,1,1,9,3300,0,3,5,NA,2,003,CAJALCO ROAD,EAGLE CANYON ROAD,1293,E,N,A,-,N,NA,NA,NA,NA,NA,NA,NA,NA,NA,N,4,0,2,2,A,-,06,21755,A,M,B,2,A,A,H,-,A,D,0,NA,NA,NA,NA,Y,NA,-,-,0,0,2,0,0,0,0,0,0,-,-,33.826019287109375,-117.4975128173828,RIVERSIDE,UNINCORPORATED,-117.49964141845705,33.82578659057617
94732542,2025,2025-06-19,9840,2025-06-13,615,017459,NA,5,1,9,3300,0,2,4,NA,2,039,MAGNOLIA AVE,NEECE STREET,175,E,N,A,-,N,NA,NA,NA,NA,NA,NA,NA,NA,NA,N,3,0,1,2,A,-,03,22350,NA,N,C,C,A,A,H,-,A,D,0,NA,NA,NA,NA,Y,NA,A,01,0,1,0,0,0,0,0,0,0,-,-,33.87540054321289,-117.52591705322266,RIVERSIDE,UNINCORPORATED,-117.52591705322266,33.8753776550293
94734003,2025,2025-06-20,9840,2025-06-12,1725,021080,NA,4,2,7,3313,0,1,3,NA,2,020,SR-91 E/B,ADAMS ST,6864,W,N,A,-,Y,RIV,NA,91,NA,NA,14.292,H,NA,R,N,3,0,3,2,A,-,03,22350,NA,N,C,D,A,A,H,-,A,D,0,NA,NA,NA,NA,Y,NA,A,01,0,1,2,0,0,0,0,0,0,-,-,33.91653823852539,-117.43882751464844,RIVERSIDE,RIVERSIDE,-117.43879699707033,33.91649627685547
94736173,2025,2025-06-23,9655,2025-06-16,2215,023157,NA,1,3,9,3300,0,1,3,NA,2,315,SR-79,STOWE RD,450,N,N,A,-,Y,RIV,NA,79,NA,R,18.045,H,NA,R,Y,4,0,2,2,A,-,06,21750,A,N,D,C,A,A,H,-,D,D,0,NA,NA,NA,Y,Y,NA,A,01,0,0,2,0,0,0,0,0,0,-,-,33.72309112548828,-117.07643127441406,RIVERSIDE,UNINCORPORATED,-117.07642364501952,33.72309112548828
94736268,2025,2025-06-23,9840,2025-06-20,1233,022357,NA,5,1,6,3345,0,1,3,NA,2,010,SR-60 E/B (POMONA FREEWAY),VALLEY WAY,2040,E,N,A,-,Y,RIV,NA,60,NA,NA,7.938,H,NA,R,N,3,0,1,2,A,-,03,22350,NA,N,C,C,A,A,H,-,A,D,0,NA,NA,NA,NA,Y,NA,A,01,0,1,0,0,0,0,0,0,0,-,-,34.009788513183594,-117.42748260498048,RIVERSIDE,JURUPA VALLEY,-117.427490234375,34.0097770690918
94738001,2025,2025-06-24,9840,2025-05-31,130,022974,NA,6,3,6,3315,0,1,1,NA,2,034,I-15 N/B,ONTARIO AVE,1000,N,N,A,-,Y,RIV,NA,15,NA,NA,38.903,H,NA,R,Y,4,0,1,1,A,-,08,22107,NA,N,F,A,A,A,H,-,D,D,0,NA,NA,NA,NA,Y,NA,D,22,0,0,1,0,0,0,0,0,0,-,-,33.84661102294922,-117.53436279296876,RIVERSIDE,CORONA,-117.53446197509766,33.84661865234375
94739097,2025,2025-06-25,9840,2025-06-23,1613,018512,NA,1,2,7,3313,0,1,3,NA,2,020,SR-91 E/B,TYLER ST,400,E,N,A,-,Y,RIV,NA,91,NA,NA,13.238,H,NA,R,N,4,0,2,2,A,-,03,22350,NA,N,C,C,A,A,H,-,A,D,0,NA,NA,NA,NA,Y,NA,A,01,0,0,2,0,0,0,0,0,0,-,-,33.90789031982422,-117.4540786743164,RIVERSIDE,RIVERSIDE,-117.45404052734376,33.90784454345703
94739909,2025,2025-06-25,9840,2025-05-03,1247,021080,NA,6,1,9,3300,0,3,5,NA,2,003,EL CERRITO RD,INTERSTATE 15,105,W,N,A,-,N,NA,NA,NA,NA,NA,NA,NA,NA,NA,Y,4,0,1,2,A,-,01,23152,A,M,D,C,A,A,H,-,A,D,0,NA,NA,NA,NA,Y,Y,A,08,0,0,1,0,0,0,0,0,0,-,-,33.83182144165039,-117.53032684326172,RIVERSIDE,UNINCORPORATED,-117.53016662597656,33.83177185058594
94743427,2025,2025-06-30,9655,2025-06-22,1830,023952,NA,7,2,9,3300,0,3,5,NA,2,003,BAUTISTA RD,BLACK BURN BRIDGE,35376,E,N,A,-,N,NA,NA,NA,NA,NA,NA,NA,NA,NA,N,2,0,1,1,A,-,03,22350,NA,N,F,A,A,A,H,-,A,D,0,NA,NA,Y,NA,Y,NA,-,-,1,0,0,0,0,0,0,0,1,-,-,33.624080657958984,-116.77378845214844,RIVERSIDE,UNINCORPORATED,-116.89324951171876,33.7169303894043
94743791,2025,2025-06-30,9630,2025-06-19,2133,023491,NA,4,2,9,3300,0,3,5,NA,2,405,42ND AVENUE,ADAMS STREET,0,NA,Y,A,-,N,NA,NA,NA,NA,NA,NA,NA,NA,NA,N,3,0,3,2,A,-,17,21451,A,N,D,C,A,A,H,-,C,A,0,NA,NA,NA,NA,Y,NA,A,01,0,2,1,0,0,0,0,0,0,-,-,33.743709564208984,-116.28624725341795,RIVERSIDE,UNINCORPORATED,-116.28631591796876,33.74369812011719
94743794,2025,2025-06-30,9655,2025-06-22,1625,019871,NA,7,2,2,3336,0,1,1,NA,2,202,I-10 W/B,CHERRY VALLEY BLVD,1900,W,N,A,-,Y,RIV,NA,10,NA,R,2.672,H,NA,L,Y,3,0,1,1,A,-,08,22107,NA,N,E,I,A,A,H,-,A,D,0,NA,NA,NA,NA,Y,NA,A,07,0,1,0,0,0,0,0,0,0,-,-,33.971988677978516,-117.04015350341795,RIVERSIDE,CALIMESA,-117.04022979736328,33.9719352722168
94743826,2025,2025-06-30,9655,2025-06-26,2030,023543,NA,4,2,9,3300,0,1,3,NA,2,315,SR-79 S/B,ASBURY ST,45,N,N,A,-,Y,RIV,NA,79,NA,R,16.889,H,NA,L,N,4,0,1,2,A,-,03,22350,NA,N,F,A,A,A,H,-,C,D,0,NA,NA,Y,NA,Y,NA,C,02,0,0,1,0,0,0,0,0,1,-,-,33.71043014526367,-117.08502960205078,RIVERSIDE,UNINCORPORATED,-117.0849609375,33.71043014526367
94745575,2025,2025-07-01,9655,2025-06-22,1820,023157,NA,7,2,9,3300,0,3,5,NA,2,002,HAUGEN-LEHMANN WAY,INTERSTATE-10,220,S,N,A,-,N,NA,NA,NA,NA,NA,NA,NA,NA,NA,N,4,0,1,2,A,-,08,22107,NA,N,B,E,A,A,H,-,A,D,0,NA,NA,NA,NA,Y,NA,A,01,0,0,1,0,0,0,0,0,0,-,-,33.922950744628906,-116.68959808349608,RIVERSIDE,UNINCORPORATED,-116.68959045410156,33.9232292175293
94747979,2025,2025-07-07,9655,2025-03-19,709,020664,NA,3,1,9,3300,0,3,5,NA,2,003,STANFORD STREET,JOHNSTON AVENUE,50,S,N,A,-,N,NA,NA,NA,NA,NA,NA,NA,NA,NA,N,1,1,0,2,A,-,03,22350,NA,N,G,B,E,A,H,-,B,A,0,Y,NA,NA,NA,Y,NA,A,01,0,0,0,1,0,0,0,0,0,-,-,33.7330207824707,-116.93253326416016,RIVERSIDE,UNINCORPORATED,-116.93247222900392,33.7330436706543
94747992,2025,2025-07-07,9685,2025-06-22,23,020704,NA,7,3,9,3300,0,1,1,NA,2,034,I-215 SOUTHBOUND,SCOTT ROAD,5280,S,N,A,-,Y,RIV,NA,215,NA,R,14.32,H,NA,L,Y,3,0,2,1,A,-,01,23152,A,N,E,I,A,A,H,-,D,D,0,NA,NA,NA,NA,Y,Y,A,01,0,2,0,0,0,0,0,0,0,-,-,33.62419128417969,-117.1714096069336,RIVERSIDE,UNINCORPORATED,-117.17128753662108,33.62418746948242
94749510,2025,2025-07-07,9840,2025-06-09,2208,024362,NA,1,3,9,3300,0,2,4,NA,2,043,RAMONA EXPY EASTBOUND,LAKEVIEW AVE,0,NA,Y,A,-,N,NA,NA,NA,NA,NA,NA,NA,NA,NA,Y,3,0,1,2,A,-,12,21453,A,N,D,C,A,A,H,-,B,A,0,NA,NA,NA,NA,Y,NA,A,01,0,1,0,0,0,0,0,0,0,-,-,33.838600158691406,-117.11833190917967,RIVERSIDE,UNINCORPORATED,-117.12374877929688,33.83768844604492
94750452,2025,2025-07-07,9630,2025-06-24,730,022858,NA,2,1,9,3300,0,3,5,NA,2,001,LITTLE MORONGO RD,CAHUILLA AVE,85,S,N,A,-,N,NA,NA,NA,NA,NA,NA,NA,NA,NA,Y,3,0,1,1,A,-,08,22107,NA,N,F,A,A,A,H,-,A,D,0,NA,NA,Y,NA,Y,NA,C,02,0,1,0,0,0,0,0,0,1,-,-,33.95867919921875,-116.52765655517578,RIVERSIDE,UNINCORPORATED,-116.52761840820313,33.95870590209961
94753636,2025,2025-07-08,9655,2025-06-29,330,023543,NA,7,3,9,3300,0,1,3,NA,2,311,GILMAN SPRINGS ROAD,BRIDGE ST,2400,W,N,A,-,Y,NA,NA,NA,NA,NA,NA,NA,NA,NA,Y,3,0,1,3,A,-,01,23152,A,N,E,I,A,A,H,-,D,D,0,NA,NA,NA,NA,Y,Y,A,01,0,1,0,0,0,0,0,0,0,-,-,33.87424087524414,-117.05008697509766,RIVERSIDE,UNINCORPORATED,-117.0771255493164,33.8908805847168
94753717,2025,2025-07-08,9655,2025-06-30,1820,023157,NA,1,2,9,3300,0,2,4,NA,2,322,STETSON AVE,DARTMOUTH ST,0,NA,Y,A,-,N,NA,NA,NA,NA,NA,NA,NA,NA,NA,Y,4,0,2,2,A,-,12,21453,A,N,D,2,A,A,H,-,A,A,0,NA,NA,NA,NA,Y,NA,A,08,0,0,2,0,0,0,0,0,0,-,-,33.72951889038086,-116.93678283691406,RIVERSIDE,UNINCORPORATED,-116.9367904663086,33.72955322265625
94753816,2025,2025-07-08,9630,2025-07-01,2052,021416,NA,2,2,9,3300,0,3,5,NA,2,502,HARRISON ST,68TH AVE,275,N,N,A,-,N,NA,NA,NA,NA,NA,NA,NA,NA,NA,Y,2,0,2,2,A,-,01,23152,A,N,B,C,A,A,H,-,D,D,0,NA,NA,NA,NA,Y,Y,D,22,1,1,0,0,0,0,0,0,0,-,-,33.55513000488281,-116.16538238525392,RIVERSIDE,UNINCORPORATED,-116.16555786132813,33.55534744262695
94754021,2025,2025-07-08,9840,2025-07-04,940,023712,NA,5,1,9,3300,0,1,1,NA,2,034,I-15 SOUTHBOUND,FOOTHILL PKY,1300,N,N,A,-,Y,RIV,NA,15,NA,NA,38.1,H,NA,L,Y,4,0,1,2,A,-,07,21658,A,N,B,C,A,A,H,-,A,D,0,NA,NA,NA,NA,Y,NA,A,01,0,0,1,0,0,0,0,0,0,-,-,33.835418701171875,-117.53201293945313,RIVERSIDE,UNINCORPORATED,-117.53192901611328,33.83545684814453
94755495,2025,2025-07-09,9685,2025-06-27,1045,017056,NA,5,1,5,3335,0,1,1,NA,2,030,I-15 S/B,WINCHESTER RD,2059,N,N,A,-,Y,RIV,NA,15,NA,NA,7.018,H,NA,L,N,4,0,1,3,A,-,03,22350,NA,N,C,C,A,A,H,-,A,D,0,NA,NA,NA,NA,Y,NA,A,07,0,0,1,0,0,0,0,0,0,-,-,33.527549743652344,-117.16651916503906,RIVERSIDE,TEMECULA,-117.16655731201172,33.527530670166016
94756620,2025,2025-07-10,9840,2025-07-04,229,022103,NA,5,3,6,3345,0,1,3,NA,2,010,SR-60 EASTBOUND,PEDLEY ROAD,1584,E,N,A,-,Y,RIV,NA,60,NA,R,4.88,H,NA,R,Y,3,0,2,2,A,-,01,23152,A,N,B,C,A,A,H,-,C,D,0,NA,NA,NA,NA,Y,Y,-,-,0,2,0,0,0,0,0,0,0,-,-,34.01810836791992,-117.4745864868164,RIVERSIDE,JURUPA VALLEY,-117.4745864868164,34.01811599731445
94756675,2025,2025-07-10,9630,2025-07-03,1848,021416,NA,4,2,9,3300,0,1,3,NA,1,178,SR-62 E/B,SR-177,24288,E,N,A,-,Y,RIV,NA,62,NA,NA,89.539,H,NA,R,Y,3,0,2,1,A,-,08,22107,NA,N,F,A,A,A,H,-,A,D,0,NA,NA,NA,NA,Y,NA,-,-,0,2,0,0,0,0,0,0,0,-,-,34.07600021362305,-115.1469497680664,RIVERSIDE,UNINCORPORATED,-115.14693450927734,34.07596206665039
94760764,2025,2025-07-14,9840,2025-06-26,1222,024362,NA,4,1,6,3394,0,1,3,NA,2,025,SR-60 WESTBOUND,NASON ST,528,W,N,A,-,Y,RIV,NA,60,NA,NA,18.259,H,NA,L,Y,4,0,1,2,A,-,08,22107,NA,N,E,8,A,A,H,-,A,D,0,NA,NA,NA,Y,Y,NA,J,48,0,0,1,0,0,0,0,0,0,-,-,33.93925857543945,-117.19338989257813,RIVERSIDE,MORENO VALLEY,-117.19338989257813,33.93936538696289
94760832,2025,2025-07-14,9840,2025-06-28,2352,023430,NA,6,3,9,3300,0,2,4,NA,2,045,CAJALCO RD,WOOD ROAD,2640,W,N,A,-,N,NA,NA,NA,NA,NA,NA,NA,NA,NA,N,4,0,1,2,A,-,08,22103,NA,N,D,C,A,A,H,-,D,D,0,NA,NA,Y,NA,Y,NA,A,07,0,0,1,0,0,0,0,0,1,-,-,33.836341857910156,-117.33952331542967,RIVERSIDE,UNINCORPORATED,-117.33978271484376,33.8363151550293
94763878,2025,2025-07-16,9655,2025-07-12,1515,019871,NA,6,2,3,3302,0,3,5,NA,2,002,BEAUMONT AVE,CHERRY VALLEY BLVD,20,S,N,A,-,N,NA,NA,NA,NA,NA,NA,NA,NA,NA,N,4,0,2,2,A,-,03,22350,NA,N,C,C,A,A,H,-,A,A,0,NA,NA,NA,NA,Y,NA,A,01,0,0,2,0,0,0,0,0,0,-,-,33.96855926513672,-116.97721862792967,RIVERSIDE,BEAUMONT,-116.9773178100586,33.968666076660156
94764040,2025,2025-07-16,9840,2025-07-16,500,019492,NA,3,3,6,3345,0,1,3,NA,2,010,SR-60 W/B FROM PYRITE ST,PYRITE ST.,350,W,N,A,-,Y,NA,NA,NA,NA,NA,NA,NA,NA,NA,N,4,0,1,1,A,-,08,22107,NA,N,E,I,A,A,H,-,C,D,0,NA,NA,NA,NA,Y,NA,A,01,0,0,1,0,0,0,0,0,0,-,-,34.0171012878418,-117.46334075927734,RIVERSIDE,JURUPA VALLEY,-117.46350860595705,34.01656723022461
9476529,2022,2022-07-15,3325,2022-06-17,1434,20205,NA,5,5,4,3325,0,0,0,NA,0,002,33RD AV,WISHING WELL TRL,201,E,N,A,-,N,NA,NA,NA,NA,NA,NA,NA,NA,NA,N,4,0,1,2,A,-,09,21801,A,N,D,C,A,A,H,-,A,D,0,NA,NA,NA,NA,Y,NA,A,01,0,0,1,0,0,0,0,0,0,-,-,NA,NA,RIVERSIDE,CATHEDRAL CITY,-116.46507263183594,33.80863952636719
94766815,2025,2025-07-17,9655,2025-07-15,1740,023127,NA,2,2,9,3300,0,1,3,NA,2,315,STATE ROUTE 79 NORTHBOUND,DOMENIGONI PARKWAY,1110,S,N,A,-,Y,RIV,NA,79,NA,R,15.669,H,NA,R,N,4,0,1,2,A,-,03,22350,NA,N,C,C,A,A,H,-,A,D,0,NA,NA,NA,NA,Y,NA,A,01,0,0,1,0,0,0,0,0,0,-,-,33.69293975830078,-117.0848388671875,RIVERSIDE,UNINCORPORATED,-117.0848388671875,33.69293975830078
94772445,2025,2025-07-22,9840,2025-05-25,1214,021862,NA,7,1,6,3394,0,1,3,NA,2,025,SR-60 E/B TO FREDERICK ST. OFF RAMP,FREDERICK ST,75,W,N,A,-,Y,NA,NA,NA,NA,NA,NA,NA,NA,NA,N,4,0,1,2,A,-,03,22350,NA,M,C,C,A,A,H,-,A,D,0,NA,NA,NA,NA,Y,NA,A,01,0,0,1,0,0,0,0,0,0,-,-,33.9398307800293,-117.26190185546876,RIVERSIDE,MORENO VALLEY,-117.26170349121094,33.93974304199219
94772723,2025,2025-07-22,9840,2025-07-13,1640,023712,NA,7,2,9,3300,0,1,1,NA,2,034,I-15 NORTHBOUND,EL CERRITO DR,1200,N,N,A,-,Y,RIV,NA,15,NA,NA,38.063,H,NA,R,Y,4,0,3,2,A,-,03,22350,NA,N,C,C,A,A,H,-,A,D,0,NA,NA,NA,NA,Y,NA,A,01,0,0,3,0,0,0,0,0,0,-,-,33.83517837524414,-117.53146362304688,RIVERSIDE,UNINCORPORATED,-117.53139495849608,33.835205078125
94772810,2025,2025-07-22,9840,2025-07-09,217,024362,NA,3,3,6,3315,0,1,1,NA,2,034,I-15 S/B,ONTARIO AVE.,485,N,N,A,-,Y,RIV,NA,15,NA,NA,38.812,H,NA,L,Y,4,0,1,2,A,-,03,22350,NA,N,C,C,A,A,H,-,C,D,0,NA,NA,NA,NA,Y,NA,A,01,0,0,1,0,0,0,0,0,0,-,-,33.84550857543945,-117.53501892089844,RIVERSIDE,CORONA,-117.53501892089844,33.84550857543945
94773084,2025,2025-07-22,9655,2025-07-18,309,022839,NA,5,3,9,3300,0,1,1,NA,2,206,I-10 E/B,HAUGEN-LEHMANN WAY,10507,W,N,B,-,Y,RIV,NA,10,NA,R,22.5,H,NA,R,N,4,0,4,2,C,-,18,NA,NA,N,E,J,A,A,H,-,D,D,0,NA,NA,NA,NA,Y,NA,-,-,0,0,4,0,0,0,0,0,0,-,-,33.923038482666016,-116.72415161132813,RIVERSIDE,UNINCORPORATED,-116.72420501708984,33.922794342041016
9477355,2022,2022-07-26,3313,2022-06-29,1028,1686,2,3,5,7,3313,0,0,0,NA,0,T58,VINE ST,3RD ST,0,NA,Y,A,-,N,NA,NA,NA,NA,NA,NA,NA,NA,NA,Y,3,0,2,2,A,-,01,23152,G,N,D,C,A,A,H,-,A,A,0,NA,NA,NA,NA,Y,Y,A,01,0,2,0,0,0,0,0,0,0,TO,-,33.9840202331543,-117.36553955078124,RIVERSIDE,RIVERSIDE,-117.36544799804688,33.984100341796875
94773967,2025,2025-07-23,9840,2025-07-18,1403,023659,NA,5,2,7,3313,0,1,3,NA,2,010,SR-60 EASTBOUND,RUBIDOUX BLVD,5,W,N,A,-,Y,RIV,NA,60,NA,NA,9.542,H,NA,R,N,4,0,1,2,A,-,03,22350,NA,N,C,C,A,A,H,-,A,D,0,NA,NA,NA,NA,Y,NA,D,22,0,0,1,0,0,0,0,0,0,-,-,34.00448989868164,-117.40068817138672,RIVERSIDE,RIVERSIDE,-117.40068817138672,34.00450134277344
94774668,2025,2025-07-23,9685,2025-07-12,2225,020637,NA,6,3,9,3300,0,3,5,NA,2,003,LEON ROAD,HILTON ROAD,0,NA,Y,A,-,N,NA,NA,NA,NA,NA,NA,NA,NA,NA,Y,3,0,2,2,A,-,09,21802,A,N,A,C,A,A,H,-,D,A,0,NA,NA,NA,NA,Y,NA,A,01,0,1,1,0,0,0,0,0,0,-,-,33.625240325927734,-117.118896484375,RIVERSIDE,UNINCORPORATED,-117.1188507080078,33.62525177001953
94774703,2025,2025-07-23,9840,2025-07-22,1610,022357,NA,2,2,7,3313,0,1,3,NA,2,020,SR-91 E/B,PIERCE ST,845,W,N,A,-,Y,RIV,NA,91,NA,NA,10.641,H,NA,R,N,4,0,3,2,A,-,03,22350,NA,N,C,C,A,A,H,-,A,D,0,NA,NA,NA,NA,Y,NA,A,01,0,0,3,0,0,0,0,0,0,-,-,33.896610260009766,-117.49577331542967,RIVERSIDE,RIVERSIDE,-117.49575042724608,33.896568298339844
94774809,2025,2025-07-23,9685,2025-07-08,1935,019183,NA,2,2,9,3300,0,2,4,NA,2,016,GRAND AVE N/B,ONTARIO,5,N,N,A,-,N,NA,NA,NA,NA,NA,NA,NA,NA,NA,Y,3,0,1,2,A,-,12,21453,A,N,B,C,A,A,H,-,A,A,0,NA,NA,NA,NA,Y,NA,A,01,0,1,0,0,0,0,0,0,0,-,-,33.62205123901367,-117.31712341308594,RIVERSIDE,UNINCORPORATED,-117.31710052490234,33.6219596862793
9477545,2022,2022-08-03,3313,2022-06-19,0046,2063,4,7,5,7,3313,0,0,0,NA,0,1R45,LINCOLN AV,JANE ST,38,W,N,A,-,N,NA,NA,NA,NA,NA,NA,NA,NA,NA,Y,4,0,1,4,A,-,01,23152,A,N,C,E,A,A,H,-,C,A,0,NA,NA,NA,NA,Y,Y,A,01,0,0,1,0,0,0,0,0,0,-,-,33.93621063232422,-117.38471221923828,RIVERSIDE,RIVERSIDE,-117.38455963134766,33.93735122680664
94779883,2025,2025-07-28,9630,2025-07-24,2024,021515,NA,4,2,9,3300,0,3,5,NA,2,001,PALM DR,DILLON RD,550,N,N,A,-,N,NA,NA,NA,NA,NA,NA,NA,NA,NA,N,4,0,1,2,A,-,03,22350,NA,N,C,2,A,A,H,-,C,D,0,NA,NA,NA,NA,Y,NA,A,07,0,0,1,0,0,0,0,0,0,-,-,33.92662048339844,-116.5016632080078,RIVERSIDE,UNINCORPORATED,-116.5017318725586,33.926475524902344
94779891,2025,2025-07-28,9660,2025-07-25,345,023533,NA,5,3,9,3300,0,1,1,NA,2,030,EASTBOUND INTERSTATE 10,CORN SPRINGS RD,5280,W,N,A,-,Y,RIV,NA,10,NA,R,113.514,H,NA,R,Y,4,0,1,2,A,-,08,22107,NA,N,B,C,A,A,H,-,D,D,0,NA,NA,NA,Y,Y,NA,G,25,0,0,1,0,0,0,0,0,0,-,-,33.686580657958984,-115.2581024169922,RIVERSIDE,UNINCORPORATED,-115.25808715820313,33.68661880493164