CASE_ID,ACCIDENT_YEAR,PROC_DATE,JURIS,COLLISION_DATE,COLLISION_TIME,OFFICER_ID,REPORTING_DISTRICT,DAY_OF_WEEK,CHP_SHIFT,POPULATION,CNTY_CITY_LOC,SPECIAL_COND,BEAT_TYPE,CHP_BEAT_TYPE,CITY_DIVISION_LAPD,CHP_BEAT_CLASS,BEAT_NUMBER,PRIMARY_RD,SECONDARY_RD,DISTANCE,DIRECTION,INTERSECTION,WEATHER_1,WEATHER_2,STATE_HWY_IND,CALTRANS_COUNTY,CALTRANS_DISTRICT,STATE_ROUTE,ROUTE_SUFFIX,POSTMILE_PREFIX,POSTMILE,LOCATION_TYPE,RAMP_INTERSECTION,SIDE_OF_HWY,TOW_AWAY,COLLISION_SEVERITY,NUMBER_KILLED,NUMBER_INJURED,PARTY_COUNT,PRIMARY_COLL_FACTOR,PCF_CODE_OF_VIOL,PCF_VIOL_CATEGORY,PCF_VIOLATION,PCF_VIOL_SUBSECTION,HIT_AND_RUN,TYPE_OF_COLLISION,MVIW,PED_ACTION,ROAD_SURFACE,ROAD_COND_1,ROAD_COND_2,LIGHTING,CONTROL_DEVICE,CHP_ROAD_TYPE,PEDESTRIAN_ACCIDENT,BICYCLE_ACCIDENT,MOTORCYCLE_ACCIDENT,TRUCK_ACCIDENT,NOT_PRIVATE_PROPERTY,ALCOHOL_INVOLVED,STWD_VEHTYPE_AT_FAULT,CHP_VEHTYPE_AT_FAULT,COUNT_SEVERE_INJ,COUNT_VISIBLE_INJ,COUNT_COMPLAINT_PAIN,COUNT_PED_KILLED,COUNT_PED_INJURED,COUNT_BICYCLIST_KILLED,COUNT_BICYCLIST_INJURED,COUNT_MC_KILLED,COUNT_MC_INJURED,PRIMARY_RAMP,SECONDARY_RAMP,LATITUDE,LONGITUDE,COUNTY,CITY,POINT_X,POINT_Y
9604229,2023,2023-12-19,3302,2023-09-15,1524,1259,3302,5,5,3,3302,0,0,0,NA,0,004,4TH ST,NICHOLAS RD,254,W,N,A,-,N,NA,NA,NA,NA,NA,NA,NA,NA,NA,Y,3,0,1,4,A,-,03,22350,NA,N,C,E,A,A,H,-,A,D,0,NA,NA,NA,NA,Y,NA,A,01,0,1,0,0,0,0,0,0,0,-,-,33.92586135864258,-116.9948501586914,RIVERSIDE,BEAUMONT,-116.99543762207033,33.926326751708984
9613767,2023,2023-09-28,3325,2023-07-22,122,20201,DESER,6,5,4,3325,0,0,0,NA,0,001,EAST PALM CANYON RD,PALO VERDE DR,324,W,N,A,-,N,NA,NA,NA,NA,NA,NA,NA,NA,NA,Y,2,0,2,1,A,-,01,23152,NA,N,F,I,A,A,H,-,C,D,0,NA,NA,NA,NA,Y,Y,A,01,2,0,0,0,0,0,0,0,0,-,-,NA,NA,RIVERSIDE,CATHEDRAL CITY,-116.46871185302734,33.78093719482422
9614254,2023,2023-10-25,3325,2023-09-03,1920,1901,DESER,7,5,4,3325,0,0,0,NA,0,001,DATE PALM DR,VICTORIA DR,23,S,N,A,-,N,NA,NA,NA,NA,NA,NA,NA,NA,NA,N,2,0,2,1,A,-,03,22350,NA,N,E,J,A,A,G,-,A,D,0,NA,NA,NA,NA,Y,NA,-,NA,1,1,0,0,0,0,0,0,0,-,-,NA,NA,RIVERSIDE,CATHEDRAL CITY,-116.45806884765624,33.7977180480957
9619414,2023,2024-01-23,3302,2023-11-14,746,1260,NA,2,5,3,3302,0,0,0,NA,0,004,PALMER AV,TREVINO TRL,0,NA,Y,A,-,N,NA,NA,NA,NA,NA,NA,NA,NA,NA,N,4,0,1,2,A,-,10,21950,A,N,G,B,B,A,H,-,A,A,0,Y,NA,NA,NA,Y,NA,A,01,0,0,1,0,1,0,0,0,0,-,-,33.96152877807617,-117.04355621337892,RIVERSIDE,BEAUMONT,-117.04359436035156,33.96169662475586
9632545,2023,2023-11-20,3325,2023-10-14,1925,20223,NA,6,5,4,3325,0,0,0,NA,0,003,DATE PALM DR,MCCALLUM WY,1165,N,N,A,-,N,NA,NA,NA,NA,NA,NA,NA,NA,NA,Y,3,0,1,1,A,-,01,23152,NA,N,D,I,A,A,H,-,C,A,0,NA,NA,NA,NA,Y,Y,D,22,0,1,0,0,0,0,0,0,0,-,-,NA,NA,RIVERSIDE,CATHEDRAL CITY,-116.45819091796876,33.82633590698242
9635742,2023,2023-12-30,3325,2023-10-31,1127,2702,3325,2,5,4,3325,0,0,0,NA,0,NA,DINAH SHORE DR,VIA DE ANZA,0,NA,Y,A,-,N,NA,NA,NA,NA,NA,NA,NA,NA,NA,N,3,0,1,2,A,-,12,21453,A,N,D,G,A,A,H,-,A,A,0,NA,Y,NA,NA,Y,NA,A,01,0,1,0,0,0,0,1,0,0,-,-,NA,NA,RIVERSIDE,CATHEDRAL CITY,-116.46133422851563,33.80136489868164
9636848,2023,2023-12-19,3300,2023-11-15,621,5347,916A,3,5,4,3312,0,0,0,NA,0,031,PERRIS BL,MORGAN ST,0,NA,Y,A,-,N,NA,NA,NA,NA,NA,NA,NA,NA,NA,Y,2,0,2,2,A,-,12,21453,A,N,D,C,A,A,H,-,A,A,0,NA,NA,NA,Y,Y,NA,A,01,1,0,1,0,0,0,0,0,0,-,-,33.837318420410156,-117.22608947753906,RIVERSIDE,PERRIS,-117.22607421875,33.8372917175293
9639905,2023,2023-11-30,3309,2023-07-28,1133,2211,3309,5,5,4,3309,0,0,0,NA,0,002,JACKSON ST,RT 10,7,S,N,A,-,Y,RIV,8,10,-,R,55.951,R,4,E,Y,4,0,3,2,A,-,08,22107,NA,N,D,C,A,A,H,-,A,A,0,NA,NA,NA,NA,Y,NA,A,07,0,0,3,0,0,0,0,0,0,-,-,NA,NA,RIVERSIDE,INDIO,-116.21350860595705,33.73628616333008
9640450,2023,2025-06-30,3301,2023-07-27,1112,U473,1,4,5,4,3301,0,0,0,NA,0,001,E. RAMSEY ST,PHILLIPS ST,11,W,N,A,-,N,NA,NA,NA,NA,NA,NA,NA,NA,NA,N,1,1,1,2,A,-,08,22107,NA,N,D,D,A,A,H,-,A,D,0,NA,NA,Y,NA,Y,Y,C,03,1,0,0,0,0,0,0,1,1,-,-,33.92538070678711,-116.8647003173828,RIVERSIDE,BANNING,-116.86470794677734,33.92536926269531
9640955,2024,2024-10-04,3309,2024-07-21,2336,2405,3309,7,5,4,3309,0,0,0,NA,0,NA,RT 111,YOUNGS LN,91,E,N,-,-,N,NA,NA,NA,NA,NA,NA,NA,NA,NA,Y,1,1,0,4,A,-,03,22350,NA,N,F,I,A,A,-,-,D,D,0,NA,NA,NA,NA,Y,NA,A,01,0,0,0,0,0,0,0,0,0,-,-,NA,NA,RIVERSIDE,INDIO,-116.25540924072266,33.707271575927734
9642547,2023,2023-12-22,3302,2023-11-20,1355,1134,NA,1,5,3,3302,0,0,0,NA,0,NA,OAK VALLEY PKWY,EDELWEISS DR,20,E,N,A,-,N,NA,NA,NA,NA,NA,NA,NA,NA,NA,N,3,0,1,2,A,-,09,21800,A,N,D,C,A,A,H,-,A,A,0,NA,NA,NA,NA,Y,NA,A,01,0,1,0,0,0,0,0,0,0,-,-,33.946250915527344,-116.9595184326172,RIVERSIDE,BEAUMONT,-116.95945739746094,33.946266174316406
9654951,2023,2024-01-16,3309,2023-08-01,1455,2301,3309,2,5,4,3309,0,0,0,NA,0,003,DOCTOR CARREON BL,BRISTOL ST,41,W,N,A,-,N,NA,NA,NA,NA,NA,NA,NA,NA,NA,Y,3,0,1,2,A,-,03,22350,NA,N,C,C,A,A,H,-,A,D,0,NA,NA,NA,NA,Y,NA,A,01,0,1,0,0,0,0,0,0,0,-,-,NA,NA,RIVERSIDE,INDIO,-116.21438598632813,33.70771026611328
9664169,2024,2024-03-07,3302,2024-01-29,1648,1186,3302,1,5,3,3302,0,0,0,NA,0,004,4TH ST,PORTRERO,3780,W,N,A,-,N,NA,NA,NA,NA,NA,NA,NA,NA,NA,Y,4,0,1,2,A,-,09,21804,A,N,D,C,A,A,H,-,C,D,0,NA,NA,NA,Y,Y,NA,A,01,0,0,1,0,0,0,0,0,0,-,-,NA,NA,RIVERSIDE,BEAUMONT,-117.0165786743164,33.92863082885742
9683062,2022,2024-04-26,3313,2022-08-28,1733,1827,1,7,5,7,3313,0,0,0,NA,0,T41,BONITA AV,RIVERSIDE AV,25,E,N,A,-,N,NA,NA,NA,NA,NA,NA,NA,NA,NA,N,3,0,1,3,A,-,08,22107,NA,N,D,E,A,A,H,-,A,D,0,NA,NA,NA,NA,Y,NA,D,22,0,1,0,0,0,0,0,0,0,-,-,NA,NA,RIVERSIDE,RIVERSIDE,-117.38787841796876,33.95083999633789
9683072,2022,2024-04-26,3313,2022-12-11,1917,1827,4,7,5,7,3313,0,0,0,NA,0,T43,CALIFORNIA AV,SHELBY DR,0,NA,Y,A,-,N,NA,NA,NA,NA,NA,NA,NA,NA,NA,NA,3,0,2,2,A,-,09,21801,A,N,D,C,A,A,H,-,C,D,0,NA,NA,NA,NA,Y,NA,A,01,0,1,1,0,0,0,0,0,0,-,-,NA,NA,RIVERSIDE,RIVERSIDE,-117.43418121337892,33.93655014038086
9683083,2023,2024-04-26,3313,2023-05-21,1524,1827,4,7,5,7,3313,0,0,0,NA,0,T43,CENTRAL AVE,HILLSIDE AVE,0,NA,Y,A,-,N,NA,NA,NA,NA,NA,NA,NA,NA,NA,NA,4,0,1,2,A,-,12,21453,A,N,D,C,A,A,H,-,A,A,0,NA,NA,NA,NA,Y,NA,A,01,0,0,1,0,0,0,0,0,0,-,-,33.95341110229492,-117.4279327392578,RIVERSIDE,RIVERSIDE,-117.42748260498048,33.95327377319336
9683088,2023,2024-04-26,3313,2023-01-29,1700,1827,4,7,5,7,3313,0,0,0,NA,0,T43,ADAMS ST,GARFIELD ST,0,NA,Y,A,-,N,NA,NA,NA,NA,NA,NA,NA,NA,NA,Y,4,0,1,2,A,-,12,21453,A,M,D,C,A,A,H,-,A,A,0,NA,NA,NA,NA,Y,NA,D,22,0,0,1,0,0,0,0,0,0,-,-,33.9359016418457,-117.42671966552734,RIVERSIDE,RIVERSIDE,-117.42687225341795,33.93613815307617
9683091,2023,2024-05-10,3313,2023-02-07,1607,1827,5,2,5,7,3313,0,0,0,NA,0,T43,VN BUREN BLVD,RUDICILL ST,324,S,N,A,-,N,NA,NA,NA,NA,NA,NA,NA,NA,NA,Y,4,0,1,2,A,-,08,22107,NA,N,B,C,A,A,H,-,A,D,0,NA,NA,NA,NA,Y,NA,A,01,0,0,1,0,0,0,0,0,0,-,-,33.912109375,-117.43981170654295,RIVERSIDE,RIVERSIDE,-117.43962097167967,33.91176223754883
9683129,2023,2024-05-09,3313,2023-03-03,1957,1489,5,5,5,7,3313,0,0,0,NA,0,T44,TYLER ST,HOLE AV,44,N,N,A,-,N,NA,NA,NA,NA,NA,NA,NA,NA,NA,NA,4,0,1,3,A,-,12,21453,A,N,D,C,A,A,H,-,C,A,0,NA,NA,NA,NA,Y,NA,-,-,0,0,1,0,0,0,0,0,0,-,-,33.91539001464844,-117.46427154541016,RIVERSIDE,RIVERSIDE,-117.4641571044922,33.91530990600586
9683192,2023,2024-05-14,3313,2023-02-12,1649,1827,4,7,5,7,3313,0,0,0,NA,0,T43,INDIANA AV,AMBER ST,33,E,N,A,-,N,NA,NA,NA,NA,NA,NA,NA,NA,NA,Y,4,0,3,2,A,-,09,21801,A,N,A,C,A,A,H,-,A,D,0,NA,NA,NA,NA,Y,NA,A,07,0,0,3,0,0,0,0,0,0,-,-,NA,NA,RIVERSIDE,RIVERSIDE,-117.42962646484376,33.92084884643555
9683223,2023,2024-05-15,3313,2023-03-06,1544,1827,5,1,5,7,3313,0,0,0,NA,0,T43,VAN BUREN BL,CALIFORNIA AV,55,N,N,A,-,N,NA,NA,NA,NA,NA,NA,NA,NA,NA,NA,4,0,1,2,A,-,03,22350,NA,M,C,C,A,A,H,-,A,A,0,NA,NA,NA,NA,Y,NA,A,01,0,0,1,0,0,0,0,0,0,-,-,NA,NA,RIVERSIDE,RIVERSIDE,-117.45185089111328,33.926692962646484
9683827,2023,2024-05-15,3313,2023-08-27,1243,1827,1,7,5,7,3313,0,0,0,NA,0,T43,MAGNOLIA AV,BANDINI AV,0,NA,Y,A,-,N,NA,NA,NA,NA,NA,NA,NA,NA,NA,NA,4,0,3,2,A,-,12,21453,A,N,D,C,A,A,H,-,A,A,0,NA,NA,NA,NA,Y,NA,D,22,0,0,3,0,0,0,0,0,0,-,-,NA,NA,RIVERSIDE,RIVERSIDE,-117.38831329345705,33.96610641479492
9684431,2023,2024-05-01,3313,2023-07-30,1400,1969,NA,7,5,7,3313,0,0,0,NA,0,NA,VAN BUREN BL,GARFIELD ST,0,NA,Y,A,-,N,NA,NA,NA,NA,NA,NA,NA,NA,NA,N,4,0,1,2,A,-,12,21457,A,N,D,C,A,A,H,-,A,A,0,NA,NA,NA,NA,Y,NA,D,22,0,0,1,0,0,0,0,0,0,-,-,33.92354965209961,-117.44921875,RIVERSIDE,RIVERSIDE,-117.44915771484376,33.92350387573242
9687198,2024,2024-08-22,3325,2024-05-03,1659,NA,3325,5,5,4,3325,0,0,0,NA,0,003,LANDAU BL,BARISTO RD,10,W,N,A,-,N,NA,NA,NA,NA,NA,NA,NA,NA,NA,Y,3,0,1,2,A,-,05,21651,B,N,A,J,A,A,H,-,A,D,0,NA,NA,Y,NA,Y,NA,C,02,0,1,0,0,0,0,0,0,1,-,-,NA,NA,RIVERSIDE,CATHEDRAL CITY,-116.47557067871094,33.81949996948242
9687468,2024,2024-04-11,3302,2024-02-20,527,1209,3302,2,5,3,3302,0,0,0,NA,0,001,1ST ST,COMMERCE WAY,234,E,N,B,C,N,NA,NA,NA,NA,NA,NA,NA,NA,NA,NA,2,0,1,3,A,-,08,22107,NA,N,B,-,A,B,H,-,C,D,0,NA,Y,NA,NA,Y,NA,L,04,1,0,0,0,0,0,1,0,0,-,-,33.92110061645508,-116.95403289794922,RIVERSIDE,BEAUMONT,-116.95294189453124,33.92169952392578
9688241,2024,2024-04-18,3313,2024-01-03,821,2190,3,3,5,7,3313,0,0,0,NA,0,T74,WOOD RD,KRAMERIA AV,140,N,N,B,C,N,NA,NA,NA,NA,NA,NA,NA,NA,NA,Y,3,0,1,2,A,-,03,22350,NA,N,D,C,A,B,F,-,A,A,0,NA,NA,NA,NA,Y,NA,A,01,0,1,0,0,0,0,0,0,0,-,-,33.87799835205078,-117.33200073242188,RIVERSIDE,RIVERSIDE,-117.33135986328124,33.88041305541992
9692468,2024,2024-06-07,3309,2024-04-06,1340,2211,3309,6,5,4,3309,0,0,0,NA,0,005,JEFFERSON ST,AVE 42,0,NA,Y,A,-,N,NA,NA,NA,NA,NA,NA,NA,NA,NA,Y,4,0,1,3,A,-,12,21453,NA,N,D,C,A,A,H,-,A,A,0,NA,NA,NA,NA,Y,NA,A,08,0,0,1,0,0,0,0,0,0,-,-,NA,NA,RIVERSIDE,INDIO,-116.26487731933594,33.740936279296875
9693564,2023,2024-05-09,3302,2023-12-17,1419,1046,NA,7,5,3,3302,0,0,0,NA,0,NA,OAK VALLEY PKWY,RT 10,73,E,N,A,-,Y,RIV,8,10,-,R,5.356,R,4,E,Y,3,0,2,2,C,-,18,NA,NA,N,C,C,A,A,H,-,A,A,0,NA,NA,NA,NA,Y,NA,-,-,0,1,1,0,0,0,0,0,0,-,EF,33.94411849975586,-117.00369262695313,RIVERSIDE,BEAUMONT,-117.00503540039063,33.94690704345703
9693834,2022,2024-04-27,3313,2022-09-25,0007,2091,5,7,5,7,3313,0,0,0,NA,0,1R51,TYLER ST,MAGNOLIA AV,0,NA,Y,A,-,N,NA,NA,NA,NA,NA,NA,NA,NA,NA,N,4,0,2,2,A,-,03,22350,NA,N,D,C,A,A,H,-,C,A,0,NA,NA,NA,NA,Y,Y,A,01,0,0,2,0,0,0,0,0,0,-,-,33.91143035888672,-117.46199798583984,RIVERSIDE,RIVERSIDE,-117.46154022216795,33.91194534301758
9694407,2023,2024-05-02,3313,2023-04-08,2222,2091,5,6,5,7,3313,0,0,0,NA,0,3R44,VAN BUREN BL,JURUPA AV,0,NA,Y,A,-,N,NA,NA,NA,NA,NA,NA,NA,NA,NA,N,3,0,2,2,A,-,12,21453,A,N,D,C,A,A,H,-,C,A,0,NA,NA,NA,NA,Y,NA,A,01,0,1,1,0,0,0,0,0,0,-,-,33.95878982543945,-117.4615478515625,RIVERSIDE,RIVERSIDE,-117.4616470336914,33.9587287902832
9694551,2023,2024-05-01,3313,2023-08-17,850,2146,1,4,5,7,3313,0,0,0,NA,0,T73,OLIVEWOOD AV,PANORAMA RD,0,NA,Y,A,-,N,NA,NA,NA,NA,NA,NA,NA,NA,NA,N,3,0,1,2,A,-,12,21453,A,N,D,G,A,A,H,-,A,A,0,NA,Y,NA,NA,Y,NA,L,04,0,1,0,0,0,0,1,0,0,-,-,33.964630126953125,-117.38155364990234,RIVERSIDE,RIVERSIDE,-117.38151550292967,33.96472930908203
9696873,2024,2024-05-20,3325,2024-03-31,2500,20241,3325,7,5,4,3325,0,0,0,NA,0,001,VICTORIA DR,MARCIA RD,0,NA,Y,A,-,N,NA,NA,NA,NA,NA,NA,NA,NA,NA,N,3,0,1,1,A,-,08,38314,NA,N,F,J,A,A,H,-,B,D,0,NA,NA,Y,NA,Y,NA,C,06,0,1,0,0,0,0,0,0,1,-,-,NA,NA,RIVERSIDE,CATHEDRAL CITY,-116.45477294921876,33.79779815673828
9699406,2024,2024-06-10,3309,2024-04-30,1545,2310,NA,2,5,4,3309,0,0,0,NA,0,005,AVE 39,JEFFERSON ST,545,W,N,A,-,N,NA,NA,NA,NA,NA,NA,NA,NA,NA,Y,3,0,2,2,A,-,09,21804,A,N,D,C,A,A,H,-,A,A,0,NA,NA,NA,NA,Y,NA,D,22,0,1,1,0,0,0,0,0,0,-,-,NA,NA,RIVERSIDE,INDIO,-116.27080535888672,33.76570129394531
9699417,2024,2024-06-06,3309,2024-03-28,1250,2213,3309,4,5,4,3309,0,0,0,NA,0,003,DOCTOR CARREON BL,JACKSON ST,0,NA,Y,A,-,N,NA,NA,NA,NA,NA,NA,NA,NA,NA,Y,4,0,1,3,A,-,09,21801,A,N,A,C,A,A,H,-,A,A,0,NA,NA,NA,NA,Y,NA,A,01,0,0,1,0,0,0,0,0,0,-,-,NA,NA,RIVERSIDE,INDIO,-116.2164306640625,33.70771026611328
9717021,2024,2024-07-31,3313,2024-06-18,1602,2173,2,2,5,7,3313,0,0,0,NA,0,T71,CANYON CREST DR,VIA PUEBLO,2,N,N,A,-,N,NA,NA,NA,NA,NA,NA,NA,NA,NA,N,3,0,1,2,A,-,10,21950,A,N,G,B,D,A,H,-,A,A,0,Y,NA,NA,NA,Y,NA,A,01,0,1,0,0,1,0,0,0,0,-,-,33.95697021484375,-117.32942199707033,RIVERSIDE,RIVERSIDE,-117.32953643798828,33.9567756652832
9717024,2024,2024-07-31,3313,2024-06-08,2040,2072,5,6,5,7,3313,0,0,0,NA,0,3R52,ARLINGTON AV,HAROLD ST,138,W,N,A,-,N,NA,NA,NA,NA,NA,NA,NA,NA,NA,N,3,0,3,2,A,-,01,23152,A,N,B,E,A,A,H,-,C,D,0,NA,NA,NA,NA,Y,Y,A,01,0,3,0,0,0,0,0,0,0,-,-,33.94609069824219,-117.45639801025392,RIVERSIDE,RIVERSIDE,-117.4566650390625,33.945980072021484
9717143,2024,2024-08-08,3309,2024-03-20,1532,W2011,DESER,3,5,4,3309,0,0,0,NA,0,005,JEFFERSON ST,NORTHGATE RD,0,NA,Y,A,-,N,NA,NA,NA,NA,NA,NA,NA,NA,NA,N,3,0,1,2,A,-,08,22107,NA,N,D,C,A,A,H,-,A,A,0,NA,NA,NA,NA,Y,NA,A,07,0,1,0,0,0,0,0,0,0,-,-,NA,NA,RIVERSIDE,INDIO,NA,NA
9717228,2024,2024-08-08,3301,2024-04-23,1642,U536,39,2,5,4,3301,0,0,0,NA,0,003,HIGHLAND SPRINGS AV,MEADOWLINE WY,954,N,N,A,-,N,NA,NA,NA,NA,NA,NA,NA,NA,NA,Y,4,0,1,2,A,-,09,21801,A,N,B,C,A,A,H,-,A,D,0,NA,NA,NA,NA,Y,NA,A,07,0,0,1,0,0,0,0,0,0,-,-,33.967628479003906,-116.94140625,RIVERSIDE,BANNING,-116.9469985961914,33.946083068847656
9717459,2024,2024-08-08,3309,2024-03-01,533,332,DESER,5,5,4,3309,0,0,0,NA,0,003,PLAZA AV,JACKSON ST,0,W,N,A,-,N,NA,NA,NA,NA,NA,NA,NA,NA,NA,N,3,0,1,2,A,-,00,21954,NA,F,A,B,D,A,H,-,C,D,0,Y,NA,NA,NA,Y,NA,N,60,0,1,0,0,1,0,0,0,0,-,-,NA,NA,RIVERSIDE,INDIO,NA,NA
9718934,2024,2024-08-08,3309,2024-05-06,659,W2113,DESER,1,5,4,3309,0,0,0,NA,0,001,INDIO BL,SUN GOLD ST,87,W,N,A,-,N,NA,NA,NA,NA,NA,NA,NA,NA,NA,Y,4,0,1,2,A,-,06,21755,NA,N,C,C,A,A,H,-,A,A,0,NA,NA,NA,NA,Y,NA,A,01,0,0,1,0,0,0,0,0,0,-,-,NA,NA,RIVERSIDE,INDIO,-116.23135375976563,33.728389739990234
9719470,2024,2024-08-06,3309,2024-06-15,35,2303,3309,6,5,4,3309,0,0,0,NA,0,002,SOLA ST,OCOTILLO AV,23,N,N,A,-,N,NA,NA,NA,NA,NA,NA,NA,NA,NA,Y,3,0,1,1,A,-,03,22350,NA,N,E,I,A,A,H,-,C,A,0,NA,NA,NA,NA,Y,NA,A,01,0,1,0,0,0,0,0,0,0,-,-,NA,NA,RIVERSIDE,INDIO,-116.2255630493164,33.72995376586914
9721927,2024,2024-10-03,3309,2024-07-19,1830,2306,3309,5,5,4,3309,0,0,0,NA,0,004,CLINTON ST,RT 111,195,N,N,A,-,N,NA,NA,NA,NA,NA,NA,NA,NA,NA,N,4,0,3,2,A,-,09,21804,A,N,D,C,A,A,H,-,A,D,0,NA,NA,NA,NA,Y,NA,A,01,0,0,3,0,0,0,0,0,0,-,-,NA,NA,RIVERSIDE,INDIO,-116.24266815185548,33.708133697509766
9746157,2024,2024-11-12,3309,2024-09-18,527,2404,3309,3,5,4,3309,0,0,0,NA,0,005,JEFFERSON ST,RT 10,906,S,N,A,-,N,NA,NA,NA,NA,NA,NA,NA,NA,NA,Y,3,0,1,2,A,-,03,22350,NA,N,C,C,A,A,H,-,C,D,0,NA,NA,NA,NA,Y,NA,A,01,0,1,0,0,0,0,0,0,0,-,-,NA,NA,RIVERSIDE,INDIO,-116.26898193359376,33.749298095703125
9755368,2024,2024-11-20,3325,2024-09-10,1724,20233,3325,2,5,4,3325,0,0,0,NA,0,003,LANDAU BL,VISTA CHINO,335,N,N,A,-,N,NA,NA,NA,NA,NA,NA,NA,NA,NA,Y,3,0,1,2,A,-,08,22107,NA,N,H,C,A,A,H,-,A,D,0,NA,NA,NA,NA,Y,NA,A,01,0,1,0,0,0,0,0,0,0,-,-,NA,NA,RIVERSIDE,CATHEDRAL CITY,-116.47584533691406,33.845848083496094
9756498,2024,2024-11-27,3309,2024-09-24,1746,2012,3309,2,5,4,3309,0,0,0,NA,0,002,DILLON RD,CABAZON AV,0,NA,Y,A,-,N,NA,NA,NA,NA,NA,NA,NA,NA,NA,Y,2,0,4,3,A,-,12,21453,A,N,D,C,A,A,H,-,A,A,0,NA,NA,NA,NA,Y,NA,A,01,1,1,2,0,0,0,0,0,0,-,-,NA,NA,RIVERSIDE,INDIO,-116.18944549560548,33.700462341308594
9756932,2024,2024-12-02,3313,2024-10-17,1322,1389,5,4,5,7,3313,0,0,0,NA,0,T53,MOUNTAIN AV,LA SIERRA AV,4,W,N,B,C,N,NA,NA,NA,NA,NA,NA,NA,NA,NA,N,3,0,1,2,A,-,17,21235,G,N,D,G,A,A,H,-,A,A,0,NA,NA,NA,NA,Y,NA,-,NA,0,1,0,0,0,0,0,0,0,-,-,NA,NA,RIVERSIDE,RIVERSIDE,-117.49010467529295,33.92121505737305
9767719,2024,2024-12-31,3301,2024-12-02,1141,U467,11,1,5,4,3301,0,0,0,NA,0,001,HARGRAVE ST,NICOLET ST,0,NA,Y,A,-,N,NA,NA,NA,NA,NA,NA,NA,NA,NA,N,3,0,1,2,A,-,04,21703,NA,N,C,C,A,A,H,-,A,A,0,NA,NA,NA,NA,Y,NA,A,01,0,1,0,0,0,0,0,0,0,-,-,33.92892074584961,-116.86797332763672,RIVERSIDE,BANNING,-116.86797332763672,33.92892837524414
9768739,2024,2025-01-28,3309,2024-11-20,1739,W2302,NA,3,5,4,3309,0,0,0,NA,0,NA,DOCTOR CARREON BL,CHEYENNE RD,0,NA,Y,A,-,N,NA,NA,NA,NA,NA,NA,NA,NA,NA,N,4,0,1,2,A,-,09,21804,A,N,D,C,A,A,H,-,C,A,0,NA,NA,NA,NA,Y,NA,D,22,0,0,1,0,0,0,0,0,0,-,-,33.707420349121094,-116.23912811279295,RIVERSIDE,INDIO,-116.23909759521484,33.70741271972656
9782506,2024,2025-02-10,3325,2024-12-09,1225,530C,DESER,1,5,4,3325,0,0,0,NA,0,002,DATE PALM DR,BARISTO RD,0,NA,Y,A,-,N,NA,NA,NA,NA,NA,NA,NA,NA,NA,N,3,0,1,2,A,-,10,21950,A,N,G,B,B,A,H,-,A,A,0,Y,NA,NA,NA,Y,NA,A,07,0,1,0,0,1,0,0,0,0,-,-,NA,NA,RIVERSIDE,CATHEDRAL CITY,-116.4582748413086,33.819541931152344
9786006,2024,2025-02-26,3300,2024-05-27,1438,6186,WI800,1,5,3,3343,0,0,0,NA,0,080,GRAPE ST,OLIVE ST,0,NA,Y,A,-,N,NA,NA,NA,NA,NA,NA,NA,NA,NA,Y,1,1,0,2,A,-,01,23152,A,N,D,C,A,A,H,-,A,A,0,NA,NA,Y,NA,Y,Y,C,02,0,0,0,0,0,0,0,1,0,-,-,33.642059326171875,-117.2830810546875,RIVERSIDE,WILDOMAR,-117.28305053710938,33.64228820800781
9786043,2024,2025-03-18,3300,2024-03-29,1704,6138,Y81,5,5,3,3305,0,0,0,NA,0,Y81,CESAR CHAVEZ ST,51ST AV,245,S,N,A,-,N,NA,NA,NA,NA,NA,NA,NA,NA,NA,N,1,1,0,2,A,-,01,23152,G,N,D,G,A,A,H,-,A,D,0,NA,Y,NA,NA,Y,Y,L,04,0,0,0,0,0,1,0,0,0,-,-,33.678218841552734,-116.18157196044922,RIVERSIDE,COACHELLA,-116.18164825439452,33.677528381347656
9826908,2025,2025-07-17,3301,2025-05-29,1127,U467,11,4,5,4,3301,0,0,0,NA,0,001,SAN GORGONIO AV,NICOLET ST,247,S,N,A,-,N,NA,NA,NA,NA,NA,NA,NA,NA,NA,N,3,0,1,2,A,-,09,21804,A,N,G,B,D,A,H,-,A,D,0,Y,NA,NA,NA,Y,NA,A,71,0,1,0,0,1,0,0,0,0,-,-,33.92716979980469,-116.87674713134766,RIVERSIDE,BANNING,-116.87674713134766,33.92821502685547
9867074,2025,2026-01-06,3313,2025-07-09,1810,1860,5,3,5,7,3313,0,0,0,NA,0,T40,CYPRESS AV,JONES AV,312,W,N,A,-,N,NA,NA,NA,NA,NA,NA,NA,NA,NA,Y,1,1,0,2,A,-,03,22350,NA,N,C,C,A,A,H,-,A,D,0,NA,NA,Y,NA,Y,NA,C,02,0,0,0,0,0,0,0,1,0,-,-,NA,NA,RIVERSIDE,RIVERSIDE,-117.48217010498048,33.94152069091797
9867192,2025,2026-02-13,3308,2025-08-25,603,10874,563,1,5,5,3308,0,0,0,NA,0,SOUTH,WARREN RD,POPLAR ST,43,S,N,A,-,N,NA,NA,NA,NA,NA,NA,NA,NA,NA,Y,1,1,1,3,A,-,05,21650,NA,N,B,C,A,A,H,-,A,D,0,NA,NA,NA,NA,Y,NA,D,22,0,1,0,0,0,0,0,0,0,-,-,33.71263885498047,-117.03269958496094,RIVERSIDE,HEMET,-117.0325927734375,33.71248245239258
9872433,2025,2025-09-03,3325,2025-07-17,1330,1708,3325,4,5,4,3325,0,0,0,NA,0,012,CATHEDRAL CANYON DR,DINAH SHORE DR,0,NA,Y,A,B,N,NA,NA,NA,NA,NA,NA,NA,NA,NA,Y,4,0,2,2,A,-,12,21457,A,N,A,C,A,A,H,-,A,A,0,NA,NA,NA,NA,Y,NA,A,01,0,0,2,0,0,0,0,0,0,-,-,NA,NA,RIVERSIDE,CATHEDRAL CITY,-116.46676635742188,33.801326751708984