CASE_ID,ACCIDENT_YEAR,PROC_DATE,JURIS,COLLISION_DATE,COLLISION_TIME,OFFICER_ID,REPORTING_DISTRICT,DAY_OF_WEEK,CHP_SHIFT,POPULATION,CNTY_CITY_LOC,SPECIAL_COND,BEAT_TYPE,CHP_BEAT_TYPE,CITY_DIVISION_LAPD,CHP_BEAT_CLASS,BEAT_NUMBER,PRIMARY_RD,SECONDARY_RD,DISTANCE,DIRECTION,INTERSECTION,WEATHER_1,WEATHER_2,STATE_HWY_IND,CALTRANS_COUNTY,CALTRANS_DISTRICT,STATE_ROUTE,ROUTE_SUFFIX,POSTMILE_PREFIX,POSTMILE,LOCATION_TYPE,RAMP_INTERSECTION,SIDE_OF_HWY,TOW_AWAY,COLLISION_SEVERITY,NUMBER_KILLED,NUMBER_INJURED,PARTY_COUNT,PRIMARY_COLL_FACTOR,PCF_CODE_OF_VIOL,PCF_VIOL_CATEGORY,PCF_VIOLATION,PCF_VIOL_SUBSECTION,HIT_AND_RUN,TYPE_OF_COLLISION,MVIW,PED_ACTION,ROAD_SURFACE,ROAD_COND_1,ROAD_COND_2,LIGHTING,CONTROL_DEVICE,CHP_ROAD_TYPE,PEDESTRIAN_ACCIDENT,BICYCLE_ACCIDENT,MOTORCYCLE_ACCIDENT,TRUCK_ACCIDENT,NOT_PRIVATE_PROPERTY,ALCOHOL_INVOLVED,STWD_VEHTYPE_AT_FAULT,CHP_VEHTYPE_AT_FAULT,COUNT_SEVERE_INJ,COUNT_VISIBLE_INJ,COUNT_COMPLAINT_PAIN,COUNT_PED_KILLED,COUNT_PED_INJURED,COUNT_BICYCLIST_KILLED,COUNT_BICYCLIST_INJURED,COUNT_MC_KILLED,COUNT_MC_INJURED,PRIMARY_RAMP,SECONDARY_RAMP,LATITUDE,LONGITUDE,COUNTY,CITY,POINT_X,POINT_Y
81387146,2020,2021-01-14,3300,2020-10-10,1948,3774,603 C,6,5,6,3394,0,0,0,NA,0,MV36,JOHN F KENNEDY DR,PERRIS BLVD,0,NA,Y,A,-,N,NA,NA,NA,NA,NA,NA,NA,NA,NA,N,4,0,1,1,A,-,03,22350,NA,N,E,I,A,A,H,-,C,A,0,NA,NA,Y,NA,Y,NA,C,02,0,0,1,0,0,0,0,0,1,-,-,33.90264129638672,-117.22647094726563,RIVERSIDE,MORENO VALLEY,-117.22630310058594,33.90277099609375
8139164,2016,2017-01-14,3311,2016-11-11,1130,16023,NA,5,5,4,3311,0,0,0,NA,0,003,TAHQUITZ CANYON WY,CALLE ENCILIA,41,E,N,A,-,N,NA,NA,NA,NA,NA,NA,NA,NA,NA,N,4,0,1,1,C,-,18,NA,NA,N,E,I,A,A,H,-,A,D,0,NA,NA,NA,NA,Y,NA,-,-,0,0,1,0,0,0,0,0,0,-,-,33.82297,-116.54364,RIVERSIDE,PALM SPRINGS,-116.54361558,33.82315244
81392382,2020,2021-01-22,3300,2020-12-12,0240,3613,916A,6,5,4,3312,0,0,0,NA,0,031,INDIAN AVE,MARKHAM ST,0,NA,Y,A,-,N,NA,NA,NA,NA,NA,NA,NA,NA,NA,Y,1,1,0,2,A,-,12,21453,A,N,D,C,A,A,H,-,C,A,0,NA,NA,NA,Y,Y,NA,A,01,0,0,0,0,0,0,0,0,0,-,-,NA,NA,RIVERSIDE,PERRIS,-117.23484802246094,33.85184097290039
8139247,2016,2017-02-27,3309,2016-12-01,2500,294,3309,4,5,4,3309,0,0,0,NA,0,003,RT 111,JACKSON ST,95,W,N,A,-,N,NA,NA,NA,NA,NA,NA,NA,NA,NA,N,4,0,1,2,A,-,03,22350,NA,N,C,C,A,A,H,-,A,A,0,NA,NA,NA,NA,Y,NA,D,22,0,0,1,0,0,0,0,0,0,-,-,NA,NA,RIVERSIDE,INDIO,-116.216681,33.714798
81392478,2019,2021-01-22,3315,2019-12-07,0038,001226,2A,6,5,6,3315,0,0,0,NA,0,001,PARKRIDGE AV,JOY ST,331,E,N,C,-,N,NA,NA,NA,NA,NA,NA,NA,NA,NA,Y,1,1,0,1,A,-,01,23152,B,N,E,I,A,B,H,-,C,D,0,NA,NA,NA,NA,Y,Y,A,07,0,0,0,0,0,0,0,0,0,-,-,33.888179779052734,-117.55934143066406,RIVERSIDE,CORONA,-117.55866241455078,33.88746643066406
8139351,2016,2016-12-23,3309,2016-11-17,2500,294,3309,4,5,4,3309,0,0,0,NA,0,003,JACKSON ST,AVE 52,0,NA,Y,A,-,N,NA,NA,NA,NA,NA,NA,NA,NA,NA,Y,2,0,2,2,A,-,12,22450,A,N,D,C,A,A,H,-,B,A,0,NA,NA,NA,NA,Y,NA,A,01,1,0,1,0,0,0,0,0,0,-,-,NA,NA,RIVERSIDE,INDIO,-116.21642011,33.67100012
8139612,2016,2017-01-10,3300,2016-12-14,1559,4713,910C,3,5,5,3335,0,0,0,NA,0,063,BUTTERFIELD STAGE RD,CALLE CHAPOS,0,NA,Y,A,-,N,NA,NA,NA,NA,NA,NA,NA,NA,NA,Y,4,0,6,2,A,-,12,22450,A,N,D,C,A,A,H,-,A,A,0,NA,NA,NA,NA,Y,NA,A,07,0,0,6,0,0,0,0,0,0,-,-,NA,NA,RIVERSIDE,TEMECULA,-117.10105001,33.54074008
81398215,2021,2021-01-29,3300,2021-01-14,2037,3552,916D,4,5,4,3312,0,0,0,NA,0,035,GOETZ RD,MAPES RD,0,S,N,A,-,N,NA,NA,NA,NA,NA,NA,NA,NA,NA,Y,1,1,1,5,A,-,05,21651,A,F,A,G,A,A,D,-,D,D,0,NA,Y,NA,NA,Y,NA,A,01,0,1,0,0,0,1,0,0,0,-,-,33.75748062133789,-117.2238998413086,RIVERSIDE,PERRIS,-117.22364807128906,33.75750732421875
81401311,2021,2021-02-03,3300,2021-01-05,1750,4808,920A,2,5,4,3314,0,0,0,NA,0,070,SANDERSON AVE,RAMONA EXPY (W),0,N,N,A,-,N,NA,NA,NA,NA,NA,NA,NA,NA,NA,N,4,0,1,2,A,-,00,22107,V,N,B,C,A,A,H,-,C,D,0,NA,NA,NA,NA,Y,NA,-,35,0,0,1,0,0,0,0,0,0,-,-,33.82381057739258,-117.00692749023438,RIVERSIDE,SAN JACINTO,-117.00359344482422,33.82354736328125
8140563,2016,2016-10-07,3300,2016-09-21,0450,N2988,604C7,3,5,6,3394,0,0,0,NA,0,MV44,IRIS AV,TURNBERRY ST,24,E,N,A,-,N,NA,NA,NA,NA,NA,NA,NA,NA,NA,Y,4,0,1,1,A,-,03,22350,NA,N,E,J,A,A,H,-,C,D,0,NA,NA,NA,NA,Y,NA,A,01,0,0,1,0,0,0,0,0,0,-,-,33.89532,-117.18854,RIVERSIDE,MORENO VALLEY,-117.18826117,33.89533
8140579,2016,2016-10-07,3300,2016-09-21,1039,N2646,602A4,3,5,6,3394,0,0,0,NA,0,022,FREDERICK ST,EUCALYPTUS AV,0,NA,Y,A,-,N,NA,NA,NA,NA,NA,NA,NA,NA,NA,N,4,0,1,2,A,-,09,21453,C,N,D,C,A,A,H,-,A,A,0,NA,NA,NA,NA,Y,NA,A,01,0,0,1,0,0,0,0,0,0,-,-,33.93156,-117.26146,RIVERSIDE,MORENO VALLEY,-117.26141003,33.93150005
81408015,2021,2021-02-15,3300,2021-01-12,0901,3611,603 A,2,5,6,3394,0,0,0,NA,0,MV32,ALESSANDRO BLVD,FREDERICK ST,80,W,N,A,-,N,NA,NA,NA,NA,NA,NA,NA,NA,NA,N,4,0,1,2,A,-,03,22350,NA,N,C,C,A,A,H,-,A,A,0,NA,NA,NA,NA,Y,NA,D,22,0,0,1,0,0,0,0,0,0,-,-,33.9173698425293,-117.26114654541016,RIVERSIDE,MORENO VALLEY,-117.26139068603516,33.9171028137207
81408080,2021,2021-02-15,3349,2021-01-10,1042,384,NA,7,5,5,3341,0,0,0,NA,0,004,NEWPORT RD,HAUN RD,0,NA,Y,A,-,N,NA,NA,NA,NA,NA,NA,NA,NA,NA,Y,4,0,1,2,A,-,09,21453,C,N,D,D,A,A,H,-,A,A,0,NA,NA,NA,NA,Y,NA,A,01,0,0,1,0,0,0,0,0,0,-,-,NA,NA,RIVERSIDE,MENIFEE,-117.17567443847656,33.6849479675293
81408081,2021,2021-02-15,3349,2021-01-12,0900,327,NA,2,5,5,3341,0,0,0,NA,0,001,GARDEN GROVE DR,BROOKHILL CT,25,E,N,A,-,N,NA,NA,NA,NA,NA,NA,NA,NA,NA,Y,4,0,1,2,A,-,03,22350,NA,N,A,E,A,A,H,-,A,D,0,NA,NA,NA,NA,Y,NA,A,07,0,0,1,0,0,0,0,0,0,-,-,33.7032585144043,-117.14356994628906,RIVERSIDE,MENIFEE,-117.14344787597656,33.70326232910156
8140819,2016,2016-10-12,3300,2016-09-24,1345,N3642,012C,6,5,4,3344,0,0,0,NA,0,61C1,LIMONITE AV,SCHOLAR WY,54,W,N,A,-,N,NA,NA,NA,NA,NA,NA,NA,NA,NA,N,4,0,1,2,A,-,03,22350,NA,N,C,C,A,A,H,-,A,A,0,NA,NA,NA,NA,Y,NA,I,11,0,0,1,0,0,0,0,0,0,-,-,NA,NA,RIVERSIDE,EASTVALE,-117.56725763,33.9753
81409492,2021,2021-02-17,3300,2021-01-18,1550,3343,002V,1,5,6,3345,0,0,0,NA,0,026,60TH ST,DODD ST,0,NA,Y,A,-,N,NA,NA,NA,NA,NA,NA,NA,NA,NA,N,4,0,1,2,A,-,12,22450,A,M,D,C,A,A,H,-,A,A,0,NA,NA,NA,NA,Y,NA,-,99,0,0,1,0,0,0,0,0,0,-,-,33.97908020019531,-117.50920104980467,RIVERSIDE,JURUPA VALLEY,-117.50912475585938,33.979103088378906
81409548,2020,2021-02-17,3300,2020-05-27,2023,5689,601 B,3,5,6,3394,0,0,0,NA,0,MV12,HEACOCK ST,MANZANITA AVE,577,N,N,B,-,N,NA,NA,NA,NA,NA,NA,NA,NA,NA,Y,4,0,1,2,A,-,08,22100,B,N,D,C,A,A,H,-,C,A,0,NA,NA,NA,NA,Y,NA,A,01,0,0,1,0,0,0,0,0,0,-,-,33.9611701965332,-117.24342346191406,RIVERSIDE,MORENO VALLEY,-117.2439422607422,33.962730407714844
81409623,2021,2021-02-17,3300,2021-02-14,2102,4560,86A4,7,5,3,3305,0,0,0,NA,0,Y86,GRAPEFRUIT BL,54TH AV,10,N,N,A,-,N,NA,NA,NA,NA,NA,NA,NA,NA,NA,N,4,0,1,2,A,-,03,22350,NA,M,C,C,A,A,H,-,D,A,0,NA,NA,NA,NA,Y,NA,A,01,0,0,1,0,0,0,0,0,0,-,-,33.656700134277344,-116.15357208251952,RIVERSIDE,COACHELLA,-116.15364074707033,33.656681060791016
81409628,2021,2021-02-17,3349,2021-02-13,1124,331,NA,6,5,5,3341,0,0,0,NA,0,002,NEWPORT RD,ANTELOPE RD,300,W,N,A,-,N,NA,NA,NA,NA,NA,NA,NA,NA,NA,Y,4,0,1,2,A,-,01,23152,A,N,C,C,A,A,H,-,A,A,0,NA,NA,NA,NA,Y,Y,D,22,0,0,1,0,0,0,0,0,0,-,-,33.685218811035156,-117.1672134399414,RIVERSIDE,MENIFEE,-117.168212890625,33.684959411621094
8141040,2016,2016-10-11,3300,2016-09-15,1323,2403,920E,4,5,4,3314,0,0,0,NA,0,072,STATE ST,RAMONA EXPWY,0,NA,Y,A,-,N,NA,NA,NA,NA,NA,NA,NA,NA,NA,Y,4,0,1,3,A,-,12,21453,A,N,D,C,A,A,H,-,A,A,0,NA,NA,NA,NA,Y,NA,I,11,0,0,1,0,0,0,0,0,0,-,-,33.80174,-116.97207,RIVERSIDE,SAN JACINTO,-116.97206009,33.80182006
8141088,2016,2016-10-11,3300,2016-09-27,2330,3973,011A,2,5,4,3344,0,0,0,NA,0,060,HAMNER AV,MICRO DR,0,NA,Y,A,-,N,NA,NA,NA,NA,NA,NA,NA,NA,NA,N,4,0,1,2,A,-,03,22350,NA,N,C,C,A,A,D,-,C,A,0,NA,NA,NA,NA,Y,NA,A,01,0,0,1,0,0,0,0,0,0,-,-,NA,NA,RIVERSIDE,EASTVALE,-117.55834005,34.00622012
81411314,2021,2021-02-19,3300,2021-02-13,1605,N6611,602 D,6,5,6,3394,0,0,0,NA,0,MV26,ALESSANDRO BLVD,23880 ALESSANDRO BLVD.,12,S,N,A,-,N,NA,NA,NA,NA,NA,NA,NA,NA,NA,N,4,0,3,2,A,-,08,22100,A,N,D,C,A,A,H,-,A,D,0,NA,NA,NA,NA,Y,NA,A,01,0,0,3,0,0,0,0,0,0,-,-,33.91727828979492,-117.2480697631836,RIVERSIDE,MORENO VALLEY,NA,NA
8141197,2016,2016-10-12,3313,2016-09-08,1713,1499,C,4,5,7,3313,0,0,0,NA,0,T42,MAGNOLIA AV,MYERS ST,120,E,N,A,-,N,NA,NA,NA,NA,NA,NA,NA,NA,NA,Y,4,0,2,3,A,-,03,22350,NA,N,C,C,A,A,H,-,A,A,0,NA,NA,NA,NA,Y,NA,D,22,0,0,2,0,0,0,0,0,0,-,-,NA,NA,RIVERSIDE,RIVERSIDE,-117.4499037,33.9185147
81412014,2021,2021-02-22,3300,2021-02-17,0624,N6224,603 C,3,5,6,3394,0,0,0,NA,0,MV36,IRIS AVE,LASSELLE ST,0,NA,Y,A,-,N,NA,NA,NA,NA,NA,NA,NA,NA,NA,Y,4,0,2,2,A,-,12,21453,A,N,D,C,A,A,H,-,B,A,0,NA,NA,NA,NA,Y,NA,D,22,0,0,2,0,0,0,0,0,0,-,-,33.89094161987305,-117.2074737548828,RIVERSIDE,MORENO VALLEY,-117.20716857910156,33.891029357910156
81413161,2020,2021-02-23,3306,2020-12-21,1751,708,3306,1,5,3,3306,0,0,0,NA,0,NA,PALM DR,8TH ST,0,NA,Y,A,-,N,NA,NA,NA,NA,NA,NA,NA,NA,NA,N,4,0,1,2,A,-,12,22450,A,N,G,B,B,A,H,-,C,A,0,Y,NA,NA,NA,Y,Y,-,99,0,0,1,0,1,0,0,0,0,-,-,33.968711853027344,-116.50140380859376,RIVERSIDE,DESERT HOT SPRINGS,-116.50135040283205,33.968719482421875
81414827,2021,2021-02-25,3300,2021-01-05,1640,5524,NA,2,5,3,3343,0,0,0,NA,0,NA,PALOMAR ST,CATT RD,0,NA,Y,B,-,N,NA,NA,NA,NA,NA,NA,NA,NA,NA,N,3,0,1,1,A,-,17,21663,NA,N,E,I,A,A,H,-,A,A,0,NA,NA,NA,NA,Y,NA,A,01,0,1,0,0,0,0,0,0,0,-,-,33.59571075439453,-117.26126861572266,RIVERSIDE,WILDOMAR,-117.26091003417967,33.59553146362305
81414867,2021,2021-02-25,3300,2021-02-19,1800,4630,LA41,5,5,3,3392,0,0,0,NA,0,LA41,WASHINGTON ST,HWY 111,399,N,N,A,-,N,NA,NA,NA,NA,NA,NA,NA,NA,NA,N,4,0,1,3,A,-,07,21658,A,N,B,C,A,A,H,-,C,D,0,NA,NA,NA,NA,Y,Y,D,22,0,0,1,0,0,0,0,0,0,-,-,33.71514892578125,-116.29502868652344,RIVERSIDE,LA QUINTA,-116.29499053955078,33.716373443603516
81419401,2021,2021-03-03,3300,2021-02-14,0713,3611,602 D,7,5,6,3394,0,0,0,NA,0,MV26,COTTONWOOD AVE,INDIAN ST,0,NA,Y,A,-,N,NA,NA,NA,NA,NA,NA,NA,NA,NA,Y,4,0,1,2,A,-,12,21453,A,N,D,C,A,A,H,-,A,A,0,NA,NA,NA,NA,Y,NA,A,07,0,0,1,0,0,0,0,0,0,-,-,33.92462158203125,-117.23503112792967,RIVERSIDE,MORENO VALLEY,-117.23503112792967,33.924564361572266
81421026,2021,2021-03-05,3300,2021-02-23,0721,3394,910S,2,5,5,3335,0,0,0,NA,0,070,WOLF VALLEY RD,PECHANGA PKY,47,E,N,A,-,N,NA,NA,NA,NA,NA,NA,NA,NA,NA,Y,3,0,1,2,A,-,03,22350,NA,N,C,C,A,A,H,-,A,A,0,NA,NA,NA,NA,Y,Y,A,01,0,1,0,0,0,0,0,0,0,-,-,33.45970916748047,-117.10758972167967,RIVERSIDE,TEMECULA,-117.10758972167967,33.4597282409668
81429779,2021,2021-03-18,3315,2021-03-16,1815,002235,13D,2,5,6,3315,0,0,0,NA,0,003,CALIFORNIA AV,CHASE DR,0,NA,Y,A,-,N,NA,NA,NA,NA,NA,NA,NA,NA,NA,Y,4,0,1,1,A,-,03,22350,NA,N,H,I,A,A,H,-,A,A,0,NA,NA,Y,NA,Y,NA,C,02,0,0,1,0,0,0,0,0,1,-,-,33.83613967895508,-117.54241180419922,RIVERSIDE,CORONA,-117.54239654541016,33.83609390258789
81433825,2021,2021-03-24,3349,2021-02-14,1230,380,NA,7,5,5,3341,0,0,0,NA,0,003,MURRIETA RD,LA PIEDRA RD,26,S,N,A,-,N,NA,NA,NA,NA,NA,NA,NA,NA,NA,N,4,0,2,2,A,-,08,22107,NA,N,D,C,A,A,H,-,A,A,0,NA,NA,NA,NA,Y,NA,A,01,0,0,2,0,0,0,0,0,0,-,-,33.67797088623047,-117.20613098144533,RIVERSIDE,MENIFEE,-117.20611572265624,33.677799224853516
81433838,2021,2021-03-24,3315,2021-03-22,0950,004357,2B,1,5,6,3315,0,0,0,NA,0,002,MAIN ST,HARRISON ST,30,S,N,A,-,N,NA,NA,NA,NA,NA,NA,NA,NA,NA,Y,4,0,1,3,A,-,03,22350,NA,N,C,C,A,A,H,-,A,A,0,NA,NA,NA,NA,Y,NA,A,01,0,0,1,0,0,0,0,0,0,-,-,33.8832893371582,-117.56491088867188,RIVERSIDE,CORONA,-117.56510925292967,33.884239196777344
81434668,2021,2021-03-25,3311,2021-02-24,0337,15931,NA,3,5,4,3311,0,0,0,NA,0,002,ALEJO ROAD,HERMOSA DRIVE,0,NA,Y,A,-,N,NA,NA,NA,NA,NA,NA,NA,NA,NA,Y,3,0,1,2,A,-,08,22107,NA,N,C,E,A,A,H,-,C,D,0,NA,NA,NA,NA,Y,NA,A,07,0,1,0,0,0,0,0,0,0,-,-,33.83039093017578,-116.5324478149414,RIVERSIDE,PALM SPRINGS,-116.53257751464844,33.83030700683594
81437467,2021,2021-03-29,3300,2021-03-25,1409,4713,910C,4,5,5,3335,0,0,0,NA,0,063,BUTTERFIELD STAGE RD,CALLE CHAPOS,44,S,N,A,B,N,NA,NA,NA,NA,NA,NA,NA,NA,NA,N,4,0,1,2,A,-,03,22350,NA,N,C,C,A,A,H,-,A,A,0,NA,NA,NA,NA,Y,NA,A,07,0,0,1,0,0,0,0,0,0,-,-,33.54071044921875,-117.10108947753906,RIVERSIDE,TEMECULA,-117.10106658935548,33.540618896484375
81438838,2021,2021-03-30,3300,2021-03-24,0234,6009,905K,3,5,4,3307,0,0,0,NA,0,094,RIVERSIDE DR,SHRIER DR,50,W,N,A,-,N,NA,NA,74,NA,NA,NA,NA,NA,NA,N,4,0,1,1,A,-,08,22107,NA,N,F,A,A,A,H,-,C,D,0,NA,NA,NA,NA,Y,NA,A,07,0,0,1,0,0,0,0,0,0,-,-,33.687068939208984,-117.36390686035156,RIVERSIDE,LAKE ELSINORE,-117.36390686035156,33.68714904785156
81440466,2021,2021-04-01,3300,2021-03-28,2256,5199,905L,7,5,4,3307,0,0,0,NA,0,093,RIVERSIDE DR,LINCOLN ST,25,E,N,A,-,N,NA,NA,74,NA,NA,NA,NA,NA,NA,Y,3,0,1,1,A,-,03,22350,NA,N,E,I,A,A,H,-,C,A,0,NA,NA,NA,NA,Y,NA,A,01,0,1,0,0,0,0,0,0,0,-,-,33.67644119262695,-117.37396240234376,RIVERSIDE,LAKE ELSINORE,-117.37393951416016,33.67641830444336
81440595,2021,2021-04-01,3315,2021-03-29,2158,004247,3E,1,5,6,3315,0,0,0,NA,0,003,MAGNOLIA AV,KELLOGG AV,414,S,N,A,-,N,NA,NA,NA,NA,NA,NA,NA,NA,NA,Y,4,0,1,3,A,-,03,22350,NA,N,C,E,A,A,H,-,C,D,0,NA,NA,NA,NA,Y,NA,A,01,0,0,1,0,0,0,0,0,0,-,-,33.85805892944336,-117.55589294433594,RIVERSIDE,CORONA,-117.55712890625,33.85748291015625
81442314,2021,2021-04-05,3311,2021-03-04,1444,15919,NA,4,5,4,3311,0,0,0,NA,0,004,GENE AUTRY TRAIL,VIA ESCUELA,649,S,N,A,-,N,NA,NA,NA,NA,NA,NA,NA,NA,NA,Y,4,0,3,3,A,-,01,23153,A,N,C,C,A,A,H,-,A,D,0,NA,NA,NA,NA,Y,Y,A,01,0,0,3,0,0,0,0,0,0,-,-,33.848358154296875,-116.50579071044922,RIVERSIDE,PALM SPRINGS,-116.50568389892578,33.84674835205078
81443603,2021,2021-04-06,3300,2021-04-04,2151,5579,NA,7,5,6,3394,0,0,0,NA,0,NA,IRIS AVE,PERRIS BLVD,223,W,N,A,-,N,NA,NA,NA,NA,NA,NA,NA,NA,NA,N,4,0,1,2,-,-,-,NA,NA,N,C,C,A,A,H,-,C,A,0,NA,NA,NA,NA,Y,NA,-,-,0,0,1,0,0,0,0,0,0,-,-,33.88822937011719,-117.22657012939452,RIVERSIDE,MORENO VALLEY,-117.22703552246094,33.888397216796875
81446639,2021,2021-04-09,3300,2021-03-24,1510,5397,905M,3,5,4,3307,0,0,0,NA,0,091,I 15 SBOFF/R,RAILROAD CANYON,130,N,N,A,-,N,NA,NA,NA,NA,NA,NA,NA,NA,NA,N,4,0,1,2,A,-,03,22350,NA,M,C,C,A,A,H,-,A,D,0,NA,NA,NA,NA,Y,Y,A,01,0,0,1,0,0,0,0,0,0,-,-,NA,NA,RIVERSIDE,LAKE ELSINORE,NA,NA
81446641,2021,2021-04-09,3300,2021-03-28,0137,6009,905L,7,5,4,3307,0,0,0,NA,0,093,WOODCREST DR,MACHADO ST,446,E,N,A,-,N,NA,NA,NA,NA,NA,NA,NA,NA,NA,N,3,0,1,2,A,-,08,22107,NA,N,A,E,A,A,H,-,C,D,0,NA,NA,NA,Y,Y,NA,A,01,0,1,0,0,0,0,0,0,0,-,-,33.68833923339844,-117.37558746337892,RIVERSIDE,LAKE ELSINORE,-117.37498474121094,33.68551254272461
81446785,2021,2021-04-09,3315,2021-04-06,1157,002504,3A,2,5,6,3315,0,0,0,NA,0,002,MAIN ST,ELEVENTH ST,0,NA,Y,A,-,N,NA,NA,NA,NA,NA,NA,NA,NA,NA,Y,4,0,1,2,A,-,04,21703,NA,N,C,C,A,A,H,-,A,D,0,NA,NA,NA,NA,Y,NA,A,01,0,0,1,0,0,0,0,0,0,-,-,33.86927032470703,-117.56729888916016,RIVERSIDE,CORONA,-117.56719970703124,33.87021255493164
81448845,2021,2021-04-13,3300,2021-03-07,1530,3343,002C,7,5,6,3345,0,0,0,NA,0,020,MISSION BL,PEDLEY RD,0,NA,Y,A,-,N,NA,NA,NA,NA,NA,NA,NA,NA,NA,Y,4,0,1,2,A,-,09,21800,D,N,A,C,A,A,H,-,A,B,0,NA,NA,NA,NA,Y,NA,D,22,0,0,1,0,0,0,0,0,0,-,-,34.01192092895508,-117.47545623779295,RIVERSIDE,JURUPA VALLEY,-117.47544097900392,34.01179122924805
81452634,2021,2021-04-19,3315,2021-04-15,2203,004204,NA,4,5,6,3315,0,0,0,NA,0,NA,MAGNOLIA AV,15 SB ON RAMP,0,NA,Y,A,-,N,NA,NA,NA,NA,NA,NA,NA,NA,NA,N,4,0,2,2,A,-,12,21453,A,N,D,C,A,A,H,-,C,A,0,NA,NA,NA,NA,Y,NA,A,01,0,0,2,0,0,0,0,0,0,-,-,33.864261627197266,-117.54297637939452,RIVERSIDE,CORONA,-117.54234313964844,33.86566925048828
81456674,2021,2021-04-23,3300,2021-04-06,0725,4449,002P,2,5,6,3345,0,0,0,NA,0,024,VAN BUREN BL,JURUPA RD,951,N,N,A,-,N,NA,NA,NA,NA,NA,NA,NA,NA,NA,N,4,0,1,1,A,-,03,22350,NA,N,E,I,A,A,H,-,A,D,0,NA,NA,NA,NA,Y,NA,A,01,0,0,1,0,0,0,0,0,0,-,-,33.997169494628906,-117.48551940917967,RIVERSIDE,JURUPA VALLEY,-117.48782348632813,33.99877166748047
81456685,2021,2021-04-23,3300,2021-04-03,1050,N4225,905C,6,5,4,3307,0,0,0,NA,0,090,RAILROAD CANYON RD,SUMMERHILL DR,1370,E,N,A,-,N,NA,NA,NA,NA,NA,NA,NA,NA,NA,Y,4,0,4,2,A,-,03,22350,NA,N,C,C,A,A,H,-,A,D,0,NA,NA,NA,NA,Y,NA,E,22,0,0,4,0,0,0,0,0,0,-,-,33.66347122192383,-117.29770660400392,RIVERSIDE,LAKE ELSINORE,-117.29381561279295,33.663448333740234
81456732,2021,2021-04-23,3300,2021-04-09,2035,4339,603 B,5,5,6,3394,0,0,0,NA,0,MV34,PERRIS BLVD,GROVE VIEW RD,695,S,N,A,-,N,NA,NA,NA,NA,NA,NA,NA,NA,NA,Y,3,0,1,2,A,-,01,23152,A,N,C,C,A,A,H,-,C,D,0,NA,NA,NA,NA,Y,Y,A,01,0,1,0,0,0,0,0,0,0,-,-,33.8627815246582,-117.2260284423828,RIVERSIDE,MORENO VALLEY,-117.22616577148438,33.86078643798828
81456832,2021,2021-04-23,3300,2021-02-17,0910,N3672,420,3,5,2,3336,0,0,0,NA,0,020,COUNTY LINE RD,CALIMESA BLVD,375,W,N,A,-,N,NA,NA,NA,NA,NA,NA,NA,NA,NA,Y,3,0,2,2,A,-,08,22107,NA,N,D,C,A,A,H,-,A,A,0,NA,NA,NA,NA,Y,NA,A,01,0,1,1,0,0,0,0,0,0,-,-,34.00397872924805,-117.0622100830078,RIVERSIDE,CALIMESA,-117.06348419189452,34.003944396972656
8145696,2016,2016-10-18,3315,2016-10-04,1636,002661,3E,2,5,6,3315,0,0,0,NA,0,002,RIMPAU AV,MAGNOLIA AV,33,N,N,A,-,N,NA,NA,NA,NA,NA,NA,NA,NA,NA,N,4,0,1,2,A,-,12,21453,A,F,D,G,A,A,H,-,A,A,0,NA,Y,NA,NA,Y,NA,L,04,0,0,1,0,0,0,1,0,0,-,-,33.86446,-117.54458,RIVERSIDE,CORONA,-117.54474902,33.86460974
81459861,2021,2021-04-28,3300,2021-04-25,1413,5228,910C,7,5,5,3335,0,0,0,NA,0,062,LA SERENA WY,TEMEKU DR,700,E,N,A,-,N,NA,NA,NA,NA,NA,NA,NA,NA,NA,Y,3,0,1,1,C,-,18,NA,NA,N,E,I,A,A,H,-,A,D,0,NA,NA,NA,NA,Y,NA,-,-,0,1,0,0,0,0,0,0,0,-,-,33.52170181274414,-117.11760711669922,RIVERSIDE,TEMECULA,-117.11573791503906,33.522605895996094
8146029,2016,2016-10-17,3300,2016-09-01,1755,4773,905H,4,5,4,3307,0,0,0,NA,0,092,GRAHAM AV,LINDSAY ST,136,E,N,A,-,N,NA,NA,NA,NA,NA,NA,NA,NA,NA,N,3,0,1,2,A,-,08,22107,NA,N,D,C,A,A,H,-,A,A,0,NA,NA,NA,NA,Y,NA,A,01,0,1,0,0,0,0,0,0,0,-,-,33.66962,-117.33379,RIVERSIDE,LAKE ELSINORE,-117.33329633,33.66960446
8146223,2016,2016-10-17,3300,2016-10-06,0700,4614,803A,4,5,3,3343,0,0,0,NA,0,083,BAXTER RD,POLE RD,15,W,N,A,-,N,NA,NA,NA,NA,NA,NA,NA,NA,NA,N,3,0,1,2,A,-,03,22350,NA,N,C,C,A,A,H,-,A,D,0,NA,NA,NA,NA,Y,NA,A,07,0,1,0,0,0,0,0,0,0,-,-,NA,NA,RIVERSIDE,WILDOMAR,NA,NA
81466628,2021,2021-05-06,3300,2021-04-02,0158,4173,NA,5,5,6,3394,0,0,0,NA,0,NA,PERRIS BLVD,RIVARD RD,35,N,N,A,-,N,NA,NA,NA,NA,NA,NA,NA,NA,NA,Y,2,0,1,1,A,-,03,22350,NA,N,E,I,A,A,H,-,C,A,0,NA,NA,NA,NA,Y,Y,D,22,1,0,0,0,0,0,0,0,0,-,-,NA,NA,RIVERSIDE,MORENO VALLEY,-117.22613525390624,33.87279510498047