CASE_ID,ACCIDENT_YEAR,PROC_DATE,JURIS,COLLISION_DATE,COLLISION_TIME,OFFICER_ID,REPORTING_DISTRICT,DAY_OF_WEEK,CHP_SHIFT,POPULATION,CNTY_CITY_LOC,SPECIAL_COND,BEAT_TYPE,CHP_BEAT_TYPE,CITY_DIVISION_LAPD,CHP_BEAT_CLASS,BEAT_NUMBER,PRIMARY_RD,SECONDARY_RD,DISTANCE,DIRECTION,INTERSECTION,WEATHER_1,WEATHER_2,STATE_HWY_IND,CALTRANS_COUNTY,CALTRANS_DISTRICT,STATE_ROUTE,ROUTE_SUFFIX,POSTMILE_PREFIX,POSTMILE,LOCATION_TYPE,RAMP_INTERSECTION,SIDE_OF_HWY,TOW_AWAY,COLLISION_SEVERITY,NUMBER_KILLED,NUMBER_INJURED,PARTY_COUNT,PRIMARY_COLL_FACTOR,PCF_CODE_OF_VIOL,PCF_VIOL_CATEGORY,PCF_VIOLATION,PCF_VIOL_SUBSECTION,HIT_AND_RUN,TYPE_OF_COLLISION,MVIW,PED_ACTION,ROAD_SURFACE,ROAD_COND_1,ROAD_COND_2,LIGHTING,CONTROL_DEVICE,CHP_ROAD_TYPE,PEDESTRIAN_ACCIDENT,BICYCLE_ACCIDENT,MOTORCYCLE_ACCIDENT,TRUCK_ACCIDENT,NOT_PRIVATE_PROPERTY,ALCOHOL_INVOLVED,STWD_VEHTYPE_AT_FAULT,CHP_VEHTYPE_AT_FAULT,COUNT_SEVERE_INJ,COUNT_VISIBLE_INJ,COUNT_COMPLAINT_PAIN,COUNT_PED_KILLED,COUNT_PED_INJURED,COUNT_BICYCLIST_KILLED,COUNT_BICYCLIST_INJURED,COUNT_MC_KILLED,COUNT_MC_INJURED,PRIMARY_RAMP,SECONDARY_RAMP,LATITUDE,LONGITUDE,COUNTY,CITY,POINT_X,POINT_Y
81710213,2022,2022-02-28,3300,2022-02-23,1522,3491,910O,3,5,5,3335,0,0,0,NA,0,TE-93,MEADOWS PKY,DE PORTOLA RD,218,N,N,B,C,N,NA,NA,NA,NA,NA,NA,NA,NA,NA,Y,3,0,1,2,A,-,01,23152,B,N,C,C,A,B,H,-,A,A,0,NA,NA,NA,NA,Y,Y,A,01,0,1,0,0,0,0,0,0,0,-,-,33.487850189208984,-117.0954818725586,RIVERSIDE,TEMECULA,-117.09535217285156,33.488243103027344
81711814,2022,2022-03-01,3349,2022-01-03,1609,412,NA,1,5,5,3341,0,0,0,NA,0,004,BRADLEY RD,POTOMAC DR,350,S,N,A,-,N,NA,NA,NA,NA,NA,NA,NA,NA,NA,Y,3,0,2,1,A,-,04,21703,NA,N,H,A,A,A,H,-,A,A,0,NA,NA,NA,NA,Y,NA,A,01,0,1,1,0,0,0,0,0,0,-,-,33.69340133666992,-117.18855285644533,RIVERSIDE,MENIFEE,-117.18860626220705,33.69245147705078
81711817,2022,2022-03-01,3349,2022-01-19,1442,351,NA,3,5,5,3341,0,0,0,NA,0,002,ANTELOPE RD,HOLLAND RD,0,NA,Y,A,-,N,NA,NA,NA,NA,NA,NA,NA,NA,NA,Y,3,0,1,2,A,-,03,22350,NA,N,C,C,A,A,H,-,A,A,0,NA,NA,NA,NA,Y,NA,A,07,0,1,0,0,0,0,0,0,0,-,-,NA,NA,RIVERSIDE,MENIFEE,-117.1703872680664,33.67037582397461
8171221,2016,2016-11-22,3300,2016-10-19,2132,2917,32B2,3,5,4,3318,0,0,0,NA,0,T32,SHADOW MOUNTAIN DR,SAN LUIS REY AV,86,E,N,A,-,N,NA,NA,NA,NA,NA,NA,NA,NA,NA,N,3,0,1,2,A,-,08,22107,NA,N,A,E,A,A,H,-,C,D,0,NA,NA,NA,NA,Y,NA,A,01,0,1,0,0,0,0,0,0,0,-,-,33.71793,-116.37897,RIVERSIDE,PALM DESERT,-116.3786884,33.71788108
81712665,2021,2022-03-02,3300,2021-12-23,1228,4468,905I,4,5,4,3307,0,0,0,NA,0,095,CENTRAL AVE,COLLIER AVE,0,NA,Y,B,C,N,NA,NA,NA,NA,NA,NA,NA,NA,NA,N,4,0,1,2,A,-,09,21453,B,F,G,B,B,B,H,-,A,A,0,Y,NA,NA,NA,Y,NA,D,22,0,0,1,0,1,0,0,0,0,-,-,33.689979553222656,-117.33985900878906,RIVERSIDE,LAKE ELSINORE,-117.33985900878906,33.689998626708984
81712740,2022,2022-03-02,3300,2022-02-21,0813,4252,601 G,1,5,6,3394,0,0,0,NA,0,MV18,THEODORE ST,SH-60 E/B ON/OFF RAMP (S),0,NA,Y,A,-,N,NA,NA,NA,NA,NA,NA,NA,NA,NA,Y,4,0,1,2,A,-,03,22350,NA,N,C,C,A,A,H,-,A,A,0,NA,NA,NA,NA,Y,NA,A,07,0,0,1,0,0,0,0,0,0,-,-,33.93645095825195,-117.13909912109376,RIVERSIDE,MORENO VALLEY,NA,NA
81712767,2022,2022-03-02,3311,2022-01-29,1103,16289,NA,6,5,4,3311,0,0,0,NA,0,003,AMADO ROAD,HERMOSA DRIVE,385,E,N,B,-,N,NA,NA,NA,NA,NA,NA,NA,NA,NA,Y,4,0,1,2,A,-,08,22107,NA,N,C,E,A,A,H,-,A,D,0,NA,NA,NA,NA,Y,NA,A,01,0,0,1,0,0,0,0,0,0,-,-,33.826820373535156,-116.53256988525392,RIVERSIDE,PALM SPRINGS,-116.53131866455078,33.826744079589844
81713981,2022,2022-03-03,3349,2022-01-12,0902,366,NA,3,5,5,3341,0,0,0,NA,0,004,CABRILLO DR,CALLE TOMAS,20,W,N,A,-,N,NA,NA,NA,NA,NA,NA,NA,NA,NA,N,4,0,1,2,A,-,08,22107,NA,N,A,C,A,A,H,-,A,A,0,NA,NA,NA,Y,Y,NA,F,26,0,0,1,0,0,0,0,0,0,-,-,33.68553161621094,-117.1832275390625,RIVERSIDE,MENIFEE,-117.18327331542967,33.6855583190918
81714872,2022,2022-03-04,3300,2022-02-26,1243,N6224,602 E,6,5,6,3394,0,0,0,NA,0,MV28,SUNNYMEAD BLVD,SH-60 E/B OFFRAMP (E),166,W,N,A,-,N,NA,NA,NA,NA,NA,NA,NA,NA,NA,N,4,0,1,2,A,-,03,22350,NA,N,C,C,A,A,H,-,A,A,0,NA,NA,NA,NA,Y,NA,A,01,0,0,1,0,0,0,0,0,0,-,-,33.93907165527344,-117.22872924804688,RIVERSIDE,MORENO VALLEY,NA,NA
81714874,2022,2022-03-04,3300,2022-03-01,1525,3775,601 B,2,5,6,3394,0,0,0,NA,0,MV12,RECHE VISTA DR,COUNTRY RD,388,S,N,A,-,N,NA,NA,NA,NA,NA,NA,NA,NA,NA,N,3,0,1,2,A,-,08,22107,NA,N,A,C,A,A,H,-,A,D,0,NA,NA,NA,NA,Y,NA,A,01,0,1,0,0,0,0,0,0,0,-,-,33.98263931274414,-117.23204803466795,RIVERSIDE,MORENO VALLEY,-117.23234558105467,33.98162078857422
81715837,2022,2022-03-07,3300,2022-02-25,1814,5680,602 A,5,5,6,3394,0,0,0,NA,0,MV22,ALESSANDRO BLVD,DAY ST,22,W,N,A,-,N,NA,NA,NA,NA,NA,NA,NA,NA,NA,Y,4,0,1,2,A,-,03,22350,NA,N,C,C,A,A,H,-,C,A,0,NA,NA,NA,NA,Y,NA,A,01,0,0,1,0,0,0,0,0,0,-,-,33.91691970825195,-117.27881622314452,RIVERSIDE,MORENO VALLEY,-117.27886962890624,33.916927337646484
81716152,2022,2022-03-07,3306,2022-01-12,0932,807,3306,3,5,3,3306,0,0,0,NA,0,NA,PALM DR,HACIENDA AVE,686,S,N,A,-,N,NA,NA,NA,NA,NA,NA,NA,NA,NA,N,3,0,1,2,A,-,03,22350,NA,F,C,C,A,A,H,-,A,D,0,NA,NA,NA,NA,Y,NA,A,07,0,1,0,0,0,0,0,0,0,-,-,33.954158782958984,-116.50132751464844,RIVERSIDE,DESERT HOT SPRINGS,-116.50131225585938,33.952274322509766
81717148,2022,2022-03-08,3300,2022-03-05,1333,4713,910E,6,5,5,3335,0,0,0,NA,0,061,WINCHESTER RD,RT 15 NB ONRAMP (E),98,E,N,A,B,N,NA,NA,NA,NA,NA,NA,NA,NA,NA,N,4,0,1,2,A,-,03,22350,NA,N,C,C,A,A,H,-,A,A,0,NA,NA,NA,NA,Y,NA,A,01,0,0,1,0,0,0,0,0,0,-,-,33.52317810058594,-117.1619873046875,RIVERSIDE,TEMECULA,-117.1182861328125,33.5982551574707
81717195,2022,2022-03-08,3308,2022-02-12,1215,10620,518,6,5,5,3308,0,0,0,NA,0,NORTH,PARK AVE,CORNELL ST,14,E,N,A,-,N,NA,NA,NA,NA,NA,NA,NA,NA,NA,Y,4,0,3,2,A,-,03,22350,NA,N,C,C,A,A,H,-,A,D,0,NA,NA,NA,NA,Y,NA,A,01,0,0,3,0,0,0,0,0,0,-,-,33.74951171875,-116.93775939941406,RIVERSIDE,HEMET,-116.94123077392578,33.75171661376953
81717349,2022,2022-03-08,3349,2022-01-11,1258,321,NA,2,5,5,3341,0,0,0,NA,0,001,QUAIL PL,CYPRESS PL,0,NA,Y,A,-,N,NA,NA,NA,NA,NA,NA,NA,NA,NA,N,3,0,2,2,A,-,12,22450,A,N,D,C,A,A,H,-,A,A,0,NA,NA,Y,NA,Y,NA,A,07,0,1,1,0,0,0,0,0,1,-,-,33.702308654785156,-117.24295043945313,RIVERSIDE,MENIFEE,-117.24279022216795,33.702003479003906
81719216,2022,2022-03-10,3300,2022-02-23,1038,5228,910H,3,5,5,3335,0,0,0,NA,0,063,30530 RANCHO CALIFORNIA RD,YUKON ROAD,0,NA,N,A,-,N,NA,NA,NA,NA,NA,NA,NA,NA,NA,N,4,0,1,3,B,-,22,NA,NA,M,D,C,A,A,H,-,A,D,0,NA,NA,NA,NA,Y,NA,A,01,0,0,1,0,0,0,0,0,0,-,-,NA,NA,RIVERSIDE,TEMECULA,-117.12841796875,33.5086555480957
81720219,2022,2022-03-11,3300,2022-03-09,0722,3290,916A,3,5,4,3312,0,0,0,NA,0,032,WILSON AV,LISBON ST,150,N,N,A,-,N,NA,NA,NA,NA,NA,NA,NA,NA,NA,N,4,0,1,2,A,-,08,22107,NA,N,B,G,A,A,H,-,A,A,0,NA,Y,NA,NA,Y,NA,L,04,0,0,1,0,0,0,1,0,0,-,-,33.821231842041016,-117.21292114257813,RIVERSIDE,PERRIS,-117.21299743652344,33.82149124145508
81720357,2022,2022-03-11,3300,2022-03-09,1115,N1673,30C1,3,5,4,3318,0,0,0,NA,0,T30,HWY 111,PLAZA WAY,375,E,N,A,-,N,NA,NA,NA,NA,NA,NA,NA,NA,NA,N,3,0,1,2,A,-,04,21703,NA,N,C,C,A,A,H,-,A,A,0,NA,NA,NA,NA,Y,NA,A,01,0,1,0,0,0,0,0,0,0,-,-,33.721439361572266,-116.39437103271484,RIVERSIDE,PALM DESERT,-116.39316558837892,33.72158432006836
81720370,2022,2022-03-11,3311,2022-02-17,1844,16034,NA,4,5,4,3311,0,0,0,NA,0,003,RAMON ROAD,GRENFALL ROAD,117,W,N,A,-,N,NA,NA,NA,NA,NA,NA,NA,NA,NA,Y,2,0,1,3,A,-,09,21804,A,N,D,C,A,A,H,-,C,A,0,NA,NA,Y,NA,Y,NA,A,01,1,0,0,0,0,0,0,0,1,-,-,33.81599044799805,-116.53530883789063,RIVERSIDE,PALM SPRINGS,-116.53564453125,33.81589889526367
8172075,2016,2017-03-01,3315,2016-11-09,0836,001874,3E,3,5,6,3315,0,0,0,NA,0,002,ONTARIO AV,RT 15,200,E,N,A,-,N,NA,NA,NA,NA,NA,NA,NA,NA,NA,N,4,0,1,2,A,-,09,21801,A,N,D,C,A,A,H,-,A,D,0,NA,NA,NA,NA,Y,NA,D,22,0,0,1,0,0,0,0,0,0,-,-,NA,NA,RIVERSIDE,CORONA,-117.53464372,33.84363201
81721256,2022,2022-03-14,3311,2022-02-23,2009,15842,NA,3,5,4,3311,0,0,0,NA,0,004,SUNRISE WAY,ALEJO ROAD,0,NA,Y,A,-,N,NA,NA,NA,NA,NA,NA,NA,NA,NA,Y,3,0,3,2,A,-,09,21801,A,N,D,C,A,A,H,-,C,A,0,NA,NA,NA,NA,Y,Y,A,01,0,2,1,0,0,0,0,0,0,-,-,33.830440521240234,-116.52818298339844,RIVERSIDE,PALM SPRINGS,-116.52822875976563,33.83031463623047
8172148,2016,2016-11-29,3300,2016-11-05,1713,4713,910Q,6,5,5,3335,0,0,0,NA,0,069,PECHANGA PKWY,PECHANGA RESORT DR,251,S,N,A,-,N,NA,NA,NA,NA,NA,NA,NA,NA,NA,N,4,0,1,2,A,-,03,22350,NA,N,C,C,A,A,H,-,A,D,0,NA,NA,NA,NA,Y,NA,A,01,0,0,1,0,0,0,0,0,0,-,-,NA,NA,RIVERSIDE,TEMECULA,-117.10130938,33.45457298
81721550,2022,2022-03-14,3300,2022-03-11,1535,N6426,910F,5,5,5,3335,0,0,0,NA,0,062,YNEZ RD,PALM PLAZA,0,NA,Y,A,-,N,NA,NA,NA,NA,NA,NA,NA,NA,NA,Y,4,0,1,2,A,-,12,21453,A,N,D,C,A,A,H,-,A,A,0,NA,NA,NA,NA,Y,NA,D,22,0,0,1,0,0,0,0,0,0,-,-,33.52170944213867,-117.15701293945313,RIVERSIDE,TEMECULA,-117.15850830078124,33.52295684814453
8172166,2016,2016-11-23,3315,2016-11-09,0740,0775,14C,3,5,6,3315,0,0,0,NA,0,004,MOUNTAIN GATE DR,SAINT JAMES  DR,0,NA,Y,A,-,N,NA,NA,NA,NA,NA,NA,NA,NA,NA,Y,3,0,2,2,A,-,09,21801,A,N,D,C,A,A,H,-,A,D,0,NA,NA,NA,NA,Y,NA,A,01,0,1,1,0,0,0,0,0,0,-,-,NA,NA,RIVERSIDE,CORONA,-117.58370007,33.83919003
8172217,2016,2016-11-28,3311,2016-11-05,1648,16018,NA,6,5,4,3311,0,0,0,NA,0,003,SUNRISE WY,BARISTO RD,0,NA,Y,A,-,N,NA,NA,NA,NA,NA,NA,NA,NA,NA,Y,3,0,1,2,A,-,09,21801,A,N,D,I,A,A,H,-,B,A,0,NA,NA,NA,NA,Y,NA,A,01,0,1,0,0,0,0,0,0,0,-,-,33.81951,-116.52843,RIVERSIDE,PALM SPRINGS,-116.5282301,33.81949003
81722610,2022,2022-03-15,3300,2022-03-08,1530,3455,87E1,2,5,4,3318,0,0,0,NA,0,NA,HWY 111,INDIAN WELLS LN,41,W,N,A,-,N,NA,NA,NA,NA,NA,NA,NA,NA,NA,Y,4,0,3,2,A,-,03,22350,NA,N,C,C,A,A,H,-,A,A,0,NA,NA,NA,NA,Y,NA,A,01,0,0,3,0,0,0,0,0,0,-,-,33.72140884399414,-116.33026885986328,RIVERSIDE,PALM DESERT,-116.33019256591795,33.721580505371094
81723624,2022,2022-03-16,3300,2022-02-23,0755,N3642,012,3,5,4,3344,0,0,0,NA,0,065,CITRUS ST,CARROLLTON PL,0,NA,Y,A,-,N,NA,NA,NA,NA,NA,NA,NA,NA,NA,Y,4,0,2,2,A,-,09,21804,A,N,D,C,A,A,H,-,A,A,0,NA,NA,NA,NA,Y,NA,A,01,0,0,2,0,0,0,0,0,0,-,-,33.95174026489258,-117.56227111816406,RIVERSIDE,EASTVALE,-117.56215667724608,33.95181655883789
81723653,2022,2022-03-16,3300,2022-02-22,1544,4867,602 D,2,5,6,3394,0,0,0,NA,0,MV26,INDIAN ST,FIR AVE,0,NA,Y,B,C,N,NA,NA,NA,NA,NA,NA,NA,NA,NA,Y,4,0,2,2,A,-,01,23152,A,N,D,C,A,B,H,-,A,A,0,NA,NA,NA,NA,Y,Y,A,07,0,0,2,0,0,0,0,0,0,-,-,33.935420989990234,-117.23500061035156,RIVERSIDE,MORENO VALLEY,-117.23509216308594,33.9354362487793
81726200,2022,2022-03-18,3300,2022-03-05,0940,3613,916B,6,5,4,3312,0,0,0,NA,0,032,PERRIS BL,NUEVO RD,265,S,N,A,-,N,NA,NA,NA,NA,NA,NA,NA,NA,NA,Y,4,0,1,2,A,-,09,21804,A,N,D,C,A,A,H,-,A,A,0,NA,NA,NA,NA,Y,NA,A,08,0,0,1,0,0,0,0,0,0,-,-,33.8011589050293,-117.22621917724608,RIVERSIDE,PERRIS,-117.22612762451172,33.80036544799805
81726333,2021,2022-03-18,3300,2021-10-22,1950,4300,920H,5,5,4,3314,0,0,0,NA,0,074,SAN JACINTO AVE,MIDWAY ST,0,NA,N,A,-,N,NA,NA,NA,NA,NA,NA,NA,NA,NA,Y,1,1,0,2,A,-,11,21954,A,F,G,B,D,A,H,-,D,D,0,Y,NA,NA,NA,Y,NA,N,60,0,0,0,1,0,0,0,0,0,-,-,33.76393127441406,-116.95874786376952,RIVERSIDE,SAN JACINTO,-116.9587631225586,33.763912200927734
8172684,2016,2017-01-12,3313,2016-10-06,1056,1575,E,4,5,7,3313,0,0,0,NA,0,M12,VAN BUREN BL,WOOD RD,0,NA,Y,A,-,N,NA,NA,NA,NA,NA,NA,NA,NA,NA,N,4,0,1,2,C,-,18,NA,NA,N,B,C,A,A,H,-,A,A,0,NA,NA,NA,NA,Y,NA,-,-,0,0,1,0,0,0,0,0,0,-,-,33.88715,-117.33126,RIVERSIDE,RIVERSIDE,-117.3313701,33.88715004
81727166,2022,2022-03-21,3300,2022-03-10,1849,N6799,20A3,4,5,4,3318,0,0,0,NA,0,020,HWY 111,THUNDERBIRD RD,0,NA,Y,A,-,N,NA,NA,NA,NA,NA,NA,NA,NA,NA,N,4,0,1,2,A,-,12,21453,A,N,D,C,A,A,H,-,C,A,0,NA,NA,NA,NA,Y,NA,-,-,0,0,1,0,0,0,0,0,0,-,-,33.75421905517578,-116.43125915527344,RIVERSIDE,PALM DESERT,-116.43138122558594,33.75423049926758
81727184,2022,2022-03-21,3308,2022-02-08,1752,10686,507,2,5,5,3308,0,0,0,NA,0,NORTH,BUENA VISTA ST,MENLO AVE,187,S,N,A,-,N,NA,NA,NA,NA,NA,NA,NA,NA,NA,N,3,0,1,2,A,-,11,21954,A,N,G,B,E,A,H,-,D,D,0,Y,NA,NA,NA,Y,NA,N,60,0,1,0,0,1,0,0,0,0,-,-,NA,NA,RIVERSIDE,HEMET,-116.96742248535156,33.75792694091797
81728548,2022,2022-03-22,3308,2022-02-12,1944,10801,295,6,5,5,3308,0,0,0,NA,0,NORTH,KIRBY ST,EATON AVE,0,NA,Y,A,-,N,NA,NA,NA,NA,NA,NA,NA,NA,NA,Y,4,0,1,2,A,-,09,21802,A,N,D,C,A,A,H,-,D,D,0,NA,NA,NA,NA,Y,NA,A,07,0,0,1,0,0,0,0,0,0,-,-,33.76361846923828,-116.99433135986328,RIVERSIDE,HEMET,-116.99794769287108,33.76555252075195
81728554,2022,2022-03-22,3308,2022-02-16,0006,10108,527,3,5,5,3308,0,0,0,NA,0,SOUTH,FLORIDA AVE,SAN JACINTO ST,581,E,N,A,-,Y,NA,NA,NA,NA,NA,NA,NA,NA,NA,N,4,0,1,2,A,-,11,21954,A,F,G,B,D,A,H,-,C,D,0,Y,NA,NA,NA,Y,NA,N,60,0,0,1,0,1,0,0,0,0,-,-,33.74544143676758,-116.95523071289063,RIVERSIDE,HEMET,-116.95675659179688,33.74766159057617
81730406,2022,2022-03-24,3300,2022-03-16,0052,4050,603C5,3,5,6,3394,0,0,0,NA,0,MV36,LASSELLE ST,LA BARCA RD,20,S,N,A,-,N,NA,NA,NA,NA,NA,NA,NA,NA,NA,Y,4,0,1,1,A,-,08,22107,NA,N,E,I,A,A,H,-,C,D,0,NA,NA,Y,NA,Y,NA,C,02,0,0,1,0,0,0,0,0,1,-,-,33.89435958862305,-117.20913696289063,RIVERSIDE,MORENO VALLEY,-117.20880889892578,33.89434814453125
81733381,2022,2022-03-25,3300,2022-03-20,1925,4287,22G4,7,5,4,3318,0,0,0,NA,0,022,COUNTRY CLUB DR,MORNINGSIDE DR,25,W,N,A,-,N,NA,NA,NA,NA,NA,NA,NA,NA,NA,Y,3,0,1,2,A,-,03,22350,NA,N,C,C,A,A,H,-,C,D,0,NA,NA,NA,NA,Y,NA,A,01,0,1,0,0,0,0,0,0,0,-,-,33.75783157348633,-116.42566680908205,RIVERSIDE,PALM DESERT,-116.42568969726563,33.757850646972656
81734188,2022,2022-03-28,3311,2022-02-25,2243,16223,NA,5,5,4,3311,0,0,0,NA,0,NA,SAN RAFAEL DRIVE,LOS FELICES CIR,197,E,N,A,-,N,NA,NA,NA,NA,NA,NA,NA,NA,NA,Y,3,0,1,1,A,-,03,22350,NA,N,E,J,A,A,H,-,C,D,0,NA,NA,Y,NA,Y,NA,C,02,0,1,0,0,0,0,0,0,1,-,-,NA,NA,RIVERSIDE,PALM SPRINGS,-116.55528259277344,33.859527587890625
81734332,2022,2022-03-28,3308,2022-02-23,0419,10644,547,3,5,5,3308,0,0,0,NA,0,SOUTH,STATE ST,THORNTON AVE,20,N,N,A,-,N,NA,NA,NA,NA,NA,NA,NA,NA,NA,Y,4,0,1,1,A,-,08,22107,NA,N,E,I,A,A,H,-,C,A,0,NA,NA,NA,NA,Y,NA,A,01,0,0,1,0,0,0,0,0,0,-,-,33.725730895996094,-116.97158813476563,RIVERSIDE,HEMET,-116.97152709960938,33.72580337524414
81734521,2022,2022-03-28,3300,2022-03-26,1334,4713,910J,6,5,5,3335,0,0,0,NA,0,068,OLD TOWN FRONT ST,WESTERN BYPASS,1223,N,N,A,-,N,NA,NA,NA,NA,NA,NA,NA,NA,NA,Y,4,0,3,2,A,-,07,21658,A,N,B,C,A,A,H,-,A,D,0,NA,NA,NA,NA,Y,NA,A,07,0,0,3,0,0,0,0,0,0,-,-,33.481590270996094,-117.1427764892578,RIVERSIDE,TEMECULA,-117.14385223388672,33.48466110229492
81734583,2022,2022-03-28,3300,2022-03-12,0611,3208,LA41,6,5,3,3392,0,0,0,NA,0,LA41,HWY 111,COSTCO DR,0,NA,Y,A,-,N,NA,NA,NA,NA,NA,NA,NA,NA,NA,Y,4,0,3,2,A,-,12,21453,A,N,D,C,A,A,H,-,A,A,0,NA,NA,NA,NA,Y,NA,A,01,0,0,3,0,0,0,0,0,0,-,-,33.70745086669922,-116.27301025390624,RIVERSIDE,LA QUINTA,NA,NA
81734592,2022,2022-03-28,3315,2022-03-26,1722,004324,7C,6,5,6,3315,0,0,0,NA,0,001,SIXTH ST,SHOPPING CENTER,0,NA,Y,A,-,N,NA,NA,NA,NA,NA,NA,NA,NA,NA,N,3,0,1,2,A,-,03,22350,NA,M,C,C,A,A,H,-,A,A,0,NA,NA,Y,NA,Y,NA,C,02,0,1,0,0,0,0,0,0,1,-,-,33.87662887573242,-117.58537292480467,RIVERSIDE,CORONA,NA,NA
8173697,2016,2016-11-30,3300,2016-10-10,1552,4552,807A,1,5,3,3343,0,0,0,NA,0,087,GRAND AV,CENTRAL ST,30,E,N,A,-,N,NA,NA,NA,NA,NA,NA,NA,NA,NA,Y,4,0,2,2,A,-,12,21453,A,N,D,-,A,A,-,-,A,A,0,NA,NA,NA,NA,Y,Y,D,22,0,0,2,0,0,0,0,0,0,-,-,NA,NA,RIVERSIDE,WILDOMAR,-117.27807104,33.59772112
81737901,2022,2022-03-31,3315,2022-03-28,0718,001874,16F,1,5,6,3315,0,0,0,NA,0,003,TEMESCAL CANYON RD,FASHION DR,0,NA,Y,A,-,N,NA,NA,NA,NA,NA,NA,NA,NA,NA,Y,4,0,2,2,A,-,12,21453,A,N,D,C,A,A,H,-,A,A,0,NA,NA,NA,NA,Y,NA,A,01,0,0,2,0,0,0,0,0,0,-,-,NA,NA,RIVERSIDE,CORONA,-117.50472259521484,33.809635162353516
8173810,2016,2016-11-28,3309,2016-09-29,0659,443,3309,4,5,4,3309,0,0,0,NA,0,005,MONROE ST,AVE 40,28,S,N,A,-,N,NA,NA,NA,NA,NA,NA,NA,NA,NA,N,4,0,1,2,A,-,03,22350,NA,N,D,C,A,A,H,-,A,A,0,NA,NA,NA,NA,Y,NA,D,22,0,0,1,0,0,0,0,0,0,-,-,NA,NA,RIVERSIDE,INDIO,-116.23419374,33.75831877
8173830,2016,2016-12-01,3309,2016-08-04,1822,180,3309,4,5,4,3309,0,0,0,NA,0,005,CLINTON ST,PALMYRA AV,0,NA,Y,A,-,N,NA,NA,NA,NA,NA,NA,NA,NA,NA,Y,4,0,1,2,A,-,12,21453,A,N,D,C,A,A,H,-,A,A,0,NA,NA,NA,NA,Y,NA,A,01,0,0,1,0,0,0,0,0,0,-,-,NA,NA,RIVERSIDE,INDIO,-116.24271004,33.7252601
81741731,2022,2022-04-06,3300,2022-03-31,0702,5844,916B,4,5,4,3312,0,0,0,NA,0,032,REDLANDS AV,SAN JACINTO AV,0,NA,Y,A,-,N,NA,NA,NA,NA,NA,NA,NA,NA,NA,N,2,0,1,2,A,-,11,21954,A,N,G,B,E,A,H,-,A,A,0,Y,NA,NA,NA,Y,Y,N,60,1,0,0,0,1,0,0,0,0,-,-,33.786468505859375,-117.21524047851563,RIVERSIDE,PERRIS,-117.21533203125,33.78662109375
81741800,2022,2022-04-06,3300,2022-03-31,1240,N4544,602 A,4,5,6,3394,0,0,0,NA,0,MV22,GATEWAY DR,DAY ST,360,E,N,A,-,N,NA,NA,NA,NA,NA,NA,NA,NA,NA,Y,4,0,2,2,A,-,09,21804,A,N,D,C,A,A,H,-,A,D,0,NA,NA,NA,NA,Y,NA,A,01,0,0,2,0,0,0,0,0,0,-,-,33.934879302978516,-117.27889251708984,RIVERSIDE,MORENO VALLEY,-117.27755737304688,33.93475341796875
81742835,2022,2022-04-07,3342,2022-03-07,1025,1098,417,1,5,4,3342,0,0,0,NA,0,004,MADISON AVE,LOS ALAMOS RD,50,N,N,A,-,N,NA,NA,NA,NA,NA,NA,NA,NA,NA,Y,3,0,3,4,A,-,01,23152,F,N,C,C,A,A,H,-,A,A,0,NA,NA,NA,NA,Y,NA,A,01,0,2,1,0,0,0,0,0,0,-,-,33.55781936645508,-117.20173645019533,RIVERSIDE,MURRIETA,-117.2016830444336,33.558502197265625
81742838,2022,2022-04-07,3342,2022-03-18,0834,898,157,5,5,4,3342,0,0,0,NA,0,001,VINEYARD PKY,HAYES AVE,0,NA,Y,A,-,N,NA,NA,NA,NA,NA,NA,NA,NA,NA,N,3,0,1,2,A,-,12,22450,A,N,D,G,A,A,H,-,A,A,0,NA,Y,NA,Y,Y,NA,F,26,0,1,0,0,0,0,1,0,0,-,-,33.55686950683594,-117.2293701171875,RIVERSIDE,MURRIETA,-117.22946166992188,33.55680465698242
81742862,2021,2022-04-07,3349,2021-09-11,0753,443,NA,6,5,5,3341,0,0,0,NA,0,003,NEWPORT RD,HAUN RD,528,W,N,A,-,N,NA,NA,NA,NA,NA,NA,NA,NA,NA,N,4,0,1,2,B,-,22,NA,NA,N,G,B,C,A,H,-,C,A,0,Y,NA,NA,NA,Y,NA,N,60,0,0,1,0,1,0,0,0,0,-,-,33.6851692199707,-117.17562103271484,RIVERSIDE,MENIFEE,-117.17739868164063,33.684959411621094
81744571,2022,2022-04-11,3300,2022-02-16,1624,6068,603 B,3,5,6,3394,0,0,0,NA,0,MV34,PERRIS BLVD,JOHN F KENNEDY DR,100,N,N,A,-,N,NA,NA,NA,NA,NA,NA,NA,NA,NA,Y,4,0,1,2,A,-,08,22107,NA,N,B,C,A,A,H,-,A,D,0,NA,NA,NA,NA,Y,NA,A,07,0,0,1,0,0,0,0,0,0,-,-,33.93267822265625,-117.2265167236328,RIVERSIDE,MORENO VALLEY,-117.22630310058594,33.903045654296875