CASE_ID,ACCIDENT_YEAR,PROC_DATE,JURIS,COLLISION_DATE,COLLISION_TIME,OFFICER_ID,REPORTING_DISTRICT,DAY_OF_WEEK,CHP_SHIFT,POPULATION,CNTY_CITY_LOC,SPECIAL_COND,BEAT_TYPE,CHP_BEAT_TYPE,CITY_DIVISION_LAPD,CHP_BEAT_CLASS,BEAT_NUMBER,PRIMARY_RD,SECONDARY_RD,DISTANCE,DIRECTION,INTERSECTION,WEATHER_1,WEATHER_2,STATE_HWY_IND,CALTRANS_COUNTY,CALTRANS_DISTRICT,STATE_ROUTE,ROUTE_SUFFIX,POSTMILE_PREFIX,POSTMILE,LOCATION_TYPE,RAMP_INTERSECTION,SIDE_OF_HWY,TOW_AWAY,COLLISION_SEVERITY,NUMBER_KILLED,NUMBER_INJURED,PARTY_COUNT,PRIMARY_COLL_FACTOR,PCF_CODE_OF_VIOL,PCF_VIOL_CATEGORY,PCF_VIOLATION,PCF_VIOL_SUBSECTION,HIT_AND_RUN,TYPE_OF_COLLISION,MVIW,PED_ACTION,ROAD_SURFACE,ROAD_COND_1,ROAD_COND_2,LIGHTING,CONTROL_DEVICE,CHP_ROAD_TYPE,PEDESTRIAN_ACCIDENT,BICYCLE_ACCIDENT,MOTORCYCLE_ACCIDENT,TRUCK_ACCIDENT,NOT_PRIVATE_PROPERTY,ALCOHOL_INVOLVED,STWD_VEHTYPE_AT_FAULT,CHP_VEHTYPE_AT_FAULT,COUNT_SEVERE_INJ,COUNT_VISIBLE_INJ,COUNT_COMPLAINT_PAIN,COUNT_PED_KILLED,COUNT_PED_INJURED,COUNT_BICYCLIST_KILLED,COUNT_BICYCLIST_INJURED,COUNT_MC_KILLED,COUNT_MC_INJURED,PRIMARY_RAMP,SECONDARY_RAMP,LATITUDE,LONGITUDE,COUNTY,CITY,POINT_X,POINT_Y
8292161,2017,2017-04-10,3300,2017-01-16,1620,4835,905C,1,5,4,3307,0,0,0,NA,0,091,RAILROAD CANYON RD,FIRE STATION,1215,W,N,A,-,N,NA,NA,NA,NA,NA,NA,NA,NA,NA,Y,2,0,2,1,A,-,03,22350,NA,N,F,I,A,A,H,-,A,A,0,NA,NA,NA,NA,Y,NA,A,01,2,0,0,0,0,0,0,0,0,-,-,NA,NA,RIVERSIDE,LAKE ELSINORE,NA,NA
8292683,2016,2017-04-20,3302,2016-10-22,1307,953,NA,6,5,3,3302,0,0,0,NA,0,001,COMMERCE,2ND ST,0,NA,Y,A,-,N,NA,NA,NA,NA,NA,NA,NA,NA,NA,N,4,0,1,2,A,-,17,21451,A,N,A,D,A,A,H,-,A,A,0,NA,NA,NA,NA,Y,NA,A,01,0,0,1,0,0,0,0,0,0,-,-,NA,NA,RIVERSIDE,BEAUMONT,-116.95366,33.92323005
8292698,2016,2017-04-20,3302,2016-09-30,0801,1046,NA,5,5,3,3302,0,0,0,NA,0,NA,OAK VALLEY PKWY,CHERRY AV,0,NA,Y,A,-,N,NA,NA,NA,NA,NA,NA,NA,NA,NA,N,4,0,1,2,A,-,21,22106,NA,N,G,G,A,A,H,-,A,D,0,NA,Y,NA,NA,Y,NA,A,01,0,0,1,0,0,0,1,0,0,-,-,NA,NA,RIVERSIDE,BEAUMONT,-116.96435008,33.94704008
8292796,2017,2017-07-19,3300,2017-06-02,2200,N3864,603A4,5,5,6,3394,0,0,0,NA,0,032,PERRIS BL,CACTUS AV,0,NA,Y,A,-,N,NA,NA,60,NA,NA,NA,NA,NA,NA,Y,4,0,3,2,A,-,03,22350,NA,N,C,C,A,A,H,-,C,A,0,NA,NA,NA,NA,Y,NA,A,01,0,0,3,0,0,0,0,0,0,-,-,33.93993,-117.22645,RIVERSIDE,MORENO VALLEY,-117.22646912,33.9398202
8294754,2017,2017-02-03,3300,2017-01-17,1355,N1673,36R3,2,5,4,3318,0,0,0,NA,0,T36,FRED WARING DR,ACACIA DR,0,NA,Y,A,-,N,NA,NA,NA,NA,NA,NA,NA,NA,NA,Y,3,0,3,2,A,-,09,21801,A,N,D,C,A,A,H,-,A,A,0,NA,NA,NA,NA,Y,NA,A,01,0,2,1,0,0,0,0,0,0,-,-,NA,NA,RIVERSIDE,PALM DESERT,-116.39243006,33.72877005
8295624,2016,2017-02-22,3313,2016-11-07,0729,0102,N,1,5,7,3313,0,0,0,NA,0,M38,MISSION INN AV,REDWOOD DR,0,NA,Y,A,-,N,NA,NA,NA,NA,NA,NA,NA,NA,NA,Y,4,0,1,2,A,-,12,21453,A,N,D,C,A,A,H,-,A,A,0,NA,NA,NA,NA,Y,NA,A,01,0,0,1,0,0,0,0,0,0,-,-,33.98755,-117.38362,RIVERSIDE,RIVERSIDE,-117.38361007,33.98750008
8296698,2017,2017-02-13,3315,2017-01-21,1527,11119,4A,6,5,6,3315,0,0,0,NA,0,NA,VIA PACIFICA,MAYFAIR DR,412,S,N,A,-,N,NA,NA,NA,NA,NA,NA,NA,NA,NA,N,3,0,1,2,A,-,05,21202,A,N,H,G,A,A,H,-,A,D,0,NA,Y,NA,NA,Y,NA,L,04,0,1,0,0,0,0,1,0,0,-,-,33.86688,-117.59326,RIVERSIDE,CORONA,-117.59367056,33.86576411
8297156,2016,2017-02-23,3313,2016-11-08,1434,0399,C,2,5,7,3313,0,0,0,NA,0,T71,OROZCO DR,WESTMINSTER DR,168,E,N,A,-,N,NA,NA,NA,NA,NA,NA,NA,NA,NA,Y,3,0,1,2,A,-,08,22107,NA,N,C,C,A,A,H,-,A,D,0,NA,NA,NA,NA,Y,NA,A,01,0,1,0,0,0,0,0,0,0,-,-,33.92253,-117.37249,RIVERSIDE,RIVERSIDE,-117.3723537,33.92286728
8297290,2016,2017-02-13,3313,2016-11-21,1653,1073,E,1,5,7,3313,0,0,0,NA,0,M31,SYCAMORE CANYON BL,EASTRIDGE AV,99,N,N,A,-,N,NA,NA,NA,NA,NA,NA,NA,NA,NA,N,3,0,1,2,A,-,03,22350,NA,N,C,C,A,A,H,-,C,A,0,NA,NA,NA,NA,Y,NA,A,01,0,1,0,0,0,0,0,0,0,-,-,NA,NA,RIVERSIDE,RIVERSIDE,-117.29661733,33.93162115
8297613,2017,2017-02-15,3313,2017-02-02,0628,1779,1,4,5,7,3313,0,0,0,NA,0,T49,BROCKTON AV,TEQUESQUITE AV,0,NA,Y,A,-,N,NA,NA,NA,NA,NA,NA,NA,NA,NA,N,4,0,1,2,D,-,00,NA,NA,N,A,C,A,A,H,-,B,A,0,NA,NA,Y,NA,Y,NA,-,-,0,0,1,0,0,0,0,0,1,-,-,33.97627,-117.38561,RIVERSIDE,RIVERSIDE,-117.38571004,33.97632011
8297635,2016,2017-02-23,3300,2016-11-23,1657,N4225,905I,3,5,4,3307,0,0,0,NA,0,L95,DEXTER AV,COSTCO ENTRANCE/EXIT DRWY,0,NA,Y,A,-,N,NA,NA,NA,NA,NA,NA,NA,NA,NA,Y,4,0,1,2,A,-,08,22107,NA,N,D,C,A,A,H,-,B,D,0,NA,NA,NA,NA,Y,NA,D,22,0,0,1,0,0,0,0,0,0,-,-,NA,NA,RIVERSIDE,LAKE ELSINORE,-117.339438,33.694834
8297679,2017,2018-06-07,3300,2017-01-09,1841,4835,905I,1,5,4,3307,0,0,0,NA,0,095,CENTRAL AV,RT 15,0,NA,Y,A,-,Y,RIV,8,15,-,-,22.492,R,4,S,Y,4,0,1,2,A,-,03,22350,NA,N,C,C,A,A,H,-,C,A,0,NA,NA,NA,Y,Y,NA,F,26,0,0,1,0,0,0,0,0,0,-,SF,NA,NA,RIVERSIDE,LAKE ELSINORE,-117.34061785,33.69448687
8297853,2017,2017-02-16,3300,2017-01-17,1727,4024,905K,2,5,4,3307,0,0,0,NA,0,094,LAKE ST,LAKESHORE DR,0,NA,Y,A,-,N,NA,NA,NA,NA,NA,NA,NA,NA,NA,N,4,0,1,2,A,-,21,22106,NA,N,C,C,A,A,H,-,C,A,0,NA,NA,NA,NA,Y,NA,A,01,0,0,1,0,0,0,0,0,0,-,-,33.69552,-117.39006,RIVERSIDE,LAKE ELSINORE,-117.39022011,33.69458004
8298004,2016,2017-05-01,3308,2016-07-04,2048,10530,515,1,5,5,3308,0,0,0,NA,0,NORTH,FLORIDA AV,KIRBY ST,0,NA,Y,A,-,Y,RIV,8,74,-,-,38.987,I,5,W,N,3,0,1,2,A,-,10,21950,A,N,G,B,B,A,H,-,C,A,0,Y,NA,NA,NA,Y,NA,A,08,0,1,0,0,1,0,0,0,0,-,-,NA,NA,RIVERSIDE,HEMET,-116.99781066,33.74743335
8298114,2017,2017-02-15,3311,2017-01-25,1212,15302,NA,3,5,4,3311,0,0,0,NA,0,006,RAMON RD,OLEANDER RD,0,NA,Y,A,-,N,NA,NA,NA,NA,NA,NA,NA,NA,NA,Y,4,0,1,3,A,-,03,22350,NA,N,C,C,A,A,H,-,A,D,0,NA,NA,NA,NA,Y,NA,D,22,0,0,1,0,0,0,0,0,0,-,-,33.81589,-116.49631,RIVERSIDE,PALM SPRINGS,-116.49624002,33.81577004
8298448,2017,2017-04-12,3313,2017-01-31,2247,1443,4,2,5,7,3313,0,0,0,NA,0,1R45,MADISON ST,LINCOLN AV,0,NA,Y,A,-,N,NA,NA,NA,NA,NA,NA,NA,NA,NA,Y,2,0,4,1,A,-,01,23152,G,N,E,I,A,A,H,-,C,A,0,NA,NA,NA,NA,Y,Y,A,01,1,1,2,0,0,0,0,0,0,-,-,33.92916,-117.39947,RIVERSIDE,RIVERSIDE,-117.39929007,33.92899002
8298673,2017,2017-02-15,3313,2017-01-07,0920,4449,002C,6,5,7,3313,0,0,0,NA,0,020,PEDLEY AV,BEN NEVIS BL,0,NA,Y,B,-,N,NA,NA,NA,NA,NA,NA,NA,NA,NA,N,4,0,1,2,A,-,08,22107,NA,N,D,C,A,B,H,-,A,D,0,NA,NA,NA,NA,Y,NA,A,01,0,0,1,0,0,0,0,0,0,-,-,NA,NA,RIVERSIDE,RIVERSIDE,-117.47959004,34.01752008
8299495,2016,2017-02-22,3300,2016-12-04,0959,5187,501B,7,5,5,3341,0,0,0,NA,0,053,CORBIE ST,CIDER ST,193,N,N,A,-,N,NA,NA,NA,NA,NA,NA,NA,NA,NA,N,4,0,1,2,A,-,01,23152,A,N,B,E,A,A,H,-,A,A,0,NA,NA,NA,NA,Y,NA,A,01,0,0,1,0,0,0,0,0,0,-,-,33.74729,-117.16891,RIVERSIDE,MENIFEE,-117.16906082,33.74780057
8299923,2016,2017-02-21,3306,2016-10-31,1259,130,3306,1,5,3,3306,0,0,0,NA,0,NA,PALM DR,DESERT VIEW AV,0,NA,Y,A,-,N,NA,NA,NA,NA,NA,NA,NA,NA,NA,Y,3,0,1,2,A,-,09,21802,A,N,D,C,A,A,H,-,A,D,0,NA,NA,NA,NA,Y,NA,A,01,0,1,0,0,0,0,0,0,0,-,-,NA,NA,RIVERSIDE,DESERT HOT SPRINGS,-116.50132013,33.95774002
8302631,2016,2017-02-21,3313,2016-11-25,1550,1819,N,5,5,7,3313,0,0,0,NA,0,C134,5TH ST,FAIRMOUNT BL,102,W,N,A,-,N,NA,NA,NA,NA,NA,NA,NA,NA,NA,N,3,0,1,2,A,-,05,21202,A,F,G,G,A,A,H,-,A,D,0,NA,Y,NA,NA,Y,NA,L,04,0,1,0,0,0,0,1,0,0,-,-,33.98601,-117.375,RIVERSIDE,RIVERSIDE,-117.37521355,33.98613529
8306340,2017,2017-02-27,3300,2017-01-17,1445,3536,602D3,2,5,6,3394,0,0,0,NA,0,MV26,INDIAN ST,ALESSANDRO BL,37,S,N,A,-,N,NA,NA,NA,NA,NA,NA,NA,NA,NA,N,4,0,1,2,A,-,03,22350,NA,F,C,C,A,A,H,-,A,A,0,NA,NA,NA,NA,Y,NA,A,07,0,0,1,0,0,0,0,0,0,-,-,33.94724,-117.23509,RIVERSIDE,MORENO VALLEY,-117.23498,33.91725864
8308573,2017,2017-02-21,3313,2017-01-31,0750,1526,2,2,5,7,3313,0,0,0,NA,0,2R25,14TH ST,BERMUDA AV,0,NA,Y,A,-,N,NA,NA,NA,NA,NA,NA,NA,NA,NA,Y,4,0,2,2,A,-,08,22107,NA,N,B,C,A,A,H,-,A,D,0,NA,NA,NA,NA,Y,NA,A,01,0,0,2,0,0,0,0,0,0,-,-,NA,NA,RIVERSIDE,RIVERSIDE,-117.36324013,33.97052009
8308671,2016,2017-02-16,3313,2016-12-09,1715,1762,5,5,5,7,3313,0,0,0,NA,0,T44,WOOD RD,JOHN F KENNEDY DR,0,NA,Y,A,-,N,NA,NA,NA,NA,NA,NA,NA,NA,NA,N,4,0,1,2,A,-,03,22350,NA,N,C,C,A,A,H,-,D,A,0,NA,NA,NA,NA,Y,NA,A,01,0,0,1,0,0,0,0,0,0,-,-,33.90193,-117.33131,RIVERSIDE,RIVERSIDE,-117.33126008,33.90186011
8309736,2017,2017-02-22,3313,2017-01-24,0839,1816,3,2,5,7,3313,0,0,0,NA,0,2R31,SYCAMORE CANYON BL,LOCHMOOR DR,0,NA,Y,A,-,N,NA,NA,NA,NA,NA,NA,NA,NA,NA,N,3,0,2,2,A,-,09,21802,A,N,D,C,A,A,H,-,A,-,0,NA,NA,NA,NA,Y,NA,A,01,0,1,1,0,0,0,0,0,0,-,-,33.94519,-117.30008,RIVERSIDE,RIVERSIDE,-117.30014,33.94521007
8309836,2016,2017-02-22,3313,2016-12-31,1435,1831,1,6,5,7,3313,0,0,0,NA,0,2R19,MARKET ST,2ND ST,0,NA,Y,C,-,N,NA,NA,NA,NA,NA,NA,NA,NA,NA,Y,4,0,2,2,A,-,05,21650,NA,N,A,C,A,B,H,-,A,A,0,NA,NA,NA,NA,Y,NA,A,01,0,0,2,0,0,0,0,0,0,-,-,NA,NA,RIVERSIDE,RIVERSIDE,-117.37184001,33.98828002
8310724,2017,2017-02-28,3300,2017-01-19,0809,N4815,507B,4,5,5,3341,0,0,0,NA,0,057,NEWPORT RD,LAGUNA VISTA DR,232,W,N,B,C,N,NA,NA,NA,NA,NA,NA,NA,NA,NA,Y,4,0,1,1,A,-,03,22350,NA,N,E,I,A,B,H,-,A,A,0,NA,NA,NA,NA,Y,NA,A,01,0,0,1,0,0,0,0,0,0,-,-,33.68503,-117.14954,RIVERSIDE,MENIFEE,-117.15035017,33.68512
8311242,2016,2017-02-27,3300,2016-11-12,0540,3940,001,6,5,6,3345,0,0,0,NA,0,1JV19,WALLACE ST,34TH ST,1490,N,N,A,-,N,NA,NA,NA,NA,NA,NA,NA,NA,NA,N,2,0,1,2,A,-,01,21200,5,F,H,G,A,A,H,-,D,D,0,NA,Y,NA,NA,Y,NA,L,04,1,0,0,0,0,0,1,0,0,-,-,33.99794,-117.39875,RIVERSIDE,JURUPA VALLEY,-117.39462348,34.00041071
8311279,2016,2017-03-02,3300,2016-12-22,1446,2403,920I,4,5,4,3314,0,0,0,NA,0,072,SOBOBA RD,LAKE PARK DR,55,S,N,C,-,N,NA,NA,NA,NA,NA,NA,NA,NA,NA,N,4,0,1,2,A,-,03,22350,NA,F,A,C,A,B,H,-,A,A,0,NA,NA,NA,NA,Y,NA,A,01,0,0,1,0,0,0,0,0,0,-,-,33.79081,-116.92708,RIVERSIDE,SAN JACINTO,-116.92695133,33.79069392
8312560,2016,2017-03-01,3313,2016-11-29,1916,0399,N,2,5,7,3313,0,0,0,NA,0,M18,ALESSANDRO BL,SYCAMORE CANYON BL,0,NA,Y,A,-,N,NA,NA,NA,NA,NA,NA,NA,NA,NA,Y,4,0,1,2,A,-,09,21453,NA,N,D,C,A,A,H,-,A,A,0,NA,NA,NA,NA,Y,NA,A,07,0,0,1,0,0,0,0,0,0,-,-,33.91672,-117.29198,RIVERSIDE,RIVERSIDE,-117.29205005,33.91681002
8312739,2017,2017-03-01,3300,2017-02-03,1803,4860,920H,5,5,4,3314,0,0,0,NA,0,072,SAN JACINTO AV,SHAVER ST,0,NA,Y,A,-,N,NA,NA,NA,NA,NA,NA,NA,NA,NA,Y,4,0,2,2,A,-,09,21802,A,N,D,C,A,A,H,-,C,A,0,NA,NA,NA,NA,Y,NA,D,22,0,0,2,0,0,0,0,0,0,-,-,33.77779,-116.95889,RIVERSIDE,SAN JACINTO,-116.95884008,33.77774001
8312748,2017,2017-03-06,3300,2017-01-21,2200,N5330,002R,6,5,6,3345,0,0,0,NA,0,024,53RD ST,DUNWOOD ST,150,E,N,C,-,N,NA,NA,NA,NA,NA,NA,NA,NA,NA,N,3,0,1,2,A,-,00,21050,NA,N,A,H,A,B,H,-,D,A,0,NA,NA,NA,NA,Y,NA,M,95,0,1,0,0,0,0,0,0,0,-,-,NA,NA,RIVERSIDE,JURUPA VALLEY,-117.48656655,33.99089001
8312795,2017,2017-03-06,3300,2017-01-06,0942,4050,012G,5,5,4,3344,0,0,0,NA,0,064,SCHLEISMAN RD,KENTON PL,173,E,N,A,-,N,NA,NA,NA,NA,NA,NA,NA,NA,NA,N,4,0,1,2,A,-,03,22350,NA,N,C,C,A,A,H,-,A,A,0,NA,NA,NA,NA,Y,NA,D,22,0,0,1,0,0,0,0,0,0,-,-,NA,NA,RIVERSIDE,EASTVALE,-117.59681597,33.96075
8313078,2017,2017-03-03,3313,2017-02-07,1046,1779,C3,2,5,7,3313,0,0,0,NA,0,T49,ALESSANDRO BL,TRAUTWEIN RD,0,NA,Y,C,-,N,NA,NA,NA,NA,NA,NA,NA,NA,NA,N,4,0,1,2,A,-,12,21453,A,N,D,C,A,B,H,-,A,A,0,NA,NA,NA,NA,Y,NA,A,08,0,0,1,0,0,0,0,0,0,-,-,33.92016,-117.33321,RIVERSIDE,RIVERSIDE,-117.33252012,33.91868002
8314057,2017,2017-03-03,3313,2017-02-14,1842,0399,4,2,5,7,3313,0,0,0,NA,0,M18,ARLINGTON AV,AIRPORT DR,167,W,N,A,-,N,NA,NA,NA,NA,NA,NA,NA,NA,NA,Y,4,0,1,2,A,-,09,21804,A,N,D,C,A,A,H,-,C,D,0,NA,NA,NA,NA,Y,NA,A,07,0,0,1,0,0,0,0,0,0,-,-,33.94583,-117.44587,RIVERSIDE,RIVERSIDE,-117.44622905,33.94586868
8314346,2017,2017-03-06,3300,2017-01-25,1859,N4809,920H,3,5,4,3314,0,0,0,NA,0,074,HEWITT ST,PARK AV,58,N,N,A,-,N,NA,NA,NA,NA,NA,NA,NA,NA,NA,Y,4,0,2,3,A,-,03,22350,NA,N,C,C,A,A,H,-,C,A,0,NA,NA,NA,NA,Y,NA,A,07,0,0,2,0,0,0,0,0,0,-,-,33.76293,-116.95083,RIVERSIDE,SAN JACINTO,-116.95086721,33.76337872
8314572,2017,2017-03-07,3300,2017-01-22,0017,5002,602A1,7,5,6,3394,0,0,0,NA,0,MV22,EUCALYPTUS AV,DAY ST,33,W,N,A,-,N,NA,NA,NA,NA,NA,NA,NA,NA,NA,Y,4,0,1,2,A,-,03,22350,NA,F,C,C,A,A,H,-,C,A,0,NA,NA,NA,NA,Y,Y,D,22,0,0,1,0,0,0,0,0,0,-,-,33.93142,-117.27877,RIVERSIDE,MORENO VALLEY,-117.27892838,33.93145667
8314619,2017,2017-03-07,3300,2017-01-09,1451,4996,601D4,1,5,6,3394,0,0,0,NA,0,MV14,PIGEON PASS RD,SWAN ST,23,S,N,B,-,N,NA,NA,NA,NA,NA,NA,NA,NA,NA,Y,4,0,3,2,A,-,03,22350,NA,N,C,C,A,A,H,-,A,A,0,NA,NA,NA,NA,Y,NA,I,20,0,0,3,0,0,0,0,0,0,-,-,33.95214,-117.2605,RIVERSIDE,MORENO VALLEY,-117.26042209,33.95201974
8314646,2017,2017-03-13,3300,2017-01-11,1732,N5997,910K,3,5,5,3335,0,0,0,NA,0,064,RANCHO CALIFORNIA RD,MORAGA RD,150,E,N,A,-,N,NA,NA,NA,NA,NA,NA,NA,NA,NA,Y,4,0,1,3,A,-,03,22350,NA,N,C,C,A,A,H,-,C,D,0,NA,NA,NA,NA,Y,NA,A,01,0,0,1,0,0,0,0,0,0,-,-,NA,NA,RIVERSIDE,TEMECULA,-117.13961497,33.50754701
8315218,2017,2017-03-08,3311,2017-02-22,1202,15648,NA,3,5,4,3311,0,0,0,NA,0,006,PALM CANYON DR E,GENE AUTRY TRL,685,W,N,A,-,N,NA,NA,NA,NA,NA,NA,NA,NA,NA,Y,4,0,3,3,A,-,03,22350,NA,N,C,C,A,A,H,-,A,A,0,NA,NA,NA,NA,Y,NA,A,07,0,0,3,0,0,0,0,0,0,-,-,33.79337,-116.49516,RIVERSIDE,PALM SPRINGS,-116.49737208,33.79387461
8317586,2017,2017-03-06,3300,2017-02-03,0804,N3864,601E4,5,5,6,3394,0,0,0,NA,0,016,HEMLOCK AV,LAMOS PL,0,NA,Y,A,-,N,NA,NA,NA,NA,NA,NA,NA,NA,NA,Y,4,0,2,3,A,-,09,21802,A,N,D,C,A,A,H,-,A,D,0,NA,NA,NA,NA,Y,NA,A,01,0,0,2,0,0,0,0,0,0,-,-,33.94271,-117.23031,RIVERSIDE,MORENO VALLEY,-117.23024005,33.94266003
8317590,2017,2017-03-06,3300,2017-02-14,1530,4996,604A1,2,5,6,3394,0,0,0,NA,0,MV42,LETTERMAN ST,HONORS WY,50,S,N,A,-,N,NA,NA,NA,NA,NA,NA,NA,NA,NA,N,3,0,1,2,A,-,11,21954,A,F,G,B,E,A,H,-,A,D,0,Y,NA,NA,NA,Y,NA,N,60,0,1,0,0,1,0,0,0,0,-,-,33.92767,-117.19524,RIVERSIDE,MORENO VALLEY,-117.19541002,33.927529559999996
8317716,2017,2017-03-08,3315,2017-02-14,0638,001874,13C,2,5,6,3315,0,0,0,NA,0,NA,ONTARIO AV,CALIFORNIA AV,0,NA,Y,A,-,N,NA,NA,NA,NA,NA,NA,NA,NA,NA,N,4,0,3,2,A,-,21,22106,NA,N,C,C,A,A,H,-,A,A,0,NA,NA,NA,NA,Y,NA,A,01,0,0,3,0,0,0,0,0,0,-,-,NA,NA,RIVERSIDE,CORONA,-117.53915004,33.84641005
8318695,2016,2017-02-27,3325,2016-08-19,0518,2702,RIVER,5,5,4,3325,0,0,0,NA,0,003,LANDAU BL,EDISON POLE #23280580,53,S,N,A,-,N,NA,NA,NA,NA,NA,NA,NA,NA,NA,Y,4,0,1,1,A,-,08,22107,NA,N,E,I,A,A,H,-,B,D,0,NA,NA,NA,NA,Y,NA,A,01,0,0,1,0,0,0,0,0,0,-,-,NA,NA,RIVERSIDE,CATHEDRAL CITY,NA,NA
8319548,2017,2017-03-03,3313,2017-01-11,1450,1499,2,3,5,7,3313,0,0,0,NA,0,T42,CHICAGO AV,3RD ST,22,S,N,A,-,N,NA,NA,NA,NA,NA,NA,NA,NA,NA,Y,4,0,3,2,A,-,12,21453,A,N,D,C,A,A,H,-,C,A,0,NA,NA,NA,NA,Y,NA,A,01,0,0,3,0,0,0,0,0,0,-,-,33.98313,-117.34866,RIVERSIDE,RIVERSIDE,-117.34846144,33.98294974
8319636,2017,2017-03-09,3313,2017-02-14,2044,1222,3,2,5,7,3313,0,0,0,NA,0,M36,WASHINGTON ST,BRADLEY ST,0,NA,Y,A,-,N,NA,NA,NA,NA,NA,NA,NA,NA,NA,Y,4,0,2,2,A,-,01,23152,A,N,C,C,A,A,H,-,C,A,0,NA,NA,NA,NA,Y,Y,A,01,0,0,2,0,0,0,0,0,0,-,-,33.909,-117.38354,RIVERSIDE,RIVERSIDE,-117.38352006,33.90886007
8319656,2017,2017-03-09,3315,2017-02-11,0123,002628,NA,6,5,6,3315,0,0,0,NA,0,002,N MCKINLEY ST,N MCKINLEY ST 535,0,NA,N,B,-,N,NA,NA,NA,NA,NA,NA,NA,NA,NA,N,3,0,1,2,D,-,00,NA,NA,M,G,B,F,B,H,-,C,D,0,Y,NA,NA,NA,Y,NA,-,-,0,1,0,0,1,0,0,0,0,-,-,NA,NA,RIVERSIDE,CORONA,NA,NA
8320283,2017,2017-03-09,3313,2017-01-12,1356,1499,C,4,5,7,3313,0,0,0,NA,0,T42,ALESSANDRO BL,COMMUNICATIONS CENTER DR,34,S,N,C,-,N,NA,NA,NA,NA,NA,NA,NA,NA,NA,Y,2,0,2,2,A,-,03,22350,NA,N,A,C,A,B,H,-,A,A,0,NA,NA,NA,NA,Y,NA,A,01,1,0,1,0,0,0,0,0,0,-,-,NA,NA,RIVERSIDE,RIVERSIDE,-117.33354914,33.92025704
8321341,2017,2017-03-09,3300,2017-02-23,1100,N1673,36Q3,4,5,4,3318,0,0,0,NA,0,T36,SAN PABLO AV,COLLEGE OF THE DESERT,0,NA,Y,A,-,N,NA,NA,NA,NA,NA,NA,NA,NA,NA,N,4,0,1,2,A,-,09,21800,A,N,D,C,A,A,H,-,A,B,0,NA,NA,NA,NA,Y,NA,A,07,0,0,1,0,0,0,0,0,0,-,-,NA,NA,RIVERSIDE,PALM DESERT,NA,NA
8323382,2017,2017-03-17,3300,2017-02-27,1019,3671,910F,1,5,5,3335,0,0,0,NA,0,062,YNEZ CT,OVERLAND DR,0,NA,Y,C,-,N,NA,NA,NA,NA,NA,NA,NA,NA,NA,Y,4,0,1,2,A,-,12,21453,A,N,D,C,A,B,H,-,A,A,0,NA,NA,NA,NA,Y,NA,D,22,0,0,1,0,0,0,0,0,0,-,-,NA,NA,RIVERSIDE,TEMECULA,-117.15657003,33.51993003
8323607,2017,2017-03-23,3313,2017-02-16,0700,1779,4,4,5,7,3313,0,0,0,NA,0,T49,MONROE ST,DIANA AV,924,N,N,A,-,N,NA,NA,NA,NA,NA,NA,NA,NA,NA,N,3,0,1,2,A,-,09,21804,A,N,D,G,A,A,H,-,A,D,0,NA,Y,NA,NA,Y,NA,A,07,0,1,0,0,0,0,1,0,0,-,-,33.92337,-117.42751,RIVERSIDE,RIVERSIDE,-117.42917349,33.92563592
8323723,2017,2017-03-16,3300,2017-02-07,1548,N3373,910Q,2,5,5,3335,0,0,0,NA,0,069,TEMECULA PKWY,KEVIN PL,98,E,N,A,-,N,NA,NA,NA,NA,NA,NA,NA,NA,NA,N,4,0,1,2,A,-,03,22350,NA,F,C,C,A,A,H,-,A,A,0,NA,NA,NA,NA,Y,NA,A,07,0,0,1,0,0,0,0,0,0,-,-,NA,NA,RIVERSIDE,TEMECULA,-117.11592346,33.47666142
8323790,2017,2017-03-28,3300,2017-02-10,1922,5091,602D4,5,5,6,3394,0,0,0,NA,0,MV26,ALESSANDRO BL,PERRIS BL,0,NA,Y,A,-,N,NA,NA,NA,NA,NA,NA,NA,NA,NA,N,4,0,1,2,A,-,12,21453,A,N,D,G,A,B,H,-,E,A,0,NA,Y,NA,NA,Y,NA,L,04,0,0,1,0,0,0,1,0,0,-,-,33.94719,-117.2264,RIVERSIDE,MORENO VALLEY,-117.22634,33.91736002
8323806,2017,2017-03-28,3300,2017-02-09,1905,4406,603A4,4,5,6,3394,0,0,0,NA,0,603A4,CACTUS AV,JOSHUA TREE AV,3,E,N,A,-,N,NA,NA,NA,NA,NA,NA,NA,NA,NA,Y,2,0,2,3,A,-,11,21954,A,F,G,B,D,A,H,-,C,D,0,Y,NA,NA,NA,Y,NA,N,60,2,0,0,0,2,0,0,0,0,-,-,33.91001,-117.23972,RIVERSIDE,MORENO VALLEY,-117.23982014,33.91004
8325913,2017,2017-03-22,3313,2017-03-01,1701,0399,1,3,5,7,3313,0,0,0,NA,0,M18,MARKET ST,RIVERA ST,347,N,N,A,-,N,NA,NA,NA,NA,NA,NA,NA,NA,NA,N,4,0,1,2,A,-,21,22106,NA,N,C,C,A,A,H,-,A,A,0,NA,NA,NA,NA,Y,NA,A,01,0,0,1,0,0,0,0,0,0,-,-,34.00217,-117.37585,RIVERSIDE,RIVERSIDE,-117.37662636,34.00292545
8326272,2017,2017-03-23,3313,2017-02-13,1237,1848,4,1,5,7,3313,0,0,0,NA,0,T71,CENTRAL AV,FREMONT ST,247,W,N,A,-,N,NA,NA,NA,NA,NA,NA,NA,NA,NA,Y,2,0,1,1,A,-,03,22350,NA,M,E,I,A,A,H,-,A,D,0,NA,NA,NA,NA,Y,NA,A,01,1,0,0,0,0,0,0,0,0,-,-,33.95308,-117.43719,RIVERSIDE,RIVERSIDE,-117.43790803,33.953236
8327025,2017,2017-04-17,3315,2017-02-15,1318,002089,4C,3,5,6,3315,0,0,0,NA,0,002,ONTARIO AV,MAIN ST,0,NA,Y,A,-,N,NA,NA,NA,NA,NA,NA,NA,NA,NA,Y,4,0,2,2,A,-,12,21453,A,N,D,C,A,A,H,-,A,A,0,NA,NA,NA,NA,Y,NA,A,01,0,0,2,0,0,0,0,0,0,-,-,NA,NA,RIVERSIDE,CORONA,-117.56936006,33.85628006
8327518,2017,2017-03-21,3309,2017-01-29,2332,191,3309,7,5,4,3309,0,0,0,NA,0,004,MONROE ST,AVE 50,0,NA,Y,-,-,N,NA,NA,NA,NA,NA,NA,NA,NA,NA,N,3,0,1,2,D,-,00,NA,NA,N,D,G,A,A,H,-,C,A,0,NA,Y,NA,NA,Y,NA,-,-,0,1,0,0,0,0,1,0,0,-,-,NA,NA,RIVERSIDE,INDIO,-116.23393005,33.68535002