CASE_ID,ACCIDENT_YEAR,PROC_DATE,JURIS,COLLISION_DATE,COLLISION_TIME,OFFICER_ID,REPORTING_DISTRICT,DAY_OF_WEEK,CHP_SHIFT,POPULATION,CNTY_CITY_LOC,SPECIAL_COND,BEAT_TYPE,CHP_BEAT_TYPE,CITY_DIVISION_LAPD,CHP_BEAT_CLASS,BEAT_NUMBER,PRIMARY_RD,SECONDARY_RD,DISTANCE,DIRECTION,INTERSECTION,WEATHER_1,WEATHER_2,STATE_HWY_IND,CALTRANS_COUNTY,CALTRANS_DISTRICT,STATE_ROUTE,ROUTE_SUFFIX,POSTMILE_PREFIX,POSTMILE,LOCATION_TYPE,RAMP_INTERSECTION,SIDE_OF_HWY,TOW_AWAY,COLLISION_SEVERITY,NUMBER_KILLED,NUMBER_INJURED,PARTY_COUNT,PRIMARY_COLL_FACTOR,PCF_CODE_OF_VIOL,PCF_VIOL_CATEGORY,PCF_VIOLATION,PCF_VIOL_SUBSECTION,HIT_AND_RUN,TYPE_OF_COLLISION,MVIW,PED_ACTION,ROAD_SURFACE,ROAD_COND_1,ROAD_COND_2,LIGHTING,CONTROL_DEVICE,CHP_ROAD_TYPE,PEDESTRIAN_ACCIDENT,BICYCLE_ACCIDENT,MOTORCYCLE_ACCIDENT,TRUCK_ACCIDENT,NOT_PRIVATE_PROPERTY,ALCOHOL_INVOLVED,STWD_VEHTYPE_AT_FAULT,CHP_VEHTYPE_AT_FAULT,COUNT_SEVERE_INJ,COUNT_VISIBLE_INJ,COUNT_COMPLAINT_PAIN,COUNT_PED_KILLED,COUNT_PED_INJURED,COUNT_BICYCLIST_KILLED,COUNT_BICYCLIST_INJURED,COUNT_MC_KILLED,COUNT_MC_INJURED,PRIMARY_RAMP,SECONDARY_RAMP,LATITUDE,LONGITUDE,COUNTY,CITY,POINT_X,POINT_Y
84392522,2024,2024-09-13,3300,2024-08-26,1644,N8285,NA,1,5,6,3345,0,0,0,NA,0,026,DODD ST,60TH ST,0,NA,Y,A,-,N,NA,NA,NA,NA,NA,NA,NA,NA,NA,N,3,0,1,2,A,-,09,21802,A,N,D,C,A,A,H,-,A,A,0,NA,NA,NA,NA,Y,NA,A,01,0,1,0,0,0,0,0,0,0,-,-,33.97819137573242,-117.5085678100586,RIVERSIDE,JURUPA VALLEY,-117.50912475585938,33.979103088378906
84392556,2024,2024-09-13,3300,2024-08-09,2025,6201,NA,5,5,6,3394,0,0,0,NA,0,MV14,BOX SPRINGS RD,CLARK ST,30,W,N,A,-,N,NA,NA,NA,NA,NA,NA,NA,NA,NA,N,4,0,2,2,A,-,03,22350,NA,N,C,C,A,A,H,-,C,A,0,NA,NA,NA,NA,Y,NA,A,01,0,0,2,0,0,0,0,0,0,-,-,33.94689178466797,-117.2873992919922,RIVERSIDE,MORENO VALLEY,-117.2878189086914,33.94657897949219
84392687,2024,2024-09-13,3313,2024-08-28,1851,1613,NA,3,5,7,3313,0,0,0,NA,0,3R46,ARLINGTON AVE,HILLSIDE AVE,0,NA,Y,A,-,N,NA,NA,NA,NA,NA,NA,NA,NA,NA,N,3,0,1,2,A,-,12,21453,A,N,D,C,A,A,H,-,B,A,0,NA,NA,NA,NA,Y,NA,A,01,0,1,0,0,0,0,0,0,0,-,-,33.945831298828125,-117.43164825439452,RIVERSIDE,RIVERSIDE,-117.4318618774414,33.94594955444336
84394164,2024,2024-09-16,3313,2024-07-26,1543,1968,NA,5,5,7,3313,0,0,0,NA,0,3R22,FAIRMOUNT BLVD,FAIRGROUNDS ST,0,NA,Y,A,-,N,NA,NA,NA,NA,NA,NA,NA,NA,NA,N,3,0,2,2,A,-,09,21800,A,N,D,C,A,A,H,-,A,A,0,NA,NA,NA,NA,Y,NA,A,01,0,2,0,0,0,0,0,0,0,-,-,33.997249603271484,-117.36849212646484,RIVERSIDE,RIVERSIDE,-117.3691635131836,33.99856948852539
84396280,2024,2024-09-17,3300,2024-09-13,1747,6164,NA,5,5,6,3345,0,0,0,NA,0,020,BEN NEVIS BL,AVON ST,289,W,N,A,-,N,NA,NA,NA,NA,NA,NA,NA,NA,NA,Y,4,0,1,2,A,-,05,21651,B,F,D,C,A,A,H,-,A,D,0,NA,NA,NA,NA,Y,Y,A,01,0,0,1,0,0,0,0,0,0,-,-,34.01622009277344,-117.47897338867188,RIVERSIDE,JURUPA VALLEY,-117.48102569580078,34.01759719848633
84396331,2024,2024-09-17,3306,2024-08-11,1016,2961,NA,7,5,3,3306,0,0,0,NA,0,NA,HIGHWAY 62,PIERSON BLVD,10,W,N,A,-,N,NA,NA,NA,NA,NA,NA,NA,NA,NA,Y,3,0,3,2,A,-,09,21804,A,N,D,C,A,A,H,-,A,A,0,NA,NA,NA,NA,Y,NA,A,08,0,2,1,0,0,0,0,0,0,-,-,NA,NA,RIVERSIDE,DESERT HOT SPRINGS,-116.5907974243164,33.96128463745117
84396359,2024,2024-09-17,3308,2024-07-19,2228,10907,NA,5,5,5,3308,0,0,0,NA,0,NORTH,MENLO AVE,ALESSANDRO ST,42,E,N,A,-,N,NA,NA,NA,NA,NA,NA,NA,NA,NA,Y,4,0,1,2,A,-,01,23152,A,N,C,E,A,A,H,-,D,A,0,NA,NA,NA,NA,Y,Y,A,01,0,0,1,0,0,0,0,0,0,-,-,33.75838851928711,-116.9739227294922,RIVERSIDE,HEMET,-116.97383880615234,33.758399963378906
84396449,2024,2024-09-17,3300,2024-08-21,1224,N7168,NA,3,5,3,3392,0,0,0,NA,0,LA42,WASHINGTON ST,EISENHOWER DR,194,S,N,A,-,N,NA,NA,NA,NA,NA,NA,NA,NA,NA,N,3,0,1,3,A,-,03,22350,NA,N,C,C,A,A,H,-,A,D,0,NA,NA,NA,NA,Y,NA,A,08,0,1,0,0,0,0,0,0,0,-,-,33.695430755615234,-116.29495239257813,RIVERSIDE,LA QUINTA,-116.29497528076172,33.69483184814453
84398299,2024,2024-09-18,3300,2024-08-26,2348,4440,NA,1,5,4,3314,0,0,0,NA,0,074,SAN JACINTO AVE,MIDWAY ST,411,N,N,A,-,Y,NA,NA,NA,NA,NA,NA,NA,NA,NA,Y,4,0,1,1,A,-,01,23152,B,N,E,I,A,A,H,-,C,D,0,NA,NA,NA,NA,Y,Y,A,01,0,0,1,0,0,0,0,0,0,-,-,33.76393127441406,-116.95874786376952,RIVERSIDE,SAN JACINTO,-116.95877075195313,33.76503372192383
8440032,2017,2017-09-07,3300,2017-08-23,1101,N6000,803B,3,5,5,3341,0,0,0,NA,0,053,VIA REAL,AVENIDA HALAGO,295,E,N,A,-,N,NA,NA,NA,NA,NA,NA,NA,NA,NA,N,4,0,1,2,A,-,21,22106,NA,N,D,C,A,A,H,-,A,D,0,NA,NA,NA,NA,Y,NA,A,08,0,0,1,0,0,0,0,0,0,-,-,33.71813,-117.17897,RIVERSIDE,MENIFEE,-117.17784303,33.71798428
8440203,2017,2017-09-26,3300,2017-08-11,2015,N3672,507G,5,5,5,3341,0,0,0,NA,0,057,MENIFEE RD,ROCKPORT RD,0,NA,Y,A,-,N,NA,NA,NA,NA,NA,NA,NA,NA,NA,N,4,0,1,2,A,-,09,21802,A,N,H,C,A,A,H,-,C,A,0,NA,NA,Y,NA,Y,NA,A,01,0,0,1,0,0,0,0,0,1,-,-,33.68325,-117.15382,RIVERSIDE,MENIFEE,-117.15387013,33.68325005
8440244,2017,2017-09-06,3300,2017-07-20,2105,N3672,916C,4,5,4,3312,0,0,0,NA,0,034,4TH ST,7TH ST,225,E,N,A,-,N,NA,NA,NA,NA,NA,NA,NA,NA,NA,N,3,0,6,2,A,-,08,22107,NA,N,D,C,A,A,H,-,C,A,0,NA,NA,NA,NA,Y,NA,A,01,0,1,5,0,0,0,0,0,0,-,-,NA,NA,RIVERSIDE,PERRIS,NA,NA
84403153,2024,2024-09-23,3308,2024-08-27,917,11046,NA,2,5,5,3308,0,0,0,NA,0,NORTH,FRUITVALE AVE,ALBEMARLE RD,734,W,N,A,-,N,NA,NA,NA,NA,NA,NA,NA,NA,NA,Y,4,0,1,3,A,-,03,22350,NA,N,C,E,A,A,H,-,A,D,0,NA,NA,NA,NA,Y,NA,A,01,0,0,1,0,0,0,0,0,0,-,-,33.76210021972656,-116.97460174560548,RIVERSIDE,HEMET,-116.97703552246094,33.76212692260742
84405254,2024,2024-09-24,3300,2024-09-08,2330,4121,NA,7,5,4,3312,0,0,0,NA,0,031,PERRIS BL,ORANGE AV,0,NA,Y,A,-,N,NA,NA,NA,NA,NA,NA,NA,NA,NA,Y,4,0,1,2,A,-,12,21453,A,N,D,C,A,A,H,-,C,A,0,NA,NA,NA,NA,Y,NA,A,07,0,0,1,0,0,0,0,0,0,-,-,33.81568908691406,-117.22599029541016,RIVERSIDE,PERRIS,-117.2261199951172,33.81560134887695
84405268,2024,2024-09-24,3300,2024-09-20,2121,6164,NA,5,5,6,3345,0,0,0,NA,0,016,RUBIDOUX BL,MISSION BL,11,N,N,A,-,N,NA,NA,NA,NA,NA,NA,NA,NA,NA,N,3,0,1,2,A,-,05,21650,1,N,D,G,A,A,H,-,C,A,0,NA,Y,NA,NA,Y,NA,L,04,0,1,0,0,0,0,1,0,0,-,-,33.9953498840332,-117.40624237060548,RIVERSIDE,JURUPA VALLEY,-117.40723419189452,33.99702453613281
84406887,2024,2024-09-25,3300,2024-09-16,1657,N4883,NA,1,5,4,3310,0,0,0,NA,0,050,7TH ST,TEMESCAL AV,456,W,N,A,-,N,NA,NA,NA,NA,NA,NA,NA,NA,NA,Y,3,0,1,2,A,-,09,21801,A,N,D,C,A,A,H,-,A,D,0,NA,NA,Y,NA,Y,NA,A,07,0,1,0,0,0,0,0,0,1,-,-,33.94572830200195,-117.54119873046876,RIVERSIDE,NORCO,-117.5427017211914,33.94563674926758
84406989,2024,2024-09-25,3300,2024-09-19,1633,5665,NA,4,5,6,3394,0,0,0,NA,0,MV28,KITCHING ST,FIR AVE,148,S,N,A,-,N,NA,NA,NA,NA,NA,NA,NA,NA,NA,N,3,0,1,1,A,-,01,23152,A,N,E,I,A,A,H,-,A,D,0,NA,NA,NA,NA,Y,Y,M,96,0,1,0,0,0,0,0,0,0,-,-,33.93523025512695,-117.21746063232422,RIVERSIDE,MORENO VALLEY,-117.21763610839844,33.93502426147461
84408616,2024,2024-09-26,3342,2024-09-20,1604,P1240,NA,5,5,4,3342,0,0,0,NA,0,002,CLINTON KEITH RD,MCELWAIN RD,0,NA,Y,A,-,N,NA,NA,NA,NA,NA,NA,NA,NA,NA,Y,3,0,2,2,A,-,09,21800,A,N,D,C,A,A,H,-,A,A,0,NA,NA,NA,NA,Y,NA,A,01,0,1,1,0,0,0,0,0,0,-,-,33.59870147705078,-117.17784118652344,RIVERSIDE,MURRIETA,-117.17787170410156,33.59870910644531
84408618,2024,2024-09-26,3349,2024-09-01,1735,551,NA,7,5,5,3341,0,0,0,NA,0,003,MENIFEE RD,NEWPORT RD,13,S,N,B,-,N,NA,NA,NA,NA,NA,NA,NA,NA,NA,N,3,0,1,2,A,-,12,21453,A,N,D,C,A,A,H,-,A,A,0,NA,NA,NA,NA,Y,NA,M,91,0,1,0,0,0,0,0,0,0,-,-,33.68505859375,-117.15379333496094,RIVERSIDE,MENIFEE,-117.15380859375,33.68496322631836
84411734,2024,2024-09-30,3313,2024-09-11,1957,1887,NA,3,5,7,3313,0,0,0,NA,0,3R58,ARLINGTON AVE,JONES AVE,0,NA,Y,A,-,N,NA,NA,NA,NA,NA,NA,NA,NA,NA,N,4,0,1,2,A,-,03,22350,NA,F,C,C,A,A,H,-,C,D,0,NA,NA,NA,NA,Y,Y,D,22,0,0,1,0,0,0,0,0,0,-,-,NA,NA,RIVERSIDE,RIVERSIDE,-117.4806900024414,33.946651458740234
8441233,2017,2017-09-12,3300,2017-04-09,1653,N4573,507B,7,5,5,3341,0,0,0,NA,0,057,NEWPORT RD,LAGUNA VISTA DR,582,W,N,A,-,N,NA,NA,NA,NA,NA,NA,NA,NA,NA,Y,4,0,2,3,A,-,04,21703,NA,N,C,C,A,A,D,-,A,A,0,NA,NA,NA,NA,Y,NA,A,01,0,0,2,0,0,0,0,0,0,-,-,33.68503,-117.14954,RIVERSIDE,MENIFEE,-117.15149697,33.68512
84413870,2024,2024-10-01,3300,2024-09-25,1536,N7633,NA,3,5,4,3318,0,0,0,NA,0,T34,NEW YORK AVE,VIRGINIA AVE,1334,E,N,A,-,N,NA,NA,NA,NA,NA,NA,NA,NA,NA,N,4,0,1,2,A,-,07,21658,A,N,C,E,A,A,A,-,A,A,0,NA,NA,NA,NA,Y,NA,A,01,0,0,1,0,0,0,0,0,0,-,-,33.73583984375,-116.32958221435548,RIVERSIDE,PALM DESERT,-116.3252182006836,33.735897064208984
84415781,2024,2024-10-02,3342,2024-09-27,843,P1240,NA,5,5,4,3342,0,0,0,NA,0,002,LOS ALAMOS RD,HANCOCK AVE,320,N,N,A,-,N,NA,NA,NA,NA,NA,NA,NA,NA,NA,Y,3,0,2,2,A,-,08,22107,NA,N,D,C,A,A,H,-,A,D,0,NA,NA,NA,NA,Y,NA,A,07,0,1,1,0,0,0,0,0,0,-,-,33.57059097290039,-117.18415832519533,RIVERSIDE,MURRIETA,-117.18373870849608,33.57132339477539
84415804,2024,2024-10-02,3313,2024-08-09,2330,2133,NA,5,5,7,3313,0,0,0,NA,0,1R41,VAN BUREN BLVD,MAGNOLIA AVE,40,S,N,A,-,N,NA,NA,NA,NA,NA,NA,NA,NA,NA,N,4,0,1,2,A,-,08,22107,NA,F,B,C,A,A,H,-,C,A,0,NA,NA,NA,NA,Y,NA,A,01,0,0,1,0,0,0,0,0,0,-,-,33.91971969604492,-117.44705200195313,RIVERSIDE,RIVERSIDE,-117.44654083251952,33.9202995300293
84417347,2024,2024-10-03,3342,2024-10-01,1125,P1504,NA,2,5,4,3342,0,0,0,NA,0,004,MADISON AVE,LOS ALAMOS RD,300,S,N,A,-,N,NA,NA,NA,NA,NA,NA,NA,NA,NA,Y,3,0,2,2,A,-,08,22107,NA,N,D,C,A,A,H,-,A,D,0,NA,NA,NA,NA,Y,NA,A,07,0,1,1,0,0,0,0,0,0,-,-,33.55839157104492,-117.20146942138672,RIVERSIDE,MURRIETA,-117.20093536376952,33.557769775390625
84418816,2024,2024-10-04,3308,2024-09-16,851,11052,NA,1,5,5,3308,0,0,0,NA,0,NORTH,MENLO AVE,SANTA FE AVE,16,N,N,B,-,N,NA,NA,NA,NA,NA,NA,NA,NA,NA,Y,3,0,1,2,A,-,03,22350,NA,N,C,C,A,A,H,-,A,A,0,NA,NA,NA,NA,Y,NA,A,01,0,1,0,0,0,0,0,0,0,-,-,33.75634002685547,-116.95950317382813,RIVERSIDE,HEMET,-116.96308135986328,33.758460998535156
84419010,2024,2024-10-04,3313,2024-09-20,1042,2199,NA,5,5,7,3313,0,0,0,NA,0,T71,MAGNOLIA AVE,TYLER ST,522,E,N,A,-,N,NA,NA,NA,NA,NA,NA,NA,NA,NA,N,3,0,1,2,A,-,05,21650,1,N,D,G,A,A,H,-,A,D,0,NA,Y,NA,NA,Y,NA,L,04,0,1,0,0,0,0,1,0,0,-,-,33.91143035888672,-117.46199798583984,RIVERSIDE,RIVERSIDE,-117.46011352539063,33.91274642944336
84420285,2024,2024-10-07,3306,2024-08-01,903,2877,NA,4,5,3,3306,0,0,0,NA,0,NA,CAMINO CAMPANERO,PALM DR,0,NA,Y,A,-,N,NA,NA,NA,NA,NA,NA,NA,NA,NA,N,3,0,1,2,A,-,11,21456,A,N,G,B,B,A,H,-,A,A,0,Y,NA,NA,NA,Y,NA,N,60,0,1,0,0,1,0,0,0,0,-,-,NA,NA,RIVERSIDE,DESERT HOT SPRINGS,-116.5015106201172,33.939449310302734
84420402,2024,2024-10-07,3313,2024-08-10,2058,2019,NA,6,5,7,3313,0,0,0,NA,0,3R44,WASHINGTON ST,LINCOLN AVE,0,NA,Y,A,-,N,NA,NA,NA,NA,NA,NA,NA,NA,NA,N,3,0,1,2,A,-,11,21950,B,N,G,B,B,A,H,-,C,D,0,Y,NA,NA,NA,Y,NA,A,01,0,1,0,0,1,0,0,0,0,-,-,33.932071685791016,-117.39218139648438,RIVERSIDE,RIVERSIDE,-117.3918685913086,33.933204650878906
84420811,2024,2024-10-07,3313,2024-09-23,740,2206,NA,1,5,7,3313,0,0,0,NA,0,T75,TYLER ST,HOLE AVE,30,N,N,A,-,N,NA,NA,NA,NA,NA,NA,NA,NA,NA,N,3,0,1,2,A,-,03,22350,NA,N,C,C,A,A,H,-,A,A,0,NA,NA,NA,NA,Y,NA,A,01,0,1,0,0,0,0,0,0,0,-,-,33.91539001464844,-117.46427154541016,RIVERSIDE,RIVERSIDE,-117.4641342163086,33.915279388427734
84420813,2024,2024-10-07,3313,2024-09-24,1620,2029,NA,2,5,7,3313,0,0,0,NA,0,M12,ARLINGTON AVE,MC MAHON ST,0,NA,Y,A,-,N,NA,NA,NA,NA,NA,NA,NA,NA,NA,N,4,0,1,2,A,-,09,21801,A,N,D,C,A,A,H,-,A,D,0,NA,NA,NA,NA,Y,NA,A,01,0,0,1,0,0,0,0,0,0,-,-,NA,NA,RIVERSIDE,RIVERSIDE,-117.38346099853516,33.94636154174805
84420816,2024,2024-10-07,3313,2024-09-26,1227,1026,NA,4,5,7,3313,0,0,0,NA,0,T52,ARLINGTON AVE,MAUDE ST,45,W,N,A,-,N,NA,NA,NA,NA,NA,NA,NA,NA,NA,Y,4,0,2,2,A,-,03,22350,NA,N,C,C,A,A,H,-,A,A,0,NA,NA,NA,NA,Y,NA,D,22,0,0,2,0,0,0,0,0,0,-,-,33.94511032104492,-117.38494873046876,RIVERSIDE,RIVERSIDE,-117.38492584228516,33.946327209472656
84423842,2024,2024-10-09,3300,2024-06-24,1514,3536,NA,1,5,6,3394,0,0,0,NA,0,MV26,DRACAEA AVE,INDIAN ST,372,E,N,A,-,N,NA,NA,NA,NA,NA,NA,NA,NA,NA,Y,1,1,0,1,A,-,08,22107,NA,N,E,I,A,A,H,-,A,D,0,NA,NA,NA,NA,Y,Y,A,08,0,0,0,0,0,0,0,0,0,-,-,33.92808151245117,-117.23493957519533,RIVERSIDE,MORENO VALLEY,-117.23381042480467,33.92816162109375
84424121,2024,2024-10-09,3315,2024-09-20,459,001874,NA,5,5,6,3315,0,0,0,NA,0,004,MAIN ST,KENDALL ST,0,NA,Y,A,-,N,NA,NA,NA,NA,NA,NA,NA,NA,NA,Y,2,0,1,2,A,-,09,21802,A,N,D,C,A,A,H,-,A,A,0,NA,NA,NA,NA,Y,NA,D,22,1,0,0,0,0,0,0,0,0,-,-,NA,NA,RIVERSIDE,CORONA,-117.56771087646484,33.86688232421875
84425614,2024,2024-10-10,3300,2024-09-27,2103,5407,NA,5,5,4,3314,0,0,0,NA,0,074,SAN JACINTO AVE,SHAVER ST,124,N,N,A,-,N,NA,NA,NA,NA,NA,NA,NA,NA,NA,Y,4,0,1,2,A,-,09,21801,A,N,D,C,A,A,H,-,C,A,0,NA,NA,NA,NA,Y,NA,A,07,0,0,1,0,0,0,0,0,0,-,-,33.7777214050293,-116.95880889892578,RIVERSIDE,SAN JACINTO,-116.95883941650392,33.778079986572266
84427035,2024,2024-10-11,3300,2024-10-07,1847,6053,NA,1,5,4,3312,0,0,0,NA,0,032,PERRIS BL,JARVIS ST,110,N,N,A,-,N,NA,NA,NA,NA,NA,NA,NA,NA,NA,N,3,0,2,1,A,-,07,21658,A,N,E,I,A,A,H,-,C,A,0,NA,NA,NA,NA,Y,NA,A,01,0,2,0,0,0,0,0,0,0,-,-,33.79206848144531,-117.22624206542967,RIVERSIDE,PERRIS,-117.22612762451172,33.79228973388672
84428690,2024,2024-10-14,3313,2024-09-30,1638,2222,NA,1,5,7,3313,0,0,0,NA,0,T76,FOURTEENTH ST,FOREST ST,0,NA,Y,A,-,N,NA,NA,NA,NA,NA,NA,NA,NA,NA,N,3,0,1,2,A,-,03,22350,NA,N,C,C,A,A,H,-,A,A,0,NA,NA,NA,NA,Y,NA,A,01,0,1,0,0,0,0,0,0,0,-,-,33.96921157836914,-117.36605834960938,RIVERSIDE,RIVERSIDE,-117.36630249023438,33.97060012817383
84428938,2024,2024-10-14,3315,2024-10-12,2314,005167,NA,6,5,6,3315,0,0,0,NA,0,003,RIMPAU AV,CHASE DR,0,NA,Y,A,-,N,NA,NA,NA,NA,NA,NA,NA,NA,NA,Y,3,0,2,2,A,-,12,21453,A,N,A,C,A,A,H,-,C,A,0,NA,NA,NA,NA,Y,NA,A,01,0,1,1,0,0,0,0,0,0,-,-,33.83906173706055,-117.54689025878906,RIVERSIDE,CORONA,-117.5468978881836,33.83892822265625
84429029,2024,2024-10-14,3300,2024-10-05,1300,N7713,NA,6,5,4,3318,0,0,0,NA,0,T38,MONTEREY AVE,COUNTRY CLUB DR,40,N,N,A,-,N,NA,NA,NA,NA,NA,NA,NA,NA,NA,Y,3,0,1,2,A,-,03,22350,NA,N,C,C,A,A,H,-,A,A,0,NA,NA,NA,NA,Y,NA,A,01,0,1,0,0,0,0,0,0,0,-,-,33.7578010559082,-116.39111328125,RIVERSIDE,PALM DESERT,-116.39127349853516,33.75790786743164
84430637,2024,2024-10-15,3300,2024-03-29,2310,6270,NA,5,5,4,3307,0,0,0,NA,0,090,RAILROAD CANYON RD,WESTRIDGE WAY,0,NA,Y,B,-,N,NA,NA,NA,NA,NA,NA,NA,NA,NA,Y,3,0,1,2,-,-,-,NA,NA,N,A,C,A,A,H,-,C,A,0,NA,NA,NA,NA,Y,NA,-,-,0,1,0,0,0,0,0,0,0,-,-,NA,NA,RIVERSIDE,LAKE ELSINORE,-117.2665786743164,33.66440963745117
84430695,2024,2024-10-15,3300,2024-08-26,1120,6171,NA,1,5,4,3307,0,0,0,NA,0,090,CANYON HILLS RD,WHISPERING WILLOW DR,0,NA,Y,A,-,N,NA,NA,NA,NA,NA,NA,NA,NA,NA,Y,3,0,1,3,-,-,-,NA,NA,N,D,C,A,A,H,-,A,D,0,NA,NA,NA,NA,Y,NA,-,-,0,1,0,0,0,0,0,0,0,-,-,33.65958023071289,-117.24777221679688,RIVERSIDE,LAKE ELSINORE,-117.24803161621094,33.65864181518555
84430804,2024,2025-03-18,3300,2024-08-21,2015,N8091,NA,3,5,3,3305,0,0,0,NA,0,Y82,52ND AV,FREDERICK ST,87,E,N,A,-,N,NA,NA,NA,NA,NA,NA,NA,NA,NA,N,4,0,2,2,A,-,03,22350,NA,N,C,C,A,A,H,-,C,A,0,NA,NA,NA,NA,Y,NA,A,01,0,0,2,0,0,0,0,0,0,-,-,33.67087936401367,-116.19017028808594,RIVERSIDE,COACHELLA,-116.19014739990234,33.67084503173828
84430866,2024,2024-10-15,3349,2024-09-25,754,575,NA,3,5,5,3341,0,0,0,NA,0,004,RIDGELY WAY,LA PIEDRA RD,5,N,N,A,-,N,NA,NA,NA,NA,NA,NA,NA,NA,NA,N,3,0,1,2,A,-,03,22350,NA,N,H,G,A,A,H,-,A,A,0,NA,Y,NA,NA,Y,NA,A,01,0,1,0,0,0,0,1,0,0,-,-,33.67763900756836,-117.1839599609375,RIVERSIDE,MENIFEE,NA,NA
84430920,2024,2024-10-15,3313,2024-06-18,1400,2208,NA,2,5,7,3313,0,0,0,NA,0,T77,VAN BUREN BLVD,GARFIELD ST,40,S,N,A,-,N,NA,NA,NA,NA,NA,NA,NA,NA,NA,N,4,0,1,2,A,-,03,22350,NA,N,C,C,A,A,H,-,A,A,0,NA,NA,NA,NA,Y,NA,A,01,0,0,1,0,0,0,0,0,0,-,-,33.92354965209961,-117.44921875,RIVERSIDE,RIVERSIDE,-117.44904327392578,33.9234504699707
8443165,2017,2017-09-01,3313,2017-08-08,0947,1868,1,2,5,7,3313,0,0,0,NA,0,T70,RIVERSIDE AV,JURUPA AV,354,S,N,A,-,N,NA,NA,NA,NA,NA,NA,NA,NA,NA,N,3,0,1,3,A,-,08,22107,NA,N,C,E,A,A,H,-,A,D,0,NA,NA,NA,NA,Y,NA,A,01,0,1,0,0,0,0,0,0,0,-,-,33.96091,-117.38804,RIVERSIDE,RIVERSIDE,-117.38791572,33.95998009
84432452,2024,2024-10-16,3300,2024-10-09,752,6552,NA,3,5,6,3394,0,0,0,NA,0,MV32,CACTUS AVE,VETERANS WAY,868,E,N,A,-,N,NA,NA,NA,NA,NA,NA,NA,NA,NA,Y,3,0,1,4,A,-,03,22350,NA,N,C,C,A,A,H,-,A,D,0,NA,NA,NA,NA,Y,NA,A,01,0,1,0,0,0,0,0,0,0,-,-,33.910099029541016,-117.2665786743164,RIVERSIDE,MORENO VALLEY,-117.26365661621094,33.91014862060547
84437338,2024,2024-12-13,3308,2024-09-25,1614,10746,NA,3,5,5,3308,0,0,0,NA,0,NORTH,FLORIDA AVE,SANTA FE ST,0,NA,Y,A,-,Y,NA,NA,NA,NA,NA,NA,NA,NA,NA,Y,4,0,1,2,A,-,09,21801,A,N,D,C,A,A,H,-,A,A,0,NA,NA,NA,NA,Y,NA,J,48,0,0,1,0,0,0,0,0,0,-,-,33.745548248291016,-116.95953369140624,RIVERSIDE,HEMET,-116.96299743652344,33.747589111328125
84441264,2024,2024-10-23,3300,2024-10-20,1118,4323,NA,7,5,5,3335,0,0,0,NA,0,062,YNEZ RD,PROMENADE MALL SOUTH,0,NA,Y,A,-,N,NA,NA,NA,NA,NA,NA,NA,NA,NA,Y,4,0,1,2,A,-,12,21453,A,N,D,C,A,A,H,-,A,A,0,NA,NA,NA,NA,Y,NA,A,01,0,0,1,0,0,0,0,0,0,-,-,33.52170944213867,-117.15701293945313,RIVERSIDE,TEMECULA,-117.15699005126952,33.521724700927734
84441267,2024,2024-10-23,3300,2024-09-29,2202,6225,NA,7,5,6,3345,0,0,0,NA,0,020,SUNNY CI,SKY COUNTRY DR,59,N,N,B,-,N,NA,NA,NA,NA,NA,NA,NA,NA,NA,N,3,0,2,2,A,-,01,23152,A,N,C,E,A,A,H,-,D,A,0,NA,NA,NA,NA,Y,Y,A,07,0,2,0,0,0,0,0,0,0,-,-,33.97636032104492,-117.5267333984375,RIVERSIDE,JURUPA VALLEY,-117.526611328125,33.97637176513672
84441317,2024,2024-10-23,3300,2024-09-10,1947,5486,NA,2,5,6,3394,0,0,0,NA,0,MV26,PERRIS BLVD,SUNNYMEAD BLVD,0,NA,Y,A,-,N,NA,NA,NA,NA,NA,NA,NA,NA,NA,Y,4,0,1,2,A,-,12,21453,A,N,B,C,A,A,H,-,C,A,0,NA,NA,NA,NA,Y,NA,A,01,0,0,1,0,0,0,0,0,0,-,-,33.93893814086914,-117.22612762451172,RIVERSIDE,MORENO VALLEY,-117.22637939453124,33.939117431640625
84441325,2024,2024-10-23,3300,2024-10-16,1401,4695,NA,3,5,6,3394,0,0,0,NA,0,MV14,IRONWOOD AVE,ATHENS DR,0,NA,Y,A,-,N,NA,NA,NA,NA,NA,NA,NA,NA,NA,N,3,0,2,2,-,-,-,NA,NA,N,D,C,A,A,H,-,A,A,0,NA,NA,NA,NA,Y,NA,-,-,0,1,1,0,0,0,0,0,0,-,-,33.94655990600586,-117.27645874023438,RIVERSIDE,MORENO VALLEY,-117.27645874023438,33.946632385253906
8444372,2017,2017-09-15,3300,2017-09-01,1626,4713,910P,5,5,5,3335,0,0,0,NA,0,069,PECHANGA PKWY,CASINO DR,0,NA,Y,A,-,N,NA,NA,NA,NA,NA,NA,NA,NA,NA,Y,4,0,2,2,A,-,12,21453,A,N,D,C,A,A,H,-,A,A,0,NA,NA,NA,NA,Y,NA,A,01,0,0,2,0,0,0,0,0,0,-,-,NA,NA,RIVERSIDE,TEMECULA,-117.10345012,33.45629004