CASE_ID,ACCIDENT_YEAR,PROC_DATE,JURIS,COLLISION_DATE,COLLISION_TIME,OFFICER_ID,REPORTING_DISTRICT,DAY_OF_WEEK,CHP_SHIFT,POPULATION,CNTY_CITY_LOC,SPECIAL_COND,BEAT_TYPE,CHP_BEAT_TYPE,CITY_DIVISION_LAPD,CHP_BEAT_CLASS,BEAT_NUMBER,PRIMARY_RD,SECONDARY_RD,DISTANCE,DIRECTION,INTERSECTION,WEATHER_1,WEATHER_2,STATE_HWY_IND,CALTRANS_COUNTY,CALTRANS_DISTRICT,STATE_ROUTE,ROUTE_SUFFIX,POSTMILE_PREFIX,POSTMILE,LOCATION_TYPE,RAMP_INTERSECTION,SIDE_OF_HWY,TOW_AWAY,COLLISION_SEVERITY,NUMBER_KILLED,NUMBER_INJURED,PARTY_COUNT,PRIMARY_COLL_FACTOR,PCF_CODE_OF_VIOL,PCF_VIOL_CATEGORY,PCF_VIOLATION,PCF_VIOL_SUBSECTION,HIT_AND_RUN,TYPE_OF_COLLISION,MVIW,PED_ACTION,ROAD_SURFACE,ROAD_COND_1,ROAD_COND_2,LIGHTING,CONTROL_DEVICE,CHP_ROAD_TYPE,PEDESTRIAN_ACCIDENT,BICYCLE_ACCIDENT,MOTORCYCLE_ACCIDENT,TRUCK_ACCIDENT,NOT_PRIVATE_PROPERTY,ALCOHOL_INVOLVED,STWD_VEHTYPE_AT_FAULT,CHP_VEHTYPE_AT_FAULT,COUNT_SEVERE_INJ,COUNT_VISIBLE_INJ,COUNT_COMPLAINT_PAIN,COUNT_PED_KILLED,COUNT_PED_INJURED,COUNT_BICYCLIST_KILLED,COUNT_BICYCLIST_INJURED,COUNT_MC_KILLED,COUNT_MC_INJURED,PRIMARY_RAMP,SECONDARY_RAMP,LATITUDE,LONGITUDE,COUNTY,CITY,POINT_X,POINT_Y
8763590,2018,2019-01-02,3313,2018-12-03,1943,1526,2,1,5,7,3313,0,0,0,NA,0,3R36,CANYON CREST DR,CENTRAL AV,0,NA,Y,A,-,N,NA,NA,NA,NA,NA,NA,NA,NA,NA,Y,4,0,1,2,A,-,03,22350,NA,N,C,C,A,A,H,-,C,A,0,NA,NA,NA,NA,Y,NA,A,01,0,0,1,0,0,0,0,0,0,-,-,33.95500183105469,-117.32900238037108,RIVERSIDE,RIVERSIDE,-117.32908630371094,33.95499038696289
8763986,2018,2019-01-11,3300,2018-11-10,2111,5171,916D,6,5,4,3312,0,0,0,NA,0,035,4TH ST,G ST,0,NA,Y,A,-,N,NA,NA,NA,NA,NA,NA,NA,NA,NA,Y,4,0,1,2,A,-,12,21453,A,F,B,C,A,A,H,-,C,A,0,NA,NA,NA,NA,Y,NA,-,NA,0,0,1,0,0,0,0,0,0,-,-,NA,NA,RIVERSIDE,PERRIS,-117.22174072265624,33.782371520996094
8765968,2018,2019-01-07,3313,2018-11-26,1414,1073,5,1,5,7,3313,0,0,0,NA,0,M31,MAGNOLIA AV,SKOFSTAD ST,0,NA,Y,A,-,N,NA,NA,NA,NA,NA,NA,NA,NA,NA,N,4,0,1,2,A,-,12,21453,A,N,D,C,A,A,H,-,A,A,0,NA,NA,NA,NA,Y,NA,A,01,0,0,1,0,0,0,0,0,0,-,-,33.90399932861328,-117.4739990234375,RIVERSIDE,RIVERSIDE,-117.47463989257813,33.904510498046875
8767370,2018,2019-01-03,3301,2018-10-03,1325,U291,10,3,5,4,3301,0,0,0,NA,0,001,N SAN GORGONIO,GILMAN ST,175,N,N,A,-,N,NA,NA,NA,NA,NA,NA,NA,NA,NA,Y,3,0,1,1,A,-,08,22107,NA,N,E,I,A,A,H,-,A,D,0,NA,NA,NA,NA,Y,NA,-,NA,0,1,0,0,0,0,0,0,0,-,-,33.93619918823242,-116.87677001953124,RIVERSIDE,BANNING,-116.87679290771484,33.93668746948242
8767484,2018,2019-01-03,3325,2018-10-24,0325,535C,DESER,3,5,4,3325,0,0,0,NA,0,003,MODALO RD,POLE #4207358E,56,W,N,A,-,N,NA,NA,NA,NA,NA,NA,NA,NA,NA,Y,3,0,1,1,A,-,01,23152,NA,N,E,I,A,A,H,-,C,D,0,NA,NA,NA,NA,Y,Y,A,01,0,1,0,0,0,0,0,0,0,-,-,NA,NA,RIVERSIDE,CATHEDRAL CITY,NA,NA
8769209,2018,2019-01-26,3315,2018-12-26,1637,002089,3A,3,5,6,3315,0,0,0,NA,0,002,6TH ST,HOWARD ST,0,NA,Y,A,B,N,NA,NA,NA,NA,NA,NA,NA,NA,NA,Y,4,0,1,2,A,-,09,21802,A,F,D,C,A,A,H,-,A,A,0,NA,NA,NA,NA,Y,NA,A,01,0,0,1,0,0,0,0,0,0,-,-,NA,NA,RIVERSIDE,CORONA,-117.5626220703125,33.8749885559082
8770187,2018,2019-01-10,3300,2018-12-10,0530,5228,910Q,1,5,5,3335,0,0,0,NA,0,070,PECHANGA PKWY,RAINBOW CANYON RD,257,N,N,A,-,N,NA,NA,NA,NA,NA,NA,NA,NA,NA,N,2,0,1,2,A,-,11,21954,A,N,G,B,D,A,H,-,D,D,0,Y,NA,NA,NA,Y,NA,N,60,1,0,0,0,1,0,0,0,0,-,-,33.473480224609375,-117.12709808349608,RIVERSIDE,TEMECULA,-117.12779235839844,33.47389221191406
8770664,2018,2019-02-19,3300,2018-12-29,0708,4730,011C,6,5,4,3344,0,0,0,NA,0,061,LIMONITE AV,RT 15,44,S,N,A,-,Y,RIV,8,15,-,-,48.434,R,4,S,N,4,0,1,2,A,-,08,22107,NA,N,A,C,A,A,H,-,A,A,0,NA,NA,NA,NA,Y,NA,A,01,0,0,1,0,0,0,0,0,0,-,SF,NA,NA,RIVERSIDE,EASTVALE,-117.54904174804688,33.97770690917969
8770684,2018,2019-01-18,3300,2018-12-14,1413,N4225,905K,5,5,4,3307,0,0,0,NA,0,L93,MACHADO ST,GRANT DR,17,W,N,A,-,N,NA,NA,NA,NA,NA,NA,NA,NA,NA,Y,4,0,2,2,A,-,09,21801,A,N,D,C,A,A,H,-,A,D,0,NA,NA,NA,NA,Y,NA,A,07,0,0,2,0,0,0,0,0,0,-,-,33.67694091796875,-117.38453674316406,RIVERSIDE,LAKE ELSINORE,-117.38451385498048,33.677001953125
8770690,2018,2019-01-16,3300,2018-11-27,0753,3611,603C2,2,5,6,3394,0,0,0,NA,0,MV36,CACTUS AV,AGAVE ST,0,NA,Y,A,-,N,NA,NA,NA,NA,NA,NA,NA,NA,NA,Y,4,0,3,2,A,-,09,21802,A,N,D,C,A,A,H,-,A,A,0,NA,NA,NA,NA,Y,NA,D,22,0,0,3,0,0,0,0,0,0,-,-,33.939910888671875,-117.22257995605467,RIVERSIDE,MORENO VALLEY,-117.222412109375,33.91006088256836
8772334,2018,2019-01-12,3315,2018-12-21,1750,002847,1E,5,5,6,3315,0,0,0,NA,0,001,AUBURNDALE ST,BLOSSOM HILL DR,118,S,N,A,-,N,NA,NA,NA,NA,NA,NA,NA,NA,NA,Y,4,0,1,3,A,-,08,22107,NA,N,D,E,A,A,H,-,C,A,0,NA,NA,NA,NA,Y,NA,A,01,0,0,1,0,0,0,0,0,0,-,-,33.90232849121094,-117.57874298095705,RIVERSIDE,CORONA,-117.57906341552734,33.90214920043945
8773590,2018,2019-01-31,3308,2018-11-17,0431,10377,515,6,5,5,3308,0,0,0,NA,0,NORTH,FLORIDA AV,KIRBY ST,640,W,N,A,-,Y,RIV,8,74,-,-,38.86,H,-,W,N,2,0,1,2,A,-,11,21954,A,F,G,B,E,A,H,-,C,A,0,Y,NA,NA,NA,Y,NA,N,60,1,0,0,0,1,0,0,0,0,-,-,33.74755859375,-116.99784088134766,RIVERSIDE,HEMET,-117.00001525878906,33.747440338134766
8774310,2018,2019-01-23,3315,2018-12-20,0805,001641,6B,4,5,6,3315,0,0,0,NA,0,NA,GRAND BL N,3RD ST W,0,NA,Y,A,-,N,NA,NA,NA,NA,NA,NA,NA,NA,NA,NA,3,0,1,2,A,-,12,21453,A,N,D,C,A,A,H,-,A,A,0,NA,NA,NA,NA,Y,NA,A,01,0,1,0,0,0,0,0,0,0,-,-,NA,NA,RIVERSIDE,CORONA,-117.57254028320313,33.87919998168945
8774627,2018,2019-01-16,3300,2018-12-11,1145,N5997,910G,2,5,5,3335,0,0,0,NA,0,062,YNEZ RD,SOLANA WY,285,N,N,A,-,N,NA,NA,NA,NA,NA,NA,NA,NA,NA,N,4,0,2,2,A,-,03,22350,NA,N,C,C,A,B,H,-,A,D,0,NA,NA,NA,NA,Y,NA,A,01,0,0,2,0,0,0,0,0,0,-,-,NA,NA,RIVERSIDE,TEMECULA,-117.15550994873048,33.515159606933594
8775044,2018,2019-02-01,3300,2018-12-17,1233,4957,806A,1,5,3,3343,0,0,0,NA,0,086,CLINTON KEITH RD,GEORGE AV,0,NA,Y,A,-,N,NA,NA,NA,NA,NA,NA,NA,NA,NA,Y,4,0,1,2,A,-,12,21453,A,N,D,C,A,A,H,-,A,A,0,NA,NA,NA,NA,Y,NA,A,01,0,0,1,0,0,0,0,0,0,-,-,33.59775924682617,-117.24115753173828,RIVERSIDE,WILDOMAR,-117.24082946777344,33.59770965576172
8775417,2018,2019-02-01,3313,2018-12-21,2150,1491,4,5,5,7,3313,0,0,0,NA,0,3R46,ARLINGTON AV,STREETER AV,0,NA,Y,A,-,N,NA,NA,NA,NA,NA,NA,NA,NA,NA,Y,4,0,2,2,D,-,00,NA,NA,N,A,C,A,A,H,-,C,A,0,NA,NA,NA,NA,Y,NA,-,-,0,0,2,0,0,0,0,0,0,-,-,33.94580841064453,-117.41828918457033,RIVERSIDE,RIVERSIDE,-117.41851043701172,33.94606018066406
8775899,2018,2019-01-26,3302,2018-12-16,1621,1046,NA,7,5,3,3302,0,0,0,NA,0,003,6TH ST,WELLWOOD AV,0,NA,Y,A,-,N,NA,NA,NA,NA,NA,NA,NA,NA,NA,Y,4,0,1,3,A,-,12,22450,A,N,D,C,A,A,H,-,C,A,0,NA,NA,NA,NA,Y,NA,A,01,0,0,1,0,0,0,0,0,0,-,-,33.93061828613281,-116.98365020751952,RIVERSIDE,BEAUMONT,-116.9835968017578,33.93054962158203
8777154,2018,2019-01-25,3300,2018-12-07,1713,4828,32B5,5,5,4,3318,0,0,0,NA,0,032,PORTOLA AV,SETTING SUN TRL,10,S,N,A,-,N,NA,NA,NA,NA,NA,NA,NA,NA,NA,Y,3,0,1,2,A,-,08,22107,NA,N,B,C,A,A,H,-,B,D,0,NA,NA,NA,Y,Y,NA,A,01,0,1,0,0,0,0,0,0,0,-,-,NA,NA,RIVERSIDE,PALM DESERT,-116.37364959716795,33.71200180053711
8777321,2018,2019-01-30,3300,2018-12-14,1717,5221,24C2,5,5,3,3317,0,0,0,NA,0,NA,DINAH SHORE DR,BOB HOPE DR,0,NA,Y,A,-,N,NA,NA,NA,NA,NA,NA,NA,NA,NA,Y,4,0,1,2,A,-,12,21453,A,N,D,C,A,A,H,-,C,A,0,NA,NA,NA,NA,Y,NA,A,01,0,0,1,0,0,0,0,0,0,-,-,33.801639556884766,-116.40592193603516,RIVERSIDE,RANCHO MIRAGE,-116.40602111816406,33.801788330078125
8778489,2018,2019-02-25,3313,2018-12-31,1816,1575,3,1,5,7,3313,0,0,0,NA,0,M12,SYCAMORE CANYON BL,RT 215,56,N,N,A,-,Y,RIV,8,215,-,R,38.744,R,4,S,N,4,0,1,2,A,-,03,22350,NA,N,C,C,A,A,H,-,C,A,0,NA,NA,NA,NA,Y,NA,A,07,0,0,1,0,0,0,0,0,0,-,SO,33.94599914550781,-117.3010025024414,RIVERSIDE,RIVERSIDE,-117.29930114746094,33.946746826171875
8779428,2019,2019-02-11,3300,2019-01-24,1614,4630,82E2,4,5,3,3305,0,0,0,NA,0,082,CESAR CHAVEZ ST,CALLE VERDE,0,NA,Y,A,-,N,NA,NA,NA,NA,NA,NA,NA,NA,NA,Y,4,0,3,3,A,-,09,21802,A,N,D,C,A,A,H,-,A,A,0,NA,NA,NA,NA,Y,NA,A,01,0,0,3,0,0,0,0,0,0,-,-,NA,NA,RIVERSIDE,COACHELLA,-116.181723,33.667441
8779822,2018,2019-01-31,3300,2018-11-16,1417,N6265,001G,5,5,6,3345,0,0,0,NA,0,014,RUBIDOUX BL,RT 60,0,NA,Y,A,-,Y,RIV,8,60,-,-,9.355,R,4,E,N,4,0,1,2,A,-,08,22107,NA,N,B,C,A,A,H,-,A,A,0,NA,NA,NA,Y,Y,NA,G,75,0,0,1,0,0,0,0,0,0,-,EF,NA,NA,RIVERSIDE,JURUPA VALLEY,-117.40394592285156,34.00419235229492
8782071,2018,2019-01-30,3311,2018-12-18,1435,15302,NA,2,5,4,3311,0,0,0,NA,0,006,RAMON RD,LANDAU BL,573,W,N,A,-,N,NA,NA,NA,NA,NA,NA,NA,NA,NA,Y,3,0,2,3,A,-,03,22350,NA,N,C,C,A,A,H,-,A,A,0,NA,NA,NA,NA,Y,NA,A,07,0,1,1,0,0,0,0,0,0,-,-,33.81583023071289,-116.47693634033205,RIVERSIDE,PALM SPRINGS,-116.47745513916016,33.815895080566406
8782624,2018,2019-01-30,3313,2018-12-27,0015,1921,3,4,5,7,3313,0,0,0,NA,0,1R35,TRAUTWEIN RD,JOHN F KENNEDY DR,0,NA,Y,A,-,N,NA,NA,NA,NA,NA,NA,NA,NA,NA,Y,4,0,1,2,A,-,09,21453,C,N,D,C,A,A,H,-,C,A,0,NA,NA,NA,NA,Y,NA,D,22,0,0,1,0,0,0,0,0,0,-,-,NA,NA,RIVERSIDE,RIVERSIDE,-117.32633209228516,33.90193176269531
8782727,2018,2019-01-28,3313,2018-12-18,1209,1686,5,2,5,7,3313,0,0,0,NA,0,T58,VAN BUREN BL,MORRIS ST,0,NA,Y,A,-,N,NA,NA,NA,NA,NA,NA,NA,NA,NA,Y,3,0,3,2,A,-,12,21453,A,N,D,C,A,A,H,-,A,A,0,NA,NA,NA,NA,Y,NA,A,01,0,2,1,0,0,0,0,0,0,-,-,33.9528694152832,-117.45453643798828,RIVERSIDE,RIVERSIDE,-117.45442962646484,33.9527702331543
8782731,2018,2019-01-28,3313,2018-12-25,1228,1575,W,2,5,7,3313,0,0,0,NA,0,M12,VAN BUREN BL,CALIFORNIA AV,381,N,N,A,-,N,NA,NA,NA,NA,NA,NA,NA,NA,NA,N,3,0,2,2,A,-,12,21453,A,N,D,C,A,A,H,-,A,A,0,NA,NA,NA,NA,Y,NA,A,08,0,1,1,0,0,0,0,0,0,-,-,33.926658630371094,-117.45171356201172,RIVERSIDE,RIVERSIDE,-117.45246124267578,33.92742919921875
8782735,2018,2019-01-28,3313,2018-12-24,1702,1575,5,1,5,7,3313,0,0,0,NA,0,M12,LA SIERRA AV,ARIZONA AV,0,NA,Y,A,-,N,NA,NA,NA,NA,NA,NA,NA,NA,NA,N,4,0,2,2,A,-,12,21453,A,N,D,C,A,A,H,-,C,A,0,NA,NA,NA,NA,Y,NA,A,01,0,0,2,0,0,0,0,0,0,-,-,33.89081954956055,-117.46611785888672,RIVERSIDE,RIVERSIDE,-117.46610260009766,33.8909912109375
8782791,2018,2019-01-25,3313,2018-12-04,1327,1499,4,2,5,7,3313,0,0,0,NA,0,M34,CENTRAL AV,WILDERNESS AV,300,E,N,A,-,N,NA,NA,NA,NA,NA,NA,NA,NA,NA,Y,4,0,1,1,A,-,08,22107,NA,N,E,I,A,A,H,-,A,D,0,NA,NA,NA,NA,Y,NA,A,01,0,0,1,0,0,0,0,0,0,-,-,NA,NA,RIVERSIDE,RIVERSIDE,-117.446044921875,33.9562873840332
8782986,2019,2019-02-05,3313,2019-01-09,0233,1908,1,3,5,7,3313,0,0,0,NA,0,1R19,OLIVEWOOD AV,PROSPECT AV E,348,N,N,A,-,N,NA,NA,NA,NA,NA,NA,NA,NA,NA,Y,4,0,1,3,A,-,08,22107,NA,N,C,E,A,A,H,-,C,D,0,NA,NA,NA,NA,Y,NA,D,22,0,0,1,0,0,0,0,0,0,-,-,33.971839904785156,-117.3760986328125,RIVERSIDE,RIVERSIDE,-117.37588500976563,33.97268295288086
8783029,2018,2019-02-20,3313,2018-12-15,1733,1526,3,6,5,7,3313,0,0,0,NA,0,3R36,CANYON CREST DR,VIA VISTA DR,0,NA,Y,A,-,N,NA,NA,NA,NA,NA,NA,NA,NA,NA,Y,4,0,3,2,A,-,12,21453,NA,N,A,C,A,A,H,-,C,A,0,NA,NA,NA,NA,Y,NA,-,-,0,0,3,0,0,0,0,0,0,-,-,33.93484878540039,-117.33570861816406,RIVERSIDE,RIVERSIDE,-117.33582305908205,33.934600830078125
8783364,2018,2019-01-26,3315,2018-12-30,1444,001636,5A,7,5,6,3315,0,0,0,NA,0,004,WEST 6TH ST,AVENIDA DEL VISTA,187,W,N,A,-,N,NA,NA,NA,NA,NA,NA,NA,NA,NA,N,4,0,1,2,A,-,03,22350,NA,M,C,C,A,A,H,-,A,A,0,NA,NA,NA,NA,Y,NA,-,NA,0,0,1,0,0,0,0,0,0,-,-,NA,NA,RIVERSIDE,CORONA,-117.59731292724608,33.87868118286133
8785056,2018,2019-01-26,3313,2018-12-21,1326,1389,5,5,5,7,3313,0,0,0,NA,0,T53,LA SIERRA AV,CAMPBELL AV,24,N,N,A,-,N,NA,NA,NA,NA,NA,NA,NA,NA,NA,N,4,0,4,2,A,-,12,21453,A,N,D,C,A,A,H,-,A,A,0,NA,NA,NA,NA,Y,NA,A,01,0,0,4,0,0,0,0,0,0,-,-,33.932491302490234,-117.49550628662108,RIVERSIDE,RIVERSIDE,-117.49556732177734,33.93243408203125
8785092,2018,2019-01-26,3313,2018-12-25,0037,1831,2,2,5,7,3313,0,0,0,NA,0,1R29,IOWA AV,COLUMBIA AV,0,NA,Y,B,-,N,NA,NA,NA,NA,NA,NA,NA,NA,NA,Y,3,0,1,1,A,-,08,22107,NA,N,E,I,A,B,H,-,C,A,0,NA,NA,NA,NA,Y,NA,A,01,0,1,0,0,0,0,0,0,0,-,-,34.0012092590332,-117.3397979736328,RIVERSIDE,RIVERSIDE,-117.33981323242188,34.00115966796875
8786248,2019,2019-02-05,3315,2019-01-22,1744,002661,13C,2,5,6,3315,0,0,0,NA,0,003,ONTARIO AV,FULLERTON AV,0,NA,Y,A,-,N,NA,NA,NA,NA,NA,NA,NA,NA,NA,N,4,0,1,2,A,-,12,21453,A,N,D,C,A,A,H,-,C,A,0,NA,NA,NA,NA,Y,NA,A,01,0,0,1,0,0,0,0,0,0,-,-,33.85145950317383,-117.55136108398438,RIVERSIDE,CORONA,-117.55132293701172,33.851531982421875
8786284,2019,2019-02-04,3315,2019-01-04,1136,001531,6B,5,5,6,3315,0,0,0,NA,0,NA,3RD ST,BELLE AV,0,NA,Y,A,-,N,NA,NA,NA,NA,NA,NA,NA,NA,NA,N,4,0,3,3,A,-,12,22450,A,N,D,C,A,A,H,-,A,A,0,NA,NA,NA,NA,Y,NA,A,07,0,0,3,0,0,0,0,0,0,-,-,NA,NA,RIVERSIDE,CORONA,-117.56838989257813,33.87874984741211
8786445,2018,2019-02-06,3309,2018-12-24,1302,230,3309,1,5,4,3309,0,0,0,NA,0,004,MONROE ST,DOCTOR CARREON BL,12,E,N,A,-,N,NA,NA,NA,NA,NA,NA,NA,NA,NA,N,4,0,1,3,A,-,12,21453,A,N,D,C,A,A,H,-,A,A,0,NA,NA,NA,NA,Y,NA,A,01,0,0,1,0,0,0,0,0,0,-,-,NA,NA,RIVERSIDE,INDIO,-116.23387145996094,33.707401275634766
8787281,2018,2019-02-19,3313,2018-12-05,0547,1855,1,3,5,7,3313,0,0,0,NA,0,1R15,LA CADENA DR,INTERCHANGE ST,0,NA,Y,A,-,Y,RIV,8,215,-,-,43.955,R,4,S,N,4,0,1,2,A,-,12,22450,A,M,D,C,A,A,H,-,B,A,0,NA,NA,NA,NA,Y,NA,A,01,0,0,1,0,0,0,0,0,0,-,-,34.002681732177734,-117.3520278930664,RIVERSIDE,RIVERSIDE,-117.35163116455078,34.00208282470703
8787346,2018,2019-02-19,3308,2018-12-28,1009,4189,516,5,5,5,3308,0,0,0,NA,0,NORTH,STATE ST,FLORIDA AV,25,N,N,A,-,Y,RIV,8,74,-,-,40.588,I,6,W,N,4,0,1,2,A,-,03,22350,NA,N,C,C,A,A,H,-,A,A,0,NA,NA,NA,NA,Y,NA,A,01,0,0,1,0,0,0,0,0,0,-,-,33.74760055541992,-116.9717025756836,RIVERSIDE,HEMET,-116.97169494628906,33.74760818481445
8787923,2018,2019-01-26,3300,2018-12-31,1510,N4187,916A,1,5,4,3312,0,0,0,NA,0,031,PERRIS BL,PERRY ST,343,S,N,A,-,N,NA,NA,NA,NA,NA,NA,NA,NA,NA,Y,4,0,1,2,A,-,08,22107,NA,N,D,C,A,A,H,-,A,A,0,NA,NA,NA,NA,Y,NA,A,01,0,0,1,0,0,0,0,0,0,-,-,33.848209381103516,-117.22595977783205,RIVERSIDE,PERRIS,-117.22605895996094,33.847259521484375
8788723,2019,2019-02-02,3300,2019-01-11,1227,4211,30D3,5,5,4,3318,0,0,0,NA,0,T30,EL PASEO,PLAZA WY,240,E,N,B,-,N,NA,NA,NA,NA,NA,NA,NA,NA,NA,N,3,0,1,2,A,-,08,22100,A,N,D,G,A,A,H,-,A,A,0,NA,Y,NA,NA,Y,NA,A,01,0,1,0,0,0,0,1,0,0,-,-,NA,NA,RIVERSIDE,PALM DESERT,-116.39359283447266,33.719764709472656
8789466,2019,2019-02-05,3300,2019-01-25,1656,3968,910A,5,5,5,3335,0,0,0,NA,0,062,HARVESTON DR,HARVESTON SCHOOL RD,0,NA,Y,A,-,N,NA,NA,NA,NA,NA,NA,NA,NA,NA,N,3,0,1,2,A,-,12,22450,A,N,H,G,A,A,H,-,A,B,0,NA,Y,NA,NA,Y,NA,L,04,0,1,0,0,0,0,1,0,0,-,-,33.540958404541016,-117.15242004394533,RIVERSIDE,TEMECULA,-117.1523895263672,33.540828704833984
8789515,2018,2019-02-07,3300,2018-12-07,1638,N6265,020E4,5,5,6,3345,0,0,0,NA,0,016,RIVERVIEW DR,42ND ST,20,N,N,A,-,N,NA,NA,NA,NA,NA,NA,NA,NA,NA,Y,4,0,1,2,A,-,03,22350,NA,N,C,C,A,A,H,-,B,A,0,NA,NA,NA,NA,Y,NA,A,07,0,0,1,0,0,0,0,0,0,-,-,33.997249603271484,-117.41777801513672,RIVERSIDE,JURUPA VALLEY,-117.41755676269533,33.99722671508789
8789745,2019,2019-02-12,3300,2019-01-16,1737,2931,509A,3,5,5,3341,0,0,0,NA,0,059,ANTELOPE RD,STILLWATER DR,0,NA,Y,A,-,N,NA,NA,NA,NA,NA,NA,NA,NA,NA,Y,4,0,2,2,A,-,03,22350,NA,N,C,C,A,A,H,-,C,A,0,NA,NA,NA,NA,Y,Y,D,22,0,0,2,0,0,0,0,0,0,-,-,33.68149948120117,-117.16838836669922,RIVERSIDE,MENIFEE,-117.16835784912108,33.68138122558594
8789901,2019,2019-02-22,3300,2019-01-22,1721,3747,001L4,2,5,6,3345,0,0,0,NA,0,016,MISSION BL,AVALON ST,262,W,N,A,-,N,NA,NA,NA,NA,NA,NA,NA,NA,NA,Y,4,0,1,2,A,-,03,22350,NA,N,C,C,A,A,H,-,C,D,0,NA,NA,NA,NA,Y,NA,D,22,0,0,1,0,0,0,0,0,0,-,-,33.98942947387695,-117.40994262695313,RIVERSIDE,JURUPA VALLEY,-117.41059112548828,33.998653411865234
8790024,2019,2019-02-06,3300,2019-01-11,1511,3747,002V,5,5,6,3345,0,0,0,NA,0,026,DODD ST,56TH ST,0,NA,Y,A,-,N,NA,NA,NA,NA,NA,NA,NA,NA,NA,N,4,0,1,2,A,-,12,22450,A,N,D,C,A,A,H,-,A,A,0,NA,NA,Y,NA,Y,NA,C,02,0,0,1,0,0,0,0,0,1,-,-,33.8631591796875,-117.50911712646484,RIVERSIDE,JURUPA VALLEY,-117.50914001464844,33.986358642578125
8790655,2019,2019-02-08,3300,2019-01-09,1115,5129,501A,3,5,5,3341,0,0,0,NA,0,051,ADAMS AV,2ND ST,280,E,N,A,-,N,NA,NA,NA,NA,NA,NA,NA,NA,NA,N,3,0,1,2,C,-,18,NA,NA,N,G,B,F,A,H,-,A,D,0,Y,NA,NA,NA,Y,NA,-,-,0,1,0,0,1,0,0,0,0,-,-,NA,NA,RIVERSIDE,MENIFEE,-117.1750946044922,33.74814987182617
8791134,2019,2019-02-04,3300,2019-01-27,1444,4713,910T,7,5,5,3335,0,0,0,NA,0,070,VAIL RANCH PKWY,OVERLAND TRL,0,NA,Y,A,-,N,NA,NA,NA,NA,NA,NA,NA,NA,NA,Y,4,0,3,2,A,-,09,21802,A,N,D,C,A,A,H,-,A,A,0,NA,NA,NA,NA,Y,NA,A,01,0,0,3,0,0,0,0,0,0,-,-,NA,NA,RIVERSIDE,TEMECULA,-117.08704376220705,33.477630615234375
8791203,2019,2019-02-11,3300,2019-01-15,1900,5127,NA,2,5,3,3392,0,0,0,NA,0,LA41,WASHINGTON ST,SIMON DR,838,S,N,B,C,N,NA,NA,NA,NA,NA,NA,NA,NA,NA,Y,4,0,1,2,A,-,03,22350,NA,N,C,C,A,B,H,-,C,D,0,NA,NA,NA,NA,Y,NA,D,22,0,0,1,0,0,0,0,0,0,-,-,33.712669372558594,-116.29496002197266,RIVERSIDE,LA QUINTA,-116.29460906982422,33.71019744873047
8792193,2019,2019-02-26,3309,2019-01-24,1638,332,3309,4,5,4,3309,0,0,0,NA,0,003,RT 111,GOLF CENTER PKWY,0,NA,Y,A,-,N,NA,NA,NA,NA,NA,NA,NA,NA,NA,N,4,0,1,2,A,-,12,21453,A,N,D,C,A,A,H,-,A,A,0,NA,NA,Y,NA,Y,NA,A,07,0,0,1,0,0,0,0,0,0,-,-,NA,NA,RIVERSIDE,INDIO,-116.20061,33.7267
8793973,2018,2019-02-27,3300,2018-12-18,1911,5237,NA,2,5,3,3343,0,0,0,NA,0,NA,PORRAS RD,BAXTER RD,0,NA,Y,A,-,N,NA,NA,NA,NA,NA,NA,NA,NA,NA,N,3,0,1,2,A,-,03,22350,NA,N,D,C,A,A,H,-,C,D,0,NA,NA,NA,NA,Y,NA,A,01,0,1,0,0,0,0,0,0,0,-,-,33.61231994628906,-117.24086761474608,RIVERSIDE,WILDOMAR,-117.24069213867188,33.61225891113281
8794726,2019,2019-05-14,3302,2019-01-23,1320,764,3302,3,5,3,3302,0,0,0,NA,0,003,BEAUMONT AV,1ST ST,0,NA,Y,A,-,Y,RIV,8,79,-,-,40.084,I,5,N,Y,4,0,1,3,A,-,12,21453,A,N,D,C,A,A,H,-,A,A,0,NA,NA,NA,NA,Y,NA,A,01,0,0,1,0,0,0,0,0,0,-,-,33.92169952392578,-116.9771728515625,RIVERSIDE,BEAUMONT,-116.97714996337892,33.921695709228516
8795126,2019,2019-04-11,3300,2019-01-05,1745,5244,012G,6,5,4,3344,0,0,0,NA,0,064,ARCHIBALD AV,SCHLEISMAN RD,0,NA,Y,A,-,N,NA,NA,NA,NA,NA,NA,NA,NA,NA,N,4,0,1,2,D,-,00,NA,NA,N,C,C,A,A,H,-,C,A,0,NA,NA,NA,Y,Y,NA,-,-,0,0,1,0,0,0,0,0,0,-,-,NA,NA,RIVERSIDE,EASTVALE,-117.59323120117188,33.96089172363281
8795299,2018,2019-02-08,3342,2018-12-06,1154,782,563,4,5,4,3342,0,0,0,NA,0,005,MURRIETA HOT SPRINGS RD,JACKSON AV,243,E,N,C,-,N,NA,NA,NA,NA,NA,NA,NA,NA,NA,Y,4,0,1,2,D,-,00,NA,NA,N,C,C,A,B,H,-,A,A,0,NA,NA,NA,NA,Y,NA,-,-,0,0,1,0,0,0,0,0,0,-,-,NA,NA,RIVERSIDE,MURRIETA,-117.18659973144533,33.55531311035156